window_id,username,split,window_label,window_type,window_start,window_end,n_posts_in_14d,n_high_risk_posts,mean_p_depression_tcal,anchor_post_ids,anchor_post_count,selected_post_ids,selected_post_count,prev_context_count,padding_needed,source_rule
w_000000,_kana.words_,train,1,positive_14d,2021-03-21 13:19:07+00:00,2021-04-04 13:19:07+00:00,3,2,0.9568841656049092,"[""2534305230168078689_37461076406"", ""2534912005095552356_37461076406"", ""2539510092803676875_37461076406""]",3,"[""2513367960569492588_37461076406"", ""2534305230168078689_37461076406"", ""2534912005095552356_37461076406"", ""2539510092803676875_37461076406""]",4,1,4,14d_plus_prev_context
w_000001,_kana.words_,train,1,positive_14d,2021-06-01 11:22:24+00:00,2021-06-15 11:22:24+00:00,7,5,0.7146268215424568,"[""2586430332158226626_37461076406"", ""2588806105909376631_37461076406"", ""2591888415076501143_37461076406"", ""2591897052406827760_37461076406"", ""2593396204600899588_37461076406"", ""2594445332554464333_37461076406"", ""2595937604974654349_37461076406""]",7,"[""2580742527746798320_37461076406"", ""2586430332158226626_37461076406"", ""2588806105909376631_37461076406"", ""2591888415076501143_37461076406"", ""2591897052406827760_37461076406"", ""2593396204600899588_37461076406"", ""2594445332554464333_37461076406"", ""2595937604974654349_37461076406""]",8,1,0,14d_plus_prev_context
w_000002,_kana.words_,train,1,positive_14d,2021-06-09 00:06:38+00:00,2021-06-23 00:06:38+00:00,10,10,0.9999974727630616,"[""2591888415076501143_37461076406"", ""2591897052406827760_37461076406"", ""2593396204600899588_37461076406"", ""2594445332554464333_37461076406"", ""2595937604974654349_37461076406"", ""2596747135115830704_37461076406"", ""2597021250036869923_37461076406"", ""2598163057462270326_37461076406"", ""2598166666551986038_37461076406"", ""2598769398455442078_37461076406""]",10,"[""2593396204600899588_37461076406"", ""2594445332554464333_37461076406"", ""2595937604974654349_37461076406"", ""2596747135115830704_37461076406"", ""2597021250036869923_37461076406"", ""2598163057462270326_37461076406"", ""2598166666551986038_37461076406"", ""2598769398455442078_37461076406""]",8,0,0,14d_plus_prev_context
w_000003,_midleave_,train,1,positive_14d,2023-07-01 16:20:25+00:00,2023-07-15 16:20:25+00:00,4,2,0.6563080549241291,"[""3137409889832130935_36103380252"", ""3140300469402764212_36103380252"", ""3142475215112427995_36103380252"", ""3146100991061750772_36103380252""]",4,"[""3125803414865120592_36103380252"", ""3128702507262238852_36103380252"", ""3129430634234064866_36103380252"", ""3135230353111630695_36103380252"", ""3137409889832130935_36103380252"", ""3140300469402764212_36103380252"", ""3142475215112427995_36103380252"", ""3146100991061750772_36103380252""]",8,4,0,14d_plus_prev_context
w_000004,adela.writing,train,1,positive_14d,2021-01-21 11:55:20+00:00,2021-02-04 11:55:20+00:00,7,3,0.6349174595361627,"[""2491501288066201256_42784527748"", ""2491613370321386366_42784527748"", ""2492954904547543142_42784527748"", ""2494452009661301085_42784527748"", ""2494457656159040667_42784527748"", ""2496622625222879242_42784527748"", ""2500093752662470981_42784527748""]",7,"[""2490633399436294966_42784527748"", ""2491501288066201256_42784527748"", ""2491613370321386366_42784527748"", ""2492954904547543142_42784527748"", ""2494452009661301085_42784527748"", ""2494457656159040667_42784527748"", ""2496622625222879242_42784527748"", ""2500093752662470981_42784527748""]",8,1,0,14d_plus_prev_context
w_000005,adela.writing,train,1,positive_14d,2021-01-21 15:38:01+00:00,2021-02-04 15:38:01+00:00,8,5,0.7183143908207583,"[""2491613370321386366_42784527748"", ""2492954904547543142_42784527748"", ""2494452009661301085_42784527748"", ""2494457656159040667_42784527748"", ""2496622625222879242_42784527748"", ""2500093752662470981_42784527748"", ""2501713775831122937_42784527748"", ""2501722564751946395_42784527748""]",8,"[""2491613370321386366_42784527748"", ""2492954904547543142_42784527748"", ""2494452009661301085_42784527748"", ""2494457656159040667_42784527748"", ""2496622625222879242_42784527748"", ""2500093752662470981_42784527748"", ""2501713775831122937_42784527748"", ""2501722564751946395_42784527748""]",8,0,0,14d_plus_prev_context
w_000006,adela.writing,train,1,positive_14d,2021-02-13 13:09:37+00:00,2021-02-27 13:09:37+00:00,19,12,0.6854687714835147,"[""2508208518941420978_42784527748"", ""2508936302307438445_42784527748"", ""2509982274793850026_42784527748"", ""2510383694852579290_42784527748"", ""2511135064601812304_42784527748"", ""2511830495640101680_42784527748"", ""2512264683748890139_42784527748"", ""2512553747991542855_42784527748"", ""2512892455924159402_42784527748"", ""2513277818542791798_42784527748"", ""2514004364865958720_42784527748"", ""2514728220425598646_42784527748"", ""2515251266114727148_42784527748"", ""2515453256623185738_42784527748"", ""2516085379558027509_42784527748"", ""2516214899336978977_42784527748"", ""2516902838391812010_42784527748"", ""2517626548259894965_42784527748"", ""2518351480941732157_42784527748""]",19,"[""2514728220425598646_42784527748"", ""2515251266114727148_42784527748"", ""2515453256623185738_42784527748"", ""2516085379558027509_42784527748"", ""2516214899336978977_42784527748"", ""2516902838391812010_42784527748"", ""2517626548259894965_42784527748"", ""2518351480941732157_42784527748""]",8,0,0,14d_plus_prev_context
w_000007,c.chienc,train,1,positive_14d,2021-10-18 14:49:26+00:00,2021-11-01 14:49:26+00:00,3,2,0.8357296188672384,"[""2687278369430863639_1473274919"", ""2695238800271456617_1473274919"", ""2696674211409645103_1473274919""]",3,"[""2582069210100655520_1473274919"", ""2656700477634603565_1473274919"", ""2656703984458713446_1473274919"", ""2658994431579297188_1473274919"", ""2665981406160954428_1473274919"", ""2687278369430863639_1473274919"", ""2695238800271456617_1473274919"", ""2696674211409645103_1473274919""]",8,5,0,14d_plus_prev_context
w_000008,c.chienc,train,1,positive_14d,2021-10-29 14:25:24+00:00,2021-11-12 14:25:24+00:00,3,3,0.9999964237213136,"[""2695238800271456617_1473274919"", ""2696674211409645103_1473274919"", ""2700337569295838758_1473274919""]",3,"[""2656700477634603565_1473274919"", ""2656703984458713446_1473274919"", ""2658994431579297188_1473274919"", ""2665981406160954428_1473274919"", ""2687278369430863639_1473274919"", ""2695238800271456617_1473274919"", ""2696674211409645103_1473274919"", ""2700337569295838758_1473274919""]",8,5,0,14d_plus_prev_context
w_000009,c.chienc,train,1,positive_14d,2021-10-31 13:57:18+00:00,2021-11-14 13:57:18+00:00,3,3,0.9999858140945436,"[""2696674211409645103_1473274919"", ""2700337569295838758_1473274919"", ""2705425275549977999_1473274919""]",3,"[""2656703984458713446_1473274919"", ""2658994431579297188_1473274919"", ""2665981406160954428_1473274919"", ""2687278369430863639_1473274919"", ""2695238800271456617_1473274919"", ""2696674211409645103_1473274919"", ""2700337569295838758_1473274919"", ""2705425275549977999_1473274919""]",8,5,0,14d_plus_prev_context
w_000010,ch_20.9,val,1,positive_14d,2025-05-07 16:06:47+00:00,2025-05-21 16:06:47+00:00,6,6,0.999970018863678,"[""3627351420141270284_74448524626"", ""3627582082928381704_74448524626"", ""3627835838668519883_74448524626"", ""3628146253093648558_74448524626"", ""3628639727210809396_74448524626"", ""3629600531259672987_74448524626""]",6,"[""3627351420141270284_74448524626"", ""3627582082928381704_74448524626"", ""3627835838668519883_74448524626"", ""3628146253093648558_74448524626"", ""3628639727210809396_74448524626"", ""3629600531259672987_74448524626""]",6,0,2,14d_plus_prev_context
w_000011,ch_20.9,val,1,positive_14d,2025-05-08 08:09:14+00:00,2025-05-22 08:09:14+00:00,4,4,0.999975174665451,"[""3627835838668519883_74448524626"", ""3628146253093648558_74448524626"", ""3628639727210809396_74448524626"", ""3629600531259672987_74448524626""]",4,"[""3627351420141270284_74448524626"", ""3627582082928381704_74448524626"", ""3627835838668519883_74448524626"", ""3628146253093648558_74448524626"", ""3628639727210809396_74448524626"", ""3629600531259672987_74448524626""]",6,2,2,14d_plus_prev_context
w_000012,ch_20.9,val,1,positive_14d,2025-05-08 18:25:58+00:00,2025-05-22 18:25:58+00:00,3,3,0.999967098236084,"[""3628146253093648558_74448524626"", ""3628639727210809396_74448524626"", ""3629600531259672987_74448524626""]",3,"[""3627351420141270284_74448524626"", ""3627582082928381704_74448524626"", ""3627835838668519883_74448524626"", ""3628146253093648558_74448524626"", ""3628639727210809396_74448524626"", ""3629600531259672987_74448524626""]",6,3,2,14d_plus_prev_context
w_000013,depression_494,train,1,positive_14d,2021-12-01 13:00:27+00:00,2021-12-15 13:00:27+00:00,24,16,0.7981355049028025,"[""2719113647994841036_50550258410"", ""2719140073353120963_50550258410"", ""2719140947412549842_50550258410"", ""2719575865102368057_50550258410"", ""2719600894367027237_50550258410"", ""2719717914685430443_50550258410"", ""2720181442154668676_50550258410"", ""2720199910631666945_50550258410"", ""2720314745875097210_50550258410"", ""2721138858242993003_50550258410"", ""2721142617119628502_50550258410"", ""2721808602818200518_50550258410"", ""2722324547008095319_50550258410"", ""2722350105058147622_50550258410"", ""2723152233811462383_50550258410"", ""2723338845081047910_50550258410"", ""2723931534035228247_50550258410"", ""2724493019301882984_50550258410"", ""2724972768274986856_50550258410"", ""2725270743846738871_50550258410"", ""2725376521707740857_50550258410"", ""2725379507104265059_50550258410"", ""2726994845797527639_50550258410"", ""2727471700758675623_50550258410""]",24,"[""2723931534035228247_50550258410"", ""2724493019301882984_50550258410"", ""2724972768274986856_50550258410"", ""2725270743846738871_50550258410"", ""2725376521707740857_50550258410"", ""2725379507104265059_50550258410"", ""2726994845797527639_50550258410"", ""2727471700758675623_50550258410""]",8,0,0,14d_plus_prev_context
w_000014,depression_494,train,1,positive_14d,2021-12-02 09:01:02+00:00,2021-12-16 09:01:02+00:00,19,11,0.7506202061319384,"[""2719717914685430443_50550258410"", ""2720181442154668676_50550258410"", ""2720199910631666945_50550258410"", ""2720314745875097210_50550258410"", ""2721138858242993003_50550258410"", ""2721142617119628502_50550258410"", ""2721808602818200518_50550258410"", ""2722324547008095319_50550258410"", ""2722350105058147622_50550258410"", ""2723152233811462383_50550258410"", ""2723338845081047910_50550258410"", ""2723931534035228247_50550258410"", ""2724493019301882984_50550258410"", ""2724972768274986856_50550258410"", ""2725270743846738871_50550258410"", ""2725376521707740857_50550258410"", ""2725379507104265059_50550258410"", ""2726994845797527639_50550258410"", ""2727471700758675623_50550258410""]",19,"[""2723931534035228247_50550258410"", ""2724493019301882984_50550258410"", ""2724972768274986856_50550258410"", ""2725270743846738871_50550258410"", ""2725376521707740857_50550258410"", ""2725379507104265059_50550258410"", ""2726994845797527639_50550258410"", ""2727471700758675623_50550258410""]",8,0,0,14d_plus_prev_context
w_000015,depression_494,train,1,positive_14d,2021-12-04 08:04:11+00:00,2021-12-18 08:04:11+00:00,17,9,0.7202790320359995,"[""2721138858242993003_50550258410"", ""2721142617119628502_50550258410"", ""2721808602818200518_50550258410"", ""2722324547008095319_50550258410"", ""2722350105058147622_50550258410"", ""2723152233811462383_50550258410"", ""2723338845081047910_50550258410"", ""2723931534035228247_50550258410"", ""2724493019301882984_50550258410"", ""2724972768274986856_50550258410"", ""2725270743846738871_50550258410"", ""2725376521707740857_50550258410"", ""2725379507104265059_50550258410"", ""2726994845797527639_50550258410"", ""2727471700758675623_50550258410"", ""2729882161570565484_50550258410"", ""2730611005038409689_50550258410""]",17,"[""2724972768274986856_50550258410"", ""2725270743846738871_50550258410"", ""2725376521707740857_50550258410"", ""2725379507104265059_50550258410"", ""2726994845797527639_50550258410"", ""2727471700758675623_50550258410"", ""2729882161570565484_50550258410"", ""2730611005038409689_50550258410""]",8,0,0,14d_plus_prev_context
w_000016,depression_meem,val,1,positive_14d,2022-02-20 09:53:12+00:00,2022-03-06 09:53:12+00:00,13,6,0.8118323919076759,"[""2777726228679667531_52085543777"", ""2777730127067245762_52085543777"", ""2778386454374452635_52085543777"", ""2779162161580941214_52085543777"", ""2779984706857317727_52085543777"", ""2780510426608024437_52085543777"", ""2781330103743595433_52085543777"", ""2782186044596847405_52085543777"", ""2782830990802724608_52085543777"", ""2783815572100249290_52085543777"", ""2785026656216008245_52085543777"", ""2786523159942063908_52085543777"", ""2787130875559477729_52085543777""]",13,"[""2780510426608024437_52085543777"", ""2781330103743595433_52085543777"", ""2782186044596847405_52085543777"", ""2782830990802724608_52085543777"", ""2783815572100249290_52085543777"", ""2785026656216008245_52085543777"", ""2786523159942063908_52085543777"", ""2787130875559477729_52085543777""]",8,0,0,14d_plus_prev_context
w_000017,depression_meem,val,1,positive_14d,2022-02-23 12:40:23+00:00,2022-03-09 12:40:23+00:00,10,4,0.8646935224533081,"[""2779984706857317727_52085543777"", ""2780510426608024437_52085543777"", ""2781330103743595433_52085543777"", ""2782186044596847405_52085543777"", ""2782830990802724608_52085543777"", ""2783815572100249290_52085543777"", ""2785026656216008245_52085543777"", ""2786523159942063908_52085543777"", ""2787130875559477729_52085543777"", ""2789442061279200856_52085543777""]",10,"[""2781330103743595433_52085543777"", ""2782186044596847405_52085543777"", ""2782830990802724608_52085543777"", ""2783815572100249290_52085543777"", ""2785026656216008245_52085543777"", ""2786523159942063908_52085543777"", ""2787130875559477729_52085543777"", ""2789442061279200856_52085543777""]",8,0,0,14d_plus_prev_context
w_000018,depression_meem,val,1,positive_14d,2022-02-26 13:34:03+00:00,2022-03-12 13:34:03+00:00,9,4,0.7991752756966485,"[""2782186044596847405_52085543777"", ""2782830990802724608_52085543777"", ""2783815572100249290_52085543777"", ""2785026656216008245_52085543777"", ""2786523159942063908_52085543777"", ""2787130875559477729_52085543777"", ""2789442061279200856_52085543777"", ""2790140968816840837_52085543777"", ""2791528193534125944_52085543777""]",9,"[""2782830990802724608_52085543777"", ""2783815572100249290_52085543777"", ""2785026656216008245_52085543777"", ""2786523159942063908_52085543777"", ""2787130875559477729_52085543777"", ""2789442061279200856_52085543777"", ""2790140968816840837_52085543777"", ""2791528193534125944_52085543777""]",8,0,0,14d_plus_prev_context
w_000019,depression_no_heart,val,1,positive_14d,2021-01-01 08:24:17+00:00,2021-01-15 08:24:17+00:00,3,3,0.9999999602635702,"[""2476899553171132592_2715032068"", ""2481519892064650532_2715032068"", ""2485983359995842923_2715032068""]",3,"[""2476899553171132592_2715032068"", ""2481519892064650532_2715032068"", ""2485983359995842923_2715032068""]",3,0,5,14d_plus_prev_context
w_000020,depression_no_heart,val,1,positive_14d,2021-01-07 17:24:05+00:00,2021-01-21 17:24:05+00:00,3,2,0.6666666671051766,"[""2481519892064650532_2715032068"", ""2485983359995842923_2715032068"", ""2491455547368689817_2715032068""]",3,"[""2476899553171132592_2715032068"", ""2481519892064650532_2715032068"", ""2485983359995842923_2715032068"", ""2491455547368689817_2715032068""]",4,1,4,14d_plus_prev_context
w_000021,depression_no_heart,val,1,positive_14d,2021-02-22 15:34:20+00:00,2021-03-08 15:34:20+00:00,4,4,0.9995610117912292,"[""2514804340952469250_2715032068"", ""2518196243677047591_2715032068"", ""2522627909967269667_2715032068"", ""2523670123065499009_2715032068""]",4,"[""2476899553171132592_2715032068"", ""2481519892064650532_2715032068"", ""2485983359995842923_2715032068"", ""2491455547368689817_2715032068"", ""2514804340952469250_2715032068"", ""2518196243677047591_2715032068"", ""2522627909967269667_2715032068"", ""2523670123065499009_2715032068""]",8,4,0,14d_plus_prev_context
w_000022,depressy.trouble,test,1,positive_14d,2021-01-03 09:00:03+00:00,2021-01-17 09:00:03+00:00,7,4,0.7317478827067784,"[""2478367105882990180_32694407385"", ""2479091919094511743_32694407385"", ""2480541440332582620_32694407385"", ""2481990998640122778_32694407385"", ""2484165313158495322_32694407385"", ""2485614899425372051_32694407385"", ""2487064415118617236_32694407385""]",7,"[""2478367105882990180_32694407385"", ""2479091919094511743_32694407385"", ""2480541440332582620_32694407385"", ""2481990998640122778_32694407385"", ""2484165313158495322_32694407385"", ""2485614899425372051_32694407385"", ""2487064415118617236_32694407385""]",7,0,1,14d_plus_prev_context
w_000023,depressy.trouble,test,1,positive_14d,2021-01-04 09:00:08+00:00,2021-01-18 09:00:08+00:00,7,4,0.7315375804901123,"[""2479091919094511743_32694407385"", ""2480541440332582620_32694407385"", ""2481990998640122778_32694407385"", ""2484165313158495322_32694407385"", ""2485614899425372051_32694407385"", ""2487064415118617236_32694407385"", ""2489238757973777370_32694407385""]",7,"[""2478367105882990180_32694407385"", ""2479091919094511743_32694407385"", ""2480541440332582620_32694407385"", ""2481990998640122778_32694407385"", ""2484165313158495322_32694407385"", ""2485614899425372051_32694407385"", ""2487064415118617236_32694407385"", ""2489238757973777370_32694407385""]",8,1,0,14d_plus_prev_context
w_000024,depressy.trouble,test,1,positive_14d,2021-01-08 09:00:05+00:00,2021-01-22 09:00:05+00:00,6,5,0.9105636874834696,"[""2481990998640122778_32694407385"", ""2484165313158495322_32694407385"", ""2485614899425372051_32694407385"", ""2487064415118617236_32694407385"", ""2489238757973777370_32694407385"", ""2490688290998140744_32694407385""]",6,"[""2479091919094511743_32694407385"", ""2480541440332582620_32694407385"", ""2481990998640122778_32694407385"", ""2484165313158495322_32694407385"", ""2485614899425372051_32694407385"", ""2487064415118617236_32694407385"", ""2489238757973777370_32694407385"", ""2490688290998140744_32694407385""]",8,2,0,14d_plus_prev_context
w_000025,dreamqueen_poem,train,1,positive_14d,2024-06-05 10:16:53+00:00,2024-06-19 10:16:53+00:00,5,4,0.7940199082542676,"[""3383650666046864320_64778799978"", ""3385242161984069578_64778799978"", ""3387155117944621971_64778799978"", ""3390206083581460183_64778799978"", ""3393137906540110340_64778799978""]",5,"[""3377042682524995632_64778799978"", ""3378619695187521208_64778799978"", ""3380942461298597573_64778799978"", ""3383650666046864320_64778799978"", ""3385242161984069578_64778799978"", ""3387155117944621971_64778799978"", ""3390206083581460183_64778799978"", ""3393137906540110340_64778799978""]",8,3,0,14d_plus_prev_context
w_000026,dreamqueen_poem,train,1,positive_14d,2024-06-10 06:19:36+00:00,2024-06-24 06:19:36+00:00,4,3,0.7424512747626295,"[""3387155117944621971_64778799978"", ""3390206083581460183_64778799978"", ""3393137906540110340_64778799978"", ""3395389851929716739_64778799978""]",4,"[""3378619695187521208_64778799978"", ""3380942461298597573_64778799978"", ""3383650666046864320_64778799978"", ""3385242161984069578_64778799978"", ""3387155117944621971_64778799978"", ""3390206083581460183_64778799978"", ""3393137906540110340_64778799978"", ""3395389851929716739_64778799978""]",8,4,0,14d_plus_prev_context
w_000027,dreamqueen_poem,train,1,positive_14d,2024-06-14 11:21:20+00:00,2024-06-28 11:21:20+00:00,5,4,0.7939665749629967,"[""3390206083581460183_64778799978"", ""3393137906540110340_64778799978"", ""3395389851929716739_64778799978"", ""3398143810201286499_64778799978"", ""3399695185917926798_64778799978""]",5,"[""3383650666046864320_64778799978"", ""3385242161984069578_64778799978"", ""3387155117944621971_64778799978"", ""3390206083581460183_64778799978"", ""3393137906540110340_64778799978"", ""3395389851929716739_64778799978"", ""3398143810201286499_64778799978"", ""3399695185917926798_64778799978""]",8,3,0,14d_plus_prev_context
w_000028,drownedep,train,1,positive_14d,2024-07-06 18:25:09+00:00,2024-07-20 18:25:09+00:00,3,2,0.6625805455842055,"[""3406364467305911530_60654141454"", ""3407750624573038515_60654141454"", ""3409085282346742355_60654141454""]",3,"[""3327695012556779893_60654141454"", ""3333038925589107073_60654141454"", ""3340136149917817277_60654141454"", ""3362120756401730249_60654141454"", ""3392462949477567294_60654141454"", ""3406364467305911530_60654141454"", ""3407750624573038515_60654141454"", ""3409085282346742355_60654141454""]",8,5,0,14d_plus_prev_context
w_000029,drownedep,train,1,positive_14d,2024-07-28 06:34:00+00:00,2024-08-11 06:34:00+00:00,6,4,0.6700394539814022,"[""3421951593536000327_60654141454"", ""3424754546202173989_60654141454"", ""3427890755690728445_60654141454"", ""3428527163015142972_60654141454"", ""3429051464646490871_60654141454"", ""3429753223186520190_60654141454""]",6,"[""3409085282346742355_60654141454"", ""3417784928791358813_60654141454"", ""3421951593536000327_60654141454"", ""3424754546202173989_60654141454"", ""3427890755690728445_60654141454"", ""3428527163015142972_60654141454"", ""3429051464646490871_60654141454"", ""3429753223186520190_60654141454""]",8,2,0,14d_plus_prev_context
w_000030,drownedep,train,1,positive_14d,2024-08-06 08:18:29+00:00,2024-08-20 08:18:29+00:00,10,6,0.6450797626646818,"[""3428527163015142972_60654141454"", ""3429051464646490871_60654141454"", ""3429753223186520190_60654141454"", ""3433732239560189284_60654141454"", ""3433763029257850372_60654141454"", ""3435199338161700709_60654141454"", ""3435592983599823943_60654141454"", ""3436055233464855367_60654141454"", ""3437231317623342374_60654141454"", ""3437997378937428140_60654141454""]",10,"[""3429753223186520190_60654141454"", ""3433732239560189284_60654141454"", ""3433763029257850372_60654141454"", ""3435199338161700709_60654141454"", ""3435592983599823943_60654141454"", ""3436055233464855367_60654141454"", ""3437231317623342374_60654141454"", ""3437997378937428140_60654141454""]",8,0,0,14d_plus_prev_context
w_000031,eileen.ginsui,val,1,positive_14d,2021-09-15 16:01:18+00:00,2021-09-29 16:01:18+00:00,3,2,0.6661364745426303,"[""2663396938031628799_39424223371"", ""2665957036914397484_39424223371"", ""2671212106962715177_39424223371""]",3,"[""2642395652419873795_39424223371"", ""2645903759831254225_39424223371"", ""2651007913581039674_39424223371"", ""2653121015646649224_39424223371"", ""2658229047454035393_39424223371"", ""2663396938031628799_39424223371"", ""2665957036914397484_39424223371"", ""2671212106962715177_39424223371""]",8,5,0,14d_plus_prev_context
w_000032,eileen.ginsui,val,1,positive_14d,2021-10-16 07:30:28+00:00,2021-10-30 07:30:28+00:00,3,2,0.6666572093971511,"[""2685607871810226752_39424223371"", ""2694487996194676531_39424223371"", ""2695625751956195085_39424223371""]",3,"[""2665957036914397484_39424223371"", ""2671212106962715177_39424223371"", ""2674286069168975256_39424223371"", ""2674894824850421929_39424223371"", ""2677821412848098603_39424223371"", ""2685607871810226752_39424223371"", ""2694487996194676531_39424223371"", ""2695625751956195085_39424223371""]",8,5,0,14d_plus_prev_context
w_000033,eileen.ginsui,val,1,positive_14d,2022-02-09 20:10:17+00:00,2022-02-23 20:10:17+00:00,3,2,0.6585114388726652,"[""2770064289015069145_39424223371"", ""2775266753649613592_39424223371"", ""2777749017683983219_39424223371""]",3,"[""2763072300621112569_39424223371"", ""2763877154641718340_39424223371"", ""2765191312545003746_39424223371"", ""2768414544269958495_39424223371"", ""2769514200869735621_39424223371"", ""2770064289015069145_39424223371"", ""2775266753649613592_39424223371"", ""2777749017683983219_39424223371""]",8,5,0,14d_plus_prev_context
w_000034,ethanliu.tw,train,1,positive_14d,2025-02-25 15:19:41+00:00,2025-03-11 15:19:41+00:00,3,2,0.6656887580871711,"[""3575868632972467510_1554715029"", ""3583103427007906853_1554715029"", ""3584530739876155571_1554715029""]",3,"[""3548963568433511722_1554715029"", ""3554587805844432181_1554715029"", ""3567702590689464717_1554715029"", ""3572186914151395946_1554715029"", ""3572721576275625918_1554715029"", ""3575868632972467510_1554715029"", ""3583103427007906853_1554715029"", ""3584530739876155571_1554715029""]",8,5,0,14d_plus_prev_context
w_000035,fallstar_0022,train,1,positive_14d,2021-01-19 17:08:10+00:00,2021-02-02 17:08:10+00:00,3,3,0.9999924103418986,"[""2490209190188159575_44065020757"", ""2496727458050802918_44065020757"", ""2500234035252816370_44065020757""]",3,"[""2480742943771967271_44065020757"", ""2490209190188159575_44065020757"", ""2496727458050802918_44065020757"", ""2500234035252816370_44065020757""]",4,1,4,14d_plus_prev_context
w_000036,fallstar_0022,train,1,positive_14d,2021-05-13 14:27:34+00:00,2021-05-27 14:27:34+00:00,3,3,0.9994141260782876,"[""2572752790364746564_44065020757"", ""2575672629357989500_44065020757"", ""2580704890688353116_44065020757""]",3,"[""2536211759943266099_44065020757"", ""2546589877795193997_44065020757"", ""2547998721238780479_44065020757"", ""2556855647833802443_44065020757"", ""2559619854677540514_44065020757"", ""2572752790364746564_44065020757"", ""2575672629357989500_44065020757"", ""2580704890688353116_44065020757""]",8,5,0,14d_plus_prev_context
w_000037,fallstar_0022,train,1,positive_14d,2021-05-17 15:08:45+00:00,2021-05-31 15:08:45+00:00,3,3,0.9996705452601116,"[""2575672629357989500_44065020757"", ""2580704890688353116_44065020757"", ""2584922097173514152_44065020757""]",3,"[""2546589877795193997_44065020757"", ""2547998721238780479_44065020757"", ""2556855647833802443_44065020757"", ""2559619854677540514_44065020757"", ""2572752790364746564_44065020757"", ""2575672629357989500_44065020757"", ""2580704890688353116_44065020757"", ""2584922097173514152_44065020757""]",8,5,0,14d_plus_prev_context
w_000038,hanburger_itjan,train,1,positive_14d,2023-11-26 14:34:03+00:00,2023-12-10 14:34:03+00:00,3,2,0.6666666666914961,"[""3244623161652188490_32916940931"", ""3249685563418688362_32916940931"", ""3253732512165963416_32916940931""]",3,"[""3193586454562889431_32916940931"", ""3206137381422388665_32916940931"", ""3214116328470856368_32916940931"", ""3233696838419241534_32916940931"", ""3238513118477363162_32916940931"", ""3244623161652188490_32916940931"", ""3249685563418688362_32916940931"", ""3253732512165963416_32916940931""]",8,5,0,14d_plus_prev_context
w_000039,hanburger_itjan,train,1,positive_14d,2023-12-03 14:12:09+00:00,2023-12-17 14:12:09+00:00,3,2,0.6666652361800215,"[""3249685563418688362_32916940931"", ""3253732512165963416_32916940931"", ""3258860817856644514_32916940931""]",3,"[""3206137381422388665_32916940931"", ""3214116328470856368_32916940931"", ""3233696838419241534_32916940931"", ""3238513118477363162_32916940931"", ""3244623161652188490_32916940931"", ""3249685563418688362_32916940931"", ""3253732512165963416_32916940931"", ""3258860817856644514_32916940931""]",8,5,0,14d_plus_prev_context
w_000040,hanburger_itjan,train,1,positive_14d,2024-03-13 08:21:33+00:00,2024-03-27 08:21:33+00:00,4,3,0.750000000077578,"[""3322711455862136801_32916940931"", ""3324774575480924055_32916940931"", ""3327883524795223414_32916940931"", ""3329861140196366573_32916940931""]",4,"[""3312459812449111907_32916940931"", ""3314607008980331741_32916940931"", ""3317688619007386161_32916940931"", ""3319677947808038909_32916940931"", ""3322711455862136801_32916940931"", ""3324774575480924055_32916940931"", ""3327883524795223414_32916940931"", ""3329861140196366573_32916940931""]",8,4,0,14d_plus_prev_context
w_000041,healing.matters_,train,1,positive_14d,2025-02-04 17:01:41+00:00,2025-02-18 17:01:41+00:00,4,2,0.6787740239851701,"[""3560699681130827065_69548154290"", ""3562115869362668481_69548154290"", ""3565007538330611691_69548154290"", ""3568472139549621051_69548154290""]",4,"[""3554053278700909708_69548154290"", ""3555472677083166660_69548154290"", ""3556074231294457306_69548154290"", ""3557036978159949270_69548154290"", ""3560699681130827065_69548154290"", ""3562115869362668481_69548154290"", ""3565007538330611691_69548154290"", ""3568472139549621051_69548154290""]",8,4,0,14d_plus_prev_context
w_000042,healing.matters_,train,1,positive_14d,2025-02-06 15:55:23+00:00,2025-02-20 15:55:23+00:00,3,2,0.6659507684380515,"[""3562115869362668481_69548154290"", ""3565007538330611691_69548154290"", ""3568472139549621051_69548154290""]",3,"[""3554053278700909708_69548154290"", ""3555472677083166660_69548154290"", ""3556074231294457306_69548154290"", ""3557036978159949270_69548154290"", ""3560699681130827065_69548154290"", ""3562115869362668481_69548154290"", ""3565007538330611691_69548154290"", ""3568472139549621051_69548154290""]",8,5,0,14d_plus_prev_context
w_000043,healing.matters_,train,1,positive_14d,2025-02-15 10:24:10+00:00,2025-03-01 10:24:10+00:00,3,2,0.6665217177554345,"[""3568472139549621051_69548154290"", ""3577378608289152750_69548154290"", ""3578124805379196814_69548154290""]",3,"[""3556074231294457306_69548154290"", ""3557036978159949270_69548154290"", ""3560699681130827065_69548154290"", ""3562115869362668481_69548154290"", ""3565007538330611691_69548154290"", ""3568472139549621051_69548154290"", ""3577378608289152750_69548154290"", ""3578124805379196814_69548154290""]",8,5,0,14d_plus_prev_context
w_000044,help_.me54,train,1,positive_14d,2021-06-03 16:31:32+00:00,2021-06-17 16:31:32+00:00,7,7,0.9999999489103044,"[""2588035481754655255_45374199413"", ""2588757736063084162_45374199413"", ""2590080087514062259_45374199413"", ""2591717628419982883_45374199413"", ""2593276960085278155_45374199413"", ""2593777210688310480_45374199413"", ""2595329638512638378_45374199413""]",7,"[""2588035481754655255_45374199413"", ""2588757736063084162_45374199413"", ""2590080087514062259_45374199413"", ""2591717628419982883_45374199413"", ""2593276960085278155_45374199413"", ""2593777210688310480_45374199413"", ""2595329638512638378_45374199413""]",7,0,1,14d_plus_prev_context
w_000045,help_.me54,train,1,positive_14d,2021-06-06 12:13:48+00:00,2021-06-20 12:13:48+00:00,5,5,1.0,"[""2590080087514062259_45374199413"", ""2591717628419982883_45374199413"", ""2593276960085278155_45374199413"", ""2593777210688310480_45374199413"", ""2595329638512638378_45374199413""]",5,"[""2588035481754655255_45374199413"", ""2588757736063084162_45374199413"", ""2590080087514062259_45374199413"", ""2591717628419982883_45374199413"", ""2593276960085278155_45374199413"", ""2593777210688310480_45374199413"", ""2595329638512638378_45374199413""]",7,2,1,14d_plus_prev_context
w_000046,help_.me54,train,1,positive_14d,2021-06-10 22:05:25+00:00,2021-06-24 22:05:25+00:00,3,3,1.0,"[""2593276960085278155_45374199413"", ""2593777210688310480_45374199413"", ""2595329638512638378_45374199413""]",3,"[""2588035481754655255_45374199413"", ""2588757736063084162_45374199413"", ""2590080087514062259_45374199413"", ""2591717628419982883_45374199413"", ""2593276960085278155_45374199413"", ""2593777210688310480_45374199413"", ""2595329638512638378_45374199413""]",7,4,1,14d_plus_prev_context
w_000047,hopelessness_77_1118,train,1,positive_14d,2023-07-08 14:44:34+00:00,2023-07-22 14:44:34+00:00,3,3,1.0,"[""3142435076009644988_58926304841"", ""3142975595605530509_58926304841"", ""3145302191763012596_58926304841""]",3,"[""3074946866463176818_58926304841"", ""3090935329629864748_58926304841"", ""3093782582291704088_58926304841"", ""3142435076009644988_58926304841"", ""3142975595605530509_58926304841"", ""3145302191763012596_58926304841""]",6,3,2,14d_plus_prev_context
w_000048,hopelessness_77_1118,train,1,positive_14d,2023-09-13 14:06:13+00:00,2023-09-27 14:06:13+00:00,10,10,0.9993811070919036,"[""3190975744256288165_58926304841"", ""3191751345958765851_58926304841"", ""3193803551302950373_58926304841"", ""3195710789789504579_58926304841"", ""3196004401135073289_58926304841"", ""3196715306353959124_58926304841"", ""3197472660040466661_58926304841"", ""3198035722259566989_58926304841"", ""3199715925075559585_58926304841"", ""3200114363244146552_58926304841""]",10,"[""3193803551302950373_58926304841"", ""3195710789789504579_58926304841"", ""3196004401135073289_58926304841"", ""3196715306353959124_58926304841"", ""3197472660040466661_58926304841"", ""3198035722259566989_58926304841"", ""3199715925075559585_58926304841"", ""3200114363244146552_58926304841""]",8,0,0,14d_plus_prev_context
w_000049,hopelessness_77_1118,train,1,positive_14d,2023-09-20 02:53:54+00:00,2023-10-04 02:53:54+00:00,12,12,0.9994843453168868,"[""3195710789789504579_58926304841"", ""3196004401135073289_58926304841"", ""3196715306353959124_58926304841"", ""3197472660040466661_58926304841"", ""3198035722259566989_58926304841"", ""3199715925075559585_58926304841"", ""3200114363244146552_58926304841"", ""3201145593565785000_58926304841"", ""3201959019292464081_58926304841"", ""3202426546757954606_58926304841"", ""3203161405319174550_58926304841"", ""3205292237055705795_58926304841""]",12,"[""3198035722259566989_58926304841"", ""3199715925075559585_58926304841"", ""3200114363244146552_58926304841"", ""3201145593565785000_58926304841"", ""3201959019292464081_58926304841"", ""3202426546757954606_58926304841"", ""3203161405319174550_58926304841"", ""3205292237055705795_58926304841""]",8,0,0,14d_plus_prev_context
w_000050,huanhuan_drawing,train,1,positive_14d,2025-05-01 10:57:55+00:00,2025-05-15 10:57:55+00:00,8,8,0.9998537078499794,"[""3622847305382566953_73894446801"", ""3623480750185914359_73894446801"", ""3624129783413934202_73894446801"", ""3624945526334295873_73894446801"", ""3626279633966550029_73894446801"", ""3627870556324122663_73894446801"", ""3629234386195445118_73894446801"", ""3632245868558358675_73894446801""]",8,"[""3622847305382566953_73894446801"", ""3623480750185914359_73894446801"", ""3624129783413934202_73894446801"", ""3624945526334295873_73894446801"", ""3626279633966550029_73894446801"", ""3627870556324122663_73894446801"", ""3629234386195445118_73894446801"", ""3632245868558358675_73894446801""]",8,0,0,14d_plus_prev_context
w_000051,huanhuan_drawing,train,1,positive_14d,2025-05-03 05:25:58+00:00,2025-05-17 05:25:58+00:00,7,7,0.9998345119612556,"[""3624129783413934202_73894446801"", ""3624945526334295873_73894446801"", ""3626279633966550029_73894446801"", ""3627870556324122663_73894446801"", ""3629234386195445118_73894446801"", ""3632245868558358675_73894446801"", ""3633668999344950353_73894446801""]",7,"[""3623480750185914359_73894446801"", ""3624129783413934202_73894446801"", ""3624945526334295873_73894446801"", ""3626279633966550029_73894446801"", ""3627870556324122663_73894446801"", ""3629234386195445118_73894446801"", ""3632245868558358675_73894446801"", ""3633668999344950353_73894446801""]",8,1,0,14d_plus_prev_context
w_000052,huanhuan_drawing,train,1,positive_14d,2025-05-04 08:26:42+00:00,2025-05-18 08:26:42+00:00,7,7,1.0,"[""3624945526334295873_73894446801"", ""3626279633966550029_73894446801"", ""3627870556324122663_73894446801"", ""3629234386195445118_73894446801"", ""3632245868558358675_73894446801"", ""3633668999344950353_73894446801"", ""3634370857976722516_73894446801""]",7,"[""3624129783413934202_73894446801"", ""3624945526334295873_73894446801"", ""3626279633966550029_73894446801"", ""3627870556324122663_73894446801"", ""3629234386195445118_73894446801"", ""3632245868558358675_73894446801"", ""3633668999344950353_73894446801"", ""3634370857976722516_73894446801""]",8,1,0,14d_plus_prev_context
w_000053,i_can_do_it_9502,train,1,positive_14d,2021-06-01 08:48:48+00:00,2021-06-15 08:48:48+00:00,3,3,0.9999944368998208,"[""2586353025633117113_44058188782"", ""2587783989022301283_44058188782"", ""2589208857047656159_44058188782""]",3,"[""2586353025633117113_44058188782"", ""2587783989022301283_44058188782"", ""2589208857047656159_44058188782""]",3,0,5,14d_plus_prev_context
w_000054,i_can_do_it_9502,train,1,positive_14d,2021-12-09 11:30:25+00:00,2021-12-23 11:30:25+00:00,4,4,0.992275133728981,"[""2724866537535535300_44058188782"", ""2727856266090612800_44058188782"", ""2729556340149323954_44058188782"", ""2730757963955750436_44058188782""]",4,"[""2669829176078796685_44058188782"", ""2671341224885313273_44058188782"", ""2700924848773152962_44058188782"", ""2716987729084052990_44058188782"", ""2724866537535535300_44058188782"", ""2727856266090612800_44058188782"", ""2729556340149323954_44058188782"", ""2730757963955750436_44058188782""]",8,4,0,14d_plus_prev_context
w_000055,i_can_do_it_9502,train,1,positive_14d,2021-12-13 14:30:29+00:00,2021-12-27 14:30:29+00:00,4,4,0.9922751039266586,"[""2727856266090612800_44058188782"", ""2729556340149323954_44058188782"", ""2730757963955750436_44058188782"", ""2737259822795063204_44058188782""]",4,"[""2671341224885313273_44058188782"", ""2700924848773152962_44058188782"", ""2716987729084052990_44058188782"", ""2724866537535535300_44058188782"", ""2727856266090612800_44058188782"", ""2729556340149323954_44058188782"", ""2730757963955750436_44058188782"", ""2737259822795063204_44058188782""]",8,4,0,14d_plus_prev_context
w_000056,junchen_writing_,train,1,positive_14d,2025-05-12 09:54:48+00:00,2025-05-26 09:54:48+00:00,9,9,0.9995689127180312,"[""3630788074507418186_37927801958"", ""3631530478378406885_37927801958"", ""3631564884337889252_37927801958"", ""3633101126946849727_37927801958"", ""3634442296864088087_37927801958"", ""3635916457910353096_37927801958"", ""3636713105020161392_37927801958"", ""3638101287632669288_37927801958"", ""3639627947322542128_37927801958""]",9,"[""3631530478378406885_37927801958"", ""3631564884337889252_37927801958"", ""3633101126946849727_37927801958"", ""3634442296864088087_37927801958"", ""3635916457910353096_37927801958"", ""3636713105020161392_37927801958"", ""3638101287632669288_37927801958"", ""3639627947322542128_37927801958""]",8,0,0,14d_plus_prev_context
w_000057,junchen_writing_,train,1,positive_14d,2025-05-13 11:38:11+00:00,2025-05-27 11:38:11+00:00,7,7,0.9999545301709856,"[""3631564884337889252_37927801958"", ""3633101126946849727_37927801958"", ""3634442296864088087_37927801958"", ""3635916457910353096_37927801958"", ""3636713105020161392_37927801958"", ""3638101287632669288_37927801958"", ""3639627947322542128_37927801958""]",7,"[""3631530478378406885_37927801958"", ""3631564884337889252_37927801958"", ""3633101126946849727_37927801958"", ""3634442296864088087_37927801958"", ""3635916457910353096_37927801958"", ""3636713105020161392_37927801958"", ""3638101287632669288_37927801958"", ""3639627947322542128_37927801958""]",8,1,0,14d_plus_prev_context
w_000058,junchen_writing_,train,1,positive_14d,2025-05-15 14:30:25+00:00,2025-05-29 14:30:25+00:00,7,7,0.9999545301709856,"[""3633101126946849727_37927801958"", ""3634442296864088087_37927801958"", ""3635916457910353096_37927801958"", ""3636713105020161392_37927801958"", ""3638101287632669288_37927801958"", ""3639627947322542128_37927801958"", ""3642522954593460732_37927801958""]",7,"[""3631564884337889252_37927801958"", ""3633101126946849727_37927801958"", ""3634442296864088087_37927801958"", ""3635916457910353096_37927801958"", ""3636713105020161392_37927801958"", ""3638101287632669288_37927801958"", ""3639627947322542128_37927801958"", ""3642522954593460732_37927801958""]",8,1,0,14d_plus_prev_context
w_000059,ketsusose,train,1,positive_14d,2025-04-18 13:37:42+00:00,2025-05-02 13:37:42+00:00,4,2,0.7211130871821393,"[""3613505644231765175_73522905159"", ""3614214270441467427_73522905159"", ""3617008163033685747_73522905159"", ""3620627848585269530_73522905159""]",4,"[""3609615668368786733_73522905159"", ""3609724291195389550_73522905159"", ""3610474554680342251_73522905159"", ""3612581614582747901_73522905159"", ""3613505644231765175_73522905159"", ""3614214270441467427_73522905159"", ""3617008163033685747_73522905159"", ""3620627848585269530_73522905159""]",8,4,0,14d_plus_prev_context
w_000060,ketsusose,train,1,positive_14d,2025-04-19 13:05:37+00:00,2025-05-03 13:05:37+00:00,4,2,0.7211615606595029,"[""3614214270441467427_73522905159"", ""3617008163033685747_73522905159"", ""3620627848585269530_73522905159"", ""3623664009821917879_73522905159""]",4,"[""3609724291195389550_73522905159"", ""3610474554680342251_73522905159"", ""3612581614582747901_73522905159"", ""3613505644231765175_73522905159"", ""3614214270441467427_73522905159"", ""3617008163033685747_73522905159"", ""3620627848585269530_73522905159"", ""3623664009821917879_73522905159""]",8,4,0,14d_plus_prev_context
w_000061,ketsusose,train,1,positive_14d,2025-04-23 09:36:35+00:00,2025-05-07 09:36:35+00:00,4,2,0.7211638617648077,"[""3617008163033685747_73522905159"", ""3620627848585269530_73522905159"", ""3623664009821917879_73522905159"", ""3624420320905982079_73522905159""]",4,"[""3610474554680342251_73522905159"", ""3612581614582747901_73522905159"", ""3613505644231765175_73522905159"", ""3614214270441467427_73522905159"", ""3617008163033685747_73522905159"", ""3620627848585269530_73522905159"", ""3623664009821917879_73522905159"", ""3624420320905982079_73522905159""]",8,4,0,14d_plus_prev_context
w_000062,lazychoisum,test,1,positive_14d,2022-04-23 13:35:21+00:00,2022-05-07 13:35:21+00:00,3,2,0.6619468335362849,"[""2822774140576830098_1364774863"", ""2823484306901417599_1364774863"", ""2832916607473203856_1364774863""]",3,"[""2809704060184064712_1364774863"", ""2810423681879083778_1364774863"", ""2815495585891495425_1364774863"", ""2819201592106858835_1364774863"", ""2822030177557438006_1364774863"", ""2822774140576830098_1364774863"", ""2823484306901417599_1364774863"", ""2832916607473203856_1364774863""]",8,5,0,14d_plus_prev_context
w_000063,lazychoisum,test,1,positive_14d,2022-07-03 11:47:46+00:00,2022-07-17 11:47:46+00:00,4,2,0.9151508510112762,"[""2874179070218591055_1364774863"", ""2880022132488618607_1364774863"", ""2880737713634406640_1364774863"", ""2881465068644268487_1364774863""]",4,"[""2857547127041426531_1364774863"", ""2863348778885592610_1364774863"", ""2865513712314688063_1364774863"", ""2868419352700811501_1364774863"", ""2874179070218591055_1364774863"", ""2880022132488618607_1364774863"", ""2880737713634406640_1364774863"", ""2881465068644268487_1364774863""]",8,4,0,14d_plus_prev_context
w_000064,lazychoisum,test,1,positive_14d,2025-12-02 13:52:04+00:00,2025-12-16 13:52:04+00:00,4,3,0.971752554178238,"[""3778761743851121041_1364774863"", ""3783102420051355430_1364774863"", ""3785975839734414250_1364774863"", ""3788163228267482335_1364774863""]",4,"[""3742511591666607958_1364774863"", ""3749039586807797388_1364774863"", ""3756236603695107590_1364774863"", ""3774689035374705930_1364774863"", ""3778761743851121041_1364774863"", ""3783102420051355430_1364774863"", ""3785975839734414250_1364774863"", ""3788163228267482335_1364774863""]",8,4,0,14d_plus_prev_context
w_000065,lingluo_hope,test,1,positive_14d,2021-05-18 03:48:03+00:00,2021-06-01 03:48:03+00:00,4,4,1.0,"[""2576054792688058694_34610811808"", ""2577655186237403204_34610811808"", ""2580415755394497723_34610811808"", ""2582747220593697691_34610811808""]",4,"[""2493668353401233009_34610811808"", ""2497919039148251000_34610811808"", ""2506463481966759280_34610811808"", ""2518077085706997278_34610811808"", ""2576054792688058694_34610811808"", ""2577655186237403204_34610811808"", ""2580415755394497723_34610811808"", ""2582747220593697691_34610811808""]",8,4,0,14d_plus_prev_context
w_000066,lingluo_hope,test,1,positive_14d,2021-05-20 08:47:45+00:00,2021-06-03 08:47:45+00:00,3,3,1.0,"[""2577655186237403204_34610811808"", ""2580415755394497723_34610811808"", ""2582747220593697691_34610811808""]",3,"[""2493668353401233009_34610811808"", ""2497919039148251000_34610811808"", ""2506463481966759280_34610811808"", ""2518077085706997278_34610811808"", ""2576054792688058694_34610811808"", ""2577655186237403204_34610811808"", ""2580415755394497723_34610811808"", ""2582747220593697691_34610811808""]",8,5,0,14d_plus_prev_context
w_000067,lingluo_hope,test,1,positive_14d,2021-06-19 07:08:21+00:00,2021-07-03 07:08:21+00:00,3,3,1.0,"[""2599348433548235929_34610811808"", ""2602171352812929426_34610811808"", ""2609467833208524257_34610811808""]",3,"[""2576054792688058694_34610811808"", ""2577655186237403204_34610811808"", ""2580415755394497723_34610811808"", ""2582747220593697691_34610811808"", ""2590726743863918882_34610811808"", ""2599348433548235929_34610811808"", ""2602171352812929426_34610811808"", ""2609467833208524257_34610811808""]",8,5,0,14d_plus_prev_context
w_000068,lou__y,train,1,positive_14d,2024-03-31 13:32:29+00:00,2024-04-14 13:32:29+00:00,3,2,0.7202161103487015,"[""3335913917179195745_201309898"", ""3336625334345633292_201309898"", ""3339607553309687313_201309898""]",3,"[""3246079283524785163_201309898"", ""3272844958070786803_201309898"", ""3307722325830393863_201309898"", ""3309080998510940808_201309898"", ""3319282370581759081_201309898"", ""3335913917179195745_201309898"", ""3336625334345633292_201309898"", ""3339607553309687313_201309898""]",8,5,0,14d_plus_prev_context
w_000069,lou__y,train,1,positive_14d,2024-09-20 16:35:24+00:00,2024-10-04 16:35:24+00:00,4,3,0.7495475560426712,"[""3461385779933115129_201309898"", ""3467049823827205143_201309898"", ""3467866952280626202_201309898"", ""3470652972798410196_201309898""]",4,"[""3456872664017169781_201309898"", ""3459200952388381778_201309898"", ""3459920234029488349_201309898"", ""3461030216686875269_201309898"", ""3461385779933115129_201309898"", ""3467049823827205143_201309898"", ""3467866952280626202_201309898"", ""3470652972798410196_201309898""]",8,4,0,14d_plus_prev_context
w_000070,lovelie_words,train,1,positive_14d,2024-11-14 17:33:59+00:00,2024-11-28 17:33:59+00:00,8,2,0.6206824278017393,"[""3501284331291781742_70418099126"", ""3502695611500303328_70418099126"", ""3503372956296927865_70418099126"", ""3503375690714766717_70418099126"", ""3504093047569324395_70418099126"", ""3505500028565834313_70418099126"", ""3510560841991195711_70418099126"", ""3511229897274659509_70418099126""]",8,"[""3501284331291781742_70418099126"", ""3502695611500303328_70418099126"", ""3503372956296927865_70418099126"", ""3503375690714766717_70418099126"", ""3504093047569324395_70418099126"", ""3505500028565834313_70418099126"", ""3510560841991195711_70418099126"", ""3511229897274659509_70418099126""]",8,0,0,14d_plus_prev_context
w_000071,lovesky_0166,train,1,positive_14d,2022-08-31 04:42:53+00:00,2022-09-14 04:42:53+00:00,3,3,1.0,"[""2916726982525674216_47718548695"", ""2923578087016728274_47718548695"", ""2926872100029188204_47718548695""]",3,"[""2789899627759180821_47718548695"", ""2797264513334112184_47718548695"", ""2807436760166301235_47718548695"", ""2830774923186068088_47718548695"", ""2840232016582490565_47718548695"", ""2916726982525674216_47718548695"", ""2923578087016728274_47718548695"", ""2926872100029188204_47718548695""]",8,5,0,14d_plus_prev_context
w_000072,lovesky_0166,train,1,positive_14d,2022-09-09 15:34:48+00:00,2022-09-23 15:34:48+00:00,3,3,0.9999998807907104,"[""2923578087016728274_47718548695"", ""2926872100029188204_47718548695"", ""2927112530805207451_47718548695""]",3,"[""2797264513334112184_47718548695"", ""2807436760166301235_47718548695"", ""2830774923186068088_47718548695"", ""2840232016582490565_47718548695"", ""2916726982525674216_47718548695"", ""2923578087016728274_47718548695"", ""2926872100029188204_47718548695"", ""2927112530805207451_47718548695""]",8,5,0,14d_plus_prev_context
w_000073,lovesky_0166,train,1,positive_14d,2022-10-19 07:08:39+00:00,2022-11-02 07:08:39+00:00,6,6,1.0,"[""2952314359995009454_47718548695"", ""2955500657148789012_47718548695"", ""2957619854746221371_47718548695"", ""2958352563114096901_47718548695"", ""2959751479370013208_47718548695"", ""2960469267004980731_47718548695""]",6,"[""2927112530805207451_47718548695"", ""2937328046832398380_47718548695"", ""2952314359995009454_47718548695"", ""2955500657148789012_47718548695"", ""2957619854746221371_47718548695"", ""2958352563114096901_47718548695"", ""2959751479370013208_47718548695"", ""2960469267004980731_47718548695""]",8,2,0,14d_plus_prev_context
w_000074,m_m12150605,test,1,positive_14d,2023-07-23 13:32:31+00:00,2023-08-06 13:32:31+00:00,3,2,0.6655917565036377,"[""3153270446574068474_60332717080"", ""3157367406230846794_60332717080"", ""3159373293346625323_60332717080""]",3,"[""3137754708874719725_60332717080"", ""3140131174853691872_60332717080"", ""3145426546601972599_60332717080"", ""3148691441933915206_60332717080"", ""3151795880618332940_60332717080"", ""3153270446574068474_60332717080"", ""3157367406230846794_60332717080"", ""3159373293346625323_60332717080""]",8,5,0,14d_plus_prev_context
w_000075,m_m12150605,test,1,positive_14d,2023-07-29 05:12:27+00:00,2023-08-12 05:12:27+00:00,3,2,0.6658837940776721,"[""3157367406230846794_60332717080"", ""3159373293346625323_60332717080"", ""3165971678455617245_60332717080""]",3,"[""3140131174853691872_60332717080"", ""3145426546601972599_60332717080"", ""3148691441933915206_60332717080"", ""3151795880618332940_60332717080"", ""3153270446574068474_60332717080"", ""3157367406230846794_60332717080"", ""3159373293346625323_60332717080"", ""3165971678455617245_60332717080""]",8,5,0,14d_plus_prev_context
w_000076,m_m12150605,test,1,positive_14d,2023-11-25 22:30:56+00:00,2023-12-09 22:30:56+00:00,3,2,0.6984515438477198,"[""3244138411233877887_60332717080"", ""3247711823545895465_60332717080"", ""3249284105015670079_60332717080""]",3,"[""3198506845812149031_60332717080"", ""3201338435466519174_60332717080"", ""3239949680172035707_60332717080"", ""3241645226540555525_60332717080"", ""3243745664157019944_60332717080"", ""3244138411233877887_60332717080"", ""3247711823545895465_60332717080"", ""3249284105015670079_60332717080""]",8,5,0,14d_plus_prev_context
w_000077,matcha_growth,train,1,positive_14d,2024-03-05 09:30:00+00:00,2024-03-19 09:30:00+00:00,3,2,0.6579988201459249,"[""3316948033535146827_60735344399"", ""3318427812021104966_60735344399"", ""3322074725274567013_60735344399""]",3,"[""3305341969794368769_60735344399"", ""3307592003939644547_60735344399"", ""3308967853319341290_60735344399"", ""3311167049732597051_60735344399"", ""3312599451239659494_60735344399"", ""3316948033535146827_60735344399"", ""3318427812021104966_60735344399"", ""3322074725274567013_60735344399""]",8,5,0,14d_plus_prev_context
w_000078,matcha_growth,train,1,positive_14d,2024-03-12 11:17:04+00:00,2024-03-26 11:17:04+00:00,3,2,0.666641452410507,"[""3322074725274567013_60735344399"", ""3327131696247743100_60735344399"", ""3332214816684859832_60735344399""]",3,"[""3308967853319341290_60735344399"", ""3311167049732597051_60735344399"", ""3312599451239659494_60735344399"", ""3316948033535146827_60735344399"", ""3318427812021104966_60735344399"", ""3322074725274567013_60735344399"", ""3327131696247743100_60735344399"", ""3332214816684859832_60735344399""]",8,5,0,14d_plus_prev_context
w_000079,matcha_growth,train,1,positive_14d,2024-03-19 10:44:11+00:00,2024-04-02 10:44:11+00:00,4,2,0.7047332365056036,"[""3327131696247743100_60735344399"", ""3332214816684859832_60735344399"", ""3333632670281900438_60735344399"", ""3335812206868143827_60735344399""]",4,"[""3312599451239659494_60735344399"", ""3316948033535146827_60735344399"", ""3318427812021104966_60735344399"", ""3322074725274567013_60735344399"", ""3327131696247743100_60735344399"", ""3332214816684859832_60735344399"", ""3333632670281900438_60735344399"", ""3335812206868143827_60735344399""]",8,4,0,14d_plus_prev_context
w_000080,md_notes,train,1,positive_14d,2021-02-23 14:32:06+00:00,2021-03-09 14:32:06+00:00,5,4,0.963106608390808,"[""2515497796844626489_39937544330"", ""2516646535458180736_39937544330"", ""2521043813446897205_39937544330"", ""2522790127469604683_39937544330"", ""2524716713500577136_39937544330""]",5,"[""2490445488645565083_39937544330"", ""2497277222104129241_39937544330"", ""2515497796844626489_39937544330"", ""2516646535458180736_39937544330"", ""2521043813446897205_39937544330"", ""2522790127469604683_39937544330"", ""2524716713500577136_39937544330""]",7,2,1,14d_plus_prev_context
w_000081,md_notes,train,1,positive_14d,2021-03-03 06:11:03+00:00,2021-03-17 06:11:03+00:00,3,2,0.9390226205190024,"[""2521043813446897205_39937544330"", ""2522790127469604683_39937544330"", ""2524716713500577136_39937544330""]",3,"[""2490445488645565083_39937544330"", ""2497277222104129241_39937544330"", ""2515497796844626489_39937544330"", ""2516646535458180736_39937544330"", ""2521043813446897205_39937544330"", ""2522790127469604683_39937544330"", ""2524716713500577136_39937544330""]",7,4,1,14d_plus_prev_context
w_000082,md_notes,train,1,positive_14d,2021-03-05 16:00:40+00:00,2021-03-19 16:00:40+00:00,3,2,0.9393047491709392,"[""2522790127469604683_39937544330"", ""2524716713500577136_39937544330"", ""2531970538460528365_39937544330""]",3,"[""2490445488645565083_39937544330"", ""2497277222104129241_39937544330"", ""2515497796844626489_39937544330"", ""2516646535458180736_39937544330"", ""2521043813446897205_39937544330"", ""2522790127469604683_39937544330"", ""2524716713500577136_39937544330"", ""2531970538460528365_39937544330""]",8,5,0,14d_plus_prev_context
w_000083,nata_reading,train,1,positive_14d,2024-01-29 16:03:17+00:00,2024-02-12 16:03:17+00:00,3,2,0.6590557893117376,"[""3291053715451940398_7538030698"", ""3296798821488505438_7538030698"", ""3300436724940576429_7538030698""]",3,"[""3282301589011721636_7538030698"", ""3282973219111230462_7538030698"", ""3283735224499608747_7538030698"", ""3284812950727986688_7538030698"", ""3287395155673234975_7538030698"", ""3291053715451940398_7538030698"", ""3296798821488505438_7538030698"", ""3300436724940576429_7538030698""]",8,5,0,14d_plus_prev_context
w_000084,nata_reading,train,1,positive_14d,2024-04-24 15:29:00+00:00,2024-05-08 15:29:00+00:00,4,2,0.679732810735004,"[""3353367175829084750_7538030698"", ""3359901277474380373_7538030698"", ""3360616830258248180_7538030698"", ""3362050415297235571_7538030698""]",4,"[""3338138183484258146_7538030698"", ""3340187799750803731_7538030698"", ""3340958886268957828_7538030698"", ""3345352419062999331_7538030698"", ""3353367175829084750_7538030698"", ""3359901277474380373_7538030698"", ""3360616830258248180_7538030698"", ""3362050415297235571_7538030698""]",8,4,0,14d_plus_prev_context
w_000085,nata_reading,train,1,positive_14d,2024-05-03 15:51:05+00:00,2024-05-17 15:51:05+00:00,4,2,0.6797322736362617,"[""3359901277474380373_7538030698"", ""3360616830258248180_7538030698"", ""3362050415297235571_7538030698"", ""3367120713226779750_7538030698""]",4,"[""3340187799750803731_7538030698"", ""3340958886268957828_7538030698"", ""3345352419062999331_7538030698"", ""3353367175829084750_7538030698"", ""3359901277474380373_7538030698"", ""3360616830258248180_7538030698"", ""3362050415297235571_7538030698"", ""3367120713226779750_7538030698""]",8,4,0,14d_plus_prev_context
w_000086,neko_wumiao,train,1,positive_14d,2021-07-17 18:30:58+00:00,2021-07-31 18:30:58+00:00,3,2,0.6666663487756804,"[""2619985722195031503_444787805"", ""2622631865656592545_444787805"", ""2626342460969665076_444787805""]",3,"[""2608737708043899563_444787805"", ""2610871506726433341_444787805"", ""2611605205176595246_444787805"", ""2613851904406230300_444787805"", ""2618975195471113208_444787805"", ""2619985722195031503_444787805"", ""2622631865656592545_444787805"", ""2626342460969665076_444787805""]",8,5,0,14d_plus_prev_context
w_000087,neko_wumiao,train,1,positive_14d,2021-10-31 08:03:03+00:00,2021-11-14 08:03:03+00:00,4,2,0.6301549822124228,"[""2696495806404664750_444787805"", ""2699712620071966152_444787805"", ""2701754359203922827_444787805"", ""2702142054288584036_444787805""]",4,"[""2687342906625536869_444787805"", ""2691718325880572883_444787805"", ""2692964579580155360_444787805"", ""2696042232727626681_444787805"", ""2696495806404664750_444787805"", ""2699712620071966152_444787805"", ""2701754359203922827_444787805"", ""2702142054288584036_444787805""]",8,4,0,14d_plus_prev_context
w_000088,neko_wumiao,train,1,positive_14d,2022-01-08 13:21:31+00:00,2022-01-22 13:21:31+00:00,9,6,0.665887252619791,"[""2746665625984495543_444787805"", ""2748802000098279917_444787805"", ""2749282214351226045_444787805"", ""2749978880334775637_444787805"", ""2750661288234789479_444787805"", ""2751101728793558492_444787805"", ""2753872668845851307_444787805"", ""2754272399438515372_444787805"", ""2755322202255714950_444787805""]",9,"[""2748802000098279917_444787805"", ""2749282214351226045_444787805"", ""2749978880334775637_444787805"", ""2750661288234789479_444787805"", ""2751101728793558492_444787805"", ""2753872668845851307_444787805"", ""2754272399438515372_444787805"", ""2755322202255714950_444787805""]",8,0,0,14d_plus_prev_context
w_000089,owltaboo,test,1,positive_14d,2025-01-07 05:24:03+00:00,2025-01-21 05:24:03+00:00,3,2,0.6666462410939857,"[""3540054835515602939_60084750058"", ""3541771897757535799_60084750058"", ""3543286084241674327_60084750058""]",3,"[""3540054835515602939_60084750058"", ""3541771897757535799_60084750058"", ""3543286084241674327_60084750058""]",3,0,5,14d_plus_prev_context
w_000090,owltaboo,test,1,positive_14d,2025-01-09 14:15:33+00:00,2025-01-23 14:15:33+00:00,3,2,0.6666381767801235,"[""3541771897757535799_60084750058"", ""3543286084241674327_60084750058"", ""3550348453123753893_60084750058""]",3,"[""3540054835515602939_60084750058"", ""3541771897757535799_60084750058"", ""3543286084241674327_60084750058"", ""3550348453123753893_60084750058""]",4,1,4,14d_plus_prev_context
w_000091,painwords.yan,val,1,positive_14d,2021-09-30 09:59:10+00:00,2021-10-14 09:59:10+00:00,9,7,0.7701725580005182,"[""2674086309167182741_12093800223"", ""2674682691506846613_12093800223"", ""2675719773167797719_12093800223"", ""2676440032185006829_12093800223"", ""2678581258839451055_12093800223"", ""2680495710161710725_12093800223"", ""2680844046888711056_12093800223"", ""2682024559437675054_12093800223"", ""2683768824557591673_12093800223""]",9,"[""2674682691506846613_12093800223"", ""2675719773167797719_12093800223"", ""2676440032185006829_12093800223"", ""2678581258839451055_12093800223"", ""2680495710161710725_12093800223"", ""2680844046888711056_12093800223"", ""2682024559437675054_12093800223"", ""2683768824557591673_12093800223""]",8,0,0,14d_plus_prev_context
w_000092,painwords.yan,val,1,positive_14d,2021-10-02 16:04:34+00:00,2021-10-16 16:04:34+00:00,7,5,0.7089135413989425,"[""2675719773167797719_12093800223"", ""2676440032185006829_12093800223"", ""2678581258839451055_12093800223"", ""2680495710161710725_12093800223"", ""2680844046888711056_12093800223"", ""2682024559437675054_12093800223"", ""2683768824557591673_12093800223""]",7,"[""2674682691506846613_12093800223"", ""2675719773167797719_12093800223"", ""2676440032185006829_12093800223"", ""2678581258839451055_12093800223"", ""2680495710161710725_12093800223"", ""2680844046888711056_12093800223"", ""2682024559437675054_12093800223"", ""2683768824557591673_12093800223""]",8,1,0,14d_plus_prev_context
w_000093,painwords.yan,val,1,positive_14d,2021-10-03 15:55:36+00:00,2021-10-17 15:55:36+00:00,7,5,0.7084892074178372,"[""2676440032185006829_12093800223"", ""2678581258839451055_12093800223"", ""2680495710161710725_12093800223"", ""2680844046888711056_12093800223"", ""2682024559437675054_12093800223"", ""2683768824557591673_12093800223"", ""2685966933404515035_12093800223""]",7,"[""2675719773167797719_12093800223"", ""2676440032185006829_12093800223"", ""2678581258839451055_12093800223"", ""2680495710161710725_12093800223"", ""2680844046888711056_12093800223"", ""2682024559437675054_12093800223"", ""2683768824557591673_12093800223"", ""2685966933404515035_12093800223""]",8,1,0,14d_plus_prev_context
w_000094,poem_chao,test,1,positive_14d,2022-11-18 06:48:00+00:00,2022-12-02 06:48:00+00:00,4,3,0.7285054748803361,"[""2974047242472240120_8032646796"", ""2974286650374921573_8032646796"", ""2976965827146688445_8032646796"", ""2978258446531014781_8032646796""]",4,"[""2953259414004101563_8032646796"", ""2968539773771845639_8032646796"", ""2971268185297203015_8032646796"", ""2972734886085835671_8032646796"", ""2974047242472240120_8032646796"", ""2974286650374921573_8032646796"", ""2976965827146688445_8032646796"", ""2978258446531014781_8032646796""]",8,4,0,14d_plus_prev_context
w_000095,poem_chao,test,1,positive_14d,2022-11-18 14:43:40+00:00,2022-12-02 14:43:40+00:00,3,2,0.6666655905445396,"[""2974286650374921573_8032646796"", ""2976965827146688445_8032646796"", ""2978258446531014781_8032646796""]",3,"[""2953259414004101563_8032646796"", ""2968539773771845639_8032646796"", ""2971268185297203015_8032646796"", ""2972734886085835671_8032646796"", ""2974047242472240120_8032646796"", ""2974286650374921573_8032646796"", ""2976965827146688445_8032646796"", ""2978258446531014781_8032646796""]",8,5,0,14d_plus_prev_context
w_000096,poem_chao,test,1,positive_14d,2025-02-27 03:42:56+00:00,2025-03-13 03:42:56+00:00,4,2,0.7186535300738797,"[""3576967503702271222_8032646796"", ""3579113934135306559_8032646796"", ""3580743216725087516_8032646796"", ""3583378604782638411_8032646796""]",4,"[""3568264574183081276_8032646796"", ""3568334400889019809_8032646796"", ""3569063164748899166_8032646796"", ""3573297164933755093_8032646796"", ""3576967503702271222_8032646796"", ""3579113934135306559_8032646796"", ""3580743216725087516_8032646796"", ""3583378604782638411_8032646796""]",8,4,0,14d_plus_prev_context
w_000097,shadoweffect_writing,train,1,positive_14d,2022-09-11 13:17:22+00:00,2022-09-25 13:17:22+00:00,3,2,0.6564097206121349,"[""2924958469228789855_7421275394"", ""2925579343610804520_7421275394"", ""2927860815927538086_7421275394""]",3,"[""2920461550850732608_7421275394"", ""2921150033672117649_7421275394"", ""2921432203125014082_7421275394"", ""2922061054184046572_7421275394"", ""2922824107225975126_7421275394"", ""2924958469228789855_7421275394"", ""2925579343610804520_7421275394"", ""2927860815927538086_7421275394""]",8,5,0,14d_plus_prev_context
w_000098,shadoweffect_writing,train,1,positive_14d,2023-04-05 14:22:34+00:00,2023-04-19 14:22:34+00:00,9,4,0.6234450685111845,"[""3074295082603036183_7421275394"", ""3075672396616338228_7421275394"", ""3076407425614797349_7421275394"", ""3076530474408502014_7421275394"", ""3077040001059036683_7421275394"", ""3077909485067976427_7421275394"", ""3078025306486404711_7421275394"", ""3079962284945786938_7421275394"", ""3082987895746447391_7421275394""]",9,"[""3075672396616338228_7421275394"", ""3076407425614797349_7421275394"", ""3076530474408502014_7421275394"", ""3077040001059036683_7421275394"", ""3077909485067976427_7421275394"", ""3078025306486404711_7421275394"", ""3079962284945786938_7421275394"", ""3082987895746447391_7421275394""]",8,0,0,14d_plus_prev_context
w_000099,shadoweffect_writing,train,1,positive_14d,2024-04-21 14:48:23+00:00,2024-05-05 14:48:23+00:00,5,3,0.6349098031285394,"[""3351168249731002273_7421275394"", ""3353375702396950612_7421275394"", ""3356253082081674569_7421275394"", ""3358916857213705534_7421275394"", ""3360584937450803532_7421275394""]",5,"[""3337157795870450326_7421275394"", ""3346055760886550336_7421275394"", ""3348123950655266106_7421275394"", ""3351168249731002273_7421275394"", ""3353375702396950612_7421275394"", ""3356253082081674569_7421275394"", ""3358916857213705534_7421275394"", ""3360584937450803532_7421275394""]",8,3,0,14d_plus_prev_context
w_000100,shuyu.minmin,train,1,positive_14d,2021-01-01 06:22:47+00:00,2021-01-15 06:22:47+00:00,12,9,0.8968989327549934,"[""2476838398222897227_3218617152"", ""2478293459079670869_3218617152"", ""2479231511838897373_3218617152"", ""2480029269432971965_3218617152"", ""2480737934985072792_3218617152"", ""2481310588620028005_3218617152"", ""2482179561242906970_3218617152"", ""2482802410454335086_3218617152"", ""2483475847904616124_3218617152"", ""2484163083105152864_3218617152"", ""2485059683633424531_3218617152"", ""2486460002447752843_3218617152""]",12,"[""2480737934985072792_3218617152"", ""2481310588620028005_3218617152"", ""2482179561242906970_3218617152"", ""2482802410454335086_3218617152"", ""2483475847904616124_3218617152"", ""2484163083105152864_3218617152"", ""2485059683633424531_3218617152"", ""2486460002447752843_3218617152""]",8,0,0,14d_plus_prev_context
w_000101,shuyu.minmin,train,1,positive_14d,2021-01-04 13:37:28+00:00,2021-01-18 13:37:28+00:00,14,10,0.8401891397578691,"[""2479231511838897373_3218617152"", ""2480029269432971965_3218617152"", ""2480737934985072792_3218617152"", ""2481310588620028005_3218617152"", ""2482179561242906970_3218617152"", ""2482802410454335086_3218617152"", ""2483475847904616124_3218617152"", ""2484163083105152864_3218617152"", ""2485059683633424531_3218617152"", ""2486460002447752843_3218617152"", ""2487138570488053977_3218617152"", ""2487830838014633824_3218617152"", ""2488557401307868103_3218617152"", ""2489323625654260208_3218617152""]",14,"[""2483475847904616124_3218617152"", ""2484163083105152864_3218617152"", ""2485059683633424531_3218617152"", ""2486460002447752843_3218617152"", ""2487138570488053977_3218617152"", ""2487830838014633824_3218617152"", ""2488557401307868103_3218617152"", ""2489323625654260208_3218617152""]",8,0,0,14d_plus_prev_context
w_000102,shuyu.minmin,train,1,positive_14d,2021-01-07 10:28:14+00:00,2021-01-21 10:28:14+00:00,14,11,0.8599336764642487,"[""2481310588620028005_3218617152"", ""2482179561242906970_3218617152"", ""2482802410454335086_3218617152"", ""2483475847904616124_3218617152"", ""2484163083105152864_3218617152"", ""2485059683633424531_3218617152"", ""2486460002447752843_3218617152"", ""2487138570488053977_3218617152"", ""2487830838014633824_3218617152"", ""2488557401307868103_3218617152"", ""2489323625654260208_3218617152"", ""2490051498451370330_3218617152"", ""2490752430562581107_3218617152"", ""2491453951100969024_3218617152""]",14,"[""2486460002447752843_3218617152"", ""2487138570488053977_3218617152"", ""2487830838014633824_3218617152"", ""2488557401307868103_3218617152"", ""2489323625654260208_3218617152"", ""2490051498451370330_3218617152"", ""2490752430562581107_3218617152"", ""2491453951100969024_3218617152""]",8,0,0,14d_plus_prev_context
w_000103,si_je_meurs,train,1,positive_14d,2023-03-09 14:26:27+00:00,2023-03-23 14:26:27+00:00,6,5,0.9711954494317372,"[""3054728091271618364_58620940899"", ""3054728987049015449_58620940899"", ""3054730290613692823_58620940899"", ""3054731387709303340_58620940899"", ""3054732131124445076_58620940899"", ""3054983985823605470_58620940899""]",6,"[""3054728091271618364_58620940899"", ""3054728987049015449_58620940899"", ""3054730290613692823_58620940899"", ""3054731387709303340_58620940899"", ""3054732131124445076_58620940899"", ""3054983985823605470_58620940899""]",6,0,2,14d_plus_prev_context
w_000104,si_je_meurs,train,1,positive_14d,2023-03-09 14:30:49+00:00,2023-03-23 14:30:49+00:00,4,3,0.956793174147606,"[""3054730290613692823_58620940899"", ""3054731387709303340_58620940899"", ""3054732131124445076_58620940899"", ""3054983985823605470_58620940899""]",4,"[""3054728091271618364_58620940899"", ""3054728987049015449_58620940899"", ""3054730290613692823_58620940899"", ""3054731387709303340_58620940899"", ""3054732131124445076_58620940899"", ""3054983985823605470_58620940899""]",6,2,2,14d_plus_prev_context
w_000105,si_je_meurs,train,1,positive_14d,2023-03-09 14:33:00+00:00,2023-03-23 14:33:00+00:00,3,2,0.9620636304219564,"[""3054731387709303340_58620940899"", ""3054732131124445076_58620940899"", ""3054983985823605470_58620940899""]",3,"[""3054728091271618364_58620940899"", ""3054728987049015449_58620940899"", ""3054730290613692823_58620940899"", ""3054731387709303340_58620940899"", ""3054732131124445076_58620940899"", ""3054983985823605470_58620940899""]",6,3,2,14d_plus_prev_context
w_000106,singwizdep,test,1,positive_14d,2023-05-21 04:28:49+00:00,2023-06-04 04:28:49+00:00,5,3,0.7228053212169114,"[""3107335922010034476_45613231157"", ""3108644486687783157_45613231157"", ""3109692511736217576_45613231157"", ""3113939354104688695_45613231157"", ""3115468996976540122_45613231157""]",5,"[""3104393299784034579_45613231157"", ""3105119592670464362_45613231157"", ""3106533509946873558_45613231157"", ""3107335922010034476_45613231157"", ""3108644486687783157_45613231157"", ""3109692511736217576_45613231157"", ""3113939354104688695_45613231157"", ""3115468996976540122_45613231157""]",8,3,0,14d_plus_prev_context
w_000107,singwizdep,test,1,positive_14d,2023-05-24 10:30:00+00:00,2023-06-07 10:30:00+00:00,3,2,0.8713422020276388,"[""3109692511736217576_45613231157"", ""3113939354104688695_45613231157"", ""3115468996976540122_45613231157""]",3,"[""3104393299784034579_45613231157"", ""3105119592670464362_45613231157"", ""3106533509946873558_45613231157"", ""3107335922010034476_45613231157"", ""3108644486687783157_45613231157"", ""3109692511736217576_45613231157"", ""3113939354104688695_45613231157"", ""3115468996976540122_45613231157""]",8,5,0,14d_plus_prev_context
w_000108,singwizdep,test,1,positive_14d,2023-05-30 07:08:39+00:00,2023-06-13 07:08:39+00:00,3,2,0.6450117346260716,"[""3113939354104688695_45613231157"", ""3115468996976540122_45613231157"", ""3119838917617510712_45613231157""]",3,"[""3105119592670464362_45613231157"", ""3106533509946873558_45613231157"", ""3107335922010034476_45613231157"", ""3108644486687783157_45613231157"", ""3109692511736217576_45613231157"", ""3113939354104688695_45613231157"", ""3115468996976540122_45613231157"", ""3119838917617510712_45613231157""]",8,5,0,14d_plus_prev_context
w_000109,sp1cy_jar,train,1,positive_14d,2024-06-11 06:35:56+00:00,2024-06-25 06:35:56+00:00,3,2,0.730151096979777,"[""3387887947319174425_591917271"", ""3393300004411751580_591917271"", ""3393994240039828439_591917271""]",3,"[""3363570746722396237_591917271"", ""3365012161377727907_591917271"", ""3369058019077295323_591917271"", ""3369855322017213937_591917271"", ""3372229287603833215_591917271"", ""3387887947319174425_591917271"", ""3393300004411751580_591917271"", ""3393994240039828439_591917271""]",8,5,0,14d_plus_prev_context
w_000110,sp1cy_jar,train,1,positive_14d,2024-06-18 17:51:08+00:00,2024-07-02 17:51:08+00:00,3,2,0.6611043214797974,"[""3393300004411751580_591917271"", ""3393994240039828439_591917271"", ""3398097481295942814_591917271""]",3,"[""3365012161377727907_591917271"", ""3369058019077295323_591917271"", ""3369855322017213937_591917271"", ""3372229287603833215_591917271"", ""3387887947319174425_591917271"", ""3393300004411751580_591917271"", ""3393994240039828439_591917271"", ""3398097481295942814_591917271""]",8,5,0,14d_plus_prev_context
w_000111,starmood_life,val,1,positive_14d,2022-04-30 13:00:05+00:00,2022-05-14 13:00:05+00:00,5,4,0.788902103908183,"[""2827829820132290287_49280774872"", ""2830004238971505437_49280774872"", ""2831453915751317586_49280774872"", ""2832903375651992787_49280774872"", ""2835077698391319424_49280774872""]",5,"[""2827829820132290287_49280774872"", ""2830004238971505437_49280774872"", ""2831453915751317586_49280774872"", ""2832903375651992787_49280774872"", ""2835077698391319424_49280774872""]",5,0,3,14d_plus_prev_context
w_000112,thirty6____,test,1,positive_14d,2023-10-02 15:47:52+00:00,2023-10-16 15:47:52+00:00,6,3,0.689004632229512,"[""3204797647509253690_62078202249"", ""3206237963449604920_62078202249"", ""3208331983831349185_62078202249"", ""3211279353464477092_62078202249"", ""3212781763928101545_62078202249"", ""3213511619443525475_62078202249""]",6,"[""3204797647509253690_62078202249"", ""3206237963449604920_62078202249"", ""3208331983831349185_62078202249"", ""3211279353464477092_62078202249"", ""3212781763928101545_62078202249"", ""3213511619443525475_62078202249""]",6,0,2,14d_plus_prev_context
w_000113,thirty6____,test,1,positive_14d,2023-10-07 12:49:58+00:00,2023-10-21 12:49:58+00:00,5,3,0.8291699111461639,"[""3208331983831349185_62078202249"", ""3211279353464477092_62078202249"", ""3212781763928101545_62078202249"", ""3213511619443525475_62078202249"", ""3217106979231612220_62078202249""]",5,"[""3204797647509253690_62078202249"", ""3206237963449604920_62078202249"", ""3208331983831349185_62078202249"", ""3211279353464477092_62078202249"", ""3212781763928101545_62078202249"", ""3213511619443525475_62078202249"", ""3217106979231612220_62078202249""]",7,2,1,14d_plus_prev_context
w_000114,thirty6____,test,1,positive_14d,2023-10-11 14:25:52+00:00,2023-10-25 14:25:52+00:00,5,3,0.8695533812046051,"[""3211279353464477092_62078202249"", ""3212781763928101545_62078202249"", ""3213511619443525475_62078202249"", ""3217106979231612220_62078202249"", ""3219755507757934047_62078202249""]",5,"[""3204797647509253690_62078202249"", ""3206237963449604920_62078202249"", ""3208331983831349185_62078202249"", ""3211279353464477092_62078202249"", ""3212781763928101545_62078202249"", ""3213511619443525475_62078202249"", ""3217106979231612220_62078202249"", ""3219755507757934047_62078202249""]",8,3,0,14d_plus_prev_context
w_000115,trojan_li,train,1,positive_14d,2023-12-30 04:15:00+00:00,2024-01-13 04:15:00+00:00,3,2,0.6666652758916266,"[""3268954102192580810_44838973285"", ""3270679792998853608_44838973285"", ""3276316689959871343_44838973285""]",3,"[""3258089873675707147_44838973285"", ""3260445768782988994_44838973285"", ""3261897500151149572_44838973285"", ""3263347159457257179_44838973285"", ""3266335058347980740_46259164598"", ""3268954102192580810_44838973285"", ""3270679792998853608_44838973285"", ""3276316689959871343_44838973285""]",8,5,0,14d_plus_prev_context
w_000116,trojan_li,train,1,positive_14d,2025-11-03 04:40:00+00:00,2025-11-17 04:40:00+00:00,3,2,0.6538482389102379,"[""3757465682792599240_44838973285"", ""3760362413930830311_44838973285"", ""3765438031068348696_44838973285""]",3,"[""3667595987779205568_44838973285"", ""3674335345653031525_44838973285"", ""3691385146047245675_44838973285"", ""3735000172511562436_44838973285"", ""3742507300264518504_44838973285"", ""3757465682792599240_44838973285"", ""3760362413930830311_44838973285"", ""3765438031068348696_44838973285""]",8,5,0,14d_plus_prev_context
w_000117,tuanzi.io,train,1,positive_14d,2022-07-05 02:32:02+00:00,2022-07-19 02:32:02+00:00,10,9,0.9231320381164552,"[""2875348907238189998_37841138248"", ""2876054710672808298_37841138248"", ""2876796525352894230_37841138248"", ""2877500081403874851_37841138248"", ""2880087423398615953_37841138248"", ""2880803123972925658_37841138248"", ""2882942231218238856_37841138248"", ""2883547251919857660_37841138248"", ""2884463841376994746_37841138248"", ""2885153056532374772_37841138248""]",10,"[""2876796525352894230_37841138248"", ""2877500081403874851_37841138248"", ""2880087423398615953_37841138248"", ""2880803123972925658_37841138248"", ""2882942231218238856_37841138248"", ""2883547251919857660_37841138248"", ""2884463841376994746_37841138248"", ""2885153056532374772_37841138248""]",8,0,0,14d_plus_prev_context
w_000118,tuanzi.io,train,1,positive_14d,2022-07-07 02:28:11+00:00,2022-07-21 02:28:11+00:00,10,9,0.9046937741339208,"[""2876796525352894230_37841138248"", ""2877500081403874851_37841138248"", ""2880087423398615953_37841138248"", ""2880803123972925658_37841138248"", ""2882942231218238856_37841138248"", ""2883547251919857660_37841138248"", ""2884463841376994746_37841138248"", ""2885153056532374772_37841138248"", ""2885900378333517065_37841138248"", ""2886569010889941904_37841138248""]",10,"[""2880087423398615953_37841138248"", ""2880803123972925658_37841138248"", ""2882942231218238856_37841138248"", ""2883547251919857660_37841138248"", ""2884463841376994746_37841138248"", ""2885153056532374772_37841138248"", ""2885900378333517065_37841138248"", ""2886569010889941904_37841138248""]",8,0,0,14d_plus_prev_context
w_000119,tuanzi.io,train,1,positive_14d,2022-07-11 15:26:37+00:00,2022-07-25 15:26:37+00:00,11,8,0.8415417976000092,"[""2880087423398615953_37841138248"", ""2880803123972925658_37841138248"", ""2882942231218238856_37841138248"", ""2883547251919857660_37841138248"", ""2884463841376994746_37841138248"", ""2885153056532374772_37841138248"", ""2885900378333517065_37841138248"", ""2886569010889941904_37841138248"", ""2887323014435658774_37841138248"", ""2888063278473060642_37841138248"", ""2890196644823822880_37841138248""]",11,"[""2883547251919857660_37841138248"", ""2884463841376994746_37841138248"", ""2885153056532374772_37841138248"", ""2885900378333517065_37841138248"", ""2886569010889941904_37841138248"", ""2887323014435658774_37841138248"", ""2888063278473060642_37841138248"", ""2890196644823822880_37841138248""]",8,0,0,14d_plus_prev_context
w_000120,vesper_615,train,1,positive_14d,2021-01-01 11:47:10+00:00,2021-01-15 11:47:10+00:00,13,9,0.6922409071631179,"[""2477001668369116662_6350314545"", ""2478408517328882441_6350314545"", ""2479183785198984465_6350314545"", ""2480636132097958433_6350314545"", ""2481284601972164817_6350314545"", ""2481848239380354087_6350314545"", ""2481993145553865773_6350314545"", ""2482057779266871018_6350314545"", ""2482752536607621812_6350314545"", ""2484224229624725774_6350314545"", ""2484904333434445565_6350314545"", ""2485648009873985474_6350314545"", ""2486352087176425495_6350314545""]",13,"[""2481848239380354087_6350314545"", ""2481993145553865773_6350314545"", ""2482057779266871018_6350314545"", ""2482752536607621812_6350314545"", ""2484224229624725774_6350314545"", ""2484904333434445565_6350314545"", ""2485648009873985474_6350314545"", ""2486352087176425495_6350314545""]",8,0,0,14d_plus_prev_context
w_000121,vesper_615,train,1,positive_14d,2021-01-04 12:02:39+00:00,2021-01-18 12:02:39+00:00,14,9,0.6447652233739005,"[""2479183785198984465_6350314545"", ""2480636132097958433_6350314545"", ""2481284601972164817_6350314545"", ""2481848239380354087_6350314545"", ""2481993145553865773_6350314545"", ""2482057779266871018_6350314545"", ""2482752536607621812_6350314545"", ""2484224229624725774_6350314545"", ""2484904333434445565_6350314545"", ""2485648009873985474_6350314545"", ""2486352087176425495_6350314545"", ""2487769487042111520_6350314545"", ""2488531601172120339_6350314545"", ""2489210934161190669_6350314545""]",14,"[""2482752536607621812_6350314545"", ""2484224229624725774_6350314545"", ""2484904333434445565_6350314545"", ""2485648009873985474_6350314545"", ""2486352087176425495_6350314545"", ""2487769487042111520_6350314545"", ""2488531601172120339_6350314545"", ""2489210934161190669_6350314545""]",8,0,0,14d_plus_prev_context
w_000122,vesper_615,train,1,positive_14d,2021-01-08 09:04:21+00:00,2021-01-22 09:04:21+00:00,13,9,0.6943623576448854,"[""2481993145553865773_6350314545"", ""2482057779266871018_6350314545"", ""2482752536607621812_6350314545"", ""2484224229624725774_6350314545"", ""2484904333434445565_6350314545"", ""2485648009873985474_6350314545"", ""2486352087176425495_6350314545"", ""2487769487042111520_6350314545"", ""2488531601172120339_6350314545"", ""2489210934161190669_6350314545"", ""2489947774950332373_6350314545"", ""2490800705576888042_6350314545"", ""2491532240521115920_6350314545""]",13,"[""2485648009873985474_6350314545"", ""2486352087176425495_6350314545"", ""2487769487042111520_6350314545"", ""2488531601172120339_6350314545"", ""2489210934161190669_6350314545"", ""2489947774950332373_6350314545"", ""2490800705576888042_6350314545"", ""2491532240521115920_6350314545""]",8,0,0,14d_plus_prev_context
w_000123,whoisme_mdd,train,1,positive_14d,2021-06-24 17:00:17+00:00,2021-07-08 17:00:17+00:00,7,7,0.9999993869236538,"[""2603270236102156704_38692270137"", ""2603745007726090625_38692270137"", ""2605311499319780541_38692270137"", ""2608797174962661333_38692270137"", ""2608853355517406118_38692270137"", ""2611774364763499643_38692270137"", ""2612714122003920845_38692270137""]",7,"[""2603270236102156704_38692270137"", ""2603745007726090625_38692270137"", ""2605311499319780541_38692270137"", ""2608797174962661333_38692270137"", ""2608853355517406118_38692270137"", ""2611774364763499643_38692270137"", ""2612714122003920845_38692270137""]",7,0,1,14d_plus_prev_context
w_000124,whoisme_mdd,train,1,positive_14d,2021-06-27 12:35:54+00:00,2021-07-11 12:35:54+00:00,5,5,0.9999999046325684,"[""2605311499319780541_38692270137"", ""2608797174962661333_38692270137"", ""2608853355517406118_38692270137"", ""2611774364763499643_38692270137"", ""2612714122003920845_38692270137""]",5,"[""2603270236102156704_38692270137"", ""2603745007726090625_38692270137"", ""2605311499319780541_38692270137"", ""2608797174962661333_38692270137"", ""2608853355517406118_38692270137"", ""2611774364763499643_38692270137"", ""2612714122003920845_38692270137""]",7,2,1,14d_plus_prev_context
w_000125,whoisme_mdd,train,1,positive_14d,2021-07-02 09:52:56+00:00,2021-07-16 09:52:56+00:00,3,3,1.0,"[""2608853355517406118_38692270137"", ""2611774364763499643_38692270137"", ""2612714122003920845_38692270137""]",3,"[""2603270236102156704_38692270137"", ""2603745007726090625_38692270137"", ""2605311499319780541_38692270137"", ""2608797174962661333_38692270137"", ""2608853355517406118_38692270137"", ""2611774364763499643_38692270137"", ""2612714122003920845_38692270137""]",7,4,1,14d_plus_prev_context
w_000126,xuan_f0116.m0303,train,1,positive_14d,2021-03-28 14:50:16+00:00,2021-04-11 14:50:16+00:00,4,3,0.7510093203745782,"[""2539424182604040343_11113469615"", ""2540255268221411991_11113469615"", ""2542330974140897774_11113469615"", ""2545224982353753924_11113469615""]",4,"[""2534158791623499570_11113469615"", ""2539424182604040343_11113469615"", ""2540255268221411991_11113469615"", ""2542330974140897774_11113469615"", ""2545224982353753924_11113469615""]",5,1,3,14d_plus_prev_context
w_000127,xuan_f0116.m0303,train,1,positive_14d,2021-03-29 18:22:33+00:00,2021-04-12 18:22:33+00:00,3,2,0.6737784414241711,"[""2540255268221411991_11113469615"", ""2542330974140897774_11113469615"", ""2545224982353753924_11113469615""]",3,"[""2534158791623499570_11113469615"", ""2539424182604040343_11113469615"", ""2540255268221411991_11113469615"", ""2542330974140897774_11113469615"", ""2545224982353753924_11113469615""]",5,2,3,14d_plus_prev_context
w_000128,xuan_f0116.m0303,train,1,positive_14d,2022-07-25 06:14:03+00:00,2022-08-08 06:14:03+00:00,11,6,0.6427955265076654,"[""2889956169487346340_11113469615"", ""2891848343565469923_11113469615"", ""2891849135970094730_11113469615"", ""2892693740697133301_11113469615"", ""2893012321590677180_11113469615"", ""2895118566992645962_11113469615"", ""2896207474502134685_11113469615"", ""2896828853579989966_11113469615"", ""2897660946833385127_11113469615"", ""2898977157625588825_11113469615"", ""2899679442542469033_11113469615""]",11,"[""2892693740697133301_11113469615"", ""2893012321590677180_11113469615"", ""2895118566992645962_11113469615"", ""2896207474502134685_11113469615"", ""2896828853579989966_11113469615"", ""2897660946833385127_11113469615"", ""2898977157625588825_11113469615"", ""2899679442542469033_11113469615""]",8,0,0,14d_plus_prev_context
w_000129,yearandyear7_,train,1,positive_14d,2022-02-09 08:04:57+00:00,2022-02-23 08:04:57+00:00,6,5,0.8340396715793759,"[""2769699214411585280_5611656677"", ""2770430823016333127_5611656677"", ""2771868099193777738_5611656677"", ""2773443904668670684_5611656677"", ""2777114721747038303_5611656677"", ""2779307540895563413_5611656677""]",6,"[""2725506289592354278_5611656677"", ""2745145563005559736_5611656677"", ""2769699214411585280_5611656677"", ""2770430823016333127_5611656677"", ""2771868099193777738_5611656677"", ""2773443904668670684_5611656677"", ""2777114721747038303_5611656677"", ""2779307540895563413_5611656677""]",8,2,0,14d_plus_prev_context
w_000130,yearandyear7_,train,1,positive_14d,2022-02-12 07:54:08+00:00,2022-02-26 07:54:08+00:00,4,3,0.7510595073690638,"[""2771868099193777738_5611656677"", ""2773443904668670684_5611656677"", ""2777114721747038303_5611656677"", ""2779307540895563413_5611656677""]",4,"[""2725506289592354278_5611656677"", ""2745145563005559736_5611656677"", ""2769699214411585280_5611656677"", ""2770430823016333127_5611656677"", ""2771868099193777738_5611656677"", ""2773443904668670684_5611656677"", ""2777114721747038303_5611656677"", ""2779307540895563413_5611656677""]",8,4,0,14d_plus_prev_context
w_000131,yearandyear7_,train,1,positive_14d,2022-02-14 12:04:59+00:00,2022-02-28 12:04:59+00:00,3,2,0.6680800186780592,"[""2773443904668670684_5611656677"", ""2777114721747038303_5611656677"", ""2779307540895563413_5611656677""]",3,"[""2725506289592354278_5611656677"", ""2745145563005559736_5611656677"", ""2769699214411585280_5611656677"", ""2770430823016333127_5611656677"", ""2771868099193777738_5611656677"", ""2773443904668670684_5611656677"", ""2777114721747038303_5611656677"", ""2779307540895563413_5611656677""]",8,5,0,14d_plus_prev_context
w_000132,york040147,val,1,positive_14d,2021-09-19 23:12:28+00:00,2021-10-03 23:12:28+00:00,3,3,0.99984872341156,"[""2666513055382599180_8161862583"", ""2670860238995074436_8161862583"", ""2673744920015510408_8161862583""]",3,"[""2478752410778825838_8161862583"", ""2526930722147403264_8161862583"", ""2526931332041064323_8161862583"", ""2527331122671370256_8161862583"", ""2657801900053109624_8161862583"", ""2666513055382599180_8161862583"", ""2670860238995074436_8161862583"", ""2673744920015510408_8161862583""]",8,5,0,14d_plus_prev_context
w_000133,york040147,val,1,positive_14d,2021-12-05 22:39:30+00:00,2021-12-19 22:39:30+00:00,3,3,0.9999562501907348,"[""2722304195259837745_8161862583"", ""2728035376794229890_8161862583"", ""2730255921568835934_8161862583""]",3,"[""2670860238995074436_8161862583"", ""2673744920015510408_8161862583"", ""2688251741426113962_8161862583"", ""2698428914241827882_8161862583"", ""2707077289598050043_8161862583"", ""2722304195259837745_8161862583"", ""2728035376794229890_8161862583"", ""2730255921568835934_8161862583""]",8,5,0,14d_plus_prev_context
w_000134,york040147,val,1,positive_14d,2021-12-13 20:26:20+00:00,2021-12-27 20:26:20+00:00,6,6,0.9999680320421854,"[""2728035376794229890_8161862583"", ""2730255921568835934_8161862583"", ""2736045988153510151_8161862583"", ""2736052703494350992_8161862583"", ""2736060077181501231_8161862583"", ""2736823693199427388_8161862583""]",6,"[""2707077289598050043_8161862583"", ""2722304195259837745_8161862583"", ""2728035376794229890_8161862583"", ""2730255921568835934_8161862583"", ""2736045988153510151_8161862583"", ""2736052703494350992_8161862583"", ""2736060077181501231_8161862583"", ""2736823693199427388_8161862583""]",8,2,0,14d_plus_prev_context
w_000135,156.melody,train,0,negative_14d,2022-10-31 04:30:28+00:00,2022-11-14 04:30:28+00:00,16,0,1.0702581907559676e-07,"[""2960932059168283176_10006613875"", ""2961656747658029011_10006613875"", ""2962352246316842299_10006613875"", ""2963094277490097632_10006613875"", ""2963821833539625073_10006613875"", ""2964536598735717292_10006613875"", ""2965287019412093782_10006613875"", ""2965995641186770079_10006613875"", ""2966729493140024162_10006613875"", ""2967443831572199617_10006613875"", ""2967703859420084114_10006613875"", ""2968184552361232155_10006613875"", ""2968915561170157950_10006613875"", ""2969629837478161905_10006613875"", ""2970335002715997724_10006613875"", ""2971064283456830652_10006613875""]",16,"[""2966729493140024162_10006613875"", ""2967443831572199617_10006613875"", ""2967703859420084114_10006613875"", ""2968184552361232155_10006613875"", ""2968915561170157950_10006613875"", ""2969629837478161905_10006613875"", ""2970335002715997724_10006613875"", ""2971064283456830652_10006613875""]",8,0,0,14d_plus_prev_context
w_000136,156.melody,train,0,negative_14d,2022-11-03 04:06:25+00:00,2022-11-17 04:06:25+00:00,15,0,1.1416082624139114e-07,"[""2963094277490097632_10006613875"", ""2963821833539625073_10006613875"", ""2964536598735717292_10006613875"", ""2965287019412093782_10006613875"", ""2965995641186770079_10006613875"", ""2966729493140024162_10006613875"", ""2967443831572199617_10006613875"", ""2967703859420084114_10006613875"", ""2968184552361232155_10006613875"", ""2968915561170157950_10006613875"", ""2969629837478161905_10006613875"", ""2970335002715997724_10006613875"", ""2971064283456830652_10006613875"", ""2971799631753185853_10006613875"", ""2972510936789202116_10006613875""]",15,"[""2967703859420084114_10006613875"", ""2968184552361232155_10006613875"", ""2968915561170157950_10006613875"", ""2969629837478161905_10006613875"", ""2970335002715997724_10006613875"", ""2971064283456830652_10006613875"", ""2971799631753185853_10006613875"", ""2972510936789202116_10006613875""]",8,0,0,14d_plus_prev_context
w_000137,156.melody,train,0,negative_14d,2022-11-05 03:52:03+00:00,2022-11-19 03:52:03+00:00,15,0,1.1098224230497053e-07,"[""2964536598735717292_10006613875"", ""2965287019412093782_10006613875"", ""2965995641186770079_10006613875"", ""2966729493140024162_10006613875"", ""2967443831572199617_10006613875"", ""2967703859420084114_10006613875"", ""2968184552361232155_10006613875"", ""2968915561170157950_10006613875"", ""2969629837478161905_10006613875"", ""2970335002715997724_10006613875"", ""2971064283456830652_10006613875"", ""2971799631753185853_10006613875"", ""2972510936789202116_10006613875"", ""2973983711903243266_10006613875"", ""2974669869612239302_10006613875""]",15,"[""2968915561170157950_10006613875"", ""2969629837478161905_10006613875"", ""2970335002715997724_10006613875"", ""2971064283456830652_10006613875"", ""2971799631753185853_10006613875"", ""2972510936789202116_10006613875"", ""2973983711903243266_10006613875"", ""2974669869612239302_10006613875""]",8,0,0,14d_plus_prev_context
w_000138,914_planet,val,0,negative_14d,2021-04-03 16:13:33+00:00,2021-04-17 16:13:33+00:00,5,0,0.00933751362608744,"[""2543815105625497711_10437947455"", ""2544330204148873918_10437947455"", ""2544530178790761373_10437947455"", ""2547156688228019100_10437947455"", ""2547388500489302688_10437947455""]",5,"[""2543815105625497711_10437947455"", ""2544330204148873918_10437947455"", ""2544530178790761373_10437947455"", ""2547156688228019100_10437947455"", ""2547388500489302688_10437947455""]",5,0,3,14d_plus_prev_context
w_000139,914_planet,val,0,negative_14d,2021-04-04 15:54:16+00:00,2021-04-18 15:54:16+00:00,4,0,0.011593108247325274,"[""2544530178790761373_10437947455"", ""2547156688228019100_10437947455"", ""2547388500489302688_10437947455"", ""2554581393989925523_10437947455""]",4,"[""2543815105625497711_10437947455"", ""2544330204148873918_10437947455"", ""2544530178790761373_10437947455"", ""2547156688228019100_10437947455"", ""2547388500489302688_10437947455"", ""2554581393989925523_10437947455""]",6,2,2,14d_plus_prev_context
w_000140,914_planet,val,0,negative_14d,2021-04-08 06:52:40+00:00,2021-04-22 06:52:40+00:00,3,0,0.010340000124415367,"[""2547156688228019100_10437947455"", ""2547388500489302688_10437947455"", ""2554581393989925523_10437947455""]",3,"[""2543815105625497711_10437947455"", ""2544330204148873918_10437947455"", ""2544530178790761373_10437947455"", ""2547156688228019100_10437947455"", ""2547388500489302688_10437947455"", ""2554581393989925523_10437947455""]",6,3,2,14d_plus_prev_context
w_000141,_lydiawong,val,0,negative_14d,2015-04-28 04:13:14+00:00,2015-05-12 04:13:14+00:00,4,0,1.5156100054980472e-06,"[""972863552440232019_428917041"", ""976134345592924289_428917041"", ""976135431640836257_428917041"", ""982570182757050810_428917041""]",4,"[""972863552440232019_428917041"", ""976134345592924289_428917041"", ""976135431640836257_428917041"", ""982570182757050810_428917041""]",4,0,4,14d_plus_prev_context
w_000142,_lydiawong,val,0,negative_14d,2015-05-02 16:31:43+00:00,2015-05-16 16:31:43+00:00,6,0,6.804256505905266e-05,"[""976134345592924289_428917041"", ""976135431640836257_428917041"", ""982570182757050810_428917041"", ""983225353258395864_428917041"", ""984082144557001347_428917041"", ""986158306791778847_428917041""]",6,"[""972863552440232019_428917041"", ""976134345592924289_428917041"", ""976135431640836257_428917041"", ""982570182757050810_428917041"", ""983225353258395864_428917041"", ""984082144557001347_428917041"", ""986158306791778847_428917041""]",7,1,1,14d_plus_prev_context
w_000143,_lydiawong,val,0,negative_14d,2015-05-11 13:38:35+00:00,2015-05-25 13:38:35+00:00,7,0,5.8943179932862244e-05,"[""982570182757050810_428917041"", ""983225353258395864_428917041"", ""984082144557001347_428917041"", ""986158306791778847_428917041"", ""987735348486335298_428917041"", ""989107102714686327_428917041"", ""992694877263227816_428917041""]",7,"[""976135431640836257_428917041"", ""982570182757050810_428917041"", ""983225353258395864_428917041"", ""984082144557001347_428917041"", ""986158306791778847_428917041"", ""987735348486335298_428917041"", ""989107102714686327_428917041"", ""992694877263227816_428917041""]",8,1,0,14d_plus_prev_context
w_000144,_midleave_,train,0,negative_14d,2021-01-26 17:03:35+00:00,2021-02-09 17:03:35+00:00,15,0,0.037875725750174415,"[""2495280320370427934_36103380252"", ""2495973310105635538_36103380252"", ""2496702458968980050_36103380252"", ""2497422757523937185_36103380252"", ""2498151868940712396_36103380252"", ""2498874909203270614_36103380252"", ""2499613296365333789_36103380252"", ""2500322844927416260_36103380252"", ""2501051654740255708_36103380252"", ""2501790424322078912_36103380252"", ""2502518077228509486_36103380252"", ""2503221098362975498_36103380252"", ""2503949683570959043_36103380252"", ""2504713000979683445_36103380252"", ""2505395213861714397_36103380252""]",15,"[""2500322844927416260_36103380252"", ""2501051654740255708_36103380252"", ""2501790424322078912_36103380252"", ""2502518077228509486_36103380252"", ""2503221098362975498_36103380252"", ""2503949683570959043_36103380252"", ""2504713000979683445_36103380252"", ""2505395213861714397_36103380252""]",8,0,0,14d_plus_prev_context
w_000145,_midleave_,train,0,negative_14d,2021-01-28 16:09:08+00:00,2021-02-11 16:09:08+00:00,15,0,0.03787446836800571,"[""2496702458968980050_36103380252"", ""2497422757523937185_36103380252"", ""2498151868940712396_36103380252"", ""2498874909203270614_36103380252"", ""2499613296365333789_36103380252"", ""2500322844927416260_36103380252"", ""2501051654740255708_36103380252"", ""2501790424322078912_36103380252"", ""2502518077228509486_36103380252"", ""2503221098362975498_36103380252"", ""2503949683570959043_36103380252"", ""2504713000979683445_36103380252"", ""2505395213861714397_36103380252"", ""2506120960674920664_36103380252"", ""2506844776036304847_36103380252""]",15,"[""2501790424322078912_36103380252"", ""2502518077228509486_36103380252"", ""2503221098362975498_36103380252"", ""2503949683570959043_36103380252"", ""2504713000979683445_36103380252"", ""2505395213861714397_36103380252"", ""2506120960674920664_36103380252"", ""2506844776036304847_36103380252""]",8,0,0,14d_plus_prev_context
w_000146,_midleave_,train,0,negative_14d,2021-01-30 16:08:51+00:00,2021-02-13 16:08:51+00:00,15,0,0.03995752815272284,"[""2498151868940712396_36103380252"", ""2498874909203270614_36103380252"", ""2499613296365333789_36103380252"", ""2500322844927416260_36103380252"", ""2501051654740255708_36103380252"", ""2501790424322078912_36103380252"", ""2502518077228509486_36103380252"", ""2503221098362975498_36103380252"", ""2503949683570959043_36103380252"", ""2504713000979683445_36103380252"", ""2505395213861714397_36103380252"", ""2506120960674920664_36103380252"", ""2506844776036304847_36103380252"", ""2507580075133712265_36103380252"", ""2508294425091904545_36103380252""]",15,"[""2503221098362975498_36103380252"", ""2503949683570959043_36103380252"", ""2504713000979683445_36103380252"", ""2505395213861714397_36103380252"", ""2506120960674920664_36103380252"", ""2506844776036304847_36103380252"", ""2507580075133712265_36103380252"", ""2508294425091904545_36103380252""]",8,0,0,14d_plus_prev_context
w_000147,a0962049992,train,0,negative_14d,2025-10-03 23:18:42+00:00,2025-10-17 23:18:42+00:00,4,0,7.0701192743094115e-06,"[""3735559970160341487_1721595401"", ""3737003875586122368_1721595401"", ""3742475063456306033_1721595401"", ""3744278310131209451_1721595401""]",4,"[""3597500639443717671_1721595401"", ""3621651542807770322_1721595401"", ""3694917153972518064_1721595401"", ""3725516080840585891_1721595401"", ""3735559970160341487_1721595401"", ""3737003875586122368_1721595401"", ""3742475063456306033_1721595401"", ""3744278310131209451_1721595401""]",8,4,0,14d_plus_prev_context
w_000148,a0962049992,train,0,negative_14d,2025-10-05 23:06:40+00:00,2025-10-19 23:06:40+00:00,4,0,7.1256613020642295e-06,"[""3737003875586122368_1721595401"", ""3742475063456306033_1721595401"", ""3744278310131209451_1721595401"", ""3746589403469911464_1721595401""]",4,"[""3621651542807770322_1721595401"", ""3694917153972518064_1721595401"", ""3725516080840585891_1721595401"", ""3735559970160341487_1721595401"", ""3737003875586122368_1721595401"", ""3742475063456306033_1721595401"", ""3744278310131209451_1721595401"", ""3746589403469911464_1721595401""]",8,4,0,14d_plus_prev_context
w_000149,a0962049992,train,0,negative_14d,2025-10-13 12:18:16+00:00,2025-10-27 12:18:16+00:00,4,0,5.6767895574520226e-08,"[""3742475063456306033_1721595401"", ""3744278310131209451_1721595401"", ""3746589403469911464_1721595401"", ""3751773273026830663_1721595401""]",4,"[""3694917153972518064_1721595401"", ""3725516080840585891_1721595401"", ""3735559970160341487_1721595401"", ""3737003875586122368_1721595401"", ""3742475063456306033_1721595401"", ""3744278310131209451_1721595401"", ""3746589403469911464_1721595401"", ""3751773273026830663_1721595401""]",8,4,0,14d_plus_prev_context
w_000150,adela.writing,train,0,negative_14d,2021-09-11 13:01:39+00:00,2021-09-25 13:01:39+00:00,5,0,0.16143499728341953,"[""2660407413855206500_42784527748"", ""2663253863324670102_42784527748"", ""2665216975208603954_42784527748"", ""2668295405508501617_42784527748"", ""2669852370102831506_42784527748""]",5,"[""2655344175459298459_42784527748"", ""2656626323222742744_42784527748"", ""2658957397579886640_42784527748"", ""2660407413855206500_42784527748"", ""2663253863324670102_42784527748"", ""2665216975208603954_42784527748"", ""2668295405508501617_42784527748"", ""2669852370102831506_42784527748""]",8,3,0,14d_plus_prev_context
w_000151,adela.writing,train,0,negative_14d,2022-01-18 05:37:53+00:00,2022-02-01 05:37:53+00:00,5,0,0.005836001110508691,"[""2753680126962434256_42784527748"", ""2756804752068407161_42784527748"", ""2760417915812836407_42784527748"", ""2761890111877886872_42784527748"", ""2762555429751267238_42784527748""]",5,"[""2750184176549701009_42784527748"", ""2751020250838770506_42784527748"", ""2753152937745640658_42784527748"", ""2753680126962434256_42784527748"", ""2756804752068407161_42784527748"", ""2760417915812836407_42784527748"", ""2761890111877886872_42784527748"", ""2762555429751267238_42784527748""]",8,3,0,14d_plus_prev_context
w_000152,adela.writing,train,0,negative_14d,2022-01-22 13:05:57+00:00,2022-02-05 13:05:57+00:00,7,0,7.46970330420142e-05,"[""2756804752068407161_42784527748"", ""2760417915812836407_42784527748"", ""2761890111877886872_42784527748"", ""2762555429751267238_42784527748"", ""2764765684430205921_42784527748"", ""2765752013005529390_42784527748"", ""2766145532287313245_42784527748""]",7,"[""2753680126962434256_42784527748"", ""2756804752068407161_42784527748"", ""2760417915812836407_42784527748"", ""2761890111877886872_42784527748"", ""2762555429751267238_42784527748"", ""2764765684430205921_42784527748"", ""2765752013005529390_42784527748"", ""2766145532287313245_42784527748""]",8,1,0,14d_plus_prev_context
w_000153,agoodday88,train,0,negative_14d,2021-01-07 12:00:36+00:00,2021-01-21 12:00:36+00:00,29,0,2.2072497267316945e-11,"[""2481357080584031362_37935146426"", ""2481961005725210156_37935146426"", ""2482081741710152460_37935146426"", ""2482685611645815114_37935146426"", ""2482806560433028361_37935146426"", ""2483410702562062748_37935146426"", ""2483531286335733348_37935146426"", ""2484135447750491418_37935146426"", ""2484256306150421734_37935146426"", ""2484860065238852379_37935146426"", ""2484980937002050401_37935146426"", ""2485584808548036724_37935146426"", ""2485705637210587729_37935146426"", ""2486309593263589265_37935146426"", ""2486430407614800828_37935146426"", ""2487034602206453690_37935146426"", ""2487155488104152810_37935146426"", ""2487759901814617615_37935146426"", ""2487880720997933377_37935146426"", ""2488484282408891941_37935146426"", ""2488605074547228758_37935146426"", ""2489208752685567119_37935146426"", ""2489329676407605049_37935146426"", ""2489933379544103865_37935146426"", ""2490054456484187165_37935146426"", ""2490658548986186145_37935146426"", ""2490779111788530545_37935146426"", ""2491382923716918137_37935146426"", ""2491503861078737828_37935146426""]",29,"[""2489208752685567119_37935146426"", ""2489329676407605049_37935146426"", ""2489933379544103865_37935146426"", ""2490054456484187165_37935146426"", ""2490658548986186145_37935146426"", ""2490779111788530545_37935146426"", ""2491382923716918137_37935146426"", ""2491503861078737828_37935146426""]",8,0,0,14d_plus_prev_context
w_000154,agoodday88,train,0,negative_14d,2021-01-11 12:00:51+00:00,2021-01-25 12:00:51+00:00,29,0,2.207089114221132e-11,"[""2484256306150421734_37935146426"", ""2484860065238852379_37935146426"", ""2484980937002050401_37935146426"", ""2485584808548036724_37935146426"", ""2485705637210587729_37935146426"", ""2486309593263589265_37935146426"", ""2486430407614800828_37935146426"", ""2487034602206453690_37935146426"", ""2487155488104152810_37935146426"", ""2487759901814617615_37935146426"", ""2487880720997933377_37935146426"", ""2488484282408891941_37935146426"", ""2488605074547228758_37935146426"", ""2489208752685567119_37935146426"", ""2489329676407605049_37935146426"", ""2489933379544103865_37935146426"", ""2490054456484187165_37935146426"", ""2490658548986186145_37935146426"", ""2490779111788530545_37935146426"", ""2491382923716918137_37935146426"", ""2491503861078737828_37935146426"", ""2492108120338105702_37935146426"", ""2492228516676841377_37935146426"", ""2492832890105008593_37935146426"", ""2492953686102039813_37935146426"", ""2493557574199027427_37935146426"", ""2493677988858371582_37935146426"", ""2494282108405352795_37935146426"", ""2494403095184540414_37935146426""]",29,"[""2492108120338105702_37935146426"", ""2492228516676841377_37935146426"", ""2492832890105008593_37935146426"", ""2492953686102039813_37935146426"", ""2493557574199027427_37935146426"", ""2493677988858371582_37935146426"", ""2494282108405352795_37935146426"", ""2494403095184540414_37935146426""]",8,0,0,14d_plus_prev_context
w_000155,agoodday88,train,0,negative_14d,2021-01-16 12:01:54+00:00,2021-01-30 12:01:54+00:00,29,0,1.7134308014352353e-12,"[""2487880720997933377_37935146426"", ""2488484282408891941_37935146426"", ""2488605074547228758_37935146426"", ""2489208752685567119_37935146426"", ""2489329676407605049_37935146426"", ""2489933379544103865_37935146426"", ""2490054456484187165_37935146426"", ""2490658548986186145_37935146426"", ""2490779111788530545_37935146426"", ""2491382923716918137_37935146426"", ""2491503861078737828_37935146426"", ""2492108120338105702_37935146426"", ""2492228516676841377_37935146426"", ""2492832890105008593_37935146426"", ""2492953686102039813_37935146426"", ""2493557574199027427_37935146426"", ""2493677988858371582_37935146426"", ""2494282108405352795_37935146426"", ""2494403095184540414_37935146426"", ""2495006863709774423_37935146426"", ""2495127923965439831_37935146426"", ""2495731688725800493_37935146426"", ""2495852677173234602_37935146426"", ""2496456378515911624_37935146426"", ""2496577566460953893_37935146426"", ""2497181513900232079_37935146426"", ""2497302163581991825_37935146426"", ""2497905903544384535_37935146426"", ""2498026937241263974_37935146426""]",29,"[""2495731688725800493_37935146426"", ""2495852677173234602_37935146426"", ""2496456378515911624_37935146426"", ""2496577566460953893_37935146426"", ""2497181513900232079_37935146426"", ""2497302163581991825_37935146426"", ""2497905903544384535_37935146426"", ""2498026937241263974_37935146426""]",8,0,0,14d_plus_prev_context
w_000156,alichan.o,train,0,negative_14d,2021-03-28 12:54:19+00:00,2021-04-11 12:54:19+00:00,4,0,1.2971215733459385e-09,"[""2539366175075573564_45734534214"", ""2544377257100001861_45734534214"", ""2545883832794941434_45734534214"", ""2546544870070618330_45734534214""]",4,"[""2533499416114121163_45734534214"", ""2535665738839449366_45734534214"", ""2536470540934493465_45734534214"", ""2537970032538284484_45734534214"", ""2539366175075573564_45734534214"", ""2544377257100001861_45734534214"", ""2545883832794941434_45734534214"", ""2546544870070618330_45734534214""]",8,4,0,14d_plus_prev_context
w_000157,alichan.o,train,0,negative_14d,2021-04-04 10:50:26+00:00,2021-04-18 10:50:26+00:00,8,0,0.0005025172327286974,"[""2544377257100001861_45734534214"", ""2545883832794941434_45734534214"", ""2546544870070618330_45734534214"", ""2549983163844034208_45734534214"", ""2550730435833669682_45734534214"", ""2552162785683784236_45734534214"", ""2553808276011929090_45734534214"", ""2554473221473026477_45734534214""]",8,"[""2544377257100001861_45734534214"", ""2545883832794941434_45734534214"", ""2546544870070618330_45734534214"", ""2549983163844034208_45734534214"", ""2550730435833669682_45734534214"", ""2552162785683784236_45734534214"", ""2553808276011929090_45734534214"", ""2554473221473026477_45734534214""]",8,0,0,14d_plus_prev_context
w_000158,alichan.o,train,0,negative_14d,2021-04-15 04:38:54+00:00,2021-04-29 04:38:54+00:00,8,0,2.5145839437287807e-11,"[""2552162785683784236_45734534214"", ""2553808276011929090_45734534214"", ""2554473221473026477_45734534214"", ""2555054570932090721_45734534214"", ""2555955115144490915_45734534214"", ""2556659998709415197_45734534214"", ""2559445406551793283_45734534214"", ""2560861559140416139_45734534214""]",8,"[""2552162785683784236_45734534214"", ""2553808276011929090_45734534214"", ""2554473221473026477_45734534214"", ""2555054570932090721_45734534214"", ""2555955115144490915_45734534214"", ""2556659998709415197_45734534214"", ""2559445406551793283_45734534214"", ""2560861559140416139_45734534214""]",8,0,0,14d_plus_prev_context
w_000159,auroratravelergo,train,0,negative_14d,2023-01-31 09:55:45+00:00,2023-02-14 09:55:45+00:00,15,0,1.222643706729979e-16,"[""3027775145782992625_57314975370"", ""3028564010504380236_57314975370"", ""3029229724772954881_57314975370"", ""3029952443181286770_57314975370"", ""3030497276224532794_57314975370"", ""3031386976125871265_57314975370"", ""3032125080624111769_57314975370"", ""3032661000519532787_57314975370"", ""3032858266748342335_57314975370"", ""3033379609113831047_57314975370"", ""3033574192338861977_57314975370"", ""3034299573878649263_57314975370"", ""3034825435497431338_57314975370"", ""3035780953967898354_57314975370"", ""3037241550458663129_57314975370""]",15,"[""3032661000519532787_57314975370"", ""3032858266748342335_57314975370"", ""3033379609113831047_57314975370"", ""3033574192338861977_57314975370"", ""3034299573878649263_57314975370"", ""3034825435497431338_57314975370"", ""3035780953967898354_57314975370"", ""3037241550458663129_57314975370""]",8,0,0,14d_plus_prev_context
w_000160,auroratravelergo,train,0,negative_14d,2023-02-02 10:05:45+00:00,2023-02-16 10:05:45+00:00,15,0,1.3849948499393756e-16,"[""3029229724772954881_57314975370"", ""3029952443181286770_57314975370"", ""3030497276224532794_57314975370"", ""3031386976125871265_57314975370"", ""3032125080624111769_57314975370"", ""3032661000519532787_57314975370"", ""3032858266748342335_57314975370"", ""3033379609113831047_57314975370"", ""3033574192338861977_57314975370"", ""3034299573878649263_57314975370"", ""3034825435497431338_57314975370"", ""3035780953967898354_57314975370"", ""3037241550458663129_57314975370"", ""3038689843084539725_57314975370"", ""3039199042822710051_57314975370""]",15,"[""3033379609113831047_57314975370"", ""3033574192338861977_57314975370"", ""3034299573878649263_57314975370"", ""3034825435497431338_57314975370"", ""3035780953967898354_57314975370"", ""3037241550458663129_57314975370"", ""3038689843084539725_57314975370"", ""3039199042822710051_57314975370""]",8,0,0,14d_plus_prev_context
w_000161,auroratravelergo,train,0,negative_14d,2023-02-05 09:31:49+00:00,2023-02-19 09:31:49+00:00,16,0,1.265515173290915e-16,"[""3031386976125871265_57314975370"", ""3032125080624111769_57314975370"", ""3032661000519532787_57314975370"", ""3032858266748342335_57314975370"", ""3033379609113831047_57314975370"", ""3033574192338861977_57314975370"", ""3034299573878649263_57314975370"", ""3034825435497431338_57314975370"", ""3035780953967898354_57314975370"", ""3037241550458663129_57314975370"", ""3038689843084539725_57314975370"", ""3039199042822710051_57314975370"", ""3040109756487634905_57314975370"", ""3040634171189324180_57314975370"", ""3041344868596328298_57314975370"", ""3041367284961997725_57314975370""]",16,"[""3035780953967898354_57314975370"", ""3037241550458663129_57314975370"", ""3038689843084539725_57314975370"", ""3039199042822710051_57314975370"", ""3040109756487634905_57314975370"", ""3040634171189324180_57314975370"", ""3041344868596328298_57314975370"", ""3041367284961997725_57314975370""]",8,0,0,14d_plus_prev_context
w_000162,bambooxun,train,0,negative_14d,2021-12-25 06:52:06+00:00,2022-01-08 06:52:06+00:00,3,0,1.3296499901116476e-08,"[""2736322867364220027_50603355347"", ""2744557926038764943_50603355347"", ""2744570744737884749_50603355347""]",3,"[""2729328844086889611_50603355347"", ""2729329430576414700_50603355347"", ""2729344491499960242_50603355347"", ""2730115538373321385_50603355347"", ""2736322867364220027_50603355347"", ""2744557926038764943_50603355347"", ""2744570744737884749_50603355347""]",7,4,1,14d_plus_prev_context
w_000163,bambooxun,train,0,negative_14d,2022-01-05 15:33:42+00:00,2022-01-19 15:33:42+00:00,3,0,1.232723931034648e-08,"[""2744557926038764943_50603355347"", ""2744570744737884749_50603355347"", ""2753805140841980192_50603355347""]",3,"[""2729328844086889611_50603355347"", ""2729329430576414700_50603355347"", ""2729344491499960242_50603355347"", ""2730115538373321385_50603355347"", ""2736322867364220027_50603355347"", ""2744557926038764943_50603355347"", ""2744570744737884749_50603355347"", ""2753805140841980192_50603355347""]",8,5,0,14d_plus_prev_context
w_000164,bambooxun,train,0,negative_14d,2022-01-18 09:46:16+00:00,2022-02-01 09:46:16+00:00,3,0,2.395442756819288e-07,"[""2753805140841980192_50603355347"", ""2756692406325026481_50603355347"", ""2759426707009553231_50603355347""]",3,"[""2729344491499960242_50603355347"", ""2730115538373321385_50603355347"", ""2736322867364220027_50603355347"", ""2744557926038764943_50603355347"", ""2744570744737884749_50603355347"", ""2753805140841980192_50603355347"", ""2756692406325026481_50603355347"", ""2759426707009553231_50603355347""]",8,5,0,14d_plus_prev_context
w_000165,baoiicp,train,0,negative_14d,2020-04-22 12:17:29+00:00,2020-05-06 12:17:29+00:00,3,0,3.8716324021369766e-18,"[""2292923885949169352_3720751808"", ""2297252994594380870_3720751808"", ""2301635497207962977_3720751808""]",3,"[""2245813955060727913_3720751808"", ""2250188647913605470_3720751808"", ""2267562109778829064_3720751808"", ""2274844095069319809_3720751808"", ""2283597599061714206_3720751808"", ""2292923885949169352_3720751808"", ""2297252994594380870_3720751808"", ""2301635497207962977_3720751808""]",8,5,0,14d_plus_prev_context
w_000166,baoiicp,train,0,negative_14d,2020-04-28 11:38:39+00:00,2020-05-12 11:38:39+00:00,4,0,1.4524441383153467e-07,"[""2297252994594380870_3720751808"", ""2301635497207962977_3720751808"", ""2303720704643883096_3720751808"", ""2305882297846597979_3720751808""]",4,"[""2267562109778829064_3720751808"", ""2274844095069319809_3720751808"", ""2283597599061714206_3720751808"", ""2292923885949169352_3720751808"", ""2297252994594380870_3720751808"", ""2301635497207962977_3720751808"", ""2303720704643883096_3720751808"", ""2305882297846597979_3720751808""]",8,4,0,14d_plus_prev_context
w_000167,baoiicp,train,0,negative_14d,2020-05-04 12:45:54+00:00,2020-05-18 12:45:54+00:00,4,0,1.4524441383110877e-07,"[""2301635497207962977_3720751808"", ""2303720704643883096_3720751808"", ""2305882297846597979_3720751808"", ""2309635396675420002_3720751808""]",4,"[""2274844095069319809_3720751808"", ""2283597599061714206_3720751808"", ""2292923885949169352_3720751808"", ""2297252994594380870_3720751808"", ""2301635497207962977_3720751808"", ""2303720704643883096_3720751808"", ""2305882297846597979_3720751808"", ""2309635396675420002_3720751808""]",8,4,0,14d_plus_prev_context
w_000168,barbielee1004,train,0,negative_14d,2018-07-29 03:23:32+00:00,2018-08-12 03:23:32+00:00,4,0,9.5739552044521e-12,"[""1833872103382523732_1465063396"", ""1834501894628450611_1465063396"", ""1841281509422326701_1465063396"", ""1841348542562309370_1465063396""]",4,"[""1717414513623365305_1465063396"", ""1773233595894993532_1465063396"", ""1778130632713367572_1465063396"", ""1815290859350890200_1465063396"", ""1833872103382523732_1465063396"", ""1834501894628450611_1465063396"", ""1841281509422326701_1465063396"", ""1841348542562309370_1465063396""]",8,4,0,14d_plus_prev_context
w_000169,barbielee1004,train,0,negative_14d,2018-07-30 00:14:49+00:00,2018-08-13 00:14:49+00:00,3,0,1.2519695760406037e-11,"[""1834501894628450611_1465063396"", ""1841281509422326701_1465063396"", ""1841348542562309370_1465063396""]",3,"[""1717414513623365305_1465063396"", ""1773233595894993532_1465063396"", ""1778130632713367572_1465063396"", ""1815290859350890200_1465063396"", ""1833872103382523732_1465063396"", ""1834501894628450611_1465063396"", ""1841281509422326701_1465063396"", ""1841348542562309370_1465063396""]",8,5,0,14d_plus_prev_context
w_000170,barbielee1004,train,0,negative_14d,2020-06-07 07:20:56+00:00,2020-06-21 07:20:56+00:00,3,0,8.527066739815745e-05,"[""2326114311243837885_1465063396"", ""2332642060079040314_1465063396"", ""2333504851279153496_1465063396""]",3,"[""2225459364398196626_1465063396"", ""2239986841078448939_1465063396"", ""2254940971364356578_1465063396"", ""2280327382753946193_1465063396"", ""2301486517293880691_1465063396"", ""2326114311243837885_1465063396"", ""2332642060079040314_1465063396"", ""2333504851279153496_1465063396""]",8,5,0,14d_plus_prev_context
w_000171,bearbearxkoala,train,0,negative_14d,2021-10-16 13:10:29+00:00,2021-10-30 13:10:29+00:00,17,0,5.218354813662645e-16,"[""2685779011903377510_34831871244"", ""2685787910714927350_34831871244"", ""2685788700829368255_34831871244"", ""2686489929839360465_34831871244"", ""2687232900000101887_34831871244"", ""2687948821337221260_34831871244"", ""2688664402239805574_34831871244"", ""2689404616247695654_34831871244"", ""2690129579019668964_34831871244"", ""2690889610560468701_34831871244"", ""2691575996942748065_34831871244"", ""2692307595829721940_34831871244"", ""2693033827487890270_34831871244"", ""2693761403873262581_34831871244"", ""2694477308839760038_34831871244"", ""2695210201627745529_34831871244"", ""2695923861978725252_34831871244""]",17,"[""2690889610560468701_34831871244"", ""2691575996942748065_34831871244"", ""2692307595829721940_34831871244"", ""2693033827487890270_34831871244"", ""2693761403873262581_34831871244"", ""2694477308839760038_34831871244"", ""2695210201627745529_34831871244"", ""2695923861978725252_34831871244""]",8,0,0,14d_plus_prev_context
w_000172,bearbearxkoala,train,0,negative_14d,2021-10-20 12:43:14+00:00,2021-11-03 12:43:14+00:00,14,0,4.722579418566525e-16,"[""2688664402239805574_34831871244"", ""2689404616247695654_34831871244"", ""2690129579019668964_34831871244"", ""2690889610560468701_34831871244"", ""2691575996942748065_34831871244"", ""2692307595829721940_34831871244"", ""2693033827487890270_34831871244"", ""2693761403873262581_34831871244"", ""2694477308839760038_34831871244"", ""2695210201627745529_34831871244"", ""2695923861978725252_34831871244"", ""2696656588860503094_34831871244"", ""2697382793054064625_34831871244"", ""2698103318101480689_34831871244""]",14,"[""2693033827487890270_34831871244"", ""2693761403873262581_34831871244"", ""2694477308839760038_34831871244"", ""2695210201627745529_34831871244"", ""2695923861978725252_34831871244"", ""2696656588860503094_34831871244"", ""2697382793054064625_34831871244"", ""2698103318101480689_34831871244""]",8,0,0,14d_plus_prev_context
w_000173,bearbearxkoala,train,0,negative_14d,2021-10-22 13:14:17+00:00,2021-11-05 13:14:17+00:00,14,0,1.64076910908587e-16,"[""2690129579019668964_34831871244"", ""2690889610560468701_34831871244"", ""2691575996942748065_34831871244"", ""2692307595829721940_34831871244"", ""2693033827487890270_34831871244"", ""2693761403873262581_34831871244"", ""2694477308839760038_34831871244"", ""2695210201627745529_34831871244"", ""2695923861978725252_34831871244"", ""2696656588860503094_34831871244"", ""2697382793054064625_34831871244"", ""2698103318101480689_34831871244"", ""2698837407217540535_34831871244"", ""2699556773756201599_34831871244""]",14,"[""2694477308839760038_34831871244"", ""2695210201627745529_34831871244"", ""2695923861978725252_34831871244"", ""2696656588860503094_34831871244"", ""2697382793054064625_34831871244"", ""2698103318101480689_34831871244"", ""2698837407217540535_34831871244"", ""2699556773756201599_34831871244""]",8,0,0,14d_plus_prev_context
w_000174,bk.liao,train,0,negative_14d,2012-05-02 03:55:25+00:00,2012-05-16 03:55:25+00:00,13,0,0.023483958898374582,"[""182124259257854684_34575745"", ""185027055158274241_34575745"", ""185119009736993571_34575745"", ""186722763502495917_34575745"", ""188865571709495861_34575745"", ""188867612037065278_34575745"", ""188868949768383043_34575745"", ""188951314138114940_34575745"", ""189360186837412333_34575745"", ""189375363741887059_34575745"", ""189579885512731093_34575745"", ""189591455642921497_34575745"", ""191635675115399619_34575745""]",13,"[""188867612037065278_34575745"", ""188868949768383043_34575745"", ""188951314138114940_34575745"", ""189360186837412333_34575745"", ""189375363741887059_34575745"", ""189579885512731093_34575745"", ""189591455642921497_34575745"", ""191635675115399619_34575745""]",8,0,0,14d_plus_prev_context
w_000175,bk.liao,train,0,negative_14d,2012-05-08 12:11:49+00:00,2012-05-22 12:11:49+00:00,10,0,0.00028487551640126005,"[""186722763502495917_34575745"", ""188865571709495861_34575745"", ""188867612037065278_34575745"", ""188868949768383043_34575745"", ""188951314138114940_34575745"", ""189360186837412333_34575745"", ""189375363741887059_34575745"", ""189579885512731093_34575745"", ""189591455642921497_34575745"", ""191635675115399619_34575745""]",10,"[""188867612037065278_34575745"", ""188868949768383043_34575745"", ""188951314138114940_34575745"", ""189360186837412333_34575745"", ""189375363741887059_34575745"", ""189579885512731093_34575745"", ""189591455642921497_34575745"", ""191635675115399619_34575745""]",8,0,0,14d_plus_prev_context
w_000176,bk.liao,train,0,negative_14d,2012-05-11 11:15:55+00:00,2012-05-25 11:15:55+00:00,7,0,0.00034924034012607147,"[""188868949768383043_34575745"", ""188951314138114940_34575745"", ""189360186837412333_34575745"", ""189375363741887059_34575745"", ""189579885512731093_34575745"", ""189591455642921497_34575745"", ""191635675115399619_34575745""]",7,"[""188867612037065278_34575745"", ""188868949768383043_34575745"", ""188951314138114940_34575745"", ""189360186837412333_34575745"", ""189375363741887059_34575745"", ""189579885512731093_34575745"", ""189591455642921497_34575745"", ""191635675115399619_34575745""]",8,1,0,14d_plus_prev_context
w_000177,bussinfooddiary,train,0,negative_14d,2019-10-19 09:19:44+00:00,2019-11-02 09:19:44+00:00,3,0,3.0125700062895146e-15,"[""2158026137111753195_9213756655"", ""2161603280492059337_9213756655"", ""2163129527109958485_9213756655""]",3,"[""2043489512176605427_9213756655"", ""2059481641348705926_9213756655"", ""2127588803161861075_9213756655"", ""2129706890249942821_9213756655"", ""2146375035018592944_9213756655"", ""2158026137111753195_9213756655"", ""2161603280492059337_9213756655"", ""2163129527109958485_9213756655""]",8,5,0,14d_plus_prev_context
w_000178,bussinfooddiary,train,0,negative_14d,2020-08-07 04:54:02+00:00,2020-08-21 04:54:02+00:00,3,0,6.6325053226916e-17,"[""2370251695936297254_9213756655"", ""2375413253238850071_9213756655"", ""2377000151086505104_9213756655""]",3,"[""2158026137111753195_9213756655"", ""2161603280492059337_9213756655"", ""2163129527109958485_9213756655"", ""2206334164386291519_9213756655"", ""2240678639035501962_9213756655"", ""2370251695936297254_9213756655"", ""2375413253238850071_9213756655"", ""2377000151086505104_9213756655""]",8,5,0,14d_plus_prev_context
w_000179,bussinfooddiary,train,0,negative_14d,2020-08-14 07:49:08+00:00,2020-08-28 07:49:08+00:00,5,0,1.1287520161546096e-08,"[""2375413253238850071_9213756655"", ""2377000151086505104_9213756655"", ""2381277897836978691_9213756655"", ""2384874249443447249_9213756655"", ""2385513224780744635_9213756655""]",5,"[""2206334164386291519_9213756655"", ""2240678639035501962_9213756655"", ""2370251695936297254_9213756655"", ""2375413253238850071_9213756655"", ""2377000151086505104_9213756655"", ""2381277897836978691_9213756655"", ""2384874249443447249_9213756655"", ""2385513224780744635_9213756655""]",8,3,0,14d_plus_prev_context
w_000180,c.chienc,train,0,negative_14d,2021-09-06 10:23:36+00:00,2021-09-20 10:23:36+00:00,3,0,0.10751528029019629,"[""2656703984458713446_1473274919"", ""2658994431579297188_1473274919"", ""2665981406160954428_1473274919""]",3,"[""2532834867113429805_1473274919"", ""2557546925746587190_1473274919"", ""2557594531105486087_1473274919"", ""2582069210100655520_1473274919"", ""2656700477634603565_1473274919"", ""2656703984458713446_1473274919"", ""2658994431579297188_1473274919"", ""2665981406160954428_1473274919""]",8,5,0,14d_plus_prev_context
w_000181,c.chienc,train,0,negative_14d,2022-07-23 02:20:25+00:00,2022-08-06 02:20:25+00:00,4,0,0.3006431800313294,"[""2888389026287830472_1473274919"", ""2888390658442613893_1473274919"", ""2890235072521550585_1473274919"", ""2896052392409969027_1473274919""]",4,"[""2840963586363567665_1473274919"", ""2851829694658472724_1473274919"", ""2857625916895904730_1473274919"", ""2867051632242599663_1473274919"", ""2888389026287830472_1473274919"", ""2888390658442613893_1473274919"", ""2890235072521550585_1473274919"", ""2896052392409969027_1473274919""]",8,4,0,14d_plus_prev_context
w_000182,c.chienc,train,0,negative_14d,2022-07-23 02:23:40+00:00,2022-08-06 02:23:40+00:00,3,0,0.2902890897045533,"[""2888390658442613893_1473274919"", ""2890235072521550585_1473274919"", ""2896052392409969027_1473274919""]",3,"[""2840963586363567665_1473274919"", ""2851829694658472724_1473274919"", ""2857625916895904730_1473274919"", ""2867051632242599663_1473274919"", ""2888389026287830472_1473274919"", ""2888390658442613893_1473274919"", ""2890235072521550585_1473274919"", ""2896052392409969027_1473274919""]",8,5,0,14d_plus_prev_context
w_000183,chitchatnonstop,train,0,negative_14d,2024-06-03 04:18:26+00:00,2024-06-17 04:18:26+00:00,3,0,1.469578057380283e-11,"[""3382020698443544891_58838821989"", ""3387089099331350064_58838821989"", ""3389281138945003682_58838821989""]",3,"[""3310983455994282163_58838821989"", ""3326204205516906603_58838821989"", ""3361717750710743993_58838821989"", ""3376940955092186031_58838821989"", ""3382020698443544891_58838821989"", ""3387089099331350064_58838821989"", ""3389281138945003682_58838821989""]",7,4,1,14d_plus_prev_context
w_000184,chitchatnonstop,train,0,negative_14d,2024-06-10 04:08:26+00:00,2024-06-24 04:08:26+00:00,4,0,2.3450897311278612e-11,"[""3387089099331350064_58838821989"", ""3389281138945003682_58838821989"", ""3392168219358725468_58838821989"", ""3394338533786205086_58838821989""]",4,"[""3326204205516906603_58838821989"", ""3361717750710743993_58838821989"", ""3376940955092186031_58838821989"", ""3382020698443544891_58838821989"", ""3387089099331350064_58838821989"", ""3389281138945003682_58838821989"", ""3392168219358725468_58838821989"", ""3394338533786205086_58838821989""]",8,4,0,14d_plus_prev_context
w_000185,chitchatnonstop,train,0,negative_14d,2024-06-13 04:43:38+00:00,2024-06-27 04:43:38+00:00,4,0,2.5447793557727832e-11,"[""3389281138945003682_58838821989"", ""3392168219358725468_58838821989"", ""3394338533786205086_58838821989"", ""3397237650099186308_58838821989""]",4,"[""3361717750710743993_58838821989"", ""3376940955092186031_58838821989"", ""3382020698443544891_58838821989"", ""3387089099331350064_58838821989"", ""3389281138945003682_58838821989"", ""3392168219358725468_58838821989"", ""3394338533786205086_58838821989"", ""3397237650099186308_58838821989""]",8,4,0,14d_plus_prev_context
w_000186,choboo_theshiba,val,0,negative_14d,2023-12-24 15:59:10+00:00,2024-01-07 15:59:10+00:00,18,0,3.481056869907284e-06,"[""3264959720808468958_53921982543"", ""3264960758068177088_53921982543"", ""3264961758501950503_53921982543"", ""3264962609819760918_53921982543"", ""3264963294741296013_53921982543"", ""3264964550633452618_53921982543"", ""3264965298712534112_53921982543"", ""3264966166581292584_53921982543"", ""3264966888261668610_53921982543"", ""3264967766070694802_53921982543"", ""3265261111154069320_53921982543"", ""3267075866965833005_53921982543"", ""3269060307657368537_53921982543"", ""3270480635415660663_53921982543"", ""3271423579337286948_53921982543"", ""3272139919476069988_53921982543"", ""3272874872979476401_53921982543"", ""3274148822573311534_53921982543""]",18,"[""3265261111154069320_53921982543"", ""3267075866965833005_53921982543"", ""3269060307657368537_53921982543"", ""3270480635415660663_53921982543"", ""3271423579337286948_53921982543"", ""3272139919476069988_53921982543"", ""3272874872979476401_53921982543"", ""3274148822573311534_53921982543""]",8,0,0,14d_plus_prev_context
w_000187,choboo_theshiba,val,0,negative_14d,2023-12-24 16:06:16+00:00,2024-01-07 16:06:16+00:00,14,0,4.475616533919561e-06,"[""3264963294741296013_53921982543"", ""3264964550633452618_53921982543"", ""3264965298712534112_53921982543"", ""3264966166581292584_53921982543"", ""3264966888261668610_53921982543"", ""3264967766070694802_53921982543"", ""3265261111154069320_53921982543"", ""3267075866965833005_53921982543"", ""3269060307657368537_53921982543"", ""3270480635415660663_53921982543"", ""3271423579337286948_53921982543"", ""3272139919476069988_53921982543"", ""3272874872979476401_53921982543"", ""3274148822573311534_53921982543""]",14,"[""3265261111154069320_53921982543"", ""3267075866965833005_53921982543"", ""3269060307657368537_53921982543"", ""3270480635415660663_53921982543"", ""3271423579337286948_53921982543"", ""3272139919476069988_53921982543"", ""3272874872979476401_53921982543"", ""3274148822573311534_53921982543""]",8,0,0,14d_plus_prev_context
w_000188,choboo_theshiba,val,0,negative_14d,2023-12-24 16:12:11+00:00,2024-01-07 16:12:11+00:00,11,0,5.6956622191231355e-06,"[""3264966166581292584_53921982543"", ""3264966888261668610_53921982543"", ""3264967766070694802_53921982543"", ""3265261111154069320_53921982543"", ""3267075866965833005_53921982543"", ""3269060307657368537_53921982543"", ""3270480635415660663_53921982543"", ""3271423579337286948_53921982543"", ""3272139919476069988_53921982543"", ""3272874872979476401_53921982543"", ""3274148822573311534_53921982543""]",11,"[""3265261111154069320_53921982543"", ""3267075866965833005_53921982543"", ""3269060307657368537_53921982543"", ""3270480635415660663_53921982543"", ""3271423579337286948_53921982543"", ""3272139919476069988_53921982543"", ""3272874872979476401_53921982543"", ""3274148822573311534_53921982543""]",8,0,0,14d_plus_prev_context
w_000189,chuchuchen0522,train,0,negative_14d,2021-04-02 09:54:24+00:00,2021-04-16 09:54:24+00:00,5,0,7.444575121134332e-17,"[""2542899496864229650_41680294507"", ""2544941250622830978_41680294507"", ""2546599526221666210_41680294507"", ""2548022251955715148_41680294507"", ""2548799138650976612_41680294507""]",5,"[""2539041507350694500_41680294507"", ""2542899496864229650_41680294507"", ""2544941250622830978_41680294507"", ""2546599526221666210_41680294507"", ""2548022251955715148_41680294507"", ""2548799138650976612_41680294507""]",6,1,2,14d_plus_prev_context
w_000190,chuchuchen0522,train,0,negative_14d,2021-04-07 12:25:42+00:00,2021-04-21 12:25:42+00:00,4,0,5.664570949694796e-17,"[""2546599526221666210_41680294507"", ""2548022251955715148_41680294507"", ""2548799138650976612_41680294507"", ""2554348895465316886_41680294507""]",4,"[""2539041507350694500_41680294507"", ""2542899496864229650_41680294507"", ""2544941250622830978_41680294507"", ""2546599526221666210_41680294507"", ""2548022251955715148_41680294507"", ""2548799138650976612_41680294507"", ""2554348895465316886_41680294507""]",7,3,1,14d_plus_prev_context
w_000191,chuchuchen0522,train,0,negative_14d,2021-04-09 11:32:24+00:00,2021-04-23 11:32:24+00:00,3,0,4.8396580467595577e-17,"[""2548022251955715148_41680294507"", ""2548799138650976612_41680294507"", ""2554348895465316886_41680294507""]",3,"[""2539041507350694500_41680294507"", ""2542899496864229650_41680294507"", ""2544941250622830978_41680294507"", ""2546599526221666210_41680294507"", ""2548022251955715148_41680294507"", ""2548799138650976612_41680294507"", ""2554348895465316886_41680294507""]",7,4,1,14d_plus_prev_context
w_000192,cosplaykelly25,train,0,negative_14d,2024-07-28 11:32:34+00:00,2024-08-11 11:32:34+00:00,5,0,1.3727445577593756e-06,"[""3422101871598052321_61338274018"", ""3422102936489890104_61338274018"", ""3424949379701454606_61338274018"", ""3424960082718036234_61338274018"", ""3424966953617214918_61338274018""]",5,"[""3392152784362576546_61338274018"", ""3404908058928429962_61338274018"", ""3416226208097532620_61338274018"", ""3422101871598052321_61338274018"", ""3422102936489890104_61338274018"", ""3424949379701454606_61338274018"", ""3424960082718036234_61338274018"", ""3424966953617214918_61338274018""]",8,3,0,14d_plus_prev_context
w_000193,cosplaykelly25,train,0,negative_14d,2024-08-01 09:50:04+00:00,2024-08-15 09:50:04+00:00,3,0,2.2799276931569543e-06,"[""3424949379701454606_61338274018"", ""3424960082718036234_61338274018"", ""3424966953617214918_61338274018""]",3,"[""3392152784362576546_61338274018"", ""3404908058928429962_61338274018"", ""3416226208097532620_61338274018"", ""3422101871598052321_61338274018"", ""3422102936489890104_61338274018"", ""3424949379701454606_61338274018"", ""3424960082718036234_61338274018"", ""3424966953617214918_61338274018""]",8,5,0,14d_plus_prev_context
w_000194,cosplaykelly25,train,0,negative_14d,2025-06-19 14:13:06+00:00,2025-07-03 14:13:06+00:00,3,0,0.16710335016287262,"[""3658459555727961518_61338274018"", ""3662182160138139390_61338274018"", ""3664980050137020287_61338274018""]",3,"[""3584304465320984344_61338274018"", ""3590883712416120553_61338274018"", ""3595455187274013674_61338274018"", ""3603209715637395057_61338274018"", ""3635928288516259587_61338274018"", ""3658459555727961518_61338274018"", ""3662182160138139390_61338274018"", ""3664980050137020287_61338274018""]",8,5,0,14d_plus_prev_context
w_000195,daidaimeme.pdf,train,0,negative_14d,2022-05-19 08:46:24+00:00,2022-06-02 08:46:24+00:00,12,0,1.474486291939449e-08,"[""2841472875006184276_45713114847"", ""2842060845870377748_45713114847"", ""2842762604032940946_45713114847"", ""2843529008885765065_45713114847"", ""2843536290742708725_45713114847"", ""2844197901178401510_45713114847"", ""2846404393365221650_45713114847"", ""2847120490762836995_45713114847"", ""2847935351587467704_45713114847"", ""2848646239608969894_45713114847"", ""2849952925248590431_45713114847"", ""2850833813689780682_45713114847""]",12,"[""2843536290742708725_45713114847"", ""2844197901178401510_45713114847"", ""2846404393365221650_45713114847"", ""2847120490762836995_45713114847"", ""2847935351587467704_45713114847"", ""2848646239608969894_45713114847"", ""2849952925248590431_45713114847"", ""2850833813689780682_45713114847""]",8,0,0,14d_plus_prev_context
w_000196,daidaimeme.pdf,train,0,negative_14d,2022-05-21 03:28:52+00:00,2022-06-04 03:28:52+00:00,11,0,1.9693454366859084e-08,"[""2842762604032940946_45713114847"", ""2843529008885765065_45713114847"", ""2843536290742708725_45713114847"", ""2844197901178401510_45713114847"", ""2846404393365221650_45713114847"", ""2847120490762836995_45713114847"", ""2847935351587467704_45713114847"", ""2848646239608969894_45713114847"", ""2849952925248590431_45713114847"", ""2850833813689780682_45713114847"", ""2852123740719237539_45713114847""]",11,"[""2844197901178401510_45713114847"", ""2846404393365221650_45713114847"", ""2847120490762836995_45713114847"", ""2847935351587467704_45713114847"", ""2848646239608969894_45713114847"", ""2849952925248590431_45713114847"", ""2850833813689780682_45713114847"", ""2852123740719237539_45713114847""]",8,0,0,14d_plus_prev_context
w_000197,daidaimeme.pdf,train,0,negative_14d,2022-05-22 05:06:02+00:00,2022-06-05 05:06:02+00:00,10,0,1.140117816648967e-07,"[""2843536290742708725_45713114847"", ""2844197901178401510_45713114847"", ""2846404393365221650_45713114847"", ""2847120490762836995_45713114847"", ""2847935351587467704_45713114847"", ""2848646239608969894_45713114847"", ""2849952925248590431_45713114847"", ""2850833813689780682_45713114847"", ""2852123740719237539_45713114847"", ""2853142380908292932_45713114847""]",10,"[""2846404393365221650_45713114847"", ""2847120490762836995_45713114847"", ""2847935351587467704_45713114847"", ""2848646239608969894_45713114847"", ""2849952925248590431_45713114847"", ""2850833813689780682_45713114847"", ""2852123740719237539_45713114847"", ""2853142380908292932_45713114847""]",8,0,0,14d_plus_prev_context
w_000198,dep_tattoos,train,0,negative_14d,2024-04-04 03:07:28+00:00,2024-04-18 03:07:28+00:00,25,0,5.460415875586382e-08,"[""3338498438177501406_40970743337"", ""3338500260988488372_40970743337"", ""3338501019712888444_40970743337"", ""3338501805121720000_40970743337"", ""3339518865725419045_40970743337"", ""3339519077453881219_40970743337"", ""3339519364721632381_40970743337"", ""3339519668112340402_40970743337"", ""3339519919116302689_40970743337"", ""3339520180538978401_40970743337"", ""3339520553790168572_40970743337"", ""3339520834162540293_40970743337"", ""3339531338880662994_40970743337"", ""3339531597669229907_40970743337"", ""3339531929111701294_40970743337"", ""3339532151527132247_40970743337"", ""3339532515391417522_40970743337"", ""3339610637004548840_40970743337"", ""3339610869989891722_40970743337"", ""3339613310495964000_40970743337"", ""3339613575181612424_40970743337"", ""3339614780045839189_40970743337"", ""3342850029047277280_40970743337"", ""3344328351279307808_40970743337"", ""3345238714669799549_40970743337""]",25,"[""3339610637004548840_40970743337"", ""3339610869989891722_40970743337"", ""3339613310495964000_40970743337"", ""3339613575181612424_40970743337"", ""3339614780045839189_40970743337"", ""3342850029047277280_40970743337"", ""3344328351279307808_40970743337"", ""3345238714669799549_40970743337""]",8,0,0,14d_plus_prev_context
w_000199,dep_tattoos,train,0,negative_14d,2024-04-05 13:22:00+00:00,2024-04-19 13:22:00+00:00,9,0,5.275764719796105e-08,"[""3339532515391417522_40970743337"", ""3339610637004548840_40970743337"", ""3339610869989891722_40970743337"", ""3339613310495964000_40970743337"", ""3339613575181612424_40970743337"", ""3339614780045839189_40970743337"", ""3342850029047277280_40970743337"", ""3344328351279307808_40970743337"", ""3345238714669799549_40970743337""]",9,"[""3339610637004548840_40970743337"", ""3339610869989891722_40970743337"", ""3339613310495964000_40970743337"", ""3339613575181612424_40970743337"", ""3339614780045839189_40970743337"", ""3342850029047277280_40970743337"", ""3344328351279307808_40970743337"", ""3345238714669799549_40970743337""]",8,0,0,14d_plus_prev_context
w_000200,dep_tattoos,train,0,negative_14d,2024-04-10 03:13:18+00:00,2024-04-24 03:13:18+00:00,4,0,4.4514279060333294e-08,"[""3342850029047277280_40970743337"", ""3344328351279307808_40970743337"", ""3345238714669799549_40970743337"", ""3349749725657437580_40970743337""]",4,"[""3339610869989891722_40970743337"", ""3339613310495964000_40970743337"", ""3339613575181612424_40970743337"", ""3339614780045839189_40970743337"", ""3342850029047277280_40970743337"", ""3344328351279307808_40970743337"", ""3345238714669799549_40970743337"", ""3349749725657437580_40970743337""]",8,4,0,14d_plus_prev_context
w_000201,depression_meem,val,0,negative_14d,2022-08-06 07:27:23+00:00,2022-08-20 07:27:23+00:00,3,0,0.02573614443341887,"[""2898690391078645968_52085543777"", ""2900099312346151611_52085543777"", ""2903381418576813911_52085543777""]",3,"[""2825546524238658109_52085543777"", ""2829975057853792214_52085543777"", ""2832844732979561126_52085543777"", ""2837159800722663788_52085543777"", ""2841812024538165030_52085543777"", ""2898690391078645968_52085543777"", ""2900099312346151611_52085543777"", ""2903381418576813911_52085543777""]",8,5,0,14d_plus_prev_context
w_000202,depressy.trouble,test,0,negative_14d,2021-04-05 08:00:04+00:00,2021-04-19 08:00:04+00:00,7,0,0.005813190811876098,"[""2545016282922126088_32694407385"", ""2546465835424851668_32694407385"", ""2547915383221514254_32694407385"", ""2549364937980525179_32694407385"", ""2550089709903249896_32694407385"", ""2551539262858801005_32694407385"", ""2552989196061559832_32694407385""]",7,"[""2541410112659639547_32694407385"", ""2545016282922126088_32694407385"", ""2546465835424851668_32694407385"", ""2547915383221514254_32694407385"", ""2549364937980525179_32694407385"", ""2550089709903249896_32694407385"", ""2551539262858801005_32694407385"", ""2552989196061559832_32694407385""]",8,1,0,14d_plus_prev_context
w_000203,depressy.trouble,test,0,negative_14d,2021-04-07 08:00:04+00:00,2021-04-21 08:00:04+00:00,7,0,0.0034820677057893945,"[""2546465835424851668_32694407385"", ""2547915383221514254_32694407385"", ""2549364937980525179_32694407385"", ""2550089709903249896_32694407385"", ""2551539262858801005_32694407385"", ""2552989196061559832_32694407385"", ""2555163150356422833_32694407385""]",7,"[""2545016282922126088_32694407385"", ""2546465835424851668_32694407385"", ""2547915383221514254_32694407385"", ""2549364937980525179_32694407385"", ""2550089709903249896_32694407385"", ""2551539262858801005_32694407385"", ""2552989196061559832_32694407385"", ""2555163150356422833_32694407385""]",8,1,0,14d_plus_prev_context
w_000204,depressy.trouble,test,0,negative_14d,2021-11-11 14:10:08+00:00,2021-11-25 14:10:08+00:00,5,0,1.3667761187519274e-05,"[""2704653204563459156_32694407385"", ""2705227345591732490_32694407385"", ""2705432779900430446_32694407385"", ""2705578373302359665_32694407385"", ""2706158132574871923_32694407385""]",5,"[""2698759932364859688_32694407385"", ""2699036486500249732_32694407385"", ""2701269250783934615_32694407385"", ""2704653204563459156_32694407385"", ""2705227345591732490_32694407385"", ""2705432779900430446_32694407385"", ""2705578373302359665_32694407385"", ""2706158132574871923_32694407385""]",8,3,0,14d_plus_prev_context
w_000205,dingtaxi_jp,val,0,negative_14d,2024-06-19 11:30:00+00:00,2024-07-03 11:30:00+00:00,15,0,3.572155218131082e-18,"[""3393834789795856452_31686869590"", ""3394575996754917021_31686869590"", ""3395298991869955127_31686869590"", ""3396043409484687920_31686869590"", ""3396748653684393495_31686869590"", ""3397482686513005342_31686869590"", ""3398211682234077580_31686869590"", ""3398897860486630940_31686869590"", ""3399617703456292818_31686869590"", ""3400342453099155303_31686869590"", ""3401064496526274861_31686869590"", ""3401735929476738464_31686869590"", ""3402505850053737402_31686869590"", ""3403239668561866173_31686869590"", ""3403875976086963057_31686869590""]",15,"[""3398897860486630940_31686869590"", ""3399617703456292818_31686869590"", ""3400342453099155303_31686869590"", ""3401064496526274861_31686869590"", ""3401735929476738464_31686869590"", ""3402505850053737402_31686869590"", ""3403239668561866173_31686869590"", ""3403875976086963057_31686869590""]",8,0,0,14d_plus_prev_context
w_000206,dingtaxi_jp,val,0,negative_14d,2024-06-22 12:39:03+00:00,2024-07-06 12:39:03+00:00,15,0,1.0005710631114475e-16,"[""3396043409484687920_31686869590"", ""3396748653684393495_31686869590"", ""3397482686513005342_31686869590"", ""3398211682234077580_31686869590"", ""3398897860486630940_31686869590"", ""3399617703456292818_31686869590"", ""3400342453099155303_31686869590"", ""3401064496526274861_31686869590"", ""3401735929476738464_31686869590"", ""3402505850053737402_31686869590"", ""3403239668561866173_31686869590"", ""3403875976086963057_31686869590"", ""3404701481493221580_31686869590"", ""3405443946617573510_31686869590"", ""3406157010224593989_31686869590""]",15,"[""3401064496526274861_31686869590"", ""3401735929476738464_31686869590"", ""3402505850053737402_31686869590"", ""3403239668561866173_31686869590"", ""3403875976086963057_31686869590"", ""3404701481493221580_31686869590"", ""3405443946617573510_31686869590"", ""3406157010224593989_31686869590""]",8,0,0,14d_plus_prev_context
w_000207,dingtaxi_jp,val,0,negative_14d,2024-06-25 12:27:02+00:00,2024-07-09 12:27:02+00:00,15,0,9.965496153347519e-17,"[""3398211682234077580_31686869590"", ""3398897860486630940_31686869590"", ""3399617703456292818_31686869590"", ""3400342453099155303_31686869590"", ""3401064496526274861_31686869590"", ""3401735929476738464_31686869590"", ""3402505850053737402_31686869590"", ""3403239668561866173_31686869590"", ""3403875976086963057_31686869590"", ""3404701481493221580_31686869590"", ""3405443946617573510_31686869590"", ""3406157010224593989_31686869590"", ""3406857364855593751_31686869590"", ""3407582581542509090_31686869590"", ""3408302550290893336_31686869590""]",15,"[""3403239668561866173_31686869590"", ""3403875976086963057_31686869590"", ""3404701481493221580_31686869590"", ""3405443946617573510_31686869590"", ""3406157010224593989_31686869590"", ""3406857364855593751_31686869590"", ""3407582581542509090_31686869590"", ""3408302550290893336_31686869590""]",8,0,0,14d_plus_prev_context
w_000208,dreamqueen_poem,train,0,negative_14d,2024-05-14 13:10:30+00:00,2024-05-28 13:10:30+00:00,7,0,0.1557719528517347,"[""3367792978100640178_64778799978"", ""3369907276096504162_64778799978"", ""3370644459191528182_64778799978"", ""3372779114761882721_64778799978"", ""3374257741156534664_64778799978"", ""3375740431932196137_64778799978"", ""3377042682524995632_64778799978""]",7,"[""3366374155292062741_64778799978"", ""3367792978100640178_64778799978"", ""3369907276096504162_64778799978"", ""3370644459191528182_64778799978"", ""3372779114761882721_64778799978"", ""3374257741156534664_64778799978"", ""3375740431932196137_64778799978"", ""3377042682524995632_64778799978""]",8,1,0,14d_plus_prev_context
w_000209,dreamqueen_poem,train,0,negative_14d,2024-08-09 11:43:29+00:00,2024-08-23 11:43:29+00:00,4,0,0.028986128701022736,"[""3430804670908411414_64778799978"", ""3433695175283403740_64778799978"", ""3436222654058566731_64778799978"", ""3438795952423407523_64778799978""]",4,"[""3422090466068156221_64778799978"", ""3424302150635639088_64778799978"", ""3426451471707624240_64778799978"", ""3428647693553798285_64778799978"", ""3430804670908411414_64778799978"", ""3433695175283403740_64778799978"", ""3436222654058566731_64778799978"", ""3438795952423407523_64778799978""]",8,4,0,14d_plus_prev_context
w_000210,dreamqueen_poem,train,0,negative_14d,2024-08-13 11:26:24+00:00,2024-08-27 11:26:24+00:00,4,0,0.0289972958812415,"[""3433695175283403740_64778799978"", ""3436222654058566731_64778799978"", ""3438795952423407523_64778799978"", ""3441669435666738775_64778799978""]",4,"[""3424302150635639088_64778799978"", ""3426451471707624240_64778799978"", ""3428647693553798285_64778799978"", ""3430804670908411414_64778799978"", ""3433695175283403740_64778799978"", ""3436222654058566731_64778799978"", ""3438795952423407523_64778799978"", ""3441669435666738775_64778799978""]",8,4,0,14d_plus_prev_context
w_000211,eatchiang__,val,0,negative_14d,2020-06-18 13:18:20+00:00,2020-07-02 13:18:20+00:00,14,0,1.254546176891418e-15,"[""2334266728529379400_37924053022"", ""2334269679222285227_37924053022"", ""2335781885492301520_37924053022"", ""2336201449363244032_37924053022"", ""2336469960946044438_37924053022"", ""2337039825041718001_37924053022"", ""2337052026540553069_37924053022"", ""2337708533967848809_37924053022"", ""2338551388852595738_37924053022"", ""2340710922509516345_37924053022"", ""2341469316291950287_37924053022"", ""2342945076860986875_37924053022"", ""2343659726971921513_37924053022"", ""2344330760632948085_37924053022""]",14,"[""2337052026540553069_37924053022"", ""2337708533967848809_37924053022"", ""2338551388852595738_37924053022"", ""2340710922509516345_37924053022"", ""2341469316291950287_37924053022"", ""2342945076860986875_37924053022"", ""2343659726971921513_37924053022"", ""2344330760632948085_37924053022""]",8,0,0,14d_plus_prev_context
w_000212,eatchiang__,val,0,negative_14d,2020-06-21 05:22:16+00:00,2020-07-05 05:22:16+00:00,12,0,1.3850451782617144e-15,"[""2336201449363244032_37924053022"", ""2336469960946044438_37924053022"", ""2337039825041718001_37924053022"", ""2337052026540553069_37924053022"", ""2337708533967848809_37924053022"", ""2338551388852595738_37924053022"", ""2340710922509516345_37924053022"", ""2341469316291950287_37924053022"", ""2342945076860986875_37924053022"", ""2343659726971921513_37924053022"", ""2344330760632948085_37924053022"", ""2345094755262559627_37924053022""]",12,"[""2337708533967848809_37924053022"", ""2338551388852595738_37924053022"", ""2340710922509516345_37924053022"", ""2341469316291950287_37924053022"", ""2342945076860986875_37924053022"", ""2343659726971921513_37924053022"", ""2344330760632948085_37924053022"", ""2345094755262559627_37924053022""]",8,0,0,14d_plus_prev_context
w_000213,eatchiang__,val,0,negative_14d,2020-06-24 11:11:11+00:00,2020-07-08 11:11:11+00:00,10,0,2.6689527923462967e-16,"[""2338551388852595738_37924053022"", ""2340710922509516345_37924053022"", ""2341469316291950287_37924053022"", ""2342945076860986875_37924053022"", ""2343659726971921513_37924053022"", ""2344330760632948085_37924053022"", ""2345094755262559627_37924053022"", ""2346498792050593613_37924053022"", ""2347223042377917267_37924053022"", ""2348688935679339638_37924053022""]",10,"[""2341469316291950287_37924053022"", ""2342945076860986875_37924053022"", ""2343659726971921513_37924053022"", ""2344330760632948085_37924053022"", ""2345094755262559627_37924053022"", ""2346498792050593613_37924053022"", ""2347223042377917267_37924053022"", ""2348688935679339638_37924053022""]",8,0,0,14d_plus_prev_context
w_000214,eatingouttw,train,0,negative_14d,2024-03-15 06:30:10+00:00,2024-03-29 06:30:10+00:00,5,0,1.0712743374219918e-14,"[""3324104940551570517_63955408709"", ""3326989117482580049_63955408709"", ""3329178363254242821_63955408709"", ""3332062538868274248_63955408709"", ""3334236820277786412_63955408709""]",5,"[""3298712717994539086_63955408709"", ""3314062982400378043_63955408709"", ""3324104940551570517_63955408709"", ""3326989117482580049_63955408709"", ""3329178363254242821_63955408709"", ""3332062538868274248_63955408709"", ""3334236820277786412_63955408709""]",7,2,1,14d_plus_prev_context
w_000215,eatingouttw,train,0,negative_14d,2024-03-19 06:00:30+00:00,2024-04-02 06:00:30+00:00,6,0,1.70839096079162e-14,"[""3326989117482580049_63955408709"", ""3329178363254242821_63955408709"", ""3332062538868274248_63955408709"", ""3334236820277786412_63955408709"", ""3335807178928809299_63955408709"", ""3336386952864679774_63955408709""]",6,"[""3314062982400378043_63955408709"", ""3324104940551570517_63955408709"", ""3326989117482580049_63955408709"", ""3329178363254242821_63955408709"", ""3332062538868274248_63955408709"", ""3334236820277786412_63955408709"", ""3335807178928809299_63955408709"", ""3336386952864679774_63955408709""]",8,2,0,14d_plus_prev_context
w_000216,eatingouttw,train,0,negative_14d,2024-03-22 06:30:09+00:00,2024-04-05 06:30:09+00:00,6,0,0.0001619808026742742,"[""3329178363254242821_63955408709"", ""3332062538868274248_63955408709"", ""3334236820277786412_63955408709"", ""3335807178928809299_63955408709"", ""3336386952864679774_63955408709"", ""3337780976901123519_63955408709""]",6,"[""3324104940551570517_63955408709"", ""3326989117482580049_63955408709"", ""3329178363254242821_63955408709"", ""3332062538868274248_63955408709"", ""3334236820277786412_63955408709"", ""3335807178928809299_63955408709"", ""3336386952864679774_63955408709"", ""3337780976901123519_63955408709""]",8,2,0,14d_plus_prev_context
w_000217,eatwithdumbo,val,0,negative_14d,2021-11-02 04:27:44+00:00,2021-11-16 04:27:44+00:00,3,0,4.063810534989572e-19,"[""2697837086777418714_49811261212"", ""2703123217031035476_49811261212"", ""2706020803261927760_49811261212""]",3,"[""2697837086777418714_49811261212"", ""2703123217031035476_49811261212"", ""2706020803261927760_49811261212""]",3,0,5,14d_plus_prev_context
w_000218,eatwithdumbo,val,0,negative_14d,2021-11-09 11:30:19+00:00,2021-11-23 11:30:19+00:00,3,0,1.133456588949163e-15,"[""2703123217031035476_49811261212"", ""2706020803261927760_49811261212"", ""2710879139010479294_49811261212""]",3,"[""2697837086777418714_49811261212"", ""2703123217031035476_49811261212"", ""2706020803261927760_49811261212"", ""2710879139010479294_49811261212""]",4,1,4,14d_plus_prev_context
w_000219,eatwithdumbo,val,0,negative_14d,2021-11-20 04:19:57+00:00,2021-12-04 04:19:57+00:00,3,0,1.2060562325430061e-15,"[""2710879139010479294_49811261212"", ""2716198756662822007_49811261212"", ""2720992547441531377_49811261212""]",3,"[""2697837086777418714_49811261212"", ""2703123217031035476_49811261212"", ""2706020803261927760_49811261212"", ""2710879139010479294_49811261212"", ""2716198756662822007_49811261212"", ""2720992547441531377_49811261212""]",6,3,2,14d_plus_prev_context
w_000220,edachen_yun,train,0,negative_14d,2019-07-26 05:30:03+00:00,2019-08-09 05:30:03+00:00,4,0,1.300673225547444e-08,"[""2096304594959662348_8444228524"", ""2100830463481755400_8444228524"", ""2102178217701314910_8444228524"", ""2103586603327590333_8444228524""]",4,"[""2096304594959662348_8444228524"", ""2100830463481755400_8444228524"", ""2102178217701314910_8444228524"", ""2103586603327590333_8444228524""]",4,0,4,14d_plus_prev_context
w_000221,edachen_yun,train,0,negative_14d,2019-08-01 11:22:08+00:00,2019-08-15 11:22:08+00:00,5,0,7.267228785716104e-09,"[""2100830463481755400_8444228524"", ""2102178217701314910_8444228524"", ""2103586603327590333_8444228524"", ""2108764790114288477_8444228524"", ""2109631461381325264_8444228524""]",5,"[""2096304594959662348_8444228524"", ""2100830463481755400_8444228524"", ""2102178217701314910_8444228524"", ""2103586603327590333_8444228524"", ""2108764790114288477_8444228524"", ""2109631461381325264_8444228524""]",6,1,2,14d_plus_prev_context
w_000222,edachen_yun,train,0,negative_14d,2019-08-03 07:59:53+00:00,2019-08-17 07:59:53+00:00,7,0,1.1741947920639189e-08,"[""2102178217701314910_8444228524"", ""2103586603327590333_8444228524"", ""2108764790114288477_8444228524"", ""2109631461381325264_8444228524"", ""2111026991541991236_8444228524"", ""2111047479114740088_8444228524"", ""2111047858078404950_8444228524""]",7,"[""2100830463481755400_8444228524"", ""2102178217701314910_8444228524"", ""2103586603327590333_8444228524"", ""2108764790114288477_8444228524"", ""2109631461381325264_8444228524"", ""2111026991541991236_8444228524"", ""2111047479114740088_8444228524"", ""2111047858078404950_8444228524""]",8,1,0,14d_plus_prev_context
w_000223,educationone_official,train,0,negative_14d,2019-01-25 04:14:24+00:00,2019-02-08 04:14:24+00:00,6,0,2.178748705886858e-09,"[""1964357336282043985_10469004235"", ""1964371456549136459_10469004235"", ""1971012230502097390_10469004235"", ""1971870540088358459_10469004235"", ""1972536930025785988_10469004235"", ""1973270753139129613_10469004235""]",6,"[""1964357336282043985_10469004235"", ""1964371456549136459_10469004235"", ""1971012230502097390_10469004235"", ""1971870540088358459_10469004235"", ""1972536930025785988_10469004235"", ""1973270753139129613_10469004235""]",6,0,2,14d_plus_prev_context
w_000224,educationone_official,train,0,negative_14d,2019-02-03 08:36:29+00:00,2019-02-17 08:36:29+00:00,9,0,1.7335279660208745e-12,"[""1971012230502097390_10469004235"", ""1971870540088358459_10469004235"", ""1972536930025785988_10469004235"", ""1973270753139129613_10469004235"", ""1974708051898553666_10469004235"", ""1977640918375037822_10469004235"", ""1977641772410982735_10469004235"", ""1977642484251400717_10469004235"", ""1979064342486067824_10469004235""]",9,"[""1971870540088358459_10469004235"", ""1972536930025785988_10469004235"", ""1973270753139129613_10469004235"", ""1974708051898553666_10469004235"", ""1977640918375037822_10469004235"", ""1977641772410982735_10469004235"", ""1977642484251400717_10469004235"", ""1979064342486067824_10469004235""]",8,0,0,14d_plus_prev_context
w_000225,educationone_official,train,0,negative_14d,2019-02-05 11:05:47+00:00,2019-02-19 11:05:47+00:00,7,0,2.2288031245831124e-12,"[""1972536930025785988_10469004235"", ""1973270753139129613_10469004235"", ""1974708051898553666_10469004235"", ""1977640918375037822_10469004235"", ""1977641772410982735_10469004235"", ""1977642484251400717_10469004235"", ""1979064342486067824_10469004235""]",7,"[""1971870540088358459_10469004235"", ""1972536930025785988_10469004235"", ""1973270753139129613_10469004235"", ""1974708051898553666_10469004235"", ""1977640918375037822_10469004235"", ""1977641772410982735_10469004235"", ""1977642484251400717_10469004235"", ""1979064342486067824_10469004235""]",8,1,0,14d_plus_prev_context
w_000226,eileen.ginsui,val,0,negative_14d,2021-01-06 13:03:50+00:00,2021-01-20 13:03:50+00:00,3,0,0.07605162262916569,"[""2480664136071849385_39424223371"", ""2484424471249649115_39424223371"", ""2489366554473161520_39424223371""]",3,"[""2480664136071849385_39424223371"", ""2484424471249649115_39424223371"", ""2489366554473161520_39424223371""]",3,0,5,14d_plus_prev_context
w_000227,eileen.ginsui,val,0,negative_14d,2021-02-05 00:06:23+00:00,2021-02-19 00:06:23+00:00,3,0,2.1924774609621737e-09,"[""2502016096750421225_39424223371"", ""2503551853516323909_39424223371"", ""2508973490944393670_39424223371""]",3,"[""2480664136071849385_39424223371"", ""2484424471249649115_39424223371"", ""2489366554473161520_39424223371"", ""2502016096750421225_39424223371"", ""2503551853516323909_39424223371"", ""2508973490944393670_39424223371""]",6,3,2,14d_plus_prev_context
w_000228,eileen.ginsui,val,0,negative_14d,2021-03-16 12:22:53+00:00,2021-03-30 12:22:53+00:00,4,0,7.097697834603488e-14,"[""2530653044582817525_39424223371"", ""2534637008548994612_39424223371"", ""2537136840022757751_39424223371"", ""2539354313593859838_39424223371""]",4,"[""2503551853516323909_39424223371"", ""2508973490944393670_39424223371"", ""2517264382499226036_39424223371"", ""2523263354372307558_39424223371"", ""2530653044582817525_39424223371"", ""2534637008548994612_39424223371"", ""2537136840022757751_39424223371"", ""2539354313593859838_39424223371""]",8,4,0,14d_plus_prev_context
w_000229,elitesinsider,train,0,negative_14d,2019-11-01 01:51:25+00:00,2019-11-15 01:51:25+00:00,6,0,2.600885670823889e-09,"[""2167222579889657007_7009660250"", ""2167403772086014103_7009660250"", ""2167584965498637757_7009660250"", ""2167947345739113537_7009660250"", ""2168128549562019299_7009660250"", ""2168284115768761578_7009660250""]",6,"[""2167222579889657007_7009660250"", ""2167403772086014103_7009660250"", ""2167584965498637757_7009660250"", ""2167947345739113537_7009660250"", ""2168128549562019299_7009660250"", ""2168284115768761578_7009660250""]",6,0,2,14d_plus_prev_context
w_000230,elitesinsider,train,0,negative_14d,2019-11-01 13:51:25+00:00,2019-11-15 13:51:25+00:00,4,0,3.891528477933948e-09,"[""2167584965498637757_7009660250"", ""2167947345739113537_7009660250"", ""2168128549562019299_7009660250"", ""2168284115768761578_7009660250""]",4,"[""2167222579889657007_7009660250"", ""2167403772086014103_7009660250"", ""2167584965498637757_7009660250"", ""2167947345739113537_7009660250"", ""2168128549562019299_7009660250"", ""2168284115768761578_7009660250""]",6,2,2,14d_plus_prev_context
w_000231,elitesinsider,train,0,negative_14d,2019-11-02 01:51:24+00:00,2019-11-16 01:51:24+00:00,3,0,5.054134513682307e-09,"[""2167947345739113537_7009660250"", ""2168128549562019299_7009660250"", ""2168284115768761578_7009660250""]",3,"[""2167222579889657007_7009660250"", ""2167403772086014103_7009660250"", ""2167584965498637757_7009660250"", ""2167947345739113537_7009660250"", ""2168128549562019299_7009660250"", ""2168284115768761578_7009660250""]",6,3,2,14d_plus_prev_context
w_000232,ella740302,train,0,negative_14d,2016-05-23 02:41:11+00:00,2016-06-06 02:41:11+00:00,8,0,0.00010539999556987796,"[""1256204529817664193_3186415301"", ""1257248002180168398_3186415301"", ""1258717653611362718_3186415301"", ""1260584087006263765_3186415301"", ""1261256476903913864_3186415301"", ""1261577817565739779_3186415301"", ""1262397423649864685_3186415301"", ""1263680818178734656_3186415301""]",8,"[""1256204529817664193_3186415301"", ""1257248002180168398_3186415301"", ""1258717653611362718_3186415301"", ""1260584087006263765_3186415301"", ""1261256476903913864_3186415301"", ""1261577817565739779_3186415301"", ""1262397423649864685_3186415301"", ""1263680818178734656_3186415301""]",8,0,0,14d_plus_prev_context
w_000233,ella740302,train,0,negative_14d,2016-05-26 13:54:18+00:00,2016-06-09 13:54:18+00:00,6,0,0.00013950902302893773,"[""1258717653611362718_3186415301"", ""1260584087006263765_3186415301"", ""1261256476903913864_3186415301"", ""1261577817565739779_3186415301"", ""1262397423649864685_3186415301"", ""1263680818178734656_3186415301""]",6,"[""1256204529817664193_3186415301"", ""1257248002180168398_3186415301"", ""1258717653611362718_3186415301"", ""1260584087006263765_3186415301"", ""1261256476903913864_3186415301"", ""1261577817565739779_3186415301"", ""1262397423649864685_3186415301"", ""1263680818178734656_3186415301""]",8,2,0,14d_plus_prev_context
w_000234,ella740302,train,0,negative_14d,2016-05-30 01:58:30+00:00,2016-06-13 01:58:30+00:00,5,0,0.00014468283306995014,"[""1261256476903913864_3186415301"", ""1261577817565739779_3186415301"", ""1262397423649864685_3186415301"", ""1263680818178734656_3186415301"", ""1271072142154578828_3186415301""]",5,"[""1257248002180168398_3186415301"", ""1258717653611362718_3186415301"", ""1260584087006263765_3186415301"", ""1261256476903913864_3186415301"", ""1261577817565739779_3186415301"", ""1262397423649864685_3186415301"", ""1263680818178734656_3186415301"", ""1271072142154578828_3186415301""]",8,3,0,14d_plus_prev_context
w_000235,emo.girl.1314,train,0,negative_14d,2023-05-30 15:31:53+00:00,2023-06-13 15:31:53+00:00,12,0,0.0006243052638031429,"[""3114192636736163809_60020187985"", ""3114566988266619094_60020187985"", ""3114821313068956112_60020187985"", ""3115178893289121426_60020187985"", ""3115461689832317073_60020187985"", ""3116271297274472983_60020187985"", ""3116777636278863625_60020187985"", ""3116955769745586787_60020187985"", ""3117099634917987239_60020187985"", ""3117675061281644568_60020187985"", ""3118836205413215368_60020187985"", ""3121420740730555665_60020187985""]",12,"[""3115461689832317073_60020187985"", ""3116271297274472983_60020187985"", ""3116777636278863625_60020187985"", ""3116955769745586787_60020187985"", ""3117099634917987239_60020187985"", ""3117675061281644568_60020187985"", ""3118836205413215368_60020187985"", ""3121420740730555665_60020187985""]",8,0,0,14d_plus_prev_context
w_000236,emo.girl.1314,train,0,negative_14d,2023-06-01 00:11:24+00:00,2023-06-15 00:11:24+00:00,9,0,0.0008131214694407617,"[""3115178893289121426_60020187985"", ""3115461689832317073_60020187985"", ""3116271297274472983_60020187985"", ""3116777636278863625_60020187985"", ""3116955769745586787_60020187985"", ""3117099634917987239_60020187985"", ""3117675061281644568_60020187985"", ""3118836205413215368_60020187985"", ""3121420740730555665_60020187985""]",9,"[""3115461689832317073_60020187985"", ""3116271297274472983_60020187985"", ""3116777636278863625_60020187985"", ""3116955769745586787_60020187985"", ""3117099634917987239_60020187985"", ""3117675061281644568_60020187985"", ""3118836205413215368_60020187985"", ""3121420740730555665_60020187985""]",8,0,0,14d_plus_prev_context
w_000237,emo.girl.1314,train,0,negative_14d,2023-06-02 12:21:49+00:00,2023-06-16 12:21:49+00:00,7,0,0.0010289114187408976,"[""3116271297274472983_60020187985"", ""3116777636278863625_60020187985"", ""3116955769745586787_60020187985"", ""3117099634917987239_60020187985"", ""3117675061281644568_60020187985"", ""3118836205413215368_60020187985"", ""3121420740730555665_60020187985""]",7,"[""3115461689832317073_60020187985"", ""3116271297274472983_60020187985"", ""3116777636278863625_60020187985"", ""3116955769745586787_60020187985"", ""3117099634917987239_60020187985"", ""3117675061281644568_60020187985"", ""3118836205413215368_60020187985"", ""3121420740730555665_60020187985""]",8,1,0,14d_plus_prev_context
w_000238,ethanliu.tw,train,0,negative_14d,2021-01-01 13:44:36+00:00,2021-01-15 13:44:36+00:00,13,0,0.07022143615743028,"[""2477060775286730599_1554715029"", ""2477834778022217519_1554715029"", ""2479208347795404194_1554715029"", ""2479879290214997967_1554715029"", ""2480570115228026920_1554715029"", ""2481403700734426389_1554715029"", ""2482034487513794948_1554715029"", ""2483565112271980303_1554715029"", ""2484334847854995807_1554715029"", ""2484984660669821823_1554715029"", ""2485731648344531583_1554715029"", ""2486403513947480300_1554715029"", ""2487146444362799535_1554715029""]",13,"[""2481403700734426389_1554715029"", ""2482034487513794948_1554715029"", ""2483565112271980303_1554715029"", ""2484334847854995807_1554715029"", ""2484984660669821823_1554715029"", ""2485731648344531583_1554715029"", ""2486403513947480300_1554715029"", ""2487146444362799535_1554715029""]",8,0,0,14d_plus_prev_context
w_000239,ethanliu.tw,train,0,negative_14d,2021-01-04 12:51:27+00:00,2021-01-18 12:51:27+00:00,12,0,0.07607267023359339,"[""2479208347795404194_1554715029"", ""2479879290214997967_1554715029"", ""2480570115228026920_1554715029"", ""2481403700734426389_1554715029"", ""2482034487513794948_1554715029"", ""2483565112271980303_1554715029"", ""2484334847854995807_1554715029"", ""2484984660669821823_1554715029"", ""2485731648344531583_1554715029"", ""2486403513947480300_1554715029"", ""2487146444362799535_1554715029"", ""2489349091580935462_1554715029""]",12,"[""2482034487513794948_1554715029"", ""2483565112271980303_1554715029"", ""2484334847854995807_1554715029"", ""2484984660669821823_1554715029"", ""2485731648344531583_1554715029"", ""2486403513947480300_1554715029"", ""2487146444362799535_1554715029"", ""2489349091580935462_1554715029""]",8,0,0,14d_plus_prev_context
w_000240,ethanliu.tw,train,0,negative_14d,2021-01-06 09:57:02+00:00,2021-01-20 09:57:02+00:00,12,0,0.07619412788212261,"[""2480570115228026920_1554715029"", ""2481403700734426389_1554715029"", ""2482034487513794948_1554715029"", ""2483565112271980303_1554715029"", ""2484334847854995807_1554715029"", ""2484984660669821823_1554715029"", ""2485731648344531583_1554715029"", ""2486403513947480300_1554715029"", ""2487146444362799535_1554715029"", ""2489349091580935462_1554715029"", ""2490033942034178869_1554715029"", ""2490101281031432351_1554715029""]",12,"[""2484334847854995807_1554715029"", ""2484984660669821823_1554715029"", ""2485731648344531583_1554715029"", ""2486403513947480300_1554715029"", ""2487146444362799535_1554715029"", ""2489349091580935462_1554715029"", ""2490033942034178869_1554715029"", ""2490101281031432351_1554715029""]",8,0,0,14d_plus_prev_context
w_000241,finding.joy.bear,train,0,negative_14d,2025-02-17 09:54:19+00:00,2025-03-03 09:54:19+00:00,5,0,1.1697301669744818e-10,"[""3569906667642927527_72191878422"", ""3572743129367073696_72191878422"", ""3575069346678426215_72191878422"", ""3577125187334023492_72191878422"", ""3579860274024123525_72191878422""]",5,"[""3569906667642927527_72191878422"", ""3572743129367073696_72191878422"", ""3575069346678426215_72191878422"", ""3577125187334023492_72191878422"", ""3579860274024123525_72191878422""]",5,0,3,14d_plus_prev_context
w_000242,finding.joy.bear,train,0,negative_14d,2025-02-21 07:49:51+00:00,2025-03-07 07:49:51+00:00,6,0,9.746408795418739e-11,"[""3572743129367073696_72191878422"", ""3575069346678426215_72191878422"", ""3577125187334023492_72191878422"", ""3579860274024123525_72191878422"", ""3581570720203205337_72191878422"", ""3582767064066370965_72191878422""]",6,"[""3569906667642927527_72191878422"", ""3572743129367073696_72191878422"", ""3575069346678426215_72191878422"", ""3577125187334023492_72191878422"", ""3579860274024123525_72191878422"", ""3581570720203205337_72191878422"", ""3582767064066370965_72191878422""]",7,1,1,14d_plus_prev_context
w_000243,finding.joy.bear,train,0,negative_14d,2025-02-24 12:56:48+00:00,2025-03-10 12:56:48+00:00,6,0,9.746411198748892e-11,"[""3575069346678426215_72191878422"", ""3577125187334023492_72191878422"", ""3579860274024123525_72191878422"", ""3581570720203205337_72191878422"", ""3582767064066370965_72191878422"", ""3584516793016032035_72191878422""]",6,"[""3569906667642927527_72191878422"", ""3572743129367073696_72191878422"", ""3575069346678426215_72191878422"", ""3577125187334023492_72191878422"", ""3579860274024123525_72191878422"", ""3581570720203205337_72191878422"", ""3582767064066370965_72191878422"", ""3584516793016032035_72191878422""]",8,2,0,14d_plus_prev_context
w_000244,firedragonfruit_dw,train,0,negative_14d,2019-10-26 13:38:54+00:00,2019-11-09 13:38:54+00:00,12,0,3.484042423171498e-08,"[""2163230008607555812_22446123721"", ""2163848706927261698_22446123721"", ""2163978696434928486_22446123721"", ""2165317923861035472_22446123721"", ""2166132033552912284_22446123721"", ""2166746014923634762_22446123721"", ""2167471902220932076_22446123721"", ""2168921507128257018_22446123721"", ""2170401398574138743_22446123721"", ""2171830143999669817_22446123721"", ""2172578657528593470_22446123721"", ""2173274204195404580_22446123721""]",12,"[""2166132033552912284_22446123721"", ""2166746014923634762_22446123721"", ""2167471902220932076_22446123721"", ""2168921507128257018_22446123721"", ""2170401398574138743_22446123721"", ""2171830143999669817_22446123721"", ""2172578657528593470_22446123721"", ""2173274204195404580_22446123721""]",8,0,0,14d_plus_prev_context
w_000245,firedragonfruit_dw,train,0,negative_14d,2019-10-29 10:47:13+00:00,2019-11-12 10:47:13+00:00,11,0,2.680604558599634e-08,"[""2165317923861035472_22446123721"", ""2166132033552912284_22446123721"", ""2166746014923634762_22446123721"", ""2167471902220932076_22446123721"", ""2168921507128257018_22446123721"", ""2170401398574138743_22446123721"", ""2171830143999669817_22446123721"", ""2172578657528593470_22446123721"", ""2173274204195404580_22446123721"", ""2173985190388716281_22446123721"", ""2175449290256108565_22446123721""]",11,"[""2167471902220932076_22446123721"", ""2168921507128257018_22446123721"", ""2170401398574138743_22446123721"", ""2171830143999669817_22446123721"", ""2172578657528593470_22446123721"", ""2173274204195404580_22446123721"", ""2173985190388716281_22446123721"", ""2175449290256108565_22446123721""]",8,0,0,14d_plus_prev_context
w_000246,firedragonfruit_dw,train,0,negative_14d,2019-10-31 10:04:34+00:00,2019-11-14 10:04:34+00:00,10,0,2.1383349344784946e-08,"[""2166746014923634762_22446123721"", ""2167471902220932076_22446123721"", ""2168921507128257018_22446123721"", ""2170401398574138743_22446123721"", ""2171830143999669817_22446123721"", ""2172578657528593470_22446123721"", ""2173274204195404580_22446123721"", ""2173985190388716281_22446123721"", ""2175449290256108565_22446123721"", ""2176892847638589736_22446123721""]",10,"[""2168921507128257018_22446123721"", ""2170401398574138743_22446123721"", ""2171830143999669817_22446123721"", ""2172578657528593470_22446123721"", ""2173274204195404580_22446123721"", ""2173985190388716281_22446123721"", ""2175449290256108565_22446123721"", ""2176892847638589736_22446123721""]",8,0,0,14d_plus_prev_context
w_000247,food.nius,val,0,negative_14d,2023-03-30 12:20:00+00:00,2023-04-13 12:20:00+00:00,8,0,2.9706656887016086e-19,"[""3069885202776855998_58592450452"", ""3076407989632837351_58592450452"", ""3077132741834078033_58592450452"", ""3077558572272305113_1383087005"", ""3077623706290117829_58592450452"", ""3079003990482803110_58592450452"", ""3079153449506379004_1383087005"", ""3079729477618398227_1383087005""]",8,"[""3069885202776855998_58592450452"", ""3076407989632837351_58592450452"", ""3077132741834078033_58592450452"", ""3077558572272305113_1383087005"", ""3077623706290117829_58592450452"", ""3079003990482803110_58592450452"", ""3079153449506379004_1383087005"", ""3079729477618398227_1383087005""]",8,0,0,14d_plus_prev_context
w_000248,food.nius,val,0,negative_14d,2023-04-08 12:20:00+00:00,2023-04-22 12:20:00+00:00,42,0,1.745277575196765e-18,"[""3076407989632837351_58592450452"", ""3077132741834078033_58592450452"", ""3077558572272305113_1383087005"", ""3077623706290117829_58592450452"", ""3079003990482803110_58592450452"", ""3079153449506379004_1383087005"", ""3079729477618398227_1383087005"", ""3080455798422186762_1383087005"", ""3080633251488769263_58592450452"", ""3080634577845151112_58592450452"", ""3080645691534316125_58592450452"", ""3080646300891193644_58592450452"", ""3080646984973795551_58592450452"", ""3080648856916848870_58592450452"", ""3080657227866945043_58592450452"", ""3080657641903266607_58592450452"", ""3080657914558343779_58592450452"", ""3080660267059521304_58592450452"", ""3080660482663604671_58592450452"", ""3080663469091815439_58592450452"", ""3080663882574729870_58592450452"", ""3080667337263663236_58592450452"", ""3080667597201451073_58592450452"", ""3080667818106986056_58592450452"", ""3080672366594877417_58592450452"", ""3080672613194624437_58592450452"", ""3080673491154705290_58592450452"", ""3080673757484622217_58592450452"", ""3080673982676932760_58592450452"", ""3080674210368724915_58592450452"", ""3081481471022383210_58592450452"", ""3082206114062607268_58592450452"", ""3082628887834731651_58592450452"", ""3084078142523440677_58592450452"", ""3084803770807123131_58592450452"", ""3085664036516086925_58592450452"", ""3085684026350877198_58592450452"", ""3085694172170909984_58592450452"", ""3085698965102884067_58592450452"", ""3085720884090803336_58592450452"", ""3085722769044308305_58592450452"", ""3085724813600045113_58592450452""]",42,"[""3084803770807123131_58592450452"", ""3085664036516086925_58592450452"", ""3085684026350877198_58592450452"", ""3085694172170909984_58592450452"", ""3085698965102884067_58592450452"", ""3085720884090803336_58592450452"", ""3085722769044308305_58592450452"", ""3085724813600045113_58592450452""]",8,0,0,14d_plus_prev_context
w_000249,food.nius,val,0,negative_14d,2023-04-14 08:46:23+00:00,2023-04-28 08:46:23+00:00,31,0,3.171072638477173e-19,"[""3080648856916848870_58592450452"", ""3080657227866945043_58592450452"", ""3080657641903266607_58592450452"", ""3080657914558343779_58592450452"", ""3080660267059521304_58592450452"", ""3080660482663604671_58592450452"", ""3080663469091815439_58592450452"", ""3080663882574729870_58592450452"", ""3080667337263663236_58592450452"", ""3080667597201451073_58592450452"", ""3080667818106986056_58592450452"", ""3080672366594877417_58592450452"", ""3080672613194624437_58592450452"", ""3080673491154705290_58592450452"", ""3080673757484622217_58592450452"", ""3080673982676932760_58592450452"", ""3080674210368724915_58592450452"", ""3081481471022383210_58592450452"", ""3082206114062607268_58592450452"", ""3082628887834731651_58592450452"", ""3084078142523440677_58592450452"", ""3084803770807123131_58592450452"", ""3085664036516086925_58592450452"", ""3085684026350877198_58592450452"", ""3085694172170909984_58592450452"", ""3085698965102884067_58592450452"", ""3085720884090803336_58592450452"", ""3085722769044308305_58592450452"", ""3085724813600045113_58592450452"", ""3087724029222569501_58592450452"", ""3089885606650584087_58592450452""]",31,"[""3085684026350877198_58592450452"", ""3085694172170909984_58592450452"", ""3085698965102884067_58592450452"", ""3085720884090803336_58592450452"", ""3085722769044308305_58592450452"", ""3085724813600045113_58592450452"", ""3087724029222569501_58592450452"", ""3089885606650584087_58592450452""]",8,0,0,14d_plus_prev_context
w_000250,food_share_anywhere,train,0,negative_14d,2021-08-20 03:03:49+00:00,2021-09-03 03:03:49+00:00,6,0,8.880170496528475e-19,"[""2644161451042043407_46277224139"", ""2646628471432258741_46277224139"", ""2648477127613535727_46277224139"", ""2649180115202063466_46277224139"", ""2649280992206328685_46277224139"", ""2651594632273972629_46277224139""]",6,"[""2610290231851763120_46277224139"", ""2611642236939781841_46277224139"", ""2644161451042043407_46277224139"", ""2646628471432258741_46277224139"", ""2648477127613535727_46277224139"", ""2649180115202063466_46277224139"", ""2649280992206328685_46277224139"", ""2651594632273972629_46277224139""]",8,2,0,14d_plus_prev_context
w_000251,food_share_anywhere,train,0,negative_14d,2021-08-23 12:45:21+00:00,2021-09-06 12:45:21+00:00,6,0,1.0304874567293852e-18,"[""2646628471432258741_46277224139"", ""2648477127613535727_46277224139"", ""2649180115202063466_46277224139"", ""2649280992206328685_46277224139"", ""2651594632273972629_46277224139"", ""2655265249118630049_46277224139""]",6,"[""2611642236939781841_46277224139"", ""2644161451042043407_46277224139"", ""2646628471432258741_46277224139"", ""2648477127613535727_46277224139"", ""2649180115202063466_46277224139"", ""2649280992206328685_46277224139"", ""2651594632273972629_46277224139"", ""2655265249118630049_46277224139""]",8,2,0,14d_plus_prev_context
w_000252,food_share_anywhere,train,0,negative_14d,2021-08-27 04:35:26+00:00,2021-09-10 04:35:26+00:00,4,0,7.142515598012471e-19,"[""2649280992206328685_46277224139"", ""2651594632273972629_46277224139"", ""2655265249118630049_46277224139"", ""2658141462876987351_46277224139""]",4,"[""2644161451042043407_46277224139"", ""2646628471432258741_46277224139"", ""2648477127613535727_46277224139"", ""2649180115202063466_46277224139"", ""2649280992206328685_46277224139"", ""2651594632273972629_46277224139"", ""2655265249118630049_46277224139"", ""2658141462876987351_46277224139""]",8,4,0,14d_plus_prev_context
w_000253,foodie.bongbong,train,0,negative_14d,2023-03-01 03:01:56+00:00,2023-03-15 03:01:56+00:00,15,0,1.8145581669664057e-19,"[""3048585361558407083_58409891098"", ""3048695002770638027_58409891098"", ""3048771237802445935_58409891098"", ""3050064196510497101_58409891098"", ""3050774266132662455_58409891098"", ""3050985580201319056_58409891098"", ""3051695358107049604_58409891098"", ""3052424975466007944_58409891098"", ""3053243810804918176_58409891098"", ""3053884512443968060_58409891098"", ""3054710445542667471_58409891098"", ""3055480296503466860_58409891098"", ""3055837685838892136_58409891098"", ""3057297202709449269_58409891098"", ""3058253662799063310_58409891098""]",15,"[""3052424975466007944_58409891098"", ""3053243810804918176_58409891098"", ""3053884512443968060_58409891098"", ""3054710445542667471_58409891098"", ""3055480296503466860_58409891098"", ""3055837685838892136_58409891098"", ""3057297202709449269_58409891098"", ""3058253662799063310_58409891098""]",8,0,0,14d_plus_prev_context
w_000254,foodie.bongbong,train,0,negative_14d,2023-03-03 04:00:00+00:00,2023-03-17 04:00:00+00:00,14,0,9.338253652035072e-20,"[""3050064196510497101_58409891098"", ""3050774266132662455_58409891098"", ""3050985580201319056_58409891098"", ""3051695358107049604_58409891098"", ""3052424975466007944_58409891098"", ""3053243810804918176_58409891098"", ""3053884512443968060_58409891098"", ""3054710445542667471_58409891098"", ""3055480296503466860_58409891098"", ""3055837685838892136_58409891098"", ""3057297202709449269_58409891098"", ""3058253662799063310_58409891098"", ""3058942659013582047_58409891098"", ""3059652802451996481_58409891098""]",14,"[""3053884512443968060_58409891098"", ""3054710445542667471_58409891098"", ""3055480296503466860_58409891098"", ""3055837685838892136_58409891098"", ""3057297202709449269_58409891098"", ""3058253662799063310_58409891098"", ""3058942659013582047_58409891098"", ""3059652802451996481_58409891098""]",8,0,0,14d_plus_prev_context
w_000255,foodie.bongbong,train,0,negative_14d,2023-03-05 10:00:00+00:00,2023-03-19 10:00:00+00:00,12,0,1.0621769752413743e-19,"[""3051695358107049604_58409891098"", ""3052424975466007944_58409891098"", ""3053243810804918176_58409891098"", ""3053884512443968060_58409891098"", ""3054710445542667471_58409891098"", ""3055480296503466860_58409891098"", ""3055837685838892136_58409891098"", ""3057297202709449269_58409891098"", ""3058253662799063310_58409891098"", ""3058942659013582047_58409891098"", ""3059652802451996481_58409891098"", ""3061647348555662173_58409891098""]",12,"[""3054710445542667471_58409891098"", ""3055480296503466860_58409891098"", ""3055837685838892136_58409891098"", ""3057297202709449269_58409891098"", ""3058253662799063310_58409891098"", ""3058942659013582047_58409891098"", ""3059652802451996481_58409891098"", ""3061647348555662173_58409891098""]",8,0,0,14d_plus_prev_context
w_000256,foodie_nana_,train,0,negative_14d,2019-03-05 11:09:24+00:00,2019-03-19 11:09:24+00:00,11,0,8.27033802084944e-14,"[""1992832469057697773_1911646380"", ""1993605477699461448_1911646380"", ""1994294508305441949_1911646380"", ""1995026412163943306_1911646380"", ""1995757410044364514_1911646380"", ""1996259540543102676_1911646380"", ""1997212479449447225_1911646380"", ""1998666686765206522_1911646380"", ""1999384376865969521_1911646380"", ""2000829288413103480_1911646380"", ""2002273903330648435_1911646380""]",11,"[""1995026412163943306_1911646380"", ""1995757410044364514_1911646380"", ""1996259540543102676_1911646380"", ""1997212479449447225_1911646380"", ""1998666686765206522_1911646380"", ""1999384376865969521_1911646380"", ""2000829288413103480_1911646380"", ""2002273903330648435_1911646380""]",8,0,0,14d_plus_prev_context
w_000257,foodie_nana_,train,0,negative_14d,2019-03-07 11:34:13+00:00,2019-03-21 11:34:13+00:00,10,0,9.189091939637116e-14,"[""1994294508305441949_1911646380"", ""1995026412163943306_1911646380"", ""1995757410044364514_1911646380"", ""1996259540543102676_1911646380"", ""1997212479449447225_1911646380"", ""1998666686765206522_1911646380"", ""1999384376865969521_1911646380"", ""2000829288413103480_1911646380"", ""2002273903330648435_1911646380"", ""2003722611033290275_1911646380""]",10,"[""1995757410044364514_1911646380"", ""1996259540543102676_1911646380"", ""1997212479449447225_1911646380"", ""1998666686765206522_1911646380"", ""1999384376865969521_1911646380"", ""2000829288413103480_1911646380"", ""2002273903330648435_1911646380"", ""2003722611033290275_1911646380""]",8,0,0,14d_plus_prev_context
w_000258,foodie_nana_,train,0,negative_14d,2019-03-08 11:48:22+00:00,2019-03-22 11:48:22+00:00,11,0,8.378982913854203e-14,"[""1995026412163943306_1911646380"", ""1995757410044364514_1911646380"", ""1996259540543102676_1911646380"", ""1997212479449447225_1911646380"", ""1998666686765206522_1911646380"", ""1999384376865969521_1911646380"", ""2000829288413103480_1911646380"", ""2002273903330648435_1911646380"", ""2003722611033290275_1911646380"", ""2004477688052207010_1911646380"", ""2005170031705417159_1911646380""]",11,"[""1997212479449447225_1911646380"", ""1998666686765206522_1911646380"", ""1999384376865969521_1911646380"", ""2000829288413103480_1911646380"", ""2002273903330648435_1911646380"", ""2003722611033290275_1911646380"", ""2004477688052207010_1911646380"", ""2005170031705417159_1911646380""]",8,0,0,14d_plus_prev_context
w_000259,foodie_tuna0415,train,0,negative_14d,2024-02-17 10:49:00+00:00,2024-03-02 10:49:00+00:00,6,0,1.7794280263717147e-13,"[""3304666273609123778_63980530571"", ""3306215264033344540_63980530571"", ""3306870123300632617_63980530571"", ""3308301043496907614_63980530571"", ""3310401896886245028_63980530571"", ""3313426649003639522_63980530571""]",6,"[""3304666273609123778_63980530571"", ""3306215264033344540_63980530571"", ""3306870123300632617_63980530571"", ""3308301043496907614_63980530571"", ""3310401896886245028_63980530571"", ""3313426649003639522_63980530571""]",6,0,2,14d_plus_prev_context
w_000260,foodie_tuna0415,train,0,negative_14d,2024-02-20 11:47:39+00:00,2024-03-05 11:47:39+00:00,4,0,2.6518396581040367e-13,"[""3306870123300632617_63980530571"", ""3308301043496907614_63980530571"", ""3310401896886245028_63980530571"", ""3313426649003639522_63980530571""]",4,"[""3304666273609123778_63980530571"", ""3306215264033344540_63980530571"", ""3306870123300632617_63980530571"", ""3308301043496907614_63980530571"", ""3310401896886245028_63980530571"", ""3313426649003639522_63980530571""]",6,2,2,14d_plus_prev_context
w_000261,foodie_tuna0415,train,0,negative_14d,2024-02-22 11:10:38+00:00,2024-03-07 11:10:38+00:00,3,0,1.2159020156162875e-14,"[""3308301043496907614_63980530571"", ""3310401896886245028_63980530571"", ""3313426649003639522_63980530571""]",3,"[""3304666273609123778_63980530571"", ""3306215264033344540_63980530571"", ""3306870123300632617_63980530571"", ""3308301043496907614_63980530571"", ""3310401896886245028_63980530571"", ""3313426649003639522_63980530571""]",6,3,2,14d_plus_prev_context
w_000262,foodjiwara,val,0,negative_14d,2019-11-03 09:41:57+00:00,2019-11-17 09:41:57+00:00,5,0,3.847331510780909e-17,"[""2168908955455384620_12419890290"", ""2172086004823322243_12419890290"", ""2173351085074655131_12419890290"", ""2173903475112809641_12419890290"", ""2177765828598359748_12419890290""]",5,"[""2157198655282947074_12419890290"", ""2168908955455384620_12419890290"", ""2172086004823322243_12419890290"", ""2173351085074655131_12419890290"", ""2173903475112809641_12419890290"", ""2177765828598359748_12419890290""]",6,1,2,14d_plus_prev_context
w_000263,foodjiwara,val,0,negative_14d,2019-11-07 18:54:11+00:00,2019-11-21 18:54:11+00:00,5,0,2.824469346753193e-17,"[""2172086004823322243_12419890290"", ""2173351085074655131_12419890290"", ""2173903475112809641_12419890290"", ""2177765828598359748_12419890290"", ""2179196479000067404_12419890290""]",5,"[""2157198655282947074_12419890290"", ""2168908955455384620_12419890290"", ""2172086004823322243_12419890290"", ""2173351085074655131_12419890290"", ""2173903475112809641_12419890290"", ""2177765828598359748_12419890290"", ""2179196479000067404_12419890290""]",7,2,1,14d_plus_prev_context
w_000264,foodjiwara,val,0,negative_14d,2019-11-09 12:47:40+00:00,2019-11-23 12:47:40+00:00,5,0,1.1769105803808104e-16,"[""2173351085074655131_12419890290"", ""2173903475112809641_12419890290"", ""2177765828598359748_12419890290"", ""2179196479000067404_12419890290"", ""2182851239653685149_12419890290""]",5,"[""2157198655282947074_12419890290"", ""2168908955455384620_12419890290"", ""2172086004823322243_12419890290"", ""2173351085074655131_12419890290"", ""2173903475112809641_12419890290"", ""2177765828598359748_12419890290"", ""2179196479000067404_12419890290"", ""2182851239653685149_12419890290""]",8,3,0,14d_plus_prev_context
w_000265,fourestvibe,train,0,negative_14d,2024-01-12 13:49:28+00:00,2024-01-26 13:49:28+00:00,8,0,3.0069926303729995e-14,"[""3278665183748488717_64173747139"", ""3279845635912499528_64173747139"", ""3280746734329724391_64173747139"", ""3282327906784515696_64173747139"", ""3283777582255691903_64173747139"", ""3284919037393369293_64173747139"", ""3286527958004425164_64173747139"", ""3288123025215415986_64173747139""]",8,"[""3278665183748488717_64173747139"", ""3279845635912499528_64173747139"", ""3280746734329724391_64173747139"", ""3282327906784515696_64173747139"", ""3283777582255691903_64173747139"", ""3284919037393369293_64173747139"", ""3286527958004425164_64173747139"", ""3288123025215415986_64173747139""]",8,0,0,14d_plus_prev_context
w_000266,fourestvibe,train,0,negative_14d,2024-01-14 04:54:49+00:00,2024-01-28 04:54:49+00:00,8,0,6.68024158705056e-14,"[""3279845635912499528_64173747139"", ""3280746734329724391_64173747139"", ""3282327906784515696_64173747139"", ""3283777582255691903_64173747139"", ""3284919037393369293_64173747139"", ""3286527958004425164_64173747139"", ""3288123025215415986_64173747139"", ""3289942004128941327_64173747139""]",8,"[""3279845635912499528_64173747139"", ""3280746734329724391_64173747139"", ""3282327906784515696_64173747139"", ""3283777582255691903_64173747139"", ""3284919037393369293_64173747139"", ""3286527958004425164_64173747139"", ""3288123025215415986_64173747139"", ""3289942004128941327_64173747139""]",8,0,0,14d_plus_prev_context
w_000267,fourestvibe,train,0,negative_14d,2024-01-17 15:06:39+00:00,2024-01-31 15:06:39+00:00,8,0,6.523819698629064e-14,"[""3282327906784515696_64173747139"", ""3283777582255691903_64173747139"", ""3284919037393369293_64173747139"", ""3286527958004425164_64173747139"", ""3288123025215415986_64173747139"", ""3289942004128941327_64173747139"", ""3290935910597445406_64173747139"", ""3292396490504895375_64173747139""]",8,"[""3282327906784515696_64173747139"", ""3283777582255691903_64173747139"", ""3284919037393369293_64173747139"", ""3286527958004425164_64173747139"", ""3288123025215415986_64173747139"", ""3289942004128941327_64173747139"", ""3290935910597445406_64173747139"", ""3292396490504895375_64173747139""]",8,0,0,14d_plus_prev_context
w_000268,freedom122021,train,0,negative_14d,2018-07-21 03:11:32+00:00,2018-08-04 03:11:32+00:00,6,0,2.7586293985595925e-16,"[""1828067858715025774_3567176863"", ""1829686676205949510_3567176863"", ""1830411053058824004_3567176863"", ""1833941342481556782_3567176863"", ""1835563372885023132_3567176863"", ""1836790692278729977_3567176863""]",6,"[""1828067858715025774_3567176863"", ""1829686676205949510_3567176863"", ""1830411053058824004_3567176863"", ""1833941342481556782_3567176863"", ""1835563372885023132_3567176863"", ""1836790692278729977_3567176863""]",6,0,2,14d_plus_prev_context
w_000269,freedom122021,train,0,negative_14d,2018-07-23 08:47:50+00:00,2018-08-06 08:47:50+00:00,8,0,2.2209763519945227e-16,"[""1829686676205949510_3567176863"", ""1830411053058824004_3567176863"", ""1833941342481556782_3567176863"", ""1835563372885023132_3567176863"", ""1836790692278729977_3567176863"", ""1838242680631888469_3567176863"", ""1838977216399485000_3567176863"", ""1839751526340701824_3567176863""]",8,"[""1829686676205949510_3567176863"", ""1830411053058824004_3567176863"", ""1833941342481556782_3567176863"", ""1835563372885023132_3567176863"", ""1836790692278729977_3567176863"", ""1838242680631888469_3567176863"", ""1838977216399485000_3567176863"", ""1839751526340701824_3567176863""]",8,0,0,14d_plus_prev_context
w_000270,freedom122021,train,0,negative_14d,2018-07-29 05:41:06+00:00,2018-08-12 05:41:06+00:00,6,0,2.957455444045677e-16,"[""1833941342481556782_3567176863"", ""1835563372885023132_3567176863"", ""1836790692278729977_3567176863"", ""1838242680631888469_3567176863"", ""1838977216399485000_3567176863"", ""1839751526340701824_3567176863""]",6,"[""1829686676205949510_3567176863"", ""1830411053058824004_3567176863"", ""1833941342481556782_3567176863"", ""1835563372885023132_3567176863"", ""1836790692278729977_3567176863"", ""1838242680631888469_3567176863"", ""1838977216399485000_3567176863"", ""1839751526340701824_3567176863""]",8,2,0,14d_plus_prev_context
w_000271,frog_egghead,train,0,negative_14d,2025-09-16 06:00:03+00:00,2025-09-30 06:00:03+00:00,17,0,1.513934729752452e-11,"[""3722716435484739297_4311617318"", ""3722719150147345714_4311617318"", ""3722720773259094791_4311617318"", ""3722725056012603594_4311617318"", ""3723499495019811283_4311617318"", ""3723501225296010687_4311617318"", ""3723503304244760956_4311617318"", ""3724897097737060597_4311617318"", ""3724900079216142349_4311617318"", ""3727799477604460328_4311617318"", ""3727811604620783513_4311617318"", ""3728517915926885008_4311617318"", ""3728522445112509228_4311617318"", ""3728528290554639415_4311617318"", ""3729805118692096768_4311617318"", ""3729807638218931725_4311617318"", ""3729809040383137540_4311617318""]",17,"[""3727799477604460328_4311617318"", ""3727811604620783513_4311617318"", ""3728517915926885008_4311617318"", ""3728522445112509228_4311617318"", ""3728528290554639415_4311617318"", ""3729805118692096768_4311617318"", ""3729807638218931725_4311617318"", ""3729809040383137540_4311617318""]",8,0,0,14d_plus_prev_context
w_000272,frog_egghead,train,0,negative_14d,2025-09-17 07:55:51+00:00,2025-10-01 07:55:51+00:00,13,0,1.9792726647926555e-11,"[""3723499495019811283_4311617318"", ""3723501225296010687_4311617318"", ""3723503304244760956_4311617318"", ""3724897097737060597_4311617318"", ""3724900079216142349_4311617318"", ""3727799477604460328_4311617318"", ""3727811604620783513_4311617318"", ""3728517915926885008_4311617318"", ""3728522445112509228_4311617318"", ""3728528290554639415_4311617318"", ""3729805118692096768_4311617318"", ""3729807638218931725_4311617318"", ""3729809040383137540_4311617318""]",13,"[""3727799477604460328_4311617318"", ""3727811604620783513_4311617318"", ""3728517915926885008_4311617318"", ""3728522445112509228_4311617318"", ""3728528290554639415_4311617318"", ""3729805118692096768_4311617318"", ""3729807638218931725_4311617318"", ""3729809040383137540_4311617318""]",8,0,0,14d_plus_prev_context
w_000273,frog_egghead,train,0,negative_14d,2025-09-19 06:12:38+00:00,2025-10-03 06:12:38+00:00,10,0,2.3538103361697163e-11,"[""3724897097737060597_4311617318"", ""3724900079216142349_4311617318"", ""3727799477604460328_4311617318"", ""3727811604620783513_4311617318"", ""3728517915926885008_4311617318"", ""3728522445112509228_4311617318"", ""3728528290554639415_4311617318"", ""3729805118692096768_4311617318"", ""3729807638218931725_4311617318"", ""3729809040383137540_4311617318""]",10,"[""3727799477604460328_4311617318"", ""3727811604620783513_4311617318"", ""3728517915926885008_4311617318"", ""3728522445112509228_4311617318"", ""3728528290554639415_4311617318"", ""3729805118692096768_4311617318"", ""3729807638218931725_4311617318"", ""3729809040383137540_4311617318""]",8,0,0,14d_plus_prev_context
w_000274,gladys.tsai,val,0,negative_14d,2018-05-24 15:06:06+00:00,2018-06-07 15:06:06+00:00,4,0,9.091762470343548e-11,"[""1786390524418915392_371045487"", ""1788486530686100005_371045487"", ""1792109609815562204_371045487"", ""1793543583775577890_371045487""]",4,"[""1714513789473080320_371045487"", ""1715987674047450187_371045487"", ""1747959298342724432_371045487"", ""1778385772259244061_371045487"", ""1786390524418915392_371045487"", ""1788486530686100005_371045487"", ""1792109609815562204_371045487"", ""1793543583775577890_371045487""]",8,4,0,14d_plus_prev_context
w_000275,gladys.tsai,val,0,negative_14d,2018-05-27 12:30:30+00:00,2018-06-10 12:30:30+00:00,3,0,1.2111568122795805e-10,"[""1788486530686100005_371045487"", ""1792109609815562204_371045487"", ""1793543583775577890_371045487""]",3,"[""1714513789473080320_371045487"", ""1715987674047450187_371045487"", ""1747959298342724432_371045487"", ""1778385772259244061_371045487"", ""1786390524418915392_371045487"", ""1788486530686100005_371045487"", ""1792109609815562204_371045487"", ""1793543583775577890_371045487""]",8,5,0,14d_plus_prev_context
w_000276,gladys.tsai,val,0,negative_14d,2018-07-15 14:09:25+00:00,2018-07-29 14:09:25+00:00,3,0,1.1950577860816842e-08,"[""1824050331527259565_371045487"", ""1831325837280849436_371045487"", ""1834030748351093756_371045487""]",3,"[""1792109609815562204_371045487"", ""1793543583775577890_371045487"", ""1809470440685240796_371045487"", ""1813762130216542592_371045487"", ""1821096149614609758_371045487"", ""1824050331527259565_371045487"", ""1831325837280849436_371045487"", ""1834030748351093756_371045487""]",8,5,0,14d_plus_prev_context
w_000277,goooo9t,train,0,negative_14d,2025-03-12 14:00:32+00:00,2025-03-26 14:00:32+00:00,4,0,0.00034196157943724016,"[""3586700434242692690_52860904893"", ""3589467016664858916_52860904893"", ""3590114823209704160_52860904893"", ""3594568557436554502_52860904893""]",4,"[""3063406207525666229_52860904893"", ""3422176523537728055_52860904893"", ""3425800364102109248_52860904893"", ""3439570066154769249_52860904893"", ""3586700434242692690_52860904893"", ""3589467016664858916_52860904893"", ""3590114823209704160_52860904893"", ""3594568557436554502_52860904893""]",8,4,0,14d_plus_prev_context
w_000278,goooo9t,train,0,negative_14d,2025-03-16 09:37:14+00:00,2025-03-30 09:37:14+00:00,3,0,0.0002287248266461869,"[""3589467016664858916_52860904893"", ""3590114823209704160_52860904893"", ""3594568557436554502_52860904893""]",3,"[""3063406207525666229_52860904893"", ""3422176523537728055_52860904893"", ""3425800364102109248_52860904893"", ""3439570066154769249_52860904893"", ""3586700434242692690_52860904893"", ""3589467016664858916_52860904893"", ""3590114823209704160_52860904893"", ""3594568557436554502_52860904893""]",8,5,0,14d_plus_prev_context
w_000279,goooo9t,train,0,negative_14d,2025-04-01 12:01:10+00:00,2025-04-15 12:01:10+00:00,4,0,5.399653808023448e-15,"[""3601135871541547998_52860904893"", ""3604794457188322773_52860904893"", ""3608101079213792043_52860904893"", ""3610546762873384963_52860904893""]",4,"[""3586700434242692690_52860904893"", ""3589467016664858916_52860904893"", ""3590114823209704160_52860904893"", ""3594568557436554502_52860904893"", ""3601135871541547998_52860904893"", ""3604794457188322773_52860904893"", ""3608101079213792043_52860904893"", ""3610546762873384963_52860904893""]",8,4,0,14d_plus_prev_context
w_000280,grow_study_,train,0,negative_14d,2024-01-21 08:38:57+00:00,2024-02-04 08:38:57+00:00,12,0,4.924031041814817e-16,"[""3285031870294488964_59251898911"", ""3285720926141668057_59251898911"", ""3286466091198379970_59251898911"", ""3287310103971002566_59251898911"", ""3288043108398106589_59251898911"", ""3288752632432027460_59251898911"", ""3289453504564759973_59251898911"", ""3290233758447155581_59251898911"", ""3291529614504987252_59251898911"", ""3292352292371413139_59251898911"", ""3293131274088062986_59251898911"", ""3294415601262229919_59251898911""]",12,"[""3288043108398106589_59251898911"", ""3288752632432027460_59251898911"", ""3289453504564759973_59251898911"", ""3290233758447155581_59251898911"", ""3291529614504987252_59251898911"", ""3292352292371413139_59251898911"", ""3293131274088062986_59251898911"", ""3294415601262229919_59251898911""]",8,0,0,14d_plus_prev_context
w_000281,grow_study_,train,0,negative_14d,2024-01-23 08:08:29+00:00,2024-02-06 08:08:29+00:00,11,0,2.9993860307819126e-15,"[""3286466091198379970_59251898911"", ""3287310103971002566_59251898911"", ""3288043108398106589_59251898911"", ""3288752632432027460_59251898911"", ""3289453504564759973_59251898911"", ""3290233758447155581_59251898911"", ""3291529614504987252_59251898911"", ""3292352292371413139_59251898911"", ""3293131274088062986_59251898911"", ""3294415601262229919_59251898911"", ""3295982116201715799_59251898911""]",11,"[""3288752632432027460_59251898911"", ""3289453504564759973_59251898911"", ""3290233758447155581_59251898911"", ""3291529614504987252_59251898911"", ""3292352292371413139_59251898911"", ""3293131274088062986_59251898911"", ""3294415601262229919_59251898911"", ""3295982116201715799_59251898911""]",8,0,0,14d_plus_prev_context
w_000282,grow_study_,train,0,negative_14d,2024-01-25 12:21:44+00:00,2024-02-08 12:21:44+00:00,10,0,1.337335123332313e-10,"[""3288043108398106589_59251898911"", ""3288752632432027460_59251898911"", ""3289453504564759973_59251898911"", ""3290233758447155581_59251898911"", ""3291529614504987252_59251898911"", ""3292352292371413139_59251898911"", ""3293131274088062986_59251898911"", ""3294415601262229919_59251898911"", ""3295982116201715799_59251898911"", ""3297443258388223900_59251898911""]",10,"[""3289453504564759973_59251898911"", ""3290233758447155581_59251898911"", ""3291529614504987252_59251898911"", ""3292352292371413139_59251898911"", ""3293131274088062986_59251898911"", ""3294415601262229919_59251898911"", ""3295982116201715799_59251898911"", ""3297443258388223900_59251898911""]",8,0,0,14d_plus_prev_context
w_000283,hanburger_itjan,train,0,negative_14d,2021-08-24 01:02:45+00:00,2021-09-07 01:02:45+00:00,4,0,7.944848130214677e-07,"[""2646999612768154156_32916940931"", ""2649296661773577934_32916940931"", ""2652316001511127406_32916940931"", ""2654552079814969937_32916940931""]",4,"[""2640158481099102089_32916940931"", ""2644368501298954021_32916940931"", ""2646999612768154156_32916940931"", ""2649296661773577934_32916940931"", ""2652316001511127406_32916940931"", ""2654552079814969937_32916940931""]",6,2,2,14d_plus_prev_context
w_000284,hanburger_itjan,train,0,negative_14d,2021-08-27 05:06:34+00:00,2021-09-10 05:06:34+00:00,4,0,7.955132535902854e-07,"[""2649296661773577934_32916940931"", ""2652316001511127406_32916940931"", ""2654552079814969937_32916940931"", ""2657205529392708808_32916940931""]",4,"[""2640158481099102089_32916940931"", ""2644368501298954021_32916940931"", ""2646999612768154156_32916940931"", ""2649296661773577934_32916940931"", ""2652316001511127406_32916940931"", ""2654552079814969937_32916940931"", ""2657205529392708808_32916940931""]",7,3,1,14d_plus_prev_context
w_000285,hanburger_itjan,train,0,negative_14d,2021-08-31 09:05:27+00:00,2021-09-14 09:05:27+00:00,5,0,7.93449424996151e-07,"[""2652316001511127406_32916940931"", ""2654552079814969937_32916940931"", ""2657205529392708808_32916940931"", ""2659560940057787382_32916940931"", ""2661760079369735344_32916940931""]",5,"[""2644368501298954021_32916940931"", ""2646999612768154156_32916940931"", ""2649296661773577934_32916940931"", ""2652316001511127406_32916940931"", ""2654552079814969937_32916940931"", ""2657205529392708808_32916940931"", ""2659560940057787382_32916940931"", ""2661760079369735344_32916940931""]",8,3,0,14d_plus_prev_context
w_000286,hao_emo520,train,0,negative_14d,2024-04-21 10:39:44+00:00,2024-05-05 10:39:44+00:00,14,0,0.006821600695453877,"[""3351046770779382309_56024471228"", ""3351754046473368355_56024471228"", ""3352472103751740764_56024471228"", ""3353252516447291929_56024471228"", ""3353931832510688532_56024471228"", ""3354572852350501161_56024471228"", ""3355396523445108228_56024471228"", ""3356150013238720766_56024471228"", ""3356847831976857375_56024471228"", ""3357591649118567879_56024471228"", ""3358409702387453768_56024471228"", ""3359069293072734834_56024471228"", ""3359859923386415189_56024471228"", ""3360535661982977484_56024471228""]",14,"[""3355396523445108228_56024471228"", ""3356150013238720766_56024471228"", ""3356847831976857375_56024471228"", ""3357591649118567879_56024471228"", ""3358409702387453768_56024471228"", ""3359069293072734834_56024471228"", ""3359859923386415189_56024471228"", ""3360535661982977484_56024471228""]",8,0,0,14d_plus_prev_context
w_000287,hao_emo520,train,0,negative_14d,2024-04-25 10:12:30+00:00,2024-05-09 10:12:30+00:00,12,0,0.006120674754527003,"[""3353931832510688532_56024471228"", ""3354572852350501161_56024471228"", ""3355396523445108228_56024471228"", ""3356150013238720766_56024471228"", ""3356847831976857375_56024471228"", ""3357591649118567879_56024471228"", ""3358409702387453768_56024471228"", ""3359069293072734834_56024471228"", ""3359859923386415189_56024471228"", ""3360535661982977484_56024471228"", ""3361337860908420958_56024471228"", ""3362763268254155314_56024471228""]",12,"[""3356847831976857375_56024471228"", ""3357591649118567879_56024471228"", ""3358409702387453768_56024471228"", ""3359069293072734834_56024471228"", ""3359859923386415189_56024471228"", ""3360535661982977484_56024471228"", ""3361337860908420958_56024471228"", ""3362763268254155314_56024471228""]",8,0,0,14d_plus_prev_context
w_000288,hao_emo520,train,0,negative_14d,2024-08-15 07:22:51+00:00,2024-08-29 07:22:51+00:00,29,0,3.933967951744166e-14,"[""3435021988849408066_56024471228"", ""3435211225561341124_56024471228"", ""3435747604305481642_56024471228"", ""3435959036854884408_56024471228"", ""3436485155886533989_56024471228"", ""3436666517390221622_56024471228"", ""3437223201976271829_56024471228"", ""3437410310271929321_56024471228"", ""3437930241287724933_56024471228"", ""3438110007026331747_56024471228"", ""3438647710188954714_56024471228"", ""3438840066859306659_56024471228"", ""3439409138357363008_56024471228"", ""3439577366278824687_56024471228"", ""3440141043516189360_56024471228"", ""3440305364695127562_56024471228"", ""3440825841691778458_56024471228"", ""3441014404639253924_56024471228"", ""3441545677522823599_56024471228"", ""3441724193107123223_56024471228"", ""3442267155608255343_56024471228"", ""3442475672705224787_56024471228"", ""3442991207243255571_56024471228"", ""3443196299472813558_56024471228"", ""3443734617201582905_56024471228"", ""3443918088951948631_56024471228"", ""3444449743081000865_56024471228"", ""3444655047508899897_56024471228"", ""3445163690570336554_56024471228""]",29,"[""3442475672705224787_56024471228"", ""3442991207243255571_56024471228"", ""3443196299472813558_56024471228"", ""3443734617201582905_56024471228"", ""3443918088951948631_56024471228"", ""3444449743081000865_56024471228"", ""3444655047508899897_56024471228"", ""3445163690570336554_56024471228""]",8,0,0,14d_plus_prev_context
w_000289,healing.matters_,train,0,negative_14d,2024-10-20 14:47:42+00:00,2024-11-03 14:47:42+00:00,11,0,0.08252149757171828,"[""3483081242996643357_69548154290"", ""3483842990829849501_69548154290"", ""3485291155663667763_69548154290"", ""3486053138386364656_69548154290"", ""3488065927917274649_69548154290"", ""3488915320555842532_69548154290"", ""3490362961347363965_69548154290"", ""3490915930996088635_69548154290"", ""3491643927214490611_69548154290"", ""3492527489159669902_69548154290"", ""3493134268717386239_69548154290""]",11,"[""3486053138386364656_69548154290"", ""3488065927917274649_69548154290"", ""3488915320555842532_69548154290"", ""3490362961347363965_69548154290"", ""3490915930996088635_69548154290"", ""3491643927214490611_69548154290"", ""3492527489159669902_69548154290"", ""3493134268717386239_69548154290""]",8,0,0,14d_plus_prev_context
w_000290,healing.matters_,train,0,negative_14d,2024-10-24 17:12:19+00:00,2024-11-07 17:12:19+00:00,11,0,0.04724635394172207,"[""3486053138386364656_69548154290"", ""3488065927917274649_69548154290"", ""3488915320555842532_69548154290"", ""3490362961347363965_69548154290"", ""3490915930996088635_69548154290"", ""3491643927214490611_69548154290"", ""3492527489159669902_69548154290"", ""3493134268717386239_69548154290"", ""3493929044010261185_69548154290"", ""3495019127186404903_69548154290"", ""3495455403949901389_69548154290""]",11,"[""3490362961347363965_69548154290"", ""3490915930996088635_69548154290"", ""3491643927214490611_69548154290"", ""3492527489159669902_69548154290"", ""3493134268717386239_69548154290"", ""3493929044010261185_69548154290"", ""3495019127186404903_69548154290"", ""3495455403949901389_69548154290""]",8,0,0,14d_plus_prev_context
w_000291,healing.matters_,train,0,negative_14d,2024-10-27 11:51:22+00:00,2024-11-10 11:51:22+00:00,13,0,0.0400024486736105,"[""3488065927917274649_69548154290"", ""3488915320555842532_69548154290"", ""3490362961347363965_69548154290"", ""3490915930996088635_69548154290"", ""3491643927214490611_69548154290"", ""3492527489159669902_69548154290"", ""3493134268717386239_69548154290"", ""3493929044010261185_69548154290"", ""3495019127186404903_69548154290"", ""3495455403949901389_69548154290"", ""3496924929770059026_69548154290"", ""3497629860504048774_69548154290"", ""3498141772700617745_69548154290""]",13,"[""3492527489159669902_69548154290"", ""3493134268717386239_69548154290"", ""3493929044010261185_69548154290"", ""3495019127186404903_69548154290"", ""3495455403949901389_69548154290"", ""3496924929770059026_69548154290"", ""3497629860504048774_69548154290"", ""3498141772700617745_69548154290""]",8,0,0,14d_plus_prev_context
w_000292,hellotuday_,train,0,negative_14d,2017-08-02 23:40:10+00:00,2017-08-16 23:40:10+00:00,14,0,1.1704777144381988e-16,"[""1572840415202538702_4561691127"", ""1573595226587793637_4561691127"", ""1574318067067166893_4561691127"", ""1575028074729575358_4561691127"", ""1575788404049047798_4561691127"", ""1576535219035958109_4561691127"", ""1577225238625117851_4561691127"", ""1578383714743209993_4561691127"", ""1578839761945589999_4561691127"", ""1579543064619184503_4561691127"", ""1580123570226325870_4561691127"", ""1581011558573400434_4561691127"", ""1581594523955229562_4561691127"", ""1582323214146592889_4561691127""]",14,"[""1577225238625117851_4561691127"", ""1578383714743209993_4561691127"", ""1578839761945589999_4561691127"", ""1579543064619184503_4561691127"", ""1580123570226325870_4561691127"", ""1581011558573400434_4561691127"", ""1581594523955229562_4561691127"", ""1582323214146592889_4561691127""]",8,0,0,14d_plus_prev_context
w_000293,hellotuday_,train,0,negative_14d,2017-08-07 01:17:17+00:00,2017-08-21 01:17:17+00:00,14,0,1.0048649400114582e-16,"[""1575788404049047798_4561691127"", ""1576535219035958109_4561691127"", ""1577225238625117851_4561691127"", ""1578383714743209993_4561691127"", ""1578839761945589999_4561691127"", ""1579543064619184503_4561691127"", ""1580123570226325870_4561691127"", ""1581011558573400434_4561691127"", ""1581594523955229562_4561691127"", ""1582323214146592889_4561691127"", ""1583418641989570125_4561691127"", ""1583858991203969259_4561691127"", ""1584548981408462429_4561691127"", ""1585208777933494759_4561691127""]",14,"[""1580123570226325870_4561691127"", ""1581011558573400434_4561691127"", ""1581594523955229562_4561691127"", ""1582323214146592889_4561691127"", ""1583418641989570125_4561691127"", ""1583858991203969259_4561691127"", ""1584548981408462429_4561691127"", ""1585208777933494759_4561691127""]",8,0,0,14d_plus_prev_context
w_000294,hellotuday_,train,0,negative_14d,2017-08-10 15:13:42+00:00,2017-08-24 15:13:42+00:00,15,0,9.348838598042437e-17,"[""1578383714743209993_4561691127"", ""1578839761945589999_4561691127"", ""1579543064619184503_4561691127"", ""1580123570226325870_4561691127"", ""1581011558573400434_4561691127"", ""1581594523955229562_4561691127"", ""1582323214146592889_4561691127"", ""1583418641989570125_4561691127"", ""1583858991203969259_4561691127"", ""1584548981408462429_4561691127"", ""1585208777933494759_4561691127"", ""1586216034485905981_4561691127"", ""1586937989051988624_4561691127"", ""1587702546305500467_4561691127"", ""1588464474183308625_4561691127""]",15,"[""1583418641989570125_4561691127"", ""1583858991203969259_4561691127"", ""1584548981408462429_4561691127"", ""1585208777933494759_4561691127"", ""1586216034485905981_4561691127"", ""1586937989051988624_4561691127"", ""1587702546305500467_4561691127"", ""1588464474183308625_4561691127""]",8,0,0,14d_plus_prev_context
w_000295,hi_lo_memes,train,0,negative_14d,2020-11-18 14:52:36+00:00,2020-12-02 14:52:36+00:00,8,0,5.689941677838753e-07,"[""2445204864197995408_40905520333"", ""2447089157828587164_40905520333"", ""2447089259280486055_40905520333"", ""2447089392801947745_40905520333"", ""2447089556153303952_40905520333"", ""2447089669340681605_40905520333"", ""2447101974078037852_40905520333"", ""2454576167216698174_40905520333""]",8,"[""2445204864197995408_40905520333"", ""2447089157828587164_40905520333"", ""2447089259280486055_40905520333"", ""2447089392801947745_40905520333"", ""2447089556153303952_40905520333"", ""2447089669340681605_40905520333"", ""2447101974078037852_40905520333"", ""2454576167216698174_40905520333""]",8,0,0,14d_plus_prev_context
w_000296,hi_lo_memes,train,0,negative_14d,2020-11-21 05:16:33+00:00,2020-12-05 05:16:33+00:00,6,0,7.586588870892953e-07,"[""2447089259280486055_40905520333"", ""2447089392801947745_40905520333"", ""2447089556153303952_40905520333"", ""2447089669340681605_40905520333"", ""2447101974078037852_40905520333"", ""2454576167216698174_40905520333""]",6,"[""2445204864197995408_40905520333"", ""2447089157828587164_40905520333"", ""2447089259280486055_40905520333"", ""2447089392801947745_40905520333"", ""2447089556153303952_40905520333"", ""2447089669340681605_40905520333"", ""2447101974078037852_40905520333"", ""2454576167216698174_40905520333""]",8,2,0,14d_plus_prev_context
w_000297,hi_lo_memes,train,0,negative_14d,2020-11-21 05:17:09+00:00,2020-12-05 05:17:09+00:00,4,0,1.1379883208821881e-06,"[""2447089556153303952_40905520333"", ""2447089669340681605_40905520333"", ""2447101974078037852_40905520333"", ""2454576167216698174_40905520333""]",4,"[""2445204864197995408_40905520333"", ""2447089157828587164_40905520333"", ""2447089259280486055_40905520333"", ""2447089392801947745_40905520333"", ""2447089556153303952_40905520333"", ""2447089669340681605_40905520333"", ""2447101974078037852_40905520333"", ""2454576167216698174_40905520333""]",8,4,0,14d_plus_prev_context
w_000298,hongpeishuo,train,0,negative_14d,2023-07-09 09:30:22+00:00,2023-07-23 09:30:22+00:00,6,0,1.0792410703597036e-05,"[""3143001613304847653_926819615"", ""3144588533289812636_926819615"", ""3146031646520900353_926819615"", ""3146701884052478019_926819615"", ""3147437291337940811_926819615"", ""3149628982274254204_926819615""]",6,"[""1509507628853048626_926819615"", ""3141274227169041879_926819615"", ""3143001613304847653_926819615"", ""3144588533289812636_926819615"", ""3146031646520900353_926819615"", ""3146701884052478019_926819615"", ""3147437291337940811_926819615"", ""3149628982274254204_926819615""]",8,2,0,14d_plus_prev_context
w_000299,hongpeishuo,train,0,negative_14d,2023-07-11 14:10:15+00:00,2023-07-25 14:10:15+00:00,6,0,2.4882099466344108e-06,"[""3144588533289812636_926819615"", ""3146031646520900353_926819615"", ""3146701884052478019_926819615"", ""3147437291337940811_926819615"", ""3149628982274254204_926819615"", ""3154008100116583220_926819615""]",6,"[""3141274227169041879_926819615"", ""3143001613304847653_926819615"", ""3144588533289812636_926819615"", ""3146031646520900353_926819615"", ""3146701884052478019_926819615"", ""3147437291337940811_926819615"", ""3149628982274254204_926819615"", ""3154008100116583220_926819615""]",8,2,0,14d_plus_prev_context
w_000300,hongpeishuo,train,0,negative_14d,2023-07-14 12:02:28+00:00,2023-07-28 12:02:28+00:00,4,0,3.698389122397397e-06,"[""3146701884052478019_926819615"", ""3147437291337940811_926819615"", ""3149628982274254204_926819615"", ""3154008100116583220_926819615""]",4,"[""3141274227169041879_926819615"", ""3143001613304847653_926819615"", ""3144588533289812636_926819615"", ""3146031646520900353_926819615"", ""3146701884052478019_926819615"", ""3147437291337940811_926819615"", ""3149628982274254204_926819615"", ""3154008100116583220_926819615""]",8,4,0,14d_plus_prev_context
w_000301,imika_sumi_garden,train,0,negative_14d,2025-05-27 16:23:12+00:00,2025-06-10 16:23:12+00:00,5,0,0.23932380797490643,"[""3641855200584454715_47659199149"", ""3643836828072478439_47659199149"", ""3647460734529176260_47659199149"", ""3648912192972854630_47659199149"", ""3651842094554518372_47659199149""]",5,"[""3622908724042795834_47659199149"", ""3628626799551752896_47659199149"", ""3630924386964056368_47659199149"", ""3641855200584454715_47659199149"", ""3643836828072478439_47659199149"", ""3647460734529176260_47659199149"", ""3648912192972854630_47659199149"", ""3651842094554518372_47659199149""]",8,3,0,14d_plus_prev_context
w_000302,imika_sumi_garden,train,0,negative_14d,2025-06-04 10:00:59+00:00,2025-06-18 10:00:59+00:00,3,0,0.29455038167900166,"[""3647460734529176260_47659199149"", ""3648912192972854630_47659199149"", ""3651842094554518372_47659199149""]",3,"[""3622908724042795834_47659199149"", ""3628626799551752896_47659199149"", ""3630924386964056368_47659199149"", ""3641855200584454715_47659199149"", ""3643836828072478439_47659199149"", ""3647460734529176260_47659199149"", ""3648912192972854630_47659199149"", ""3651842094554518372_47659199149""]",8,5,0,14d_plus_prev_context
w_000303,imika_sumi_garden,train,0,negative_14d,2025-06-06 10:04:23+00:00,2025-06-20 10:04:23+00:00,3,0,1.929459865027137e-05,"[""3648912192972854630_47659199149"", ""3651842094554518372_47659199149"", ""3657607871865824798_47659199149""]",3,"[""3628626799551752896_47659199149"", ""3630924386964056368_47659199149"", ""3641855200584454715_47659199149"", ""3643836828072478439_47659199149"", ""3647460734529176260_47659199149"", ""3648912192972854630_47659199149"", ""3651842094554518372_47659199149"", ""3657607871865824798_47659199149""]",8,5,0,14d_plus_prev_context
w_000304,jade.vegan.life,train,0,negative_14d,2021-08-13 10:28:18+00:00,2021-08-27 10:28:18+00:00,4,0,1.0643152740423364e-15,"[""2639311737329084344_48733668947"", ""2640089423131494180_48733668947"", ""2642991035332266870_48733668947"", ""2648864171332334739_48733668947""]",4,"[""2639311737329084344_48733668947"", ""2640089423131494180_48733668947"", ""2642991035332266870_48733668947"", ""2648864171332334739_48733668947""]",4,0,4,14d_plus_prev_context
w_000305,jade.vegan.life,train,0,negative_14d,2021-08-14 12:13:26+00:00,2021-08-28 12:13:26+00:00,3,0,6.352529059597782e-17,"[""2640089423131494180_48733668947"", ""2642991035332266870_48733668947"", ""2648864171332334739_48733668947""]",3,"[""2639311737329084344_48733668947"", ""2640089423131494180_48733668947"", ""2642991035332266870_48733668947"", ""2648864171332334739_48733668947""]",4,1,4,14d_plus_prev_context
w_000306,jade.vegan.life,train,0,negative_14d,2021-09-06 07:31:40+00:00,2021-09-20 07:31:40+00:00,4,0,8.646478149272871e-13,"[""2656617449860116580_48733668947"", ""2662409682383379460_48733668947"", ""2662432630007730092_48733668947"", ""2663130211164846901_48733668947""]",4,"[""2639311737329084344_48733668947"", ""2640089423131494180_48733668947"", ""2642991035332266870_48733668947"", ""2648864171332334739_48733668947"", ""2656617449860116580_48733668947"", ""2662409682383379460_48733668947"", ""2662432630007730092_48733668947"", ""2663130211164846901_48733668947""]",8,4,0,14d_plus_prev_context
w_000307,janniedudu,val,0,negative_14d,2019-05-09 02:09:39+00:00,2019-05-23 02:09:39+00:00,3,0,1.874326447995099e-05,"[""2039671226751177365_913335088"", ""2041063606813411793_913335088"", ""2043481093437723533_913335088""]",3,"[""1665297602301770588_913335088"", ""1922540456819268091_913335088"", ""2014195814050944488_913335088"", ""2039671226751177365_913335088"", ""2041063606813411793_913335088"", ""2043481093437723533_913335088""]",6,3,2,14d_plus_prev_context
w_000308,janniedudu,val,0,negative_14d,2024-04-13 13:46:06+00:00,2024-04-27 13:46:06+00:00,3,0,2.4138041180427064e-08,"[""3345342854330862456_913335088"", ""3352920970972733836_913335088"", ""3353855437660865020_913335088""]",3,"[""2727500082843714100_913335088"", ""3142954367427758309_913335088"", ""3145137149398737953_913335088"", ""3161677305047908209_913335088"", ""3175482778463940127_913335088"", ""3345342854330862456_913335088"", ""3352920970972733836_913335088"", ""3353855437660865020_913335088""]",8,5,0,14d_plus_prev_context
w_000309,janniedudu,val,0,negative_14d,2024-04-24 00:42:28+00:00,2024-05-08 00:42:28+00:00,6,0,2.214208231204653e-08,"[""3352920970972733836_913335088"", ""3353855437660865020_913335088"", ""3357582851847171105_913335088"", ""3361743390760459063_913335088"", ""3361818963922893199_913335088"", ""3361918405979966614_913335088""]",6,"[""3175482778463940127_913335088"", ""3345342854330862456_913335088"", ""3352920970972733836_913335088"", ""3353855437660865020_913335088"", ""3357582851847171105_913335088"", ""3361743390760459063_913335088"", ""3361818963922893199_913335088"", ""3361918405979966614_913335088""]",8,2,0,14d_plus_prev_context
w_000310,jason_food_,test,0,negative_14d,2020-10-20 09:25:19+00:00,2020-11-03 09:25:19+00:00,5,0,1.6293328159935384e-17,"[""2424021640176050832_4390545899"", ""2428928566022152416_4390545899"", ""2431111776433052661_4390545899"", ""2432557320204371939_4390545899"", ""2434005150810883359_4390545899""]",5,"[""1865936800430816274_4390545899"", ""2387742544802788417_4390545899"", ""2411504556477080373_4390545899"", ""2424021640176050832_4390545899"", ""2428928566022152416_4390545899"", ""2431111776433052661_4390545899"", ""2432557320204371939_4390545899"", ""2434005150810883359_4390545899""]",8,3,0,14d_plus_prev_context
w_000311,jason_food_,test,0,negative_14d,2020-10-27 03:54:30+00:00,2020-11-10 03:54:30+00:00,6,0,2.1232261575318027e-17,"[""2428928566022152416_4390545899"", ""2431111776433052661_4390545899"", ""2432557320204371939_4390545899"", ""2434005150810883359_4390545899"", ""2435451903858966483_4390545899"", ""2436913502536748295_4390545899""]",6,"[""2411504556477080373_4390545899"", ""2424021640176050832_4390545899"", ""2428928566022152416_4390545899"", ""2431111776433052661_4390545899"", ""2432557320204371939_4390545899"", ""2434005150810883359_4390545899"", ""2435451903858966483_4390545899"", ""2436913502536748295_4390545899""]",8,2,0,14d_plus_prev_context
w_000312,jason_food_,test,0,negative_14d,2020-10-30 04:12:09+00:00,2020-11-13 04:12:09+00:00,7,0,5.2598623374257874e-17,"[""2431111776433052661_4390545899"", ""2432557320204371939_4390545899"", ""2434005150810883359_4390545899"", ""2435451903858966483_4390545899"", ""2436913502536748295_4390545899"", ""2439085561400311619_4390545899"", ""2440527465145096787_4390545899""]",7,"[""2428928566022152416_4390545899"", ""2431111776433052661_4390545899"", ""2432557320204371939_4390545899"", ""2434005150810883359_4390545899"", ""2435451903858966483_4390545899"", ""2436913502536748295_4390545899"", ""2439085561400311619_4390545899"", ""2440527465145096787_4390545899""]",8,1,0,14d_plus_prev_context
w_000313,jenny_7258,train,0,negative_14d,2024-12-09 08:00:00+00:00,2024-12-23 08:00:00+00:00,3,0,2.7947743255936353e-09,"[""3519114988701279433_3103350648"", ""3522044528742205609_3103350648"", ""3527117897749713973_3103350648""]",3,"[""3462458450226390308_3103350648"", ""3496582627447198587_3103350648"", ""3501723646668859806_3103350648"", ""3506797791865984306_3103350648"", ""3511889905360463878_3103350648"", ""3519114988701279433_3103350648"", ""3522044528742205609_3103350648"", ""3527117897749713973_3103350648""]",8,5,0,14d_plus_prev_context
w_000314,jenny_7258,train,0,negative_14d,2024-12-13 09:00:47+00:00,2024-12-27 09:00:47+00:00,3,0,2.6968052945578378e-09,"[""3522044528742205609_3103350648"", ""3527117897749713973_3103350648"", ""3530747046338976307_3103350648""]",3,"[""3496582627447198587_3103350648"", ""3501723646668859806_3103350648"", ""3506797791865984306_3103350648"", ""3511889905360463878_3103350648"", ""3519114988701279433_3103350648"", ""3522044528742205609_3103350648"", ""3527117897749713973_3103350648"", ""3530747046338976307_3103350648""]",8,5,0,14d_plus_prev_context
w_000315,jenny_7258,train,0,negative_14d,2025-01-10 09:07:03+00:00,2025-01-24 09:07:03+00:00,3,0,1.5771710558196122e-09,"[""3542341403475068156_3103350648"", ""3547465640707631157_3103350648"", ""3548012656097634553_3103350648""]",3,"[""3511889905360463878_3103350648"", ""3519114988701279433_3103350648"", ""3522044528742205609_3103350648"", ""3527117897749713973_3103350648"", ""3530747046338976307_3103350648"", ""3542341403475068156_3103350648"", ""3547465640707631157_3103350648"", ""3548012656097634553_3103350648""]",8,5,0,14d_plus_prev_context
w_000316,jie__rou__comic,train,0,negative_14d,2021-02-01 01:48:01+00:00,2021-02-15 01:48:01+00:00,3,0,0.00013511604013650028,"[""2499168149519650859_16380823611"", ""2499257184283918046_16380823611"", ""2503743418200905585_16380823611""]",3,"[""2499168149519650859_16380823611"", ""2499257184283918046_16380823611"", ""2503743418200905585_16380823611""]",3,0,5,14d_plus_prev_context
w_000317,jie__rou__comic,train,0,negative_14d,2021-05-27 05:49:54+00:00,2021-06-10 05:49:54+00:00,3,0,2.2914804709506242e-05,"[""2582639105042423085_16380823611"", ""2586259810967604347_16380823611"", ""2587618155083242769_16380823611""]",3,"[""2499168149519650859_16380823611"", ""2499257184283918046_16380823611"", ""2503743418200905585_16380823611"", ""2511094502443560723_16380823611"", ""2524872714889814677_16380823611"", ""2582639105042423085_16380823611"", ""2586259810967604347_16380823611"", ""2587618155083242769_16380823611""]",8,5,0,14d_plus_prev_context
w_000318,jie__rou__comic,train,0,negative_14d,2025-04-08 15:54:58+00:00,2025-04-22 15:54:58+00:00,16,0,0.004236377432254,"[""3606326978724561079_16380823611"", ""3606327253938180861_16380823611"", ""3606327424906418104_16380823611"", ""3606327645409204931_16380823611"", ""3606327972799902827_16380823611"", ""3606328220683140354_16380823611"", ""3606328398387571694_16380823611"", ""3606340359628091699_16380823611"", ""3606342780161088911_16380823611"", ""3606662451277843935_16380823611"", ""3607660118879442586_16380823611"", ""3607779803035102091_16380823611"", ""3611020846885516507_16380823611"", ""3612501667303766075_16380823611"", ""3613231533795846768_16380823611"", ""3616310347598049458_16380823611""]",16,"[""3606342780161088911_16380823611"", ""3606662451277843935_16380823611"", ""3607660118879442586_16380823611"", ""3607779803035102091_16380823611"", ""3611020846885516507_16380823611"", ""3612501667303766075_16380823611"", ""3613231533795846768_16380823611"", ""3616310347598049458_16380823611""]",8,0,0,14d_plus_prev_context
w_000319,jiminin185,train,0,negative_14d,2024-07-19 12:34:15+00:00,2024-08-02 12:34:15+00:00,5,0,9.666050991216646e-09,"[""3415609934945764666_54306299360"", ""3416940514505550501_54306299360"", ""3419234646078939383_54306299360"", ""3423546029821947958_54306299360"", ""3425665389386694793_54306299360""]",5,"[""3415609934945764666_54306299360"", ""3416940514505550501_54306299360"", ""3419234646078939383_54306299360"", ""3423546029821947958_54306299360"", ""3425665389386694793_54306299360""]",5,0,3,14d_plus_prev_context
w_000320,jiminin185,train,0,negative_14d,2024-07-24 12:35:54+00:00,2024-08-07 12:35:54+00:00,4,0,1.1445462711704574e-08,"[""3419234646078939383_54306299360"", ""3423546029821947958_54306299360"", ""3425665389386694793_54306299360"", ""3428648910195593274_54306299360""]",4,"[""3415609934945764666_54306299360"", ""3416940514505550501_54306299360"", ""3419234646078939383_54306299360"", ""3423546029821947958_54306299360"", ""3425665389386694793_54306299360"", ""3428648910195593274_54306299360""]",6,2,2,14d_plus_prev_context
w_000321,jiminin185,train,0,negative_14d,2024-07-30 11:21:51+00:00,2024-08-13 11:21:51+00:00,4,0,1.1446244290499313e-08,"[""3423546029821947958_54306299360"", ""3425665389386694793_54306299360"", ""3428648910195593274_54306299360"", ""3431448825825280304_54306299360""]",4,"[""3415609934945764666_54306299360"", ""3416940514505550501_54306299360"", ""3419234646078939383_54306299360"", ""3423546029821947958_54306299360"", ""3425665389386694793_54306299360"", ""3428648910195593274_54306299360"", ""3431448825825280304_54306299360""]",7,3,1,14d_plus_prev_context
w_000322,kabi_happy_eat,train,0,negative_14d,2023-01-31 04:54:09+00:00,2023-02-14 04:54:09+00:00,16,0,1.919854227590026e-17,"[""3027623339066491956_1315431500"", ""3027744873403771729_1315431500"", ""3027926208248459364_1315431500"", ""3028410236424592042_1315431500"", ""3028451543130041787_1315431500"", ""3029055219137694582_1315431500"", ""3029307482011648619_1315431500"", ""3029987689546874559_1315431500"", ""3030148867833159969_1315431500"", ""3030157809971804314_1315431500"", ""3031288265555557618_1315431500"", ""3032170431277627176_1315431500"", ""3032676085477985705_1315431500"", ""3032918208227836980_1315431500"", ""3035177420366759683_1315431500"", ""3036857516144110025_1315431500""]",16,"[""3030148867833159969_1315431500"", ""3030157809971804314_1315431500"", ""3031288265555557618_1315431500"", ""3032170431277627176_1315431500"", ""3032676085477985705_1315431500"", ""3032918208227836980_1315431500"", ""3035177420366759683_1315431500"", ""3036857516144110025_1315431500""]",8,0,0,14d_plus_prev_context
w_000323,kabi_happy_eat,train,0,negative_14d,2023-02-01 08:19:38+00:00,2023-02-15 08:19:38+00:00,12,0,2.4556339637054186e-17,"[""3028451543130041787_1315431500"", ""3029055219137694582_1315431500"", ""3029307482011648619_1315431500"", ""3029987689546874559_1315431500"", ""3030148867833159969_1315431500"", ""3030157809971804314_1315431500"", ""3031288265555557618_1315431500"", ""3032170431277627176_1315431500"", ""3032676085477985705_1315431500"", ""3032918208227836980_1315431500"", ""3035177420366759683_1315431500"", ""3036857516144110025_1315431500""]",12,"[""3030148867833159969_1315431500"", ""3030157809971804314_1315431500"", ""3031288265555557618_1315431500"", ""3032170431277627176_1315431500"", ""3032676085477985705_1315431500"", ""3032918208227836980_1315431500"", ""3035177420366759683_1315431500"", ""3036857516144110025_1315431500""]",8,0,0,14d_plus_prev_context
w_000324,kabi_happy_eat,train,0,negative_14d,2023-02-02 12:40:14+00:00,2023-02-16 12:40:14+00:00,11,0,2.6588013742645587e-17,"[""3029307482011648619_1315431500"", ""3029987689546874559_1315431500"", ""3030148867833159969_1315431500"", ""3030157809971804314_1315431500"", ""3031288265555557618_1315431500"", ""3032170431277627176_1315431500"", ""3032676085477985705_1315431500"", ""3032918208227836980_1315431500"", ""3035177420366759683_1315431500"", ""3036857516144110025_1315431500"", ""3039263855793318041_1315431500""]",11,"[""3030157809971804314_1315431500"", ""3031288265555557618_1315431500"", ""3032170431277627176_1315431500"", ""3032676085477985705_1315431500"", ""3032918208227836980_1315431500"", ""3035177420366759683_1315431500"", ""3036857516144110025_1315431500"", ""3039263855793318041_1315431500""]",8,0,0,14d_plus_prev_context
w_000325,keke.lifediary,val,0,negative_14d,2022-01-06 02:17:21+00:00,2022-01-20 02:17:21+00:00,17,0,2.596699884819871e-09,"[""2744881489337557742_51172535859"", ""2745054245127634061_51172535859"", ""2745722148931993486_51172535859"", ""2745743329881998228_51172535859"", ""2745744845720046421_51172535859"", ""2745749113197939724_51172535859"", ""2745763746461918930_51172535859"", ""2745766631622962673_51172535859"", ""2745768777948952512_51172535859"", ""2748549506038741805_51172535859"", ""2749357025522712990_51172535859"", ""2750157918912557104_51172535859"", ""2750855731714456748_51172535859"", ""2753535166680027084_51172535859"", ""2753699757589169893_51172535859"", ""2754356012273202480_51172535859"", ""2755000195241654923_51172535859""]",17,"[""2748549506038741805_51172535859"", ""2749357025522712990_51172535859"", ""2750157918912557104_51172535859"", ""2750855731714456748_51172535859"", ""2753535166680027084_51172535859"", ""2753699757589169893_51172535859"", ""2754356012273202480_51172535859"", ""2755000195241654923_51172535859""]",8,0,0,14d_plus_prev_context
w_000326,keke.lifediary,val,0,negative_14d,2022-01-07 06:06:54+00:00,2022-01-21 06:06:54+00:00,17,0,2.5997764286697036e-09,"[""2745722148931993486_51172535859"", ""2745743329881998228_51172535859"", ""2745744845720046421_51172535859"", ""2745749113197939724_51172535859"", ""2745763746461918930_51172535859"", ""2745766631622962673_51172535859"", ""2745768777948952512_51172535859"", ""2748549506038741805_51172535859"", ""2749357025522712990_51172535859"", ""2750157918912557104_51172535859"", ""2750855731714456748_51172535859"", ""2753535166680027084_51172535859"", ""2753699757589169893_51172535859"", ""2754356012273202480_51172535859"", ""2755000195241654923_51172535859"", ""2755158532096658521_51172535859"", ""2755764530939090795_51172535859""]",17,"[""2750157918912557104_51172535859"", ""2750855731714456748_51172535859"", ""2753535166680027084_51172535859"", ""2753699757589169893_51172535859"", ""2754356012273202480_51172535859"", ""2755000195241654923_51172535859"", ""2755158532096658521_51172535859"", ""2755764530939090795_51172535859""]",8,0,0,14d_plus_prev_context
w_000327,keke.lifediary,val,0,negative_14d,2022-01-07 07:01:44+00:00,2022-01-21 07:01:44+00:00,15,0,2.9464636465350096e-09,"[""2745749113197939724_51172535859"", ""2745763746461918930_51172535859"", ""2745766631622962673_51172535859"", ""2745768777948952512_51172535859"", ""2748549506038741805_51172535859"", ""2749357025522712990_51172535859"", ""2750157918912557104_51172535859"", ""2750855731714456748_51172535859"", ""2753535166680027084_51172535859"", ""2753699757589169893_51172535859"", ""2754356012273202480_51172535859"", ""2755000195241654923_51172535859"", ""2755158532096658521_51172535859"", ""2755764530939090795_51172535859"", ""2755881820687044882_51172535859""]",15,"[""2750855731714456748_51172535859"", ""2753535166680027084_51172535859"", ""2753699757589169893_51172535859"", ""2754356012273202480_51172535859"", ""2755000195241654923_51172535859"", ""2755158532096658521_51172535859"", ""2755764530939090795_51172535859"", ""2755881820687044882_51172535859""]",8,0,0,14d_plus_prev_context
w_000328,keke_foodietw,test,0,negative_14d,2018-06-19 09:17:35+00:00,2018-07-03 09:17:35+00:00,25,0,2.551653094689564e-15,"[""1805059277293788470_7995681226"", ""1805615878329104761_7995681226"", ""1806490707072769500_7995681226"", ""1806506196889229284_7995681226"", ""1806521587937879444_7995681226"", ""1806528567654150842_7995681226"", ""1807179133170431377_7995681226"", ""1807183009638343934_7995681226"", ""1807184329468375329_7995681226"", ""1807204874662600036_7995681226"", ""1807257598213150448_7995681226"", ""1809369130954774523_7995681226"", ""1809931942160721520_7995681226"", ""1810094221468499192_7995681226"", ""1810114513721092080_7995681226"", ""1810141759735136538_7995681226"", ""1810832107100929006_7995681226"", ""1811568536940469402_7995681226"", ""1812112276579020709_7995681226"", ""1812116496124312572_7995681226"", ""1812252758231498177_7995681226"", ""1812300655656564222_7995681226"", ""1812319560013879544_7995681226"", ""1814454697283452918_7995681226"", ""1815195089599706944_7995681226""]",25,"[""1811568536940469402_7995681226"", ""1812112276579020709_7995681226"", ""1812116496124312572_7995681226"", ""1812252758231498177_7995681226"", ""1812300655656564222_7995681226"", ""1812319560013879544_7995681226"", ""1814454697283452918_7995681226"", ""1815195089599706944_7995681226""]",8,0,0,14d_plus_prev_context
w_000329,keke_foodietw,test,0,negative_14d,2018-06-21 08:41:35+00:00,2018-07-05 08:41:35+00:00,29,0,2.2002557116086053e-15,"[""1806490707072769500_7995681226"", ""1806506196889229284_7995681226"", ""1806521587937879444_7995681226"", ""1806528567654150842_7995681226"", ""1807179133170431377_7995681226"", ""1807183009638343934_7995681226"", ""1807184329468375329_7995681226"", ""1807204874662600036_7995681226"", ""1807257598213150448_7995681226"", ""1809369130954774523_7995681226"", ""1809931942160721520_7995681226"", ""1810094221468499192_7995681226"", ""1810114513721092080_7995681226"", ""1810141759735136538_7995681226"", ""1810832107100929006_7995681226"", ""1811568536940469402_7995681226"", ""1812112276579020709_7995681226"", ""1812116496124312572_7995681226"", ""1812252758231498177_7995681226"", ""1812300655656564222_7995681226"", ""1812319560013879544_7995681226"", ""1814454697283452918_7995681226"", ""1815195089599706944_7995681226"", ""1815215595795209377_7995681226"", ""1815779083131252231_7995681226"", ""1815858296529985913_7995681226"", ""1815947663164500295_7995681226"", ""1816413695519810334_7995681226"", ""1816607695375814969_7995681226""]",29,"[""1814454697283452918_7995681226"", ""1815195089599706944_7995681226"", ""1815215595795209377_7995681226"", ""1815779083131252231_7995681226"", ""1815858296529985913_7995681226"", ""1815947663164500295_7995681226"", ""1816413695519810334_7995681226"", ""1816607695375814969_7995681226""]",8,0,0,14d_plus_prev_context
w_000330,keke_foodietw,test,0,negative_14d,2018-06-25 08:00:30+00:00,2018-07-09 08:00:30+00:00,23,0,4.6594573734181556e-17,"[""1809369130954774523_7995681226"", ""1809931942160721520_7995681226"", ""1810094221468499192_7995681226"", ""1810114513721092080_7995681226"", ""1810141759735136538_7995681226"", ""1810832107100929006_7995681226"", ""1811568536940469402_7995681226"", ""1812112276579020709_7995681226"", ""1812116496124312572_7995681226"", ""1812252758231498177_7995681226"", ""1812300655656564222_7995681226"", ""1812319560013879544_7995681226"", ""1814454697283452918_7995681226"", ""1815195089599706944_7995681226"", ""1815215595795209377_7995681226"", ""1815779083131252231_7995681226"", ""1815858296529985913_7995681226"", ""1815947663164500295_7995681226"", ""1816413695519810334_7995681226"", ""1816607695375814969_7995681226"", ""1817287573918039517_7995681226"", ""1817309671365368491_7995681226"", ""1819376152601424452_7995681226""]",23,"[""1815779083131252231_7995681226"", ""1815858296529985913_7995681226"", ""1815947663164500295_7995681226"", ""1816413695519810334_7995681226"", ""1816607695375814969_7995681226"", ""1817287573918039517_7995681226"", ""1817309671365368491_7995681226"", ""1819376152601424452_7995681226""]",8,0,0,14d_plus_prev_context
w_000331,ketsusose,train,0,negative_14d,2025-05-03 15:03:13+00:00,2025-05-17 15:03:13+00:00,3,0,0.04150670559981032,"[""3624420320905982079_73522905159"", ""3627940503842722212_73522905159"", ""3629566731318455852_73522905159""]",3,"[""3613505644231765175_73522905159"", ""3614214270441467427_73522905159"", ""3617008163033685747_73522905159"", ""3620627848585269530_73522905159"", ""3623664009821917879_73522905159"", ""3624420320905982079_73522905159"", ""3627940503842722212_73522905159"", ""3629566731318455852_73522905159""]",8,5,0,14d_plus_prev_context
w_000332,ketsusose,train,0,negative_14d,2025-05-28 14:19:13+00:00,2025-06-11 14:19:13+00:00,3,0,0.06250898291667296,"[""3642517568546036543_73522905159"", ""3644667725827886574_73522905159"", ""3646547230586809584_73522905159""]",3,"[""3629566731318455852_73522905159"", ""3636426595084586367_73522905159"", ""3636606590285471029_73522905159"", ""3637422854071227920_73522905159"", ""3641705647483865536_73522905159"", ""3642517568546036543_73522905159"", ""3644667725827886574_73522905159"", ""3646547230586809584_73522905159""]",8,5,0,14d_plus_prev_context
w_000333,kidbegin,test,0,negative_14d,2023-02-21 08:09:54+00:00,2023-03-07 08:09:54+00:00,13,0,9.329051561920697e-05,"[""3042942156994780884_8369422020"", ""3043563776461646141_8369422020"", ""3044016392572433330_8369422020"", ""3044576629213715703_8369422020"", ""3045229154644316855_8369422020"", ""3046056931492754853_8369422020"", ""3048988397835046381_8369422020"", ""3049282473842133132_8369422020"", ""3050156653803255278_8369422020"", ""3051098079923978727_8369422020"", ""3051692489908039184_8369422020"", ""3052189022311706171_8369422020"", ""3052812271299201132_8369422020""]",13,"[""3046056931492754853_8369422020"", ""3048988397835046381_8369422020"", ""3049282473842133132_8369422020"", ""3050156653803255278_8369422020"", ""3051098079923978727_8369422020"", ""3051692489908039184_8369422020"", ""3052189022311706171_8369422020"", ""3052812271299201132_8369422020""]",8,0,0,14d_plus_prev_context
w_000334,kidbegin,test,0,negative_14d,2023-02-22 19:44:13+00:00,2023-03-08 19:44:13+00:00,13,0,9.329028488319994e-05,"[""3044016392572433330_8369422020"", ""3044576629213715703_8369422020"", ""3045229154644316855_8369422020"", ""3046056931492754853_8369422020"", ""3048988397835046381_8369422020"", ""3049282473842133132_8369422020"", ""3050156653803255278_8369422020"", ""3051098079923978727_8369422020"", ""3051692489908039184_8369422020"", ""3052189022311706171_8369422020"", ""3052812271299201132_8369422020"", ""3053534514087085875_8369422020"", ""3053811947284634949_8369422020""]",13,"[""3049282473842133132_8369422020"", ""3050156653803255278_8369422020"", ""3051098079923978727_8369422020"", ""3051692489908039184_8369422020"", ""3052189022311706171_8369422020"", ""3052812271299201132_8369422020"", ""3053534514087085875_8369422020"", ""3053811947284634949_8369422020""]",8,0,0,14d_plus_prev_context
w_000335,kidbegin,test,0,negative_14d,2023-02-24 11:54:27+00:00,2023-03-10 11:54:27+00:00,14,0,0.0001052045567581909,"[""3045229154644316855_8369422020"", ""3046056931492754853_8369422020"", ""3048988397835046381_8369422020"", ""3049282473842133132_8369422020"", ""3050156653803255278_8369422020"", ""3051098079923978727_8369422020"", ""3051692489908039184_8369422020"", ""3052189022311706171_8369422020"", ""3052812271299201132_8369422020"", ""3053534514087085875_8369422020"", ""3053811947284634949_8369422020"", ""3054281195765252187_8369422020"", ""3054543011107275814_8369422020"", ""3055083450911299622_8369422020""]",14,"[""3051692489908039184_8369422020"", ""3052189022311706171_8369422020"", ""3052812271299201132_8369422020"", ""3053534514087085875_8369422020"", ""3053811947284634949_8369422020"", ""3054281195765252187_8369422020"", ""3054543011107275814_8369422020"", ""3055083450911299622_8369422020""]",8,0,0,14d_plus_prev_context
w_000336,lazychoisum,test,0,negative_14d,2021-03-03 13:48:54+00:00,2021-03-17 13:48:54+00:00,3,0,2.781407812180387e-06,"[""2521274259779736083_1364774863"", ""2522440823732306720_1364774863"", ""2524899998592836993_1364774863""]",3,"[""2480425043042188635_1364774863"", ""2520540483206399761_1364774863"", ""2521274259779736083_1364774863"", ""2522440823732306720_1364774863"", ""2524899998592836993_1364774863""]",5,2,3,14d_plus_prev_context
w_000337,lazychoisum,test,0,negative_14d,2021-03-05 04:26:40+00:00,2021-03-19 04:26:40+00:00,4,0,2.0294894852935084e-06,"[""2522440823732306720_1364774863"", ""2524899998592836993_1364774863"", ""2532123146950278439_1364774863"", ""2532582846527401130_1364774863""]",4,"[""2480425043042188635_1364774863"", ""2520540483206399761_1364774863"", ""2521274259779736083_1364774863"", ""2522440823732306720_1364774863"", ""2524899998592836993_1364774863"", ""2532123146950278439_1364774863"", ""2532582846527401130_1364774863""]",7,3,1,14d_plus_prev_context
w_000338,lazychoisum,test,0,negative_14d,2021-03-08 13:52:36+00:00,2021-03-22 13:52:36+00:00,3,0,2.705985969177875e-06,"[""2524899998592836993_1364774863"", ""2532123146950278439_1364774863"", ""2532582846527401130_1364774863""]",3,"[""2480425043042188635_1364774863"", ""2520540483206399761_1364774863"", ""2521274259779736083_1364774863"", ""2522440823732306720_1364774863"", ""2524899998592836993_1364774863"", ""2532123146950278439_1364774863"", ""2532582846527401130_1364774863""]",7,4,1,14d_plus_prev_context
w_000339,leslie.gourmet,test,0,negative_14d,2017-04-26 12:14:35+00:00,2017-05-10 12:14:35+00:00,22,0,5.371512998572239e-11,"[""1501467329111639829_1402013914"", ""1501473440372017000_1402013914"", ""1502131856509675325_1402013914"", ""1503334016027058768_1402013914"", ""1504107359475005512_1402013914"", ""1504754480603714260_1402013914"", ""1504983988455705736_1402013914"", ""1504991411627335123_1402013914"", ""1505605303860529847_1402013914"", ""1506448962214675139_1402013914"", ""1507165025646645675_1402013914"", ""1507292040110481047_1402013914"", ""1508000191860393933_1402013914"", ""1509874285975362112_1402013914"", ""1510046031693025721_1402013914"", ""1510522234128524277_1402013914"", ""1510691475662222254_1402013914"", ""1510764006268139042_1402013914"", ""1510852688819954667_1402013914"", ""1511319422924239342_1402013914"", ""1511486252255100811_1402013914"", ""1511607550277037376_1402013914""]",22,"[""1510046031693025721_1402013914"", ""1510522234128524277_1402013914"", ""1510691475662222254_1402013914"", ""1510764006268139042_1402013914"", ""1510852688819954667_1402013914"", ""1511319422924239342_1402013914"", ""1511486252255100811_1402013914"", ""1511607550277037376_1402013914""]",8,0,0,14d_plus_prev_context
w_000340,leslie.gourmet,test,0,negative_14d,2017-05-01 08:41:33+00:00,2017-05-15 08:41:33+00:00,21,0,5.3683864510452476e-14,"[""1504983988455705736_1402013914"", ""1504991411627335123_1402013914"", ""1505605303860529847_1402013914"", ""1506448962214675139_1402013914"", ""1507165025646645675_1402013914"", ""1507292040110481047_1402013914"", ""1508000191860393933_1402013914"", ""1509874285975362112_1402013914"", ""1510046031693025721_1402013914"", ""1510522234128524277_1402013914"", ""1510691475662222254_1402013914"", ""1510764006268139042_1402013914"", ""1510852688819954667_1402013914"", ""1511319422924239342_1402013914"", ""1511486252255100811_1402013914"", ""1511607550277037376_1402013914"", ""1512075819714716473_1402013914"", ""1512307201288366467_1402013914"", ""1512456419181075856_1402013914"", ""1512878899905592907_1402013914"", ""1513525781497441419_1402013914""]",21,"[""1511319422924239342_1402013914"", ""1511486252255100811_1402013914"", ""1511607550277037376_1402013914"", ""1512075819714716473_1402013914"", ""1512307201288366467_1402013914"", ""1512456419181075856_1402013914"", ""1512878899905592907_1402013914"", ""1513525781497441419_1402013914""]",8,0,0,14d_plus_prev_context
w_000341,leslie.gourmet,test,0,negative_14d,2017-05-03 09:12:12+00:00,2017-05-17 09:12:12+00:00,20,0,5.620432363117031e-14,"[""1506448962214675139_1402013914"", ""1507165025646645675_1402013914"", ""1507292040110481047_1402013914"", ""1508000191860393933_1402013914"", ""1509874285975362112_1402013914"", ""1510046031693025721_1402013914"", ""1510522234128524277_1402013914"", ""1510691475662222254_1402013914"", ""1510764006268139042_1402013914"", ""1510852688819954667_1402013914"", ""1511319422924239342_1402013914"", ""1511486252255100811_1402013914"", ""1511607550277037376_1402013914"", ""1512075819714716473_1402013914"", ""1512307201288366467_1402013914"", ""1512456419181075856_1402013914"", ""1512878899905592907_1402013914"", ""1513525781497441419_1402013914"", ""1515725738983944762_1402013914"", ""1516490636789740794_1402013914""]",20,"[""1511607550277037376_1402013914"", ""1512075819714716473_1402013914"", ""1512307201288366467_1402013914"", ""1512456419181075856_1402013914"", ""1512878899905592907_1402013914"", ""1513525781497441419_1402013914"", ""1515725738983944762_1402013914"", ""1516490636789740794_1402013914""]",8,0,0,14d_plus_prev_context
w_000342,little.dai_foodie,train,0,negative_14d,2021-04-12 13:58:53+00:00,2021-04-26 13:58:53+00:00,3,0,1.2650680566771143e-13,"[""2550270311179193742_39285508413"", ""2553157514594941368_39285508413"", ""2555987077184201169_39285508413""]",3,"[""2550270311179193742_39285508413"", ""2553157514594941368_39285508413"", ""2555987077184201169_39285508413""]",3,0,5,14d_plus_prev_context
w_000343,little.dai_foodie,train,0,negative_14d,2021-10-17 03:31:50+00:00,2021-10-31 03:31:50+00:00,4,0,8.067715403008815e-15,"[""2686212539544325853_39285508413"", ""2687202641728794599_39285508413"", ""2688631561191878046_39285508413"", ""2695156554444577302_39285508413""]",4,"[""2555987077184201169_39285508413"", ""2567634866817437300_39285508413"", ""2576090264821921755_39285508413"", ""2659675630139826987_39285508413"", ""2686212539544325853_39285508413"", ""2687202641728794599_39285508413"", ""2688631561191878046_39285508413"", ""2695156554444577302_39285508413""]",8,4,0,14d_plus_prev_context
w_000344,little.dai_foodie,train,0,negative_14d,2021-10-18 12:18:59+00:00,2021-11-01 12:18:59+00:00,3,0,3.5040428303673937e-15,"[""2687202641728794599_39285508413"", ""2688631561191878046_39285508413"", ""2695156554444577302_39285508413""]",3,"[""2555987077184201169_39285508413"", ""2567634866817437300_39285508413"", ""2576090264821921755_39285508413"", ""2659675630139826987_39285508413"", ""2686212539544325853_39285508413"", ""2687202641728794599_39285508413"", ""2688631561191878046_39285508413"", ""2695156554444577302_39285508413""]",8,5,0,14d_plus_prev_context
w_000345,little.nurse.foodie,train,0,negative_14d,2024-05-31 11:45:58+00:00,2024-06-14 11:45:58+00:00,6,0,3.1868104073759845e-16,"[""3380071624223956295_1654860116"", ""3382095936673452455_1654860116"", ""3384997330569401394_1654860116"", ""3385243444266728748_1654860116"", ""3387329218487350485_1654860116"", ""3388596253536193205_1654860116""]",6,"[""3380071624223956295_1654860116"", ""3382095936673452455_1654860116"", ""3384997330569401394_1654860116"", ""3385243444266728748_1654860116"", ""3387329218487350485_1654860116"", ""3388596253536193205_1654860116""]",6,0,2,14d_plus_prev_context
w_000346,little.nurse.foodie,train,0,negative_14d,2024-06-03 06:47:55+00:00,2024-06-17 06:47:55+00:00,6,0,3.1846845561986373e-16,"[""3382095936673452455_1654860116"", ""3384997330569401394_1654860116"", ""3385243444266728748_1654860116"", ""3387329218487350485_1654860116"", ""3388596253536193205_1654860116"", ""3390832617136773185_1654860116""]",6,"[""3380071624223956295_1654860116"", ""3382095936673452455_1654860116"", ""3384997330569401394_1654860116"", ""3385243444266728748_1654860116"", ""3387329218487350485_1654860116"", ""3388596253536193205_1654860116"", ""3390832617136773185_1654860116""]",7,1,1,14d_plus_prev_context
w_000347,little.nurse.foodie,train,0,negative_14d,2024-06-07 07:04:28+00:00,2024-06-21 07:04:28+00:00,6,0,3.1846758732282787e-16,"[""3384997330569401394_1654860116"", ""3385243444266728748_1654860116"", ""3387329218487350485_1654860116"", ""3388596253536193205_1654860116"", ""3390832617136773185_1654860116"", ""3393762196008470475_1654860116""]",6,"[""3380071624223956295_1654860116"", ""3382095936673452455_1654860116"", ""3384997330569401394_1654860116"", ""3385243444266728748_1654860116"", ""3387329218487350485_1654860116"", ""3388596253536193205_1654860116"", ""3390832617136773185_1654860116"", ""3393762196008470475_1654860116""]",8,2,0,14d_plus_prev_context
w_000348,lou__y,train,0,negative_14d,2021-10-05 14:56:36+00:00,2021-10-19 14:56:36+00:00,3,0,0.0006036527037831512,"[""2677859891047428826_201309898"", ""2684230865229598845_201309898"", ""2687122907882385524_201309898""]",3,"[""2645962813853743349_201309898"", ""2646709938095079295_201309898"", ""2661557482767610960_201309898"", ""2665481815567246735_201309898"", ""2665969074607311789_201309898"", ""2677859891047428826_201309898"", ""2684230865229598845_201309898"", ""2687122907882385524_201309898""]",8,5,0,14d_plus_prev_context
w_000349,lou__y,train,0,negative_14d,2021-10-14 09:54:36+00:00,2021-10-28 09:54:36+00:00,3,0,6.116857514023205e-08,"[""2684230865229598845_201309898"", ""2687122907882385524_201309898"", ""2692378422293603772_201309898""]",3,"[""2646709938095079295_201309898"", ""2661557482767610960_201309898"", ""2665481815567246735_201309898"", ""2665969074607311789_201309898"", ""2677859891047428826_201309898"", ""2684230865229598845_201309898"", ""2687122907882385524_201309898"", ""2692378422293603772_201309898""]",8,5,0,14d_plus_prev_context
w_000350,lou__y,train,0,negative_14d,2022-10-08 05:27:25+00:00,2022-10-22 05:27:25+00:00,3,0,3.7771142113519115e-07,"[""2944285187258803676_201309898"", ""2948593081697365084_9213284802"", ""2948720843766808420_201309898""]",3,"[""2917785380768430620_43307669927"", ""2918293638918245301_201309898"", ""2924784729025117591_43307669927"", ""2925312340163459577_201309898"", ""2926126838193072283_201309898"", ""2944285187258803676_201309898"", ""2948593081697365084_9213284802"", ""2948720843766808420_201309898""]",8,5,0,14d_plus_prev_context
w_000351,lueg0810,test,0,negative_14d,2016-09-08 13:52:03+00:00,2016-09-22 13:52:03+00:00,3,0,0.0019388750746879395,"[""1334817971784985255_1274589733"", ""1336280489753681189_1274589733"", ""1339232125103077765_1274589733""]",3,"[""1017182033124391111_1274589733"", ""1187572186077591851_1274589733"", ""1195343407242410379_1274589733"", ""1281224252838467664_1274589733"", ""1298332824122671835_1274589733"", ""1334817971784985255_1274589733"", ""1336280489753681189_1274589733"", ""1339232125103077765_1274589733""]",8,5,0,14d_plus_prev_context
w_000352,lueg0810,test,0,negative_14d,2017-12-10 14:20:36+00:00,2017-12-24 14:20:36+00:00,4,0,0.00013835335766995544,"[""1666779619641912830_1274589733"", ""1666784735744760791_1274589733"", ""1666787441465203326_1274589733"", ""1676177225845541071_1274589733""]",4,"[""1590675665779099901_1274589733"", ""1590676739864917265_1274589733"", ""1606501072390441767_1274589733"", ""1634196506743214948_1274589733"", ""1666779619641912830_1274589733"", ""1666784735744760791_1274589733"", ""1666787441465203326_1274589733"", ""1676177225845541071_1274589733""]",8,4,0,14d_plus_prev_context
w_000353,lueg0810,test,0,negative_14d,2017-12-10 14:30:45+00:00,2017-12-24 14:30:45+00:00,3,0,0.00010402210258080725,"[""1666784735744760791_1274589733"", ""1666787441465203326_1274589733"", ""1676177225845541071_1274589733""]",3,"[""1590675665779099901_1274589733"", ""1590676739864917265_1274589733"", ""1606501072390441767_1274589733"", ""1634196506743214948_1274589733"", ""1666779619641912830_1274589733"", ""1666784735744760791_1274589733"", ""1666787441465203326_1274589733"", ""1676177225845541071_1274589733""]",8,5,0,14d_plus_prev_context
w_000354,lulala_0123,train,0,negative_14d,2019-02-28 11:20:43+00:00,2019-03-14 11:20:43+00:00,4,0,4.353578168398904e-12,"[""1989214287524085314_8413289862"", ""1992837294268190589_8413289862"", ""1994994746686211464_8413289862"", ""1997897094224140124_8413289862""]",4,"[""1920365685323505852_8413289862"", ""1934135007439221053_8413289862"", ""1949344034099923076_8413289862"", ""1964575731132426747_8413289862"", ""1989214287524085314_8413289862"", ""1992837294268190589_8413289862"", ""1994994746686211464_8413289862"", ""1997897094224140124_8413289862""]",8,4,0,14d_plus_prev_context
w_000355,lulala_0123,train,0,negative_14d,2019-03-05 11:18:59+00:00,2019-03-19 11:18:59+00:00,3,0,5.771909839175239e-12,"[""1992837294268190589_8413289862"", ""1994994746686211464_8413289862"", ""1997897094224140124_8413289862""]",3,"[""1920365685323505852_8413289862"", ""1934135007439221053_8413289862"", ""1949344034099923076_8413289862"", ""1964575731132426747_8413289862"", ""1989214287524085314_8413289862"", ""1992837294268190589_8413289862"", ""1994994746686211464_8413289862"", ""1997897094224140124_8413289862""]",8,5,0,14d_plus_prev_context
w_000356,lulala_0123,train,0,negative_14d,2020-06-21 10:19:16+00:00,2020-07-05 10:19:16+00:00,3,0,9.678562053443661e-05,"[""2336350929720481973_8413289862"", ""2341424380096904166_8413289862"", ""2346497660546223903_8413289862""]",3,"[""2270470907964997983_8413289862"", ""2290688733455595685_8413289862"", ""2305905222009816869_8413289862"", ""2321130020872798352_8413289862"", ""2331275570289012277_8413289862"", ""2336350929720481973_8413289862"", ""2341424380096904166_8413289862"", ""2346497660546223903_8413289862""]",8,5,0,14d_plus_prev_context
w_000357,luver_on_crescent,train,0,negative_14d,2020-07-07 11:08:10+00:00,2020-07-21 11:08:10+00:00,3,0,9.492765318323861e-12,"[""2347971959862066303_23326151458"", ""2351407739703904409_23326151458"", ""2353578995484047659_23326151458""]",3,"[""2183963849573317666_23326151458"", ""2184634950293007128_23326151458"", ""2235568976919022119_23326151458"", ""2250113700140632962_23326151458"", ""2337449081269716432_23326151458"", ""2347971959862066303_23326151458"", ""2351407739703904409_23326151458"", ""2353578995484047659_23326151458""]",8,5,0,14d_plus_prev_context
w_000358,luver_on_crescent,train,0,negative_14d,2020-07-12 04:54:27+00:00,2020-07-26 04:54:27+00:00,4,0,7.277916206190961e-12,"[""2351407739703904409_23326151458"", ""2353578995484047659_23326151458"", ""2358639534753049116_23326151458"", ""2358655344401795639_23326151458""]",4,"[""2235568976919022119_23326151458"", ""2250113700140632962_23326151458"", ""2337449081269716432_23326151458"", ""2347971959862066303_23326151458"", ""2351407739703904409_23326151458"", ""2353578995484047659_23326151458"", ""2358639534753049116_23326151458"", ""2358655344401795639_23326151458""]",8,4,0,14d_plus_prev_context
w_000359,luver_on_crescent,train,0,negative_14d,2020-07-15 04:48:21+00:00,2020-07-29 04:48:21+00:00,5,0,1.419096676435349e-13,"[""2353578995484047659_23326151458"", ""2358639534753049116_23326151458"", ""2358655344401795639_23326151458"", ""2362467361172499861_23326151458"", ""2362965897010145228_23326151458""]",5,"[""2337449081269716432_23326151458"", ""2347971959862066303_23326151458"", ""2351407739703904409_23326151458"", ""2353578995484047659_23326151458"", ""2358639534753049116_23326151458"", ""2358655344401795639_23326151458"", ""2362467361172499861_23326151458"", ""2362965897010145228_23326151458""]",8,3,0,14d_plus_prev_context
w_000360,m_m12150605,test,0,negative_14d,2023-06-29 02:49:49+00:00,2023-07-13 02:49:49+00:00,6,0,0.18694701278582215,"[""3135552346558892952_60332717080"", ""3135555533726671686_60332717080"", ""3135556683729447371_60332717080"", ""3137754708874719725_60332717080"", ""3140131174853691872_60332717080"", ""3145426546601972599_60332717080""]",6,"[""3135552346558892952_60332717080"", ""3135555533726671686_60332717080"", ""3135556683729447371_60332717080"", ""3137754708874719725_60332717080"", ""3140131174853691872_60332717080"", ""3145426546601972599_60332717080""]",6,0,2,14d_plus_prev_context
w_000361,m_m12150605,test,0,negative_14d,2023-06-29 02:58:26+00:00,2023-07-13 02:58:26+00:00,4,0,0.2794809936895035,"[""3135556683729447371_60332717080"", ""3137754708874719725_60332717080"", ""3140131174853691872_60332717080"", ""3145426546601972599_60332717080""]",4,"[""3135552346558892952_60332717080"", ""3135555533726671686_60332717080"", ""3135556683729447371_60332717080"", ""3137754708874719725_60332717080"", ""3140131174853691872_60332717080"", ""3145426546601972599_60332717080""]",6,2,2,14d_plus_prev_context
w_000362,m_m12150605,test,0,negative_14d,2023-07-02 03:45:31+00:00,2023-07-16 03:45:31+00:00,3,0,0.09866009148148196,"[""3137754708874719725_60332717080"", ""3140131174853691872_60332717080"", ""3145426546601972599_60332717080""]",3,"[""3135552346558892952_60332717080"", ""3135555533726671686_60332717080"", ""3135556683729447371_60332717080"", ""3137754708874719725_60332717080"", ""3140131174853691872_60332717080"", ""3145426546601972599_60332717080""]",6,3,2,14d_plus_prev_context
w_000363,matcha_growth,train,0,negative_14d,2023-07-22 11:52:37+00:00,2023-08-05 11:52:37+00:00,3,0,0.00012472577675479745,"[""3152495392169106030_60735344399"", ""3155281347175186451_60735344399"", ""3160349100101740905_60735344399""]",3,"[""3152495392169106030_60735344399"", ""3155281347175186451_60735344399"", ""3160349100101740905_60735344399""]",3,0,5,14d_plus_prev_context
w_000364,matcha_growth,train,0,negative_14d,2023-07-26 08:07:49+00:00,2023-08-09 08:07:49+00:00,3,0,0.00012472579362143288,"[""3155281347175186451_60735344399"", ""3160349100101740905_60735344399"", ""3165371049618009871_60735344399""]",3,"[""3152495392169106030_60735344399"", ""3155281347175186451_60735344399"", ""3160349100101740905_60735344399"", ""3165371049618009871_60735344399""]",4,1,4,14d_plus_prev_context
w_000365,matcha_growth,train,0,negative_14d,2023-08-02 07:56:32+00:00,2023-08-16 07:56:32+00:00,3,0,2.8228051673843478e-11,"[""3160349100101740905_60735344399"", ""3165371049618009871_60735344399"", ""3168189737895285408_60735344399""]",3,"[""3152495392169106030_60735344399"", ""3155281347175186451_60735344399"", ""3160349100101740905_60735344399"", ""3165371049618009871_60735344399"", ""3168189737895285408_60735344399""]",5,2,3,14d_plus_prev_context
w_000366,miem29664,train,0,negative_14d,2021-12-24 11:47:37+00:00,2022-01-07 11:47:37+00:00,5,0,3.2005011479441234e-05,"[""2735746824698055335_50707871146"", ""2739997718289552038_50707871146"", ""2742165787698876640_50707871146"", ""2743100479499041109_50707871146"", ""2743102227013917651_50707871146""]",5,"[""2735106589618281668_50707871146"", ""2735132736347400186_50707871146"", ""2735744944559340786_50707871146"", ""2735746824698055335_50707871146"", ""2739997718289552038_50707871146"", ""2742165787698876640_50707871146"", ""2743100479499041109_50707871146"", ""2743102227013917651_50707871146""]",8,3,0,14d_plus_prev_context
w_000367,miem29664,train,0,negative_14d,2022-01-02 08:20:57+00:00,2022-01-16 08:20:57+00:00,7,0,5.2217662008447896e-05,"[""2742165787698876640_50707871146"", ""2743100479499041109_50707871146"", ""2743102227013917651_50707871146"", ""2745997377964773935_50707871146"", ""2746503519593625781_50707871146"", ""2746528035619280829_50707871146"", ""2746603766756074602_50707871146""]",7,"[""2739997718289552038_50707871146"", ""2742165787698876640_50707871146"", ""2743100479499041109_50707871146"", ""2743102227013917651_50707871146"", ""2745997377964773935_50707871146"", ""2746503519593625781_50707871146"", ""2746528035619280829_50707871146"", ""2746603766756074602_50707871146""]",8,1,0,14d_plus_prev_context
w_000368,miem29664,train,0,negative_14d,2022-01-03 15:21:29+00:00,2022-01-17 15:21:29+00:00,5,0,7.255112432175498e-05,"[""2743102227013917651_50707871146"", ""2745997377964773935_50707871146"", ""2746503519593625781_50707871146"", ""2746528035619280829_50707871146"", ""2746603766756074602_50707871146""]",5,"[""2739997718289552038_50707871146"", ""2742165787698876640_50707871146"", ""2743100479499041109_50707871146"", ""2743102227013917651_50707871146"", ""2745997377964773935_50707871146"", ""2746503519593625781_50707871146"", ""2746528035619280829_50707871146"", ""2746603766756074602_50707871146""]",8,3,0,14d_plus_prev_context
w_000369,milk821125,train,0,negative_14d,2019-04-26 04:22:44+00:00,2019-05-10 04:22:44+00:00,3,0,5.047621390236063e-11,"[""2030316126278555834_4650771679"", ""2037592133016560139_4650771679"", ""2039104990225034765_4650771679""]",3,"[""1721508231349752768_4650771679"", ""1969711544553214188_4650771679"", ""2008624576234618525_4650771679"", ""2011083871874194220_4650771679"", ""2020173629619620625_4650771679"", ""2030316126278555834_4650771679"", ""2037592133016560139_4650771679"", ""2039104990225034765_4650771679""]",8,5,0,14d_plus_prev_context
w_000370,milk821125,train,0,negative_14d,2019-05-08 07:25:29+00:00,2019-05-22 07:25:29+00:00,3,0,7.071981240045635e-06,"[""2039104990225034765_4650771679"", ""2047862926304794076_4650771679"", ""2049177910267763446_4650771679""]",3,"[""2008624576234618525_4650771679"", ""2011083871874194220_4650771679"", ""2020173629619620625_4650771679"", ""2030316126278555834_4650771679"", ""2037592133016560139_4650771679"", ""2039104990225034765_4650771679"", ""2047862926304794076_4650771679"", ""2049177910267763446_4650771679""]",8,5,0,14d_plus_prev_context
w_000371,milk821125,train,0,negative_14d,2019-05-20 09:25:06+00:00,2019-06-03 09:25:06+00:00,5,0,4.243276978331368e-06,"[""2047862926304794076_4650771679"", ""2049177910267763446_4650771679"", ""2052882045882854198_4650771679"", ""2054489520818032499_4650771679"", ""2055308018423034019_4650771679""]",5,"[""2030316126278555834_4650771679"", ""2037592133016560139_4650771679"", ""2039104990225034765_4650771679"", ""2047862926304794076_4650771679"", ""2049177910267763446_4650771679"", ""2052882045882854198_4650771679"", ""2054489520818032499_4650771679"", ""2055308018423034019_4650771679""]",8,3,0,14d_plus_prev_context
w_000372,mr.w_write_,train,0,negative_14d,2022-02-17 10:08:55+00:00,2022-03-03 10:08:55+00:00,22,0,8.490659730853167e-09,"[""2775559813680063246_51674001067"", ""2775631841598433123_51674001067"", ""2776102393593284848_51674001067"", ""2776318527764529531_51674001067"", ""2776407408866332382_51674001067"", ""2776968443205589258_51674001067"", ""2777047290047556999_51674001067"", ""2777183711789916560_51674001067"", ""2782278212145465384_51674001067"", ""2782626710825188366_51674001067"", ""2782712983061426976_51674001067"", ""2782871237741598962_51674001067"", ""2783366070243495398_51674001067"", ""2783615691452729291_51674001067"", ""2783684980952213916_51674001067"", ""2784071987671023695_51674001067"", ""2784165012795506819_51674001067"", ""2784291386210250207_51674001067"", ""2784449981954396143_51674001067"", ""2784972097170843027_51674001067"", ""2785075570063433562_51674001067"", ""2785677181902991414_51674001067""]",22,"[""2783684980952213916_51674001067"", ""2784071987671023695_51674001067"", ""2784165012795506819_51674001067"", ""2784291386210250207_51674001067"", ""2784449981954396143_51674001067"", ""2784972097170843027_51674001067"", ""2785075570063433562_51674001067"", ""2785677181902991414_51674001067""]",8,0,0,14d_plus_prev_context
w_000373,mr.w_write_,train,0,negative_14d,2022-02-18 14:12:56+00:00,2022-03-04 14:12:56+00:00,19,0,8.490659730853167e-09,"[""2776407408866332382_51674001067"", ""2776968443205589258_51674001067"", ""2777047290047556999_51674001067"", ""2777183711789916560_51674001067"", ""2782278212145465384_51674001067"", ""2782626710825188366_51674001067"", ""2782712983061426976_51674001067"", ""2782871237741598962_51674001067"", ""2783366070243495398_51674001067"", ""2783615691452729291_51674001067"", ""2783684980952213916_51674001067"", ""2784071987671023695_51674001067"", ""2784165012795506819_51674001067"", ""2784291386210250207_51674001067"", ""2784449981954396143_51674001067"", ""2784972097170843027_51674001067"", ""2785075570063433562_51674001067"", ""2785677181902991414_51674001067"", ""2786451006236146307_51674001067""]",19,"[""2784071987671023695_51674001067"", ""2784165012795506819_51674001067"", ""2784291386210250207_51674001067"", ""2784449981954396143_51674001067"", ""2784972097170843027_51674001067"", ""2785075570063433562_51674001067"", ""2785677181902991414_51674001067"", ""2786451006236146307_51674001067""]",8,0,0,14d_plus_prev_context
w_000374,mr.w_write_,train,0,negative_14d,2022-02-26 16:37:10+00:00,2022-03-12 16:37:10+00:00,30,0,1.9958353192350842e-08,"[""2782278212145465384_51674001067"", ""2782626710825188366_51674001067"", ""2782712983061426976_51674001067"", ""2782871237741598962_51674001067"", ""2783366070243495398_51674001067"", ""2783615691452729291_51674001067"", ""2783684980952213916_51674001067"", ""2784071987671023695_51674001067"", ""2784165012795506819_51674001067"", ""2784291386210250207_51674001067"", ""2784449981954396143_51674001067"", ""2784972097170843027_51674001067"", ""2785075570063433562_51674001067"", ""2785677181902991414_51674001067"", ""2786451006236146307_51674001067"", ""2787347864680917793_51674001067"", ""2787941647256520957_51674001067"", ""2788018086182121662_51674001067"", ""2788459398500745729_51674001067"", ""2788603307831065120_51674001067"", ""2789235711432015655_51674001067"", ""2789423919197479399_51674001067"", ""2789500951893885782_51674001067"", ""2790061878699551669_51674001067"", ""2790188601952720205_51674001067"", ""2790819442127187744_51674001067"", ""2791628730038972742_51674001067"", ""2792241028310777177_51674001067"", ""2792320921353180765_51674001067"", ""2792357006906607018_51674001067""]",30,"[""2789500951893885782_51674001067"", ""2790061878699551669_51674001067"", ""2790188601952720205_51674001067"", ""2790819442127187744_51674001067"", ""2791628730038972742_51674001067"", ""2792241028310777177_51674001067"", ""2792320921353180765_51674001067"", ""2792357006906607018_51674001067""]",8,0,0,14d_plus_prev_context
w_000375,my_cutieee_,train,0,negative_14d,2019-08-09 11:00:05+00:00,2019-08-23 11:00:05+00:00,4,0,8.651157498922394e-16,"[""2106617565043550182_6020524033"", ""2108791883278259791_6020524033"", ""2112415808725808409_6020524033"", ""2115314863449610089_6020524033""]",4,"[""2097195481183947621_6020524033"", ""2106617565043550182_6020524033"", ""2108791883278259791_6020524033"", ""2112415808725808409_6020524033"", ""2115314863449610089_6020524033""]",5,1,3,14d_plus_prev_context
w_000376,my_cutieee_,train,0,negative_14d,2019-08-12 11:00:03+00:00,2019-08-26 11:00:03+00:00,3,0,7.20220457318232e-17,"[""2108791883278259791_6020524033"", ""2112415808725808409_6020524033"", ""2115314863449610089_6020524033""]",3,"[""2097195481183947621_6020524033"", ""2106617565043550182_6020524033"", ""2108791883278259791_6020524033"", ""2112415808725808409_6020524033"", ""2115314863449610089_6020524033""]",5,2,3,14d_plus_prev_context
w_000377,my_cutieee_,train,0,negative_14d,2019-08-17 11:00:09+00:00,2019-08-31 11:00:09+00:00,5,0,2.724131100988314e-16,"[""2112415808725808409_6020524033"", ""2115314863449610089_6020524033"", ""2118938945160462086_6020524033"", ""2121113107492678556_6020524033"", ""2122562623112492465_6020524033""]",5,"[""2097195481183947621_6020524033"", ""2106617565043550182_6020524033"", ""2108791883278259791_6020524033"", ""2112415808725808409_6020524033"", ""2115314863449610089_6020524033"", ""2118938945160462086_6020524033"", ""2121113107492678556_6020524033"", ""2122562623112492465_6020524033""]",8,3,0,14d_plus_prev_context
w_000378,na.to.heart,train,0,negative_14d,2021-07-19 04:40:55+00:00,2021-08-02 04:40:55+00:00,23,0,5.1172010309100535e-05,"[""2621017495847784122_48753960352"", ""2621203870091767809_48753960352"", ""2621284498162109829_48753960352"", ""2621940436011395990_48753960352"", ""2622029868462984465_48753960352"", ""2622683813665560520_48753960352"", ""2623364253497876722_48753960352"", ""2623487209939124487_48753960352"", ""2624088534527525702_48753960352"", ""2624201673336226946_48753960352"", ""2624702995978514322_48753960352"", ""2624914817708961006_48753960352"", ""2625496987783401438_48753960352"", ""2625636336017798992_48753960352"", ""2626260106592060153_48753960352"", ""2626371185955497340_48753960352"", ""2627069861765853234_48753960352"", ""2627791755070770195_48753960352"", ""2628514167731076054_48753960352"", ""2629216481982156552_48753960352"", ""2629786479800699581_48753960352"", ""2629960724275254313_48753960352"", ""2630698492970265796_48753960352""]",23,"[""2626371185955497340_48753960352"", ""2627069861765853234_48753960352"", ""2627791755070770195_48753960352"", ""2628514167731076054_48753960352"", ""2629216481982156552_48753960352"", ""2629786479800699581_48753960352"", ""2629960724275254313_48753960352"", ""2630698492970265796_48753960352""]",8,0,0,14d_plus_prev_context
w_000379,na.to.heart,train,0,negative_14d,2021-07-20 14:12:19+00:00,2021-08-03 14:12:19+00:00,21,0,0.005593276073898075,"[""2622029868462984465_48753960352"", ""2622683813665560520_48753960352"", ""2623364253497876722_48753960352"", ""2623487209939124487_48753960352"", ""2624088534527525702_48753960352"", ""2624201673336226946_48753960352"", ""2624702995978514322_48753960352"", ""2624914817708961006_48753960352"", ""2625496987783401438_48753960352"", ""2625636336017798992_48753960352"", ""2626260106592060153_48753960352"", ""2626371185955497340_48753960352"", ""2627069861765853234_48753960352"", ""2627791755070770195_48753960352"", ""2628514167731076054_48753960352"", ""2629216481982156552_48753960352"", ""2629786479800699581_48753960352"", ""2629960724275254313_48753960352"", ""2630698492970265796_48753960352"", ""2631447960569164183_48753960352"", ""2632156065158240737_48753960352""]",21,"[""2627791755070770195_48753960352"", ""2628514167731076054_48753960352"", ""2629216481982156552_48753960352"", ""2629786479800699581_48753960352"", ""2629960724275254313_48753960352"", ""2630698492970265796_48753960352"", ""2631447960569164183_48753960352"", ""2632156065158240737_48753960352""]",8,0,0,14d_plus_prev_context
w_000380,na.to.heart,train,0,negative_14d,2021-07-22 14:27:48+00:00,2021-08-05 14:27:48+00:00,20,0,0.005835974763178147,"[""2623487209939124487_48753960352"", ""2624088534527525702_48753960352"", ""2624201673336226946_48753960352"", ""2624702995978514322_48753960352"", ""2624914817708961006_48753960352"", ""2625496987783401438_48753960352"", ""2625636336017798992_48753960352"", ""2626260106592060153_48753960352"", ""2626371185955497340_48753960352"", ""2627069861765853234_48753960352"", ""2627791755070770195_48753960352"", ""2628514167731076054_48753960352"", ""2629216481982156552_48753960352"", ""2629786479800699581_48753960352"", ""2629960724275254313_48753960352"", ""2630698492970265796_48753960352"", ""2631447960569164183_48753960352"", ""2632156065158240737_48753960352"", ""2632871523838729135_48753960352"", ""2633603513647065767_48753960352""]",20,"[""2629216481982156552_48753960352"", ""2629786479800699581_48753960352"", ""2629960724275254313_48753960352"", ""2630698492970265796_48753960352"", ""2631447960569164183_48753960352"", ""2632156065158240737_48753960352"", ""2632871523838729135_48753960352"", ""2633603513647065767_48753960352""]",8,0,0,14d_plus_prev_context
w_000381,nata_reading,train,0,negative_14d,2024-01-09 12:35:51+00:00,2024-01-23 12:35:51+00:00,9,0,0.05625065729989839,"[""3276453796162516716_7538030698"", ""3277198977316847358_7538030698"", ""3277892685888706655_7538030698"", ""3280090612643934207_7538030698"", ""3280837305341591402_7538030698"", ""3282301589011721636_7538030698"", ""3282973219111230462_7538030698"", ""3283735224499608747_7538030698"", ""3284812950727986688_7538030698""]",9,"[""3277198977316847358_7538030698"", ""3277892685888706655_7538030698"", ""3280090612643934207_7538030698"", ""3280837305341591402_7538030698"", ""3282301589011721636_7538030698"", ""3282973219111230462_7538030698"", ""3283735224499608747_7538030698"", ""3284812950727986688_7538030698""]",8,0,0,14d_plus_prev_context
w_000382,nata_reading,train,0,negative_14d,2024-01-11 12:14:40+00:00,2024-01-25 12:14:40+00:00,8,0,0.08697457090665137,"[""3277892685888706655_7538030698"", ""3280090612643934207_7538030698"", ""3280837305341591402_7538030698"", ""3282301589011721636_7538030698"", ""3282973219111230462_7538030698"", ""3283735224499608747_7538030698"", ""3284812950727986688_7538030698"", ""3287395155673234975_7538030698""]",8,"[""3277892685888706655_7538030698"", ""3280090612643934207_7538030698"", ""3280837305341591402_7538030698"", ""3282301589011721636_7538030698"", ""3282973219111230462_7538030698"", ""3283735224499608747_7538030698"", ""3284812950727986688_7538030698"", ""3287395155673234975_7538030698""]",8,0,0,14d_plus_prev_context
w_000383,nata_reading,train,0,negative_14d,2024-01-15 13:45:06+00:00,2024-01-29 13:45:06+00:00,6,0,0.11596606850556172,"[""3280837305341591402_7538030698"", ""3282301589011721636_7538030698"", ""3282973219111230462_7538030698"", ""3283735224499608747_7538030698"", ""3284812950727986688_7538030698"", ""3287395155673234975_7538030698""]",6,"[""3277892685888706655_7538030698"", ""3280090612643934207_7538030698"", ""3280837305341591402_7538030698"", ""3282301589011721636_7538030698"", ""3282973219111230462_7538030698"", ""3283735224499608747_7538030698"", ""3284812950727986688_7538030698"", ""3287395155673234975_7538030698""]",8,2,0,14d_plus_prev_context
w_000384,nccueater,test,0,negative_14d,2018-12-10 04:16:04+00:00,2018-12-24 04:16:04+00:00,24,0,7.72013541676189e-15,"[""1931018492656943824_9299582226"", ""1931021502137025782_9299582226"", ""1931026057503559737_9299582226"", ""1931028216479703032_9299582226"", ""1931030751944842100_9299582226"", ""1931032976737853894_9299582226"", ""1931035618042015654_9299582226"", ""1931877282289724013_9299582226"", ""1931880170260913106_9299582226"", ""1931882149972344134_9299582226"", ""1931884234776310485_9299582226"", ""1931885113474561788_9299582226"", ""1931886001517904723_9299582226"", ""1932605569257289591_9299582226"", ""1932607538440972188_9299582226"", ""1935400443383647485_9299582226"", ""1935400799547174329_9299582226"", ""1936222806132181124_9299582226"", ""1936227038780697032_9299582226"", ""1936228288473547607_9299582226"", ""1936229310197485421_9299582226"", ""1936231618616647333_9299582226"", ""1936233735012044124_9299582226"", ""1936771603438545207_9299582226""]",24,"[""1935400799547174329_9299582226"", ""1936222806132181124_9299582226"", ""1936227038780697032_9299582226"", ""1936228288473547607_9299582226"", ""1936229310197485421_9299582226"", ""1936231618616647333_9299582226"", ""1936233735012044124_9299582226"", ""1936771603438545207_9299582226""]",8,0,0,14d_plus_prev_context
w_000385,nccueater,test,0,negative_14d,2018-12-10 04:44:50+00:00,2018-12-24 04:44:50+00:00,19,0,9.750558529682949e-15,"[""1931032976737853894_9299582226"", ""1931035618042015654_9299582226"", ""1931877282289724013_9299582226"", ""1931880170260913106_9299582226"", ""1931882149972344134_9299582226"", ""1931884234776310485_9299582226"", ""1931885113474561788_9299582226"", ""1931886001517904723_9299582226"", ""1932605569257289591_9299582226"", ""1932607538440972188_9299582226"", ""1935400443383647485_9299582226"", ""1935400799547174329_9299582226"", ""1936222806132181124_9299582226"", ""1936227038780697032_9299582226"", ""1936228288473547607_9299582226"", ""1936229310197485421_9299582226"", ""1936231618616647333_9299582226"", ""1936233735012044124_9299582226"", ""1936771603438545207_9299582226""]",19,"[""1935400799547174329_9299582226"", ""1936222806132181124_9299582226"", ""1936227038780697032_9299582226"", ""1936228288473547607_9299582226"", ""1936229310197485421_9299582226"", ""1936231618616647333_9299582226"", ""1936233735012044124_9299582226"", ""1936771603438545207_9299582226""]",8,0,0,14d_plus_prev_context
w_000386,nccueater,test,0,negative_14d,2018-12-11 08:52:00+00:00,2018-12-25 08:52:00+00:00,15,0,1.2347678615494739e-14,"[""1931882149972344134_9299582226"", ""1931884234776310485_9299582226"", ""1931885113474561788_9299582226"", ""1931886001517904723_9299582226"", ""1932605569257289591_9299582226"", ""1932607538440972188_9299582226"", ""1935400443383647485_9299582226"", ""1935400799547174329_9299582226"", ""1936222806132181124_9299582226"", ""1936227038780697032_9299582226"", ""1936228288473547607_9299582226"", ""1936229310197485421_9299582226"", ""1936231618616647333_9299582226"", ""1936233735012044124_9299582226"", ""1936771603438545207_9299582226""]",15,"[""1935400799547174329_9299582226"", ""1936222806132181124_9299582226"", ""1936227038780697032_9299582226"", ""1936228288473547607_9299582226"", ""1936229310197485421_9299582226"", ""1936231618616647333_9299582226"", ""1936233735012044124_9299582226"", ""1936771603438545207_9299582226""]",8,0,0,14d_plus_prev_context
w_000387,neko_wumiao,train,0,negative_14d,2021-02-03 04:13:24+00:00,2021-02-17 04:13:24+00:00,4,0,0.0015389809789187845,"[""2500690876085192483_444787805"", ""2501318606089204094_444787805"", ""2502163943793687610_444787805"", ""2506194571655280521_444787805""]",4,"[""2495569832773037260_444787805"", ""2497467489447579451_444787805"", ""2499147362229110946_444787805"", ""2500201531939072660_444787805"", ""2500690876085192483_444787805"", ""2501318606089204094_444787805"", ""2502163943793687610_444787805"", ""2506194571655280521_444787805""]",8,4,0,14d_plus_prev_context
w_000388,neko_wumiao,train,0,negative_14d,2021-02-04 01:00:35+00:00,2021-02-18 01:00:35+00:00,3,0,0.0020519746385421023,"[""2501318606089204094_444787805"", ""2502163943793687610_444787805"", ""2506194571655280521_444787805""]",3,"[""2495569832773037260_444787805"", ""2497467489447579451_444787805"", ""2499147362229110946_444787805"", ""2500201531939072660_444787805"", ""2500690876085192483_444787805"", ""2501318606089204094_444787805"", ""2502163943793687610_444787805"", ""2506194571655280521_444787805""]",8,5,0,14d_plus_prev_context
w_000389,neko_wumiao,train,0,negative_14d,2021-02-10 18:28:16+00:00,2021-02-24 18:28:16+00:00,4,0,0.005684806751760253,"[""2506194571655280521_444787805"", ""2514887129241132022_444787805"", ""2515624712848515350_444787805"", ""2516146421764066584_444787805""]",4,"[""2500201531939072660_444787805"", ""2500690876085192483_444787805"", ""2501318606089204094_444787805"", ""2502163943793687610_444787805"", ""2506194571655280521_444787805"", ""2514887129241132022_444787805"", ""2515624712848515350_444787805"", ""2516146421764066584_444787805""]",8,4,0,14d_plus_prev_context
w_000390,ninaa0821,train,0,negative_14d,2016-02-15 18:09:47+00:00,2016-02-29 18:09:47+00:00,3,0,6.263411504881681e-05,"[""1185643892695461351_2817058674"", ""1188610100810050887_2817058674"", ""1193234313839733891_2817058674""]",3,"[""1185643892695461351_2817058674"", ""1188610100810050887_2817058674"", ""1193234313839733891_2817058674""]",3,0,5,14d_plus_prev_context
w_000391,ninaa0821,train,0,negative_14d,2016-03-22 17:56:22+00:00,2016-04-05 17:56:22+00:00,3,0,1.0814744958939635e-09,"[""1211729060921175786_2817058674"", ""1216761427998109628_2817058674"", ""1221119088168366036_2817058674""]",3,"[""1185643892695461351_2817058674"", ""1188610100810050887_2817058674"", ""1193234313839733891_2817058674"", ""1199038548103752874_2817058674"", ""1203419237888650879_2817058674"", ""1211729060921175786_2817058674"", ""1216761427998109628_2817058674"", ""1221119088168366036_2817058674""]",8,5,0,14d_plus_prev_context
w_000392,ninaa0821,train,0,negative_14d,2016-06-19 21:52:36+00:00,2016-07-03 21:52:36+00:00,3,0,2.4139242012684767e-06,"[""1276353004852309872_2817058674"", ""1280257074512760620_2817058674"", ""1284187375932680009_2817058674""]",3,"[""1221119088168366036_2817058674"", ""1229150148395364234_2817058674"", ""1241305890422353884_2817058674"", ""1251009322842418544_2817058674"", ""1265000080821808801_2817058674"", ""1276353004852309872_2817058674"", ""1280257074512760620_2817058674"", ""1284187375932680009_2817058674""]",8,5,0,14d_plus_prev_context
w_000393,ohyounglife,test,0,negative_14d,2023-01-08 06:42:43+00:00,2023-01-22 06:42:43+00:00,9,0,0.0006540126704920881,"[""3011008141552191763_54488192373"", ""3011587154960169202_54488192373"", ""3012392723102988855_54488192373"", ""3013097885085946593_54488192373"", ""3013813853256730807_54488192373"", ""3014583288427159898_54488192373"", ""3015267455930318432_54488192373"", ""3015953379018205702_54488192373"", ""3018997404075401550_54488192373""]",9,"[""3011587154960169202_54488192373"", ""3012392723102988855_54488192373"", ""3013097885085946593_54488192373"", ""3013813853256730807_54488192373"", ""3014583288427159898_54488192373"", ""3015267455930318432_54488192373"", ""3015953379018205702_54488192373"", ""3018997404075401550_54488192373""]",8,0,0,14d_plus_prev_context
w_000394,ohyounglife,test,0,negative_14d,2023-01-10 04:33:38+00:00,2023-01-24 04:33:38+00:00,7,0,0.0008408721862765439,"[""3012392723102988855_54488192373"", ""3013097885085946593_54488192373"", ""3013813853256730807_54488192373"", ""3014583288427159898_54488192373"", ""3015267455930318432_54488192373"", ""3015953379018205702_54488192373"", ""3018997404075401550_54488192373""]",7,"[""3011587154960169202_54488192373"", ""3012392723102988855_54488192373"", ""3013097885085946593_54488192373"", ""3013813853256730807_54488192373"", ""3014583288427159898_54488192373"", ""3015267455930318432_54488192373"", ""3015953379018205702_54488192373"", ""3018997404075401550_54488192373""]",8,1,0,14d_plus_prev_context
w_000395,ohyounglife,test,0,negative_14d,2023-01-11 03:54:39+00:00,2023-01-25 03:54:39+00:00,7,0,0.0008408722519897257,"[""3013097885085946593_54488192373"", ""3013813853256730807_54488192373"", ""3014583288427159898_54488192373"", ""3015267455930318432_54488192373"", ""3015953379018205702_54488192373"", ""3018997404075401550_54488192373"", ""3022648104739770421_54488192373""]",7,"[""3012392723102988855_54488192373"", ""3013097885085946593_54488192373"", ""3013813853256730807_54488192373"", ""3014583288427159898_54488192373"", ""3015267455930318432_54488192373"", ""3015953379018205702_54488192373"", ""3018997404075401550_54488192373"", ""3022648104739770421_54488192373""]",8,1,0,14d_plus_prev_context
w_000396,ooodovobooo,test,0,negative_14d,2023-02-19 13:04:14+00:00,2023-03-05 13:04:14+00:00,12,0,4.050956214154965e-11,"[""3041640750548260700_58398416484"", ""3042094946753387124_58398416484"", ""3042985234510301879_58398416484"", ""3043735220466249154_58398416484"", ""3044516585705199980_58398416484"", ""3046660412868904100_58398416484"", ""3047830759051724258_58398416484"", ""3048163146562412269_58398416484"", ""3048856076159770685_58398416484"", ""3049511942470801980_58398416484"", ""3050261301395451272_58398416484"", ""3050878856682113454_58398416484""]",12,"[""3044516585705199980_58398416484"", ""3046660412868904100_58398416484"", ""3047830759051724258_58398416484"", ""3048163146562412269_58398416484"", ""3048856076159770685_58398416484"", ""3049511942470801980_58398416484"", ""3050261301395451272_58398416484"", ""3050878856682113454_58398416484""]",8,0,0,14d_plus_prev_context
w_000397,ooodovobooo,test,0,negative_14d,2023-02-21 09:35:29+00:00,2023-03-07 09:35:29+00:00,11,0,4.4100717819605146e-11,"[""3042985234510301879_58398416484"", ""3043735220466249154_58398416484"", ""3044516585705199980_58398416484"", ""3046660412868904100_58398416484"", ""3047830759051724258_58398416484"", ""3048163146562412269_58398416484"", ""3048856076159770685_58398416484"", ""3049511942470801980_58398416484"", ""3050261301395451272_58398416484"", ""3050878856682113454_58398416484"", ""3052518954486099303_58398416484""]",11,"[""3046660412868904100_58398416484"", ""3047830759051724258_58398416484"", ""3048163146562412269_58398416484"", ""3048856076159770685_58398416484"", ""3049511942470801980_58398416484"", ""3050261301395451272_58398416484"", ""3050878856682113454_58398416484"", ""3052518954486099303_58398416484""]",8,0,0,14d_plus_prev_context
w_000398,ooodovobooo,test,0,negative_14d,2023-02-23 12:18:00+00:00,2023-03-09 12:18:00+00:00,12,0,4.147380973965477e-11,"[""3044516585705199980_58398416484"", ""3046660412868904100_58398416484"", ""3047830759051724258_58398416484"", ""3048163146562412269_58398416484"", ""3048856076159770685_58398416484"", ""3049511942470801980_58398416484"", ""3050261301395451272_58398416484"", ""3050878856682113454_58398416484"", ""3052518954486099303_58398416484"", ""3053173469610768528_58398416484"", ""3053881722065675855_58398416484"", ""3054633113658949583_58398416484""]",12,"[""3048856076159770685_58398416484"", ""3049511942470801980_58398416484"", ""3050261301395451272_58398416484"", ""3050878856682113454_58398416484"", ""3052518954486099303_58398416484"", ""3053173469610768528_58398416484"", ""3053881722065675855_58398416484"", ""3054633113658949583_58398416484""]",8,0,0,14d_plus_prev_context
w_000399,orlando_1218,train,0,negative_14d,2014-02-19 02:05:56+00:00,2014-03-05 02:05:56+00:00,4,0,0.00014032776778094005,"[""658971586363627789_1035564581"", ""663427347361798655_1035564581"", ""663957239203600389_1035564581"", ""667751515611962236_1035564581""]",4,"[""658971586363627789_1035564581"", ""663427347361798655_1035564581"", ""663957239203600389_1035564581"", ""667751515611962236_1035564581""]",4,0,4,14d_plus_prev_context
w_000400,orlando_1218,train,0,negative_14d,2014-02-25 05:38:44+00:00,2014-03-11 05:38:44+00:00,3,0,0.0001770403358326123,"[""663427347361798655_1035564581"", ""663957239203600389_1035564581"", ""667751515611962236_1035564581""]",3,"[""658971586363627789_1035564581"", ""663427347361798655_1035564581"", ""663957239203600389_1035564581"", ""667751515611962236_1035564581""]",4,1,4,14d_plus_prev_context
w_000401,orlando_1218,train,0,negative_14d,2014-02-25 23:11:32+00:00,2014-03-11 23:11:32+00:00,3,0,8.245358856425204e-05,"[""663957239203600389_1035564581"", ""667751515611962236_1035564581"", ""673679760547093402_1035564581""]",3,"[""658971586363627789_1035564581"", ""663427347361798655_1035564581"", ""663957239203600389_1035564581"", ""667751515611962236_1035564581"", ""673679760547093402_1035564581""]",5,2,3,14d_plus_prev_context
w_000402,owendean___,train,0,negative_14d,2021-02-23 10:31:04+00:00,2021-03-09 10:31:04+00:00,15,0,0.0003240826727297341,"[""2515376480056042359_7060429385"", ""2516100626390167354_7060429385"", ""2516834599365857114_7060429385"", ""2517557043575816120_7060429385"", ""2518278289791816165_7060429385"", ""2519001277356905329_7060429385"", ""2519724839541759909_7060429385"", ""2520449666317608114_7060429385"", ""2521178568379963618_7060429385"", ""2521899078235557251_7060429385"", ""2522625838023688469_7060429385"", ""2523353098586323114_7060429385"", ""2524074046192966612_7060429385"", ""2524798677237609825_7060429385"", ""2525522954953771748_7060429385""]",15,"[""2520449666317608114_7060429385"", ""2521178568379963618_7060429385"", ""2521899078235557251_7060429385"", ""2522625838023688469_7060429385"", ""2523353098586323114_7060429385"", ""2524074046192966612_7060429385"", ""2524798677237609825_7060429385"", ""2525522954953771748_7060429385""]",8,0,0,14d_plus_prev_context
w_000403,owendean___,train,0,negative_14d,2021-02-25 10:48:06+00:00,2021-03-11 10:48:06+00:00,15,0,0.0002994237192012816,"[""2516834599365857114_7060429385"", ""2517557043575816120_7060429385"", ""2518278289791816165_7060429385"", ""2519001277356905329_7060429385"", ""2519724839541759909_7060429385"", ""2520449666317608114_7060429385"", ""2521178568379963618_7060429385"", ""2521899078235557251_7060429385"", ""2522625838023688469_7060429385"", ""2523353098586323114_7060429385"", ""2524074046192966612_7060429385"", ""2524798677237609825_7060429385"", ""2525522954953771748_7060429385"", ""2526247716877444307_7060429385"", ""2526973036483876631_7060429385""]",15,"[""2521899078235557251_7060429385"", ""2522625838023688469_7060429385"", ""2523353098586323114_7060429385"", ""2524074046192966612_7060429385"", ""2524798677237609825_7060429385"", ""2525522954953771748_7060429385"", ""2526247716877444307_7060429385"", ""2526973036483876631_7060429385""]",8,0,0,14d_plus_prev_context
w_000404,owendean___,train,0,negative_14d,2021-02-28 10:32:54+00:00,2021-03-14 10:32:54+00:00,15,0,0.0011949511231724242,"[""2519001277356905329_7060429385"", ""2519724839541759909_7060429385"", ""2520449666317608114_7060429385"", ""2521178568379963618_7060429385"", ""2521899078235557251_7060429385"", ""2522625838023688469_7060429385"", ""2523353098586323114_7060429385"", ""2524074046192966612_7060429385"", ""2524798677237609825_7060429385"", ""2525522954953771748_7060429385"", ""2526247716877444307_7060429385"", ""2526973036483876631_7060429385"", ""2527697259020155538_7060429385"", ""2528422300225563459_7060429385"", ""2529146973229898537_7060429385""]",15,"[""2524074046192966612_7060429385"", ""2524798677237609825_7060429385"", ""2525522954953771748_7060429385"", ""2526247716877444307_7060429385"", ""2526973036483876631_7060429385"", ""2527697259020155538_7060429385"", ""2528422300225563459_7060429385"", ""2529146973229898537_7060429385""]",8,0,0,14d_plus_prev_context
w_000405,painwords.yan,val,0,negative_14d,2021-01-28 13:34:44+00:00,2021-02-11 13:34:44+00:00,3,0,0.0014428519471903426,"[""2496624752918001916_12093800223"", ""2499456076452042471_12093800223"", ""2504612765266375733_12093800223""]",3,"[""2477043565824125335_12093800223"", ""2482913887815205994_12093800223"", ""2496624752918001916_12093800223"", ""2499456076452042471_12093800223"", ""2504612765266375733_12093800223""]",5,2,3,14d_plus_prev_context
w_000406,painwords.yan,val,0,negative_14d,2021-02-08 14:05:30+00:00,2021-02-22 14:05:30+00:00,4,0,0.000707915897237382,"[""2504612765266375733_12093800223"", ""2511739163848381692_12093800223"", ""2512716101437897728_12093800223"", ""2513256842887424665_12093800223""]",4,"[""2477043565824125335_12093800223"", ""2482913887815205994_12093800223"", ""2496624752918001916_12093800223"", ""2499456076452042471_12093800223"", ""2504612765266375733_12093800223"", ""2511739163848381692_12093800223"", ""2512716101437897728_12093800223"", ""2513256842887424665_12093800223""]",8,4,0,14d_plus_prev_context
w_000407,painwords.yan,val,0,negative_14d,2021-02-19 18:25:23+00:00,2021-03-05 18:25:23+00:00,5,0,0.0002471947465194124,"[""2512716101437897728_12093800223"", ""2513256842887424665_12093800223"", ""2515499914840963074_12093800223"", ""2518483761538995959_12093800223"", ""2519188580453027767_12093800223""]",5,"[""2499456076452042471_12093800223"", ""2504612765266375733_12093800223"", ""2511739163848381692_12093800223"", ""2512716101437897728_12093800223"", ""2513256842887424665_12093800223"", ""2515499914840963074_12093800223"", ""2518483761538995959_12093800223"", ""2519188580453027767_12093800223""]",8,3,0,14d_plus_prev_context
w_000408,pei.words,train,0,negative_14d,2021-06-23 05:45:46+00:00,2021-07-07 05:45:46+00:00,9,0,1.0679410605686348e-07,"[""2602205702275273914_6000051900"", ""2603128200575064629_6000051900"", ""2603664048916376157_6000051900"", ""2603858457557557862_6000051900"", ""2605935693567705420_6000051900"", ""2606053619177567412_6000051900"", ""2606575535188169806_6000051900"", ""2607478090236999166_6000051900"", ""2608082678731203222_6000051900""]",9,"[""2603128200575064629_6000051900"", ""2603664048916376157_6000051900"", ""2603858457557557862_6000051900"", ""2605935693567705420_6000051900"", ""2606053619177567412_6000051900"", ""2606575535188169806_6000051900"", ""2607478090236999166_6000051900"", ""2608082678731203222_6000051900""]",8,0,0,14d_plus_prev_context
w_000409,pei.words,train,0,negative_14d,2021-06-25 06:02:57+00:00,2021-07-09 06:02:57+00:00,7,0,1.2748509794253365e-07,"[""2603664048916376157_6000051900"", ""2603858457557557862_6000051900"", ""2605935693567705420_6000051900"", ""2606053619177567412_6000051900"", ""2606575535188169806_6000051900"", ""2607478090236999166_6000051900"", ""2608082678731203222_6000051900""]",7,"[""2603128200575064629_6000051900"", ""2603664048916376157_6000051900"", ""2603858457557557862_6000051900"", ""2605935693567705420_6000051900"", ""2606053619177567412_6000051900"", ""2606575535188169806_6000051900"", ""2607478090236999166_6000051900"", ""2608082678731203222_6000051900""]",8,1,0,14d_plus_prev_context
w_000410,pei.words,train,0,negative_14d,2021-06-28 09:16:49+00:00,2021-07-12 09:16:49+00:00,5,0,1.7806569259926074e-07,"[""2605935693567705420_6000051900"", ""2606053619177567412_6000051900"", ""2606575535188169806_6000051900"", ""2607478090236999166_6000051900"", ""2608082678731203222_6000051900""]",5,"[""2603128200575064629_6000051900"", ""2603664048916376157_6000051900"", ""2603858457557557862_6000051900"", ""2605935693567705420_6000051900"", ""2606053619177567412_6000051900"", ""2606575535188169806_6000051900"", ""2607478090236999166_6000051900"", ""2608082678731203222_6000051900""]",8,3,0,14d_plus_prev_context
w_000411,pet713713,train,0,negative_14d,2012-12-04 11:06:23+00:00,2012-12-18 11:06:23+00:00,5,0,7.826743092491977e-05,"[""338892731385517713_252278204"", ""344474360724199240_252278204"", ""345529265400452705_252278204"", ""345996116718917239_252278204"", ""346265273469376100_252278204""]",5,"[""328562527568008221_252278204"", ""338892731385517713_252278204"", ""344474360724199240_252278204"", ""345529265400452705_252278204"", ""345996116718917239_252278204"", ""346265273469376100_252278204""]",6,1,2,14d_plus_prev_context
w_000412,pet713713,train,0,negative_14d,2012-12-13 14:51:59+00:00,2012-12-27 14:51:59+00:00,3,0,0.00012710281070834782,"[""345529265400452705_252278204"", ""345996116718917239_252278204"", ""346265273469376100_252278204""]",3,"[""328562527568008221_252278204"", ""338892731385517713_252278204"", ""344474360724199240_252278204"", ""345529265400452705_252278204"", ""345996116718917239_252278204"", ""346265273469376100_252278204""]",6,3,2,14d_plus_prev_context
w_000413,pet713713,train,0,negative_14d,2015-12-03 16:01:22+00:00,2015-12-17 16:01:22+00:00,3,0,0.004990504587946501,"[""1131945853682062886_252278204"", ""1139741842136504256_252278204"", ""1141858052416345936_252278204""]",3,"[""836583366616815022_252278204"", ""842998686738945847_252278204"", ""970748370294543697_252278204"", ""981140453207447341_252278204"", ""982527049718699269_252278204"", ""1131945853682062886_252278204"", ""1139741842136504256_252278204"", ""1141858052416345936_252278204""]",8,5,0,14d_plus_prev_context
w_000414,photo.dassu_00,train,0,negative_14d,2023-11-22 10:07:56+00:00,2023-12-06 10:07:56+00:00,30,0,3.498477553822859e-08,"[""3241589903654110270_62845948879"", ""3241590329401073214_62845948879"", ""3242012903415057786_62845948879"", ""3242013084919510284_62845948879"", ""3243059920266525592_62845948879"", ""3243060178602135534_62845948879"", ""3244534387982478880_62845948879"", ""3244534721849089983_62845948879"", ""3245425749573722738_62845948879"", ""3245426416652515560_62845948879"", ""3246126766820927248_62845948879"", ""3246787096995451724_62845948879"", ""3246787338478339485_62845948879"", ""3246787609774351083_62845948879"", ""3247449988195599370_62845948879"", ""3247450132127156766_62845948879"", ""3247450268173793093_62845948879"", ""3248787524704585495_62845948879"", ""3248787593356939595_62845948879"", ""3248787664467304200_62845948879"", ""3248787942843158428_62845948879"", ""3249556264491859674_62845948879"", ""3249556361497636498_62845948879"", ""3249556494784264155_62845948879"", ""3250157080455908251_62845948879"", ""3250157275901918418_62845948879"", ""3250157233396874736_62845948879"", ""3251674771513740381_62845948879"", ""3251674879114461851_62845948879"", ""3251674951994715074_62845948879""]",30,"[""3249556361497636498_62845948879"", ""3249556494784264155_62845948879"", ""3250157080455908251_62845948879"", ""3250157275901918418_62845948879"", ""3250157233396874736_62845948879"", ""3251674771513740381_62845948879"", ""3251674879114461851_62845948879"", ""3251674951994715074_62845948879""]",8,0,0,14d_plus_prev_context
w_000415,photo.dassu_00,train,0,negative_14d,2023-11-26 11:40:04+00:00,2023-12-10 11:40:04+00:00,29,0,1.7213457129631305e-08,"[""3244534721849089983_62845948879"", ""3245425749573722738_62845948879"", ""3245426416652515560_62845948879"", ""3246126766820927248_62845948879"", ""3246787096995451724_62845948879"", ""3246787338478339485_62845948879"", ""3246787609774351083_62845948879"", ""3247449988195599370_62845948879"", ""3247450132127156766_62845948879"", ""3247450268173793093_62845948879"", ""3248787524704585495_62845948879"", ""3248787593356939595_62845948879"", ""3248787664467304200_62845948879"", ""3248787942843158428_62845948879"", ""3249556264491859674_62845948879"", ""3249556361497636498_62845948879"", ""3249556494784264155_62845948879"", ""3250157080455908251_62845948879"", ""3250157275901918418_62845948879"", ""3250157233396874736_62845948879"", ""3251674771513740381_62845948879"", ""3251674879114461851_62845948879"", ""3251674951994715074_62845948879"", ""3252430398297091316_62845948879"", ""3252430317288360884_62845948879"", ""3252430536432413468_62845948879"", ""3253141469374890878_62845948879"", ""3253141577982037568_62845948879"", ""3253141753018737729_62845948879""]",29,"[""3251674879114461851_62845948879"", ""3251674951994715074_62845948879"", ""3252430398297091316_62845948879"", ""3252430317288360884_62845948879"", ""3252430536432413468_62845948879"", ""3253141469374890878_62845948879"", ""3253141577982037568_62845948879"", ""3253141753018737729_62845948879""]",8,0,0,14d_plus_prev_context
w_000416,photo.dassu_00,train,0,negative_14d,2023-11-29 14:13:40+00:00,2023-12-13 14:13:40+00:00,29,0,1.7213457129631305e-08,"[""3246787096995451724_62845948879"", ""3246787338478339485_62845948879"", ""3246787609774351083_62845948879"", ""3247449988195599370_62845948879"", ""3247450132127156766_62845948879"", ""3247450268173793093_62845948879"", ""3248787524704585495_62845948879"", ""3248787593356939595_62845948879"", ""3248787664467304200_62845948879"", ""3248787942843158428_62845948879"", ""3249556264491859674_62845948879"", ""3249556361497636498_62845948879"", ""3249556494784264155_62845948879"", ""3250157080455908251_62845948879"", ""3250157275901918418_62845948879"", ""3250157233396874736_62845948879"", ""3251674771513740381_62845948879"", ""3251674879114461851_62845948879"", ""3251674951994715074_62845948879"", ""3252430398297091316_62845948879"", ""3252430317288360884_62845948879"", ""3252430536432413468_62845948879"", ""3253141469374890878_62845948879"", ""3253141577982037568_62845948879"", ""3253141753018737729_62845948879"", ""3254771060625134903_62845948879"", ""3254770991754643612_62845948879"", ""3255218398774872205_62845948879"", ""3255218564131174750_62845948879""]",29,"[""3252430536432413468_62845948879"", ""3253141469374890878_62845948879"", ""3253141577982037568_62845948879"", ""3253141753018737729_62845948879"", ""3254771060625134903_62845948879"", ""3254770991754643612_62845948879"", ""3255218398774872205_62845948879"", ""3255218564131174750_62845948879""]",8,0,0,14d_plus_prev_context
w_000417,poem_chao,test,0,negative_14d,2021-01-08 02:37:57+00:00,2021-01-22 02:37:57+00:00,4,0,5.54351348566234e-06,"[""2481798664157041347_8032646796"", ""2484287930246308712_8032646796"", ""2486970260475652822_8032646796"", ""2490846945889638830_8032646796""]",4,"[""2481798664157041347_8032646796"", ""2484287930246308712_8032646796"", ""2486970260475652822_8032646796"", ""2490846945889638830_8032646796""]",4,0,4,14d_plus_prev_context
w_000418,poem_chao,test,0,negative_14d,2021-01-11 13:03:40+00:00,2021-01-25 13:03:40+00:00,3,0,7.391351045873036e-06,"[""2484287930246308712_8032646796"", ""2486970260475652822_8032646796"", ""2490846945889638830_8032646796""]",3,"[""2481798664157041347_8032646796"", ""2484287930246308712_8032646796"", ""2486970260475652822_8032646796"", ""2490846945889638830_8032646796""]",4,1,4,14d_plus_prev_context
w_000419,poem_chao,test,0,negative_14d,2021-01-15 05:52:59+00:00,2021-01-29 05:52:59+00:00,3,0,4.1741842482512226e-09,"[""2486970260475652822_8032646796"", ""2490846945889638830_8032646796"", ""2495778943699655845_8032646796""]",3,"[""2481798664157041347_8032646796"", ""2484287930246308712_8032646796"", ""2486970260475652822_8032646796"", ""2490846945889638830_8032646796"", ""2495778943699655845_8032646796""]",5,2,3,14d_plus_prev_context
w_000420,rtv_runningteam,train,0,negative_14d,2022-02-09 10:01:07+00:00,2022-02-23 10:01:07+00:00,8,0,2.64696470438696e-12,"[""2769756812379177902_51744785314"", ""2769778649007937472_51744785314"", ""2770446465662993086_51744785314"", ""2771037669295393883_51744785314"", ""2771318896616411528_51744785314"", ""2774015858618226936_51744785314"", ""2777820585744273180_51744785314"", ""2778924974450014859_51744785314""]",8,"[""2769756812379177902_51744785314"", ""2769778649007937472_51744785314"", ""2770446465662993086_51744785314"", ""2771037669295393883_51744785314"", ""2771318896616411528_51744785314"", ""2774015858618226936_51744785314"", ""2777820585744273180_51744785314"", ""2778924974450014859_51744785314""]",8,0,0,14d_plus_prev_context
w_000421,rtv_runningteam,train,0,negative_14d,2022-02-10 08:50:57+00:00,2022-02-24 08:50:57+00:00,6,0,3.4351427887575466e-12,"[""2770446465662993086_51744785314"", ""2771037669295393883_51744785314"", ""2771318896616411528_51744785314"", ""2774015858618226936_51744785314"", ""2777820585744273180_51744785314"", ""2778924974450014859_51744785314""]",6,"[""2769756812379177902_51744785314"", ""2769778649007937472_51744785314"", ""2770446465662993086_51744785314"", ""2771037669295393883_51744785314"", ""2771318896616411528_51744785314"", ""2774015858618226936_51744785314"", ""2777820585744273180_51744785314"", ""2778924974450014859_51744785314""]",8,2,0,14d_plus_prev_context
w_000422,rtv_runningteam,train,0,negative_14d,2022-02-11 13:43:51+00:00,2022-02-25 13:43:51+00:00,4,0,5.15271233398851e-12,"[""2771318896616411528_51744785314"", ""2774015858618226936_51744785314"", ""2777820585744273180_51744785314"", ""2778924974450014859_51744785314""]",4,"[""2769756812379177902_51744785314"", ""2769778649007937472_51744785314"", ""2770446465662993086_51744785314"", ""2771037669295393883_51744785314"", ""2771318896616411528_51744785314"", ""2774015858618226936_51744785314"", ""2777820585744273180_51744785314"", ""2778924974450014859_51744785314""]",8,4,0,14d_plus_prev_context
w_000423,sh_tree_,train,0,negative_14d,2022-03-04 14:04:22+00:00,2022-03-18 14:04:22+00:00,7,0,4.5542621524093766e-05,"[""2786549957887098697_51820709046"", ""2786553264089125933_51820709046"", ""2786556028580114369_51820709046"", ""2786558170611189642_51820709046"", ""2786582556537860985_51820709046"", ""2789460079365889890_51820709046"", ""2789461842844415119_51820709046""]",7,"[""2786549957887098697_51820709046"", ""2786553264089125933_51820709046"", ""2786556028580114369_51820709046"", ""2786558170611189642_51820709046"", ""2786582556537860985_51820709046"", ""2789460079365889890_51820709046"", ""2789461842844415119_51820709046""]",7,0,1,14d_plus_prev_context
w_000424,sh_tree_,train,0,negative_14d,2022-03-04 14:20:41+00:00,2022-03-18 14:20:41+00:00,4,0,2.0464167720279924e-05,"[""2786558170611189642_51820709046"", ""2786582556537860985_51820709046"", ""2789460079365889890_51820709046"", ""2789461842844415119_51820709046""]",4,"[""2786549957887098697_51820709046"", ""2786553264089125933_51820709046"", ""2786556028580114369_51820709046"", ""2786558170611189642_51820709046"", ""2786582556537860985_51820709046"", ""2789460079365889890_51820709046"", ""2789461842844415119_51820709046""]",7,3,1,14d_plus_prev_context
w_000425,sh_tree_,train,0,negative_14d,2022-03-04 15:09:08+00:00,2022-03-18 15:09:08+00:00,3,0,2.721372746098775e-05,"[""2786582556537860985_51820709046"", ""2789460079365889890_51820709046"", ""2789461842844415119_51820709046""]",3,"[""2786549957887098697_51820709046"", ""2786553264089125933_51820709046"", ""2786556028580114369_51820709046"", ""2786558170611189642_51820709046"", ""2786582556537860985_51820709046"", ""2789460079365889890_51820709046"", ""2789461842844415119_51820709046""]",7,4,1,14d_plus_prev_context
w_000426,shadoweffect_writing,train,0,negative_14d,2022-04-29 10:38:44+00:00,2022-05-13 10:38:44+00:00,8,0,0.004786296796489745,"[""2827033900531164938_7421275394"", ""2828617857416809604_7421275394"", ""2830305842904306752_7421275394"", ""2834453144176914787_7421275394"", ""2834531204114685410_7421275394"", ""2835569913461384260_7421275394"", ""2835693873876186266_7421275394"", ""2836656149043192433_7421275394""]",8,"[""2827033900531164938_7421275394"", ""2828617857416809604_7421275394"", ""2830305842904306752_7421275394"", ""2834453144176914787_7421275394"", ""2834531204114685410_7421275394"", ""2835569913461384260_7421275394"", ""2835693873876186266_7421275394"", ""2836656149043192433_7421275394""]",8,0,0,14d_plus_prev_context
w_000427,shadoweffect_writing,train,0,negative_14d,2022-05-01 15:05:46+00:00,2022-05-15 15:05:46+00:00,9,0,0.03017390392481709,"[""2828617857416809604_7421275394"", ""2830305842904306752_7421275394"", ""2834453144176914787_7421275394"", ""2834531204114685410_7421275394"", ""2835569913461384260_7421275394"", ""2835693873876186266_7421275394"", ""2836656149043192433_7421275394"", ""2837990675845690700_7421275394"", ""2838050887487158674_7421275394""]",9,"[""2830305842904306752_7421275394"", ""2834453144176914787_7421275394"", ""2834531204114685410_7421275394"", ""2835569913461384260_7421275394"", ""2835693873876186266_7421275394"", ""2836656149043192433_7421275394"", ""2837990675845690700_7421275394"", ""2838050887487158674_7421275394""]",8,0,0,14d_plus_prev_context
w_000428,shadoweffect_writing,train,0,negative_14d,2022-05-03 22:59:30+00:00,2022-05-17 22:59:30+00:00,11,0,0.024689608704826404,"[""2830305842904306752_7421275394"", ""2834453144176914787_7421275394"", ""2834531204114685410_7421275394"", ""2835569913461384260_7421275394"", ""2835693873876186266_7421275394"", ""2836656149043192433_7421275394"", ""2837990675845690700_7421275394"", ""2838050887487158674_7421275394"", ""2839272447153542257_7421275394"", ""2839457329087557475_7421275394"", ""2839500587285133977_7421275394""]",11,"[""2835569913461384260_7421275394"", ""2835693873876186266_7421275394"", ""2836656149043192433_7421275394"", ""2837990675845690700_7421275394"", ""2838050887487158674_7421275394"", ""2839272447153542257_7421275394"", ""2839457329087557475_7421275394"", ""2839500587285133977_7421275394""]",8,0,0,14d_plus_prev_context
w_000429,shuyu.minmin,train,0,negative_14d,2022-01-30 15:38:38+00:00,2022-02-13 15:38:38+00:00,7,0,0.15632092854390578,"[""2762679802667545538_3218617152"", ""2764852837352919372_3218617152"", ""2766308411886102255_3218617152"", ""2769917079202328843_3218617152"", ""2770483738380282103_3218617152"", ""2771353362705553108_3218617152"", ""2771876202395561556_3218617152""]",7,"[""2761949925605699051_3218617152"", ""2762679802667545538_3218617152"", ""2764852837352919372_3218617152"", ""2766308411886102255_3218617152"", ""2769917079202328843_3218617152"", ""2770483738380282103_3218617152"", ""2771353362705553108_3218617152"", ""2771876202395561556_3218617152""]",8,1,0,14d_plus_prev_context
w_000430,shuyu.minmin,train,0,negative_14d,2022-08-19 09:18:29+00:00,2022-09-02 09:18:29+00:00,5,0,0.07595393007026133,"[""2908168394826444630_3218617152"", ""2912535601995861929_3218617152"", ""2913267956700238614_3218617152"", ""2913953581179013619_3218617152"", ""2916894052146685934_3218617152""]",5,"[""2904577413036264927_3218617152"", ""2905311284853896780_3218617152"", ""2906765360150031735_3218617152"", ""2908168394826444630_3218617152"", ""2912535601995861929_3218617152"", ""2913267956700238614_3218617152"", ""2913953581179013619_3218617152"", ""2916894052146685934_3218617152""]",8,3,0,14d_plus_prev_context
w_000431,shuyu.minmin,train,0,negative_14d,2022-08-25 09:55:21+00:00,2022-09-08 09:55:21+00:00,7,0,0.1189211760530254,"[""2912535601995861929_3218617152"", ""2913267956700238614_3218617152"", ""2913953581179013619_3218617152"", ""2916894052146685934_3218617152"", ""2919003911067472491_3218617152"", ""2920556053411261123_3218617152"", ""2921973967934131802_3218617152""]",7,"[""2908168394826444630_3218617152"", ""2912535601995861929_3218617152"", ""2913267956700238614_3218617152"", ""2913953581179013619_3218617152"", ""2916894052146685934_3218617152"", ""2919003911067472491_3218617152"", ""2920556053411261123_3218617152"", ""2921973967934131802_3218617152""]",8,1,0,14d_plus_prev_context
w_000432,si_je_meurs,train,0,negative_14d,2023-09-09 08:15:19+00:00,2023-09-23 08:15:19+00:00,11,0,0.08188477157479469,"[""3187900084285754214_58620940899"", ""3188645035130830013_58620940899"", ""3189070478577265380_58620940899"", ""3190076978695470181_58620940899"", ""3190814462278598653_58620940899"", ""3191513939402395960_58620940899"", ""3192268689995498331_58620940899"", ""3193410900753894604_58620940899"", ""3194129456936127212_58620940899"", ""3195581555934847107_58620940899"", ""3190530140896083260_58620940899""]",11,"[""3190076978695470181_58620940899"", ""3190814462278598653_58620940899"", ""3191513939402395960_58620940899"", ""3192268689995498331_58620940899"", ""3193410900753894604_58620940899"", ""3194129456936127212_58620940899"", ""3195581555934847107_58620940899"", ""3190530140896083260_58620940899""]",8,0,0,14d_plus_prev_context
w_000433,si_je_meurs,train,0,negative_14d,2023-09-23 13:58:17+00:00,2023-10-07 13:58:17+00:00,7,0,3.188899628168785e-07,"[""3195168083065604379_58620940899"", ""3198502542120741598_58620940899"", ""3199498812884895050_58620940899"", ""3200193607622000817_58620940899"", ""3198504824560301880_58620940899"", ""3207182670371747776_58620940899"", ""3207979823473896059_58620940899""]",7,"[""3190046707136706271_58620940899"", ""3195168083065604379_58620940899"", ""3198502542120741598_58620940899"", ""3199498812884895050_58620940899"", ""3200193607622000817_58620940899"", ""3198504824560301880_58620940899"", ""3207182670371747776_58620940899"", ""3207979823473896059_58620940899""]",8,1,0,14d_plus_prev_context
w_000434,si_je_meurs,train,0,negative_14d,2023-09-25 08:20:55+00:00,2023-10-09 08:20:55+00:00,7,0,5.98913873923428e-07,"[""3199498812884895050_58620940899"", ""3200193607622000817_58620940899"", ""3198504824560301880_58620940899"", ""3207182670371747776_58620940899"", ""3207979823473896059_58620940899"", ""3208990096326638206_58620940899"", ""3209472224273341776_58620940899""]",7,"[""3198502542120741598_58620940899"", ""3199498812884895050_58620940899"", ""3200193607622000817_58620940899"", ""3198504824560301880_58620940899"", ""3207182670371747776_58620940899"", ""3207979823473896059_58620940899"", ""3208990096326638206_58620940899"", ""3209472224273341776_58620940899""]",8,1,0,14d_plus_prev_context
w_000435,singwizdep,test,0,negative_14d,2021-04-14 12:44:27+00:00,2021-04-28 12:44:27+00:00,4,0,6.4256423047631895e-06,"[""2551682248870829043_45613231157"", ""2551683784908744884_45613231157"", ""2556482145187207464_45613231157"", ""2561716477447319316_45613231157""]",4,"[""2551682248870829043_45613231157"", ""2551683784908744884_45613231157"", ""2556482145187207464_45613231157"", ""2561716477447319316_45613231157""]",4,0,4,14d_plus_prev_context
w_000436,singwizdep,test,0,negative_14d,2021-04-14 12:48:45+00:00,2021-04-28 12:48:45+00:00,3,0,4.551971627327823e-07,"[""2551683784908744884_45613231157"", ""2556482145187207464_45613231157"", ""2561716477447319316_45613231157""]",3,"[""2551682248870829043_45613231157"", ""2551683784908744884_45613231157"", ""2556482145187207464_45613231157"", ""2561716477447319316_45613231157""]",4,1,4,14d_plus_prev_context
w_000437,singwizdep,test,0,negative_14d,2021-09-01 10:36:15+00:00,2021-09-15 10:36:15+00:00,3,0,0.0317312549852128,"[""2653086003264072064_45613231157"", ""2658159682883918871_45613231157"", ""2663232738142645978_45613231157""]",3,"[""2617352939354033013_45613231157"", ""2627581262336284609_45613231157"", ""2632789779779375695_45613231157"", ""2637865557619040799_45613231157"", ""2648012671007083064_45613231157"", ""2653086003264072064_45613231157"", ""2658159682883918871_45613231157"", ""2663232738142645978_45613231157""]",8,5,0,14d_plus_prev_context
w_000438,skyfoodie.mo,train,0,negative_14d,2023-07-18 08:24:54+00:00,2023-08-01 08:24:54+00:00,13,0,1.0093664782906406e-19,"[""3149491736274750198_60651501624"", ""3149493947469667719_60651501624"", ""3150930833711096888_60651501624"", ""3150931893091577052_60651501624"", ""3151864592620696702_60651501624"", ""3151865602416237348_60651501624"", ""3152444663763181984_60651501624"", ""3154703374151411288_60651501624"", ""3154705066636893125_60651501624"", ""3156904247619559331_60651501624"", ""3156905879237454461_60651501624"", ""3158296127326466955_60651501624"", ""3158298570751756280_60651501624""]",13,"[""3151865602416237348_60651501624"", ""3152444663763181984_60651501624"", ""3154703374151411288_60651501624"", ""3154705066636893125_60651501624"", ""3156904247619559331_60651501624"", ""3156905879237454461_60651501624"", ""3158296127326466955_60651501624"", ""3158298570751756280_60651501624""]",8,0,0,14d_plus_prev_context
w_000439,skyfoodie.mo,train,0,negative_14d,2023-07-20 08:06:14+00:00,2023-08-03 08:06:14+00:00,10,0,3.3660154149351375e-20,"[""3150931893091577052_60651501624"", ""3151864592620696702_60651501624"", ""3151865602416237348_60651501624"", ""3152444663763181984_60651501624"", ""3154703374151411288_60651501624"", ""3154705066636893125_60651501624"", ""3156904247619559331_60651501624"", ""3156905879237454461_60651501624"", ""3158296127326466955_60651501624"", ""3158298570751756280_60651501624""]",10,"[""3151865602416237348_60651501624"", ""3152444663763181984_60651501624"", ""3154703374151411288_60651501624"", ""3154705066636893125_60651501624"", ""3156904247619559331_60651501624"", ""3156905879237454461_60651501624"", ""3158296127326466955_60651501624"", ""3158298570751756280_60651501624""]",8,0,0,14d_plus_prev_context
w_000440,skyfoodie.mo,train,0,negative_14d,2023-07-21 14:59:20+00:00,2023-08-04 14:59:20+00:00,11,0,4.516132202923061e-20,"[""3151864592620696702_60651501624"", ""3151865602416237348_60651501624"", ""3152444663763181984_60651501624"", ""3154703374151411288_60651501624"", ""3154705066636893125_60651501624"", ""3156904247619559331_60651501624"", ""3156905879237454461_60651501624"", ""3158296127326466955_60651501624"", ""3158298570751756280_60651501624"", ""3161234724094632271_60651501624"", ""3161248591436606438_60651501624""]",11,"[""3154703374151411288_60651501624"", ""3154705066636893125_60651501624"", ""3156904247619559331_60651501624"", ""3156905879237454461_60651501624"", ""3158296127326466955_60651501624"", ""3158298570751756280_60651501624"", ""3161234724094632271_60651501624"", ""3161248591436606438_60651501624""]",8,0,0,14d_plus_prev_context
w_000441,snow1111726,train,0,negative_14d,2021-04-17 02:38:57+00:00,2021-05-01 02:38:57+00:00,24,0,1.326171094627838e-06,"[""2553551963134108854_47523163551"", ""2553919055775708115_47523163551"", ""2553971344989315469_47523163551"", ""2554355856634245686_47523163551"", ""2554628623933670333_47523163551"", ""2555024949599019693_47523163551"", ""2555736282476919219_47523163551"", ""2556071296385339415_47523163551"", ""2556766550264496848_47523163551"", ""2557428821336653596_47523163551"", ""2558074419295401769_47523163551"", ""2558912825952895651_47523163551"", ""2559375781014604938_47523163551"", ""2559696217728374390_47523163551"", ""2560298526678425002_47523163551"", ""2560856782786240641_47523163551"", ""2561062791605537025_47523163551"", ""2561613101747135913_47523163551"", ""2561758258253377183_47523163551"", ""2562299469137527389_47523163551"", ""2562534936189827311_47523163551"", ""2562959169395074075_47523163551"", ""2563227754679829118_47523163551"", ""2563673621769613085_47523163551""]",24,"[""2561062791605537025_47523163551"", ""2561613101747135913_47523163551"", ""2561758258253377183_47523163551"", ""2562299469137527389_47523163551"", ""2562534936189827311_47523163551"", ""2562959169395074075_47523163551"", ""2563227754679829118_47523163551"", ""2563673621769613085_47523163551""]",8,0,0,14d_plus_prev_context
w_000442,snow1111726,train,0,negative_14d,2021-04-26 10:03:10+00:00,2021-05-10 10:03:10+00:00,27,0,2.4275510234328164e-09,"[""2560298526678425002_47523163551"", ""2560856782786240641_47523163551"", ""2561062791605537025_47523163551"", ""2561613101747135913_47523163551"", ""2561758258253377183_47523163551"", ""2562299469137527389_47523163551"", ""2562534936189827311_47523163551"", ""2562959169395074075_47523163551"", ""2563227754679829118_47523163551"", ""2563673621769613085_47523163551"", ""2563879224672624090_47523163551"", ""2564540121271317520_47523163551"", ""2564717606332064267_47523163551"", ""2565346469856859638_47523163551"", ""2565530023219925604_47523163551"", ""2565903903772013433_47523163551"", ""2566210127499459792_47523163551"", ""2566732656836332186_47523163551"", ""2566932366104688184_47523163551"", ""2567348745131646474_47523163551"", ""2567641007807906177_47523163551"", ""2568195298654266212_47523163551"", ""2568408312204570914_47523163551"", ""2568825092584731006_47523163551"", ""2568933266058722775_47523163551"", ""2569614793541362386_47523163551"", ""2570256092414073806_47523163551""]",27,"[""2567348745131646474_47523163551"", ""2567641007807906177_47523163551"", ""2568195298654266212_47523163551"", ""2568408312204570914_47523163551"", ""2568825092584731006_47523163551"", ""2568933266058722775_47523163551"", ""2569614793541362386_47523163551"", ""2570256092414073806_47523163551""]",8,0,0,14d_plus_prev_context
w_000443,snow1111726,train,0,negative_14d,2021-04-28 10:23:23+00:00,2021-05-12 10:23:23+00:00,28,0,3.598906782370777e-08,"[""2561758258253377183_47523163551"", ""2562299469137527389_47523163551"", ""2562534936189827311_47523163551"", ""2562959169395074075_47523163551"", ""2563227754679829118_47523163551"", ""2563673621769613085_47523163551"", ""2563879224672624090_47523163551"", ""2564540121271317520_47523163551"", ""2564717606332064267_47523163551"", ""2565346469856859638_47523163551"", ""2565530023219925604_47523163551"", ""2565903903772013433_47523163551"", ""2566210127499459792_47523163551"", ""2566732656836332186_47523163551"", ""2566932366104688184_47523163551"", ""2567348745131646474_47523163551"", ""2567641007807906177_47523163551"", ""2568195298654266212_47523163551"", ""2568408312204570914_47523163551"", ""2568825092584731006_47523163551"", ""2568933266058722775_47523163551"", ""2569614793541362386_47523163551"", ""2570256092414073806_47523163551"", ""2570635506621448419_47523163551"", ""2571096905570098443_47523163551"", ""2571255810132633727_47523163551"", ""2571367197743966934_47523163551"", ""2571856069837779845_47523163551""]",28,"[""2568933266058722775_47523163551"", ""2569614793541362386_47523163551"", ""2570256092414073806_47523163551"", ""2570635506621448419_47523163551"", ""2571096905570098443_47523163551"", ""2571255810132633727_47523163551"", ""2571367197743966934_47523163551"", ""2571856069837779845_47523163551""]",8,0,0,14d_plus_prev_context
w_000444,so_hungryyyun,test,0,negative_14d,2023-04-04 15:09:42+00:00,2023-04-18 15:09:42+00:00,99,0,4.8612965064775615e-11,"[""3073594028663371215_59066722961"", ""3073595696763189030_59066722961"", ""3073597034117004355_59066722961"", ""3073598259055119495_59066722961"", ""3073599799765702108_59066722961"", ""3073601486186148177_59066722961"", ""3073602730762002343_59066722961"", ""3073605620939541657_59066722961"", ""3073607260081966236_59066722961"", ""3073609775624054525_59066722961"", ""3073610754071442011_59066722961"", ""3073611702705417868_59066722961"", ""3073695406802918735_59066722961"", ""3073698140910494355_59066722961"", ""3073698861122728901_59066722961"", ""3073700802808559110_59066722961"", ""3073703259974482661_59066722961"", ""3073704460023556608_59066722961"", ""3073705759192549246_59066722961"", ""3073706710964073430_59066722961"", ""3073709744477563399_59066722961"", ""3073710844224016253_59066722961"", ""3073712233989854267_59066722961"", ""3073713365319604719_59066722961"", ""3073714762073126841_59066722961"", ""3074961001066301133_59066722961"", ""3074971207989117192_59066722961"", ""3074973664785879546_59066722961"", ""3074975795844580337_59066722961"", ""3074977745046612088_59066722961"", ""3074979277704106289_59066722961"", ""3074981307311092751_59066722961"", ""3074985822370289349_59066722961"", ""3074986662111854231_59066722961"", ""3074990372871228762_59066722961"", ""3075026806894471550_59066722961"", ""3075061604920797911_59066722961"", ""3075092156910447862_59066722961"", ""3075094776169612401_59066722961"", ""3075098094367337200_59066722961"", ""3075099069710780556_59066722961"", ""3075101088278164600_59066722961"", ""3075103880912883692_59066722961"", ""3075106036391059821_59066722961"", ""3075109077076834015_59066722961"", ""3075754890371241315_59066722961"", ""3075757372543542941_59066722961"", ""3075759240560597327_59066722961"", ""3075761854887227367_59066722961"", ""3075764007571717426_59066722961"", ""3075768366099420402_59066722961"", ""3075771560456133347_59066722961"", ""3075774458082871860_59066722961"", ""3075774988913763896_59066722961"", ""3075778515920816836_59066722961"", ""3075780802873449705_59066722961"", ""3076412152513951606_59066722961"", ""3076441935646019969_59066722961"", ""3076442946724896404_59066722961"", ""3076443673648124217_59066722961"", ""3076444573292763683_59066722961"", ""3076445396592729265_59066722961"", ""3076532390232579864_59066722961"", ""3076535375712843254_59066722961"", ""3077095474143681820_59066722961"", ""3077151767843706978_59066722961"", ""3077154888892395112_59066722961"", ""3077160188815012643_59066722961"", ""3077215057022200033_59066722961"", ""3077904269769926892_59066722961"", ""3078350512635667231_59066722961"", ""3078666397757919863_59066722961"", ""3079244735505337773_59066722961"", ""3079356298337847491_59066722961"", ""3079359716334954694_59066722961"", ""3080061832934293409_59066722961"", ""3080418955883017001_59066722961"", ""3080423711921818914_59066722961"", ""3080427626541194427_59066722961"", ""3080430545181110369_59066722961"", ""3080433905758283461_59066722961"", ""3080436949329666270_59066722961"", ""3080439978237975893_59066722961"", ""3080442243892026506_59066722961"", ""3080445161005181435_59066722961"", ""3080448616944094950_59066722961"", ""3080769782980019249_59066722961"", ""3082212541742045547_59066722961"", ""3082915576097145802_59066722961"", ""3083452654484634995_59066722961"", ""3083669136883745880_59066722961"", ""3083677320046210268_59066722961"", ""3083680899071172471_59066722961"", ""3083689745697039650_59066722961"", ""3083696053586384926_59066722961"", ""3083701296910924753_59066722961"", ""3083703752508080547_59066722961"", ""3083709239270251031_59066722961"", ""3083714852590996620_59066722961""]",99,"[""3083677320046210268_59066722961"", ""3083680899071172471_59066722961"", ""3083689745697039650_59066722961"", ""3083696053586384926_59066722961"", ""3083701296910924753_59066722961"", ""3083703752508080547_59066722961"", ""3083709239270251031_59066722961"", ""3083714852590996620_59066722961""]",8,0,0,14d_plus_prev_context
w_000445,so_hungryyyun,test,0,negative_14d,2023-04-04 19:09:34+00:00,2023-04-18 19:09:34+00:00,75,0,3.834322086327543e-13,"[""3073714762073126841_59066722961"", ""3074961001066301133_59066722961"", ""3074971207989117192_59066722961"", ""3074973664785879546_59066722961"", ""3074975795844580337_59066722961"", ""3074977745046612088_59066722961"", ""3074979277704106289_59066722961"", ""3074981307311092751_59066722961"", ""3074985822370289349_59066722961"", ""3074986662111854231_59066722961"", ""3074990372871228762_59066722961"", ""3075026806894471550_59066722961"", ""3075061604920797911_59066722961"", ""3075092156910447862_59066722961"", ""3075094776169612401_59066722961"", ""3075098094367337200_59066722961"", ""3075099069710780556_59066722961"", ""3075101088278164600_59066722961"", ""3075103880912883692_59066722961"", ""3075106036391059821_59066722961"", ""3075109077076834015_59066722961"", ""3075754890371241315_59066722961"", ""3075757372543542941_59066722961"", ""3075759240560597327_59066722961"", ""3075761854887227367_59066722961"", ""3075764007571717426_59066722961"", ""3075768366099420402_59066722961"", ""3075771560456133347_59066722961"", ""3075774458082871860_59066722961"", ""3075774988913763896_59066722961"", ""3075778515920816836_59066722961"", ""3075780802873449705_59066722961"", ""3076412152513951606_59066722961"", ""3076441935646019969_59066722961"", ""3076442946724896404_59066722961"", ""3076443673648124217_59066722961"", ""3076444573292763683_59066722961"", ""3076445396592729265_59066722961"", ""3076532390232579864_59066722961"", ""3076535375712843254_59066722961"", ""3077095474143681820_59066722961"", ""3077151767843706978_59066722961"", ""3077154888892395112_59066722961"", ""3077160188815012643_59066722961"", ""3077215057022200033_59066722961"", ""3077904269769926892_59066722961"", ""3078350512635667231_59066722961"", ""3078666397757919863_59066722961"", ""3079244735505337773_59066722961"", ""3079356298337847491_59066722961"", ""3079359716334954694_59066722961"", ""3080061832934293409_59066722961"", ""3080418955883017001_59066722961"", ""3080423711921818914_59066722961"", ""3080427626541194427_59066722961"", ""3080430545181110369_59066722961"", ""3080433905758283461_59066722961"", ""3080436949329666270_59066722961"", ""3080439978237975893_59066722961"", ""3080442243892026506_59066722961"", ""3080445161005181435_59066722961"", ""3080448616944094950_59066722961"", ""3080769782980019249_59066722961"", ""3082212541742045547_59066722961"", ""3082915576097145802_59066722961"", ""3083452654484634995_59066722961"", ""3083669136883745880_59066722961"", ""3083677320046210268_59066722961"", ""3083680899071172471_59066722961"", ""3083689745697039650_59066722961"", ""3083696053586384926_59066722961"", ""3083701296910924753_59066722961"", ""3083703752508080547_59066722961"", ""3083709239270251031_59066722961"", ""3083714852590996620_59066722961""]",75,"[""3083677320046210268_59066722961"", ""3083680899071172471_59066722961"", ""3083689745697039650_59066722961"", ""3083696053586384926_59066722961"", ""3083701296910924753_59066722961"", ""3083703752508080547_59066722961"", ""3083709239270251031_59066722961"", ""3083714852590996620_59066722961""]",8,0,0,14d_plus_prev_context
w_000446,so_hungryyyun,test,0,negative_14d,2023-04-06 16:46:13+00:00,2023-04-20 16:46:13+00:00,65,0,4.5041114532144546e-13,"[""3075092156910447862_59066722961"", ""3075094776169612401_59066722961"", ""3075098094367337200_59066722961"", ""3075099069710780556_59066722961"", ""3075101088278164600_59066722961"", ""3075103880912883692_59066722961"", ""3075106036391059821_59066722961"", ""3075109077076834015_59066722961"", ""3075754890371241315_59066722961"", ""3075757372543542941_59066722961"", ""3075759240560597327_59066722961"", ""3075761854887227367_59066722961"", ""3075764007571717426_59066722961"", ""3075768366099420402_59066722961"", ""3075771560456133347_59066722961"", ""3075774458082871860_59066722961"", ""3075774988913763896_59066722961"", ""3075778515920816836_59066722961"", ""3075780802873449705_59066722961"", ""3076412152513951606_59066722961"", ""3076441935646019969_59066722961"", ""3076442946724896404_59066722961"", ""3076443673648124217_59066722961"", ""3076444573292763683_59066722961"", ""3076445396592729265_59066722961"", ""3076532390232579864_59066722961"", ""3076535375712843254_59066722961"", ""3077095474143681820_59066722961"", ""3077151767843706978_59066722961"", ""3077154888892395112_59066722961"", ""3077160188815012643_59066722961"", ""3077215057022200033_59066722961"", ""3077904269769926892_59066722961"", ""3078350512635667231_59066722961"", ""3078666397757919863_59066722961"", ""3079244735505337773_59066722961"", ""3079356298337847491_59066722961"", ""3079359716334954694_59066722961"", ""3080061832934293409_59066722961"", ""3080418955883017001_59066722961"", ""3080423711921818914_59066722961"", ""3080427626541194427_59066722961"", ""3080430545181110369_59066722961"", ""3080433905758283461_59066722961"", ""3080436949329666270_59066722961"", ""3080439978237975893_59066722961"", ""3080442243892026506_59066722961"", ""3080445161005181435_59066722961"", ""3080448616944094950_59066722961"", ""3080769782980019249_59066722961"", ""3082212541742045547_59066722961"", ""3082915576097145802_59066722961"", ""3083452654484634995_59066722961"", ""3083669136883745880_59066722961"", ""3083677320046210268_59066722961"", ""3083680899071172471_59066722961"", ""3083689745697039650_59066722961"", ""3083696053586384926_59066722961"", ""3083701296910924753_59066722961"", ""3083703752508080547_59066722961"", ""3083709239270251031_59066722961"", ""3083714852590996620_59066722961"", ""3084200610959538967_59066722961"", ""3084463674527143985_59066722961"", ""3085090254429377276_59066722961""]",65,"[""3083696053586384926_59066722961"", ""3083701296910924753_59066722961"", ""3083703752508080547_59066722961"", ""3083709239270251031_59066722961"", ""3083714852590996620_59066722961"", ""3084200610959538967_59066722961"", ""3084463674527143985_59066722961"", ""3085090254429377276_59066722961""]",8,0,0,14d_plus_prev_context
w_000447,social.dict,test,0,negative_14d,2025-01-20 10:10:56+00:00,2025-02-03 10:10:56+00:00,19,0,0.001887319963948569,"[""3549621313482614503_62566336034"", ""3550303190132615008_62566336034"", ""3550427165714108263_62566336034"", ""3550983775599500282_62566336034"", ""3551803783145717489_62566336034"", ""3552446159367176712_62566336034"", ""3552535863441875230_62566336034"", ""3553293518951348040_62566336034"", ""3553937926650548310_62566336034"", ""3554629946562049286_62566336034"", ""3554704908027034681_62566336034"", ""3555411015028493472_62566336034"", ""3555970986942361764_62566336034"", ""3556805248352262665_62566336034"", ""3557612979850136797_62566336034"", ""3558280195671158307_62566336034"", ""3558361593773842000_62566336034"", ""3559058791998253662_62566336034"", ""3559645595562423410_62566336034""]",19,"[""3555411015028493472_62566336034"", ""3555970986942361764_62566336034"", ""3556805248352262665_62566336034"", ""3557612979850136797_62566336034"", ""3558280195671158307_62566336034"", ""3558361593773842000_62566336034"", ""3559058791998253662_62566336034"", ""3559645595562423410_62566336034""]",8,0,0,14d_plus_prev_context
w_000448,social.dict,test,0,negative_14d,2025-01-27 10:31:08+00:00,2025-02-10 10:31:08+00:00,20,0,0.0006006231909436165,"[""3554704908027034681_62566336034"", ""3555411015028493472_62566336034"", ""3555970986942361764_62566336034"", ""3556805248352262665_62566336034"", ""3557612979850136797_62566336034"", ""3558280195671158307_62566336034"", ""3558361593773842000_62566336034"", ""3559058791998253662_62566336034"", ""3559645595562423410_62566336034"", ""3559780027736893927_62566336034"", ""3560463351883043111_62566336034"", ""3560525080327522098_62566336034"", ""3561165601475429975_62566336034"", ""3561907167894829161_62566336034"", ""3562007480765087965_62566336034"", ""3562643336664201328_62566336034"", ""3563320241042349194_62566336034"", ""3564067831153375721_62566336034"", ""3564151068366163019_62566336034"", ""3564797574777420250_62566336034""]",20,"[""3561165601475429975_62566336034"", ""3561907167894829161_62566336034"", ""3562007480765087965_62566336034"", ""3562643336664201328_62566336034"", ""3563320241042349194_62566336034"", ""3564067831153375721_62566336034"", ""3564151068366163019_62566336034"", ""3564797574777420250_62566336034""]",8,0,0,14d_plus_prev_context
w_000449,social.dict,test,0,negative_14d,2025-02-11 09:06:14+00:00,2025-02-25 09:06:14+00:00,33,0,1.9506907629279194e-07,"[""3565533809481418949_62566336034"", ""3565582596937801956_62566336034"", ""3565631436638127301_62566336034"", ""3566115656678732748_62566336034"", ""3566232662048325745_62566336034"", ""3566290630290773841_62566336034"", ""3567015695101869308_62566336034"", ""3567100115007811864_62566336034"", ""3567699853839150137_62566336034"", ""3567793619350482537_62566336034"", ""3568442600468347445_62566336034"", ""3568503803618216354_62566336034"", ""3569111911428078153_62566336034"", ""3569240247861111976_62566336034"", ""3569817477062516743_62566336034"", ""3569903930299068887_59196748432"", ""3569957221758938169_62566336034"", ""3570567303223991063_62566336034"", ""3570638832129399264_62566336034"", ""3570719576356822283_62566336034"", ""3571304619748032511_62566336034"", ""3571366416727188326_62566336034"", ""3571994008169798336_62566336034"", ""3572042551081513731_62566336034"", ""3572686044673979348_62566336034"", ""3572798974228753456_62566336034"", ""3572898899881025358_62566336034"", ""3573430229932921093_62566336034"", ""3573534567816622916_62566336034"", ""3574221081026245255_62566336034"", ""3574299655657878920_62566336034"", ""3575009948482538310_62566336034"", ""3575053831849459823_62566336034""]",33,"[""3572798974228753456_62566336034"", ""3572898899881025358_62566336034"", ""3573430229932921093_62566336034"", ""3573534567816622916_62566336034"", ""3574221081026245255_62566336034"", ""3574299655657878920_62566336034"", ""3575009948482538310_62566336034"", ""3575053831849459823_62566336034""]",8,0,0,14d_plus_prev_context
w_000450,sosobing678,train,0,negative_14d,2023-02-23 15:43:55+00:00,2023-03-09 15:43:55+00:00,50,0,1.0249612880396914e-12,"[""3044620221463347187_58182271630"", ""3045209130878428967_58182271630"", ""3045290985036331780_58182271630"", ""3045291340587568077_58182271630"", ""3045291697631807763_58182271630"", ""3045364676751311369_58182271630"", ""3045955142060377810_58182271630"", ""3045955943717910089_58182271630"", ""3045956264397579832_58182271630"", ""3045956638303035490_58182271630"", ""3046610622713931322_58182271630"", ""3046611117356361194_58182271630"", ""3046611675417132689_58182271630"", ""3046611963733591359_58182271630"", ""3046612374733364508_58182271630"", ""3046645207367533724_58182271630"", ""3046734310129808662_58182271630"", ""3046734840055156486_58182271630"", ""3046735226031832011_58182271630"", ""3046735476481866520_58182271630"", ""3046735709131670976_58182271630"", ""3048079087641612246_58182271630"", ""3048079468585067992_58182271630"", ""3048079816938919890_58182271630"", ""3048080377037725204_58182271630"", ""3048080834250546648_58182271630"", ""3048286655770804991_58182271630"", ""3048286949162506005_58182271630"", ""3048287232051632879_58182271630"", ""3048287536960593137_58182271630"", ""3048287965710851940_58182271630"", ""3048795190391185051_58182271630"", ""3048806510918239140_58182271630"", ""3048819638907149275_58182271630"", ""3048885082976305397_58182271630"", ""3048885386417452630_58182271630"", ""3048885868837877229_58182271630"", ""3048886151701672048_58182271630"", ""3048886459186136725_58182271630"", ""3049063466851321594_58182271630"", ""3049063899787175639_58182271630"", ""3049064337412564476_58182271630"", ""3049064630518962702_58182271630"", ""3049065019020442793_58182271630"", ""3049065462123563752_58182271630"", ""3051028569033239788_58182271630"", ""3051617571249634376_58182271630"", ""3052872818284320927_58182271630"", ""3053724493914475699_58182271630"", ""3054450012205309088_58182271630""]",50,"[""3049064630518962702_58182271630"", ""3049065019020442793_58182271630"", ""3049065462123563752_58182271630"", ""3051028569033239788_58182271630"", ""3051617571249634376_58182271630"", ""3052872818284320927_58182271630"", ""3053724493914475699_58182271630"", ""3054450012205309088_58182271630""]",8,0,0,14d_plus_prev_context
w_000451,sosobing678,train,0,negative_14d,2023-02-25 11:59:08+00:00,2023-03-11 11:59:08+00:00,43,0,1.1918244880254023e-12,"[""3045956638303035490_58182271630"", ""3046610622713931322_58182271630"", ""3046611117356361194_58182271630"", ""3046611675417132689_58182271630"", ""3046611963733591359_58182271630"", ""3046612374733364508_58182271630"", ""3046645207367533724_58182271630"", ""3046734310129808662_58182271630"", ""3046734840055156486_58182271630"", ""3046735226031832011_58182271630"", ""3046735476481866520_58182271630"", ""3046735709131670976_58182271630"", ""3048079087641612246_58182271630"", ""3048079468585067992_58182271630"", ""3048079816938919890_58182271630"", ""3048080377037725204_58182271630"", ""3048080834250546648_58182271630"", ""3048286655770804991_58182271630"", ""3048286949162506005_58182271630"", ""3048287232051632879_58182271630"", ""3048287536960593137_58182271630"", ""3048287965710851940_58182271630"", ""3048795190391185051_58182271630"", ""3048806510918239140_58182271630"", ""3048819638907149275_58182271630"", ""3048885082976305397_58182271630"", ""3048885386417452630_58182271630"", ""3048885868837877229_58182271630"", ""3048886151701672048_58182271630"", ""3048886459186136725_58182271630"", ""3049063466851321594_58182271630"", ""3049063899787175639_58182271630"", ""3049064337412564476_58182271630"", ""3049064630518962702_58182271630"", ""3049065019020442793_58182271630"", ""3049065462123563752_58182271630"", ""3051028569033239788_58182271630"", ""3051617571249634376_58182271630"", ""3052872818284320927_58182271630"", ""3053724493914475699_58182271630"", ""3054450012205309088_58182271630"", ""3055287110921333063_58182271630"", ""3055974925781156737_58182271630""]",43,"[""3049065462123563752_58182271630"", ""3051028569033239788_58182271630"", ""3051617571249634376_58182271630"", ""3052872818284320927_58182271630"", ""3053724493914475699_58182271630"", ""3054450012205309088_58182271630"", ""3055287110921333063_58182271630"", ""3055974925781156737_58182271630""]",8,0,0,14d_plus_prev_context
w_000452,sosobing678,train,0,negative_14d,2023-02-26 13:45:17+00:00,2023-03-12 13:45:17+00:00,36,0,1.4235469518373727e-12,"[""3046734840055156486_58182271630"", ""3046735226031832011_58182271630"", ""3046735476481866520_58182271630"", ""3046735709131670976_58182271630"", ""3048079087641612246_58182271630"", ""3048079468585067992_58182271630"", ""3048079816938919890_58182271630"", ""3048080377037725204_58182271630"", ""3048080834250546648_58182271630"", ""3048286655770804991_58182271630"", ""3048286949162506005_58182271630"", ""3048287232051632879_58182271630"", ""3048287536960593137_58182271630"", ""3048287965710851940_58182271630"", ""3048795190391185051_58182271630"", ""3048806510918239140_58182271630"", ""3048819638907149275_58182271630"", ""3048885082976305397_58182271630"", ""3048885386417452630_58182271630"", ""3048885868837877229_58182271630"", ""3048886151701672048_58182271630"", ""3048886459186136725_58182271630"", ""3049063466851321594_58182271630"", ""3049063899787175639_58182271630"", ""3049064337412564476_58182271630"", ""3049064630518962702_58182271630"", ""3049065019020442793_58182271630"", ""3049065462123563752_58182271630"", ""3051028569033239788_58182271630"", ""3051617571249634376_58182271630"", ""3052872818284320927_58182271630"", ""3053724493914475699_58182271630"", ""3054450012205309088_58182271630"", ""3055287110921333063_58182271630"", ""3055974925781156737_58182271630"", ""3056843897390630698_58182271630""]",36,"[""3051028569033239788_58182271630"", ""3051617571249634376_58182271630"", ""3052872818284320927_58182271630"", ""3053724493914475699_58182271630"", ""3054450012205309088_58182271630"", ""3055287110921333063_58182271630"", ""3055974925781156737_58182271630"", ""3056843897390630698_58182271630""]",8,0,0,14d_plus_prev_context
w_000453,sp1cy_jar,train,0,negative_14d,2014-06-17 05:53:52+00:00,2014-07-01 05:53:52+00:00,3,0,0.008594897060599226,"[""744609844029522095_591917271"", ""746008474821034563_591917271"", ""754293106142315159_591917271""]",3,"[""722175884687278746_591917271"", ""723907266459435046_591917271"", ""724581372733391297_591917271"", ""734748309190837120_591917271"", ""742507245037912924_591917271"", ""744609844029522095_591917271"", ""746008474821034563_591917271"", ""754293106142315159_591917271""]",8,5,0,14d_plus_prev_context
w_000454,sp1cy_jar,train,0,negative_14d,2014-06-30 14:32:47+00:00,2014-07-14 14:32:47+00:00,4,0,1.937537126548317e-05,"[""754293106142315159_591917271"", ""756317509600379033_591917271"", ""760189906967560267_591917271"", ""760202545487643004_591917271""]",4,"[""734748309190837120_591917271"", ""742507245037912924_591917271"", ""744609844029522095_591917271"", ""746008474821034563_591917271"", ""754293106142315159_591917271"", ""756317509600379033_591917271"", ""760189906967560267_591917271"", ""760202545487643004_591917271""]",8,4,0,14d_plus_prev_context
w_000455,sp1cy_jar,train,0,negative_14d,2014-07-03 09:34:54+00:00,2014-07-17 09:34:54+00:00,4,0,1.9102682357584615e-05,"[""756317509600379033_591917271"", ""760189906967560267_591917271"", ""760202545487643004_591917271"", ""764462795598299504_591917271""]",4,"[""742507245037912924_591917271"", ""744609844029522095_591917271"", ""746008474821034563_591917271"", ""754293106142315159_591917271"", ""756317509600379033_591917271"", ""760189906967560267_591917271"", ""760202545487643004_591917271"", ""764462795598299504_591917271""]",8,4,0,14d_plus_prev_context
w_000456,starmood_life,val,0,negative_14d,2023-12-31 13:00:22+00:00,2024-01-14 13:00:22+00:00,4,0,0.00015573896484597484,"[""3269943158553187735_49280774872"", ""3272132630003027650_49280774872"", ""3275041668772552507_49280774872"", ""3277215517127577003_49280774872""]",4,"[""2840151135061199753_49280774872"", ""2855371331430431950_49280774872"", ""2875664991875090054_49280774872"", ""2887261408146098057_49280774872"", ""3269943158553187735_49280774872"", ""3272132630003027650_49280774872"", ""3275041668772552507_49280774872"", ""3277215517127577003_49280774872""]",8,4,0,14d_plus_prev_context
w_000457,starmood_life,val,0,negative_14d,2024-01-17 13:01:57+00:00,2024-01-31 13:01:57+00:00,4,0,0.09603811125824296,"[""3282265138648502821_49280774872"", ""3285155766269089482_49280774872"", ""3287342957216868368_49280774872"", ""3290282898578016840_49280774872""]",4,"[""3272132630003027650_49280774872"", ""3275041668772552507_49280774872"", ""3277215517127577003_49280774872"", ""3280090085219568754_49280774872"", ""3282265138648502821_49280774872"", ""3285155766269089482_49280774872"", ""3287342957216868368_49280774872"", ""3290282898578016840_49280774872""]",8,4,0,14d_plus_prev_context
w_000458,starmood_life,val,0,negative_14d,2024-01-21 12:45:06+00:00,2024-02-04 12:45:06+00:00,5,0,0.07683055591699964,"[""3285155766269089482_49280774872"", ""3287342957216868368_49280774872"", ""3290282898578016840_49280774872"", ""3292466757570919662_49280774872"", ""3295275098474907722_49280774872""]",5,"[""3277215517127577003_49280774872"", ""3280090085219568754_49280774872"", ""3282265138648502821_49280774872"", ""3285155766269089482_49280774872"", ""3287342957216868368_49280774872"", ""3290282898578016840_49280774872"", ""3292466757570919662_49280774872"", ""3295275098474907722_49280774872""]",8,3,0,14d_plus_prev_context
w_000459,superbearloveeat,train,0,negative_14d,2021-01-01 13:58:12+00:00,2021-01-15 13:58:12+00:00,9,0,0.0005676774148468257,"[""2477067615309101964_3246931925"", ""2479106173930781642_3246931925"", ""2479894232683125586_3246931925"", ""2481435928633839046_3246931925"", ""2482079689101648516_3246931925"", ""2482805522980391553_3246931925"", ""2484247966775157469_3246931925"", ""2485798139984860192_3246931925"", ""2486429462847980973_3246931925""]",9,"[""2479106173930781642_3246931925"", ""2479894232683125586_3246931925"", ""2481435928633839046_3246931925"", ""2482079689101648516_3246931925"", ""2482805522980391553_3246931925"", ""2484247966775157469_3246931925"", ""2485798139984860192_3246931925"", ""2486429462847980973_3246931925""]",8,0,0,14d_plus_prev_context
w_000460,superbearloveeat,train,0,negative_14d,2021-01-04 09:28:27+00:00,2021-01-18 09:28:27+00:00,10,0,0.000517614371742116,"[""2479106173930781642_3246931925"", ""2479894232683125586_3246931925"", ""2481435928633839046_3246931925"", ""2482079689101648516_3246931925"", ""2482805522980391553_3246931925"", ""2484247966775157469_3246931925"", ""2485798139984860192_3246931925"", ""2486429462847980973_3246931925"", ""2487865557120837045_3246931925"", ""2488508751617636043_3246931925""]",10,"[""2481435928633839046_3246931925"", ""2482079689101648516_3246931925"", ""2482805522980391553_3246931925"", ""2484247966775157469_3246931925"", ""2485798139984860192_3246931925"", ""2486429462847980973_3246931925"", ""2487865557120837045_3246931925"", ""2488508751617636043_3246931925""]",8,0,0,14d_plus_prev_context
w_000461,superbearloveeat,train,0,negative_14d,2021-01-07 14:37:15+00:00,2021-01-21 14:37:15+00:00,11,0,0.0004837751405899645,"[""2481435928633839046_3246931925"", ""2482079689101648516_3246931925"", ""2482805522980391553_3246931925"", ""2484247966775157469_3246931925"", ""2485798139984860192_3246931925"", ""2486429462847980973_3246931925"", ""2487865557120837045_3246931925"", ""2488508751617636043_3246931925"", ""2489334589288283835_3246931925"", ""2490122076852002123_3246931925"", ""2490709689161776181_3246931925""]",11,"[""2484247966775157469_3246931925"", ""2485798139984860192_3246931925"", ""2486429462847980973_3246931925"", ""2487865557120837045_3246931925"", ""2488508751617636043_3246931925"", ""2489334589288283835_3246931925"", ""2490122076852002123_3246931925"", ""2490709689161776181_3246931925""]",8,0,0,14d_plus_prev_context
w_000462,taichung.life88,train,0,negative_14d,2022-09-23 10:00:45+00:00,2022-10-07 10:00:45+00:00,42,0,1.649128835845582e-18,"[""2933556812620678270_55502532890"", ""2933950616519936639_55502532890"", ""2934097554322737859_55502532890"", ""2934281296109910835_55502532890"", ""2934673923171113412_55502532890"", ""2934836887677327449_55502532890"", ""2935007062685727582_55502532890"", ""2935549609079057761_55502532890"", ""2935730791385062218_55502532890"", ""2936125044075471598_55502532890"", ""2936274431014849686_55502532890"", ""2936456987123212478_55502532890"", ""2936850987373400957_55502532890"", ""2936996659965021340_55502532890"", ""2937180360119648692_55502532890"", ""2937577292818939490_55502532890"", ""2937723993331653498_55502532890"", ""2937907049670785723_55502532890"", ""2938301668638789118_55502532890"", ""2938450423540173932_55502532890"", ""2938633644151874118_55502532890"", ""2939022550312342137_55502532890"", ""2939175086713151981_55502532890"", ""2939354762609758379_55502532890"", ""2939747398302988347_55502532890"", ""2939898302305340185_55502532890"", ""2940079532695073106_55502532890"", ""2940472285694873912_55502532890"", ""2940623040670888096_55502532890"", ""2940805810633356365_55502532890"", ""2941197049807774479_55502532890"", ""2941347862525806776_55502532890"", ""2941531709556924575_55502532890"", ""2941921595573710540_55502532890"", ""2942072573226105542_55502532890"", ""2942253826939239090_55502532890"", ""2942648562811642997_55502532890"", ""2942797366658800591_55502532890"", ""2942978540088092083_55502532890"", ""2943374703134920668_55502532890"", ""2943522138474134671_55502532890"", ""2943703374147567155_55502532890""]",42,"[""2942072573226105542_55502532890"", ""2942253826939239090_55502532890"", ""2942648562811642997_55502532890"", ""2942797366658800591_55502532890"", ""2942978540088092083_55502532890"", ""2943374703134920668_55502532890"", ""2943522138474134671_55502532890"", ""2943703374147567155_55502532890""]",8,0,0,14d_plus_prev_context
w_000463,taichung.life88,train,0,negative_14d,2022-09-25 10:02:08+00:00,2022-10-09 10:02:08+00:00,42,0,2.1322971615717894e-18,"[""2935007062685727582_55502532890"", ""2935549609079057761_55502532890"", ""2935730791385062218_55502532890"", ""2936125044075471598_55502532890"", ""2936274431014849686_55502532890"", ""2936456987123212478_55502532890"", ""2936850987373400957_55502532890"", ""2936996659965021340_55502532890"", ""2937180360119648692_55502532890"", ""2937577292818939490_55502532890"", ""2937723993331653498_55502532890"", ""2937907049670785723_55502532890"", ""2938301668638789118_55502532890"", ""2938450423540173932_55502532890"", ""2938633644151874118_55502532890"", ""2939022550312342137_55502532890"", ""2939175086713151981_55502532890"", ""2939354762609758379_55502532890"", ""2939747398302988347_55502532890"", ""2939898302305340185_55502532890"", ""2940079532695073106_55502532890"", ""2940472285694873912_55502532890"", ""2940623040670888096_55502532890"", ""2940805810633356365_55502532890"", ""2941197049807774479_55502532890"", ""2941347862525806776_55502532890"", ""2941531709556924575_55502532890"", ""2941921595573710540_55502532890"", ""2942072573226105542_55502532890"", ""2942253826939239090_55502532890"", ""2942648562811642997_55502532890"", ""2942797366658800591_55502532890"", ""2942978540088092083_55502532890"", ""2943374703134920668_55502532890"", ""2943522138474134671_55502532890"", ""2943703374147567155_55502532890"", ""2944095905382698224_55502532890"", ""2944246915714444223_55502532890"", ""2944428130535342317_55502532890"", ""2944820712214064727_55502532890"", ""2944971683082595508_55502532890"", ""2945153069777229789_55502532890""]",42,"[""2943522138474134671_55502532890"", ""2943703374147567155_55502532890"", ""2944095905382698224_55502532890"", ""2944246915714444223_55502532890"", ""2944428130535342317_55502532890"", ""2944820712214064727_55502532890"", ""2944971683082595508_55502532890"", ""2945153069777229789_55502532890""]",8,0,0,14d_plus_prev_context
w_000464,taichung.life88,train,0,negative_14d,2022-09-27 23:05:41+00:00,2022-10-11 23:05:41+00:00,42,0,2.3798747955655203e-18,"[""2936850987373400957_55502532890"", ""2936996659965021340_55502532890"", ""2937180360119648692_55502532890"", ""2937577292818939490_55502532890"", ""2937723993331653498_55502532890"", ""2937907049670785723_55502532890"", ""2938301668638789118_55502532890"", ""2938450423540173932_55502532890"", ""2938633644151874118_55502532890"", ""2939022550312342137_55502532890"", ""2939175086713151981_55502532890"", ""2939354762609758379_55502532890"", ""2939747398302988347_55502532890"", ""2939898302305340185_55502532890"", ""2940079532695073106_55502532890"", ""2940472285694873912_55502532890"", ""2940623040670888096_55502532890"", ""2940805810633356365_55502532890"", ""2941197049807774479_55502532890"", ""2941347862525806776_55502532890"", ""2941531709556924575_55502532890"", ""2941921595573710540_55502532890"", ""2942072573226105542_55502532890"", ""2942253826939239090_55502532890"", ""2942648562811642997_55502532890"", ""2942797366658800591_55502532890"", ""2942978540088092083_55502532890"", ""2943374703134920668_55502532890"", ""2943522138474134671_55502532890"", ""2943703374147567155_55502532890"", ""2944095905382698224_55502532890"", ""2944246915714444223_55502532890"", ""2944428130535342317_55502532890"", ""2944820712214064727_55502532890"", ""2944971683082595508_55502532890"", ""2945153069777229789_55502532890"", ""2945545471796599288_55502532890"", ""2945696476588891049_55502532890"", ""2945877685512492925_55502532890"", ""2946418739873086030_55502532890"", ""2946602444122050551_55502532890"", ""2946995035750328092_55502532890""]",42,"[""2944971683082595508_55502532890"", ""2945153069777229789_55502532890"", ""2945545471796599288_55502532890"", ""2945696476588891049_55502532890"", ""2945877685512492925_55502532890"", ""2946418739873086030_55502532890"", ""2946602444122050551_55502532890"", ""2946995035750328092_55502532890""]",8,0,0,14d_plus_prev_context
w_000465,taichung.news88,train,0,negative_14d,2021-07-04 06:27:29+00:00,2021-07-18 06:27:29+00:00,50,0,0.00023148062528946162,"[""2610199496194197741_47906670912"", ""2610227854898421174_47906670912"", ""2610279439250830817_47906670912"", ""2610484996419346402_47906670912"", ""2610916983021922167_47906670912"", ""2610939785154208957_47906670912"", ""2611054517261486608_47906670912"", ""2611276304716937910_47906670912"", ""2611640882001004780_47906670912"", ""2611872031788905145_47906670912"", ""2611896277332308360_47906670912"", ""2612332421824013138_47906670912"", ""2612364482639120290_47906670912"", ""2612368692814336053_47906670912"", ""2612727989167509078_47906670912"", ""2613087640241443001_47906670912"", ""2613124113833443918_47906670912"", ""2613487921655553949_47906670912"", ""2613816979559936147_47906670912"", ""2613894509138660755_47906670912"", ""2614136528666696975_47906670912"", ""2614224665959151597_47906670912"", ""2614542915444007336_47906670912"", ""2614572499170368010_47906670912"", ""2614577683715877778_47906670912"", ""2615263694381063385_47906670912"", ""2615362549722295588_47906670912"", ""2615630739996036662_47906670912"", ""2615991817460463113_47906670912"", ""2616362446806167564_47906670912"", ""2616714943378874554_47906670912"", ""2616760023120805469_47906670912"", ""2617438477990321543_47906670912"", ""2617699199441803816_47906670912"", ""2617743209367609795_47906670912"", ""2618020507564281821_47906670912"", ""2618161302908742657_47906670912"", ""2618301103674779716_47906670912"", ""2618582053642184551_47906670912"", ""2618892415629502652_47906670912"", ""2619036652727624793_47906670912"", ""2619268356339678986_47906670912"", ""2619612868308282093_47906670912"", ""2619712028105567575_47906670912"", ""2619727525320677039_47906670912"", ""2619898387785209240_47906670912"", ""2620025108136197741_47906670912"", ""2620057137208864095_47906670912"", ""2620246688963347353_47906670912"", ""2620337166048056133_47906670912""]",50,"[""2619612868308282093_47906670912"", ""2619712028105567575_47906670912"", ""2619727525320677039_47906670912"", ""2619898387785209240_47906670912"", ""2620025108136197741_47906670912"", ""2620057137208864095_47906670912"", ""2620246688963347353_47906670912"", ""2620337166048056133_47906670912""]",8,0,0,14d_plus_prev_context
w_000466,taichung.news88,train,0,negative_14d,2021-07-06 06:11:15+00:00,2021-07-20 06:11:15+00:00,45,0,0.0002698405738688803,"[""2611640882001004780_47906670912"", ""2611872031788905145_47906670912"", ""2611896277332308360_47906670912"", ""2612332421824013138_47906670912"", ""2612364482639120290_47906670912"", ""2612368692814336053_47906670912"", ""2612727989167509078_47906670912"", ""2613087640241443001_47906670912"", ""2613124113833443918_47906670912"", ""2613487921655553949_47906670912"", ""2613816979559936147_47906670912"", ""2613894509138660755_47906670912"", ""2614136528666696975_47906670912"", ""2614224665959151597_47906670912"", ""2614542915444007336_47906670912"", ""2614572499170368010_47906670912"", ""2614577683715877778_47906670912"", ""2615263694381063385_47906670912"", ""2615362549722295588_47906670912"", ""2615630739996036662_47906670912"", ""2615991817460463113_47906670912"", ""2616362446806167564_47906670912"", ""2616714943378874554_47906670912"", ""2616760023120805469_47906670912"", ""2617438477990321543_47906670912"", ""2617699199441803816_47906670912"", ""2617743209367609795_47906670912"", ""2618020507564281821_47906670912"", ""2618161302908742657_47906670912"", ""2618301103674779716_47906670912"", ""2618582053642184551_47906670912"", ""2618892415629502652_47906670912"", ""2619036652727624793_47906670912"", ""2619268356339678986_47906670912"", ""2619612868308282093_47906670912"", ""2619712028105567575_47906670912"", ""2619727525320677039_47906670912"", ""2619898387785209240_47906670912"", ""2620025108136197741_47906670912"", ""2620057137208864095_47906670912"", ""2620246688963347353_47906670912"", ""2620337166048056133_47906670912"", ""2620507066548988013_47906670912"", ""2621065584658322783_47906670912"", ""2621616832864089602_47906670912""]",45,"[""2619898387785209240_47906670912"", ""2620025108136197741_47906670912"", ""2620057137208864095_47906670912"", ""2620246688963347353_47906670912"", ""2620337166048056133_47906670912"", ""2620507066548988013_47906670912"", ""2621065584658322783_47906670912"", ""2621616832864089602_47906670912""]",8,0,0,14d_plus_prev_context
w_000467,taichung.news88,train,0,negative_14d,2021-07-14 14:48:03+00:00,2021-07-28 14:48:03+00:00,59,0,0.00013324199512604294,"[""2617699199441803816_47906670912"", ""2617743209367609795_47906670912"", ""2618020507564281821_47906670912"", ""2618161302908742657_47906670912"", ""2618301103674779716_47906670912"", ""2618582053642184551_47906670912"", ""2618892415629502652_47906670912"", ""2619036652727624793_47906670912"", ""2619268356339678986_47906670912"", ""2619612868308282093_47906670912"", ""2619712028105567575_47906670912"", ""2619727525320677039_47906670912"", ""2619898387785209240_47906670912"", ""2620025108136197741_47906670912"", ""2620057137208864095_47906670912"", ""2620246688963347353_47906670912"", ""2620337166048056133_47906670912"", ""2620507066548988013_47906670912"", ""2621065584658322783_47906670912"", ""2621616832864089602_47906670912"", ""2621790189505155980_47906670912"", ""2621902268715109033_47906670912"", ""2622015958529585894_47906670912"", ""2622441166331549075_47906670912"", ""2622529295436550291_47906670912"", ""2622709175663048578_47906670912"", ""2622810435565246755_47906670912"", ""2623244354936845538_47906670912"", ""2623451531978926476_47906670912"", ""2623497886696868737_47906670912"", ""2623609365081102458_47906670912"", ""2623863441245123413_47906670912"", ""2623964573699354122_47906670912"", ""2624015661647367813_47906670912"", ""2624114266722936236_47906670912"", ""2624167174361322955_47906670912"", ""2624639378039602697_47906670912"", ""2624694306049296079_47906670912"", ""2624703148984268377_47906670912"", ""2624729648622077027_47906670912"", ""2624790908487104690_47906670912"", ""2624852259712542535_47906670912"", ""2624977287913642333_47906670912"", ""2625416894249580007_47906670912"", ""2625457005192521432_47906670912"", ""2625505814090067800_47906670912"", ""2625680263825192406_47906670912"", ""2625799542147056179_47906670912"", ""2626139177221964826_47906670912"", ""2626212670135536566_47906670912"", ""2626272855629750554_47906670912"", ""2626434078006553266_47906670912"", ""2626862775670765411_47906670912"", ""2626886085246785443_47906670912"", ""2627136148762159625_47906670912"", ""2627176283629287843_47906670912"", ""2627227543007126918_47906670912"", ""2627590994699206154_47906670912"", ""2627675424654381408_47906670912""]",59,"[""2626434078006553266_47906670912"", ""2626862775670765411_47906670912"", ""2626886085246785443_47906670912"", ""2627136148762159625_47906670912"", ""2627176283629287843_47906670912"", ""2627227543007126918_47906670912"", ""2627590994699206154_47906670912"", ""2627675424654381408_47906670912""]",8,0,0,14d_plus_prev_context
w_000468,tainan_food,test,0,negative_14d,2014-11-25 05:46:02+00:00,2014-12-09 05:46:02+00:00,3,0,6.733922110062922e-05,"[""861294795641172921_1445711387"", ""861295237871809497_1445711387"", ""861295601274696691_1445711387""]",3,"[""777277724381524969_1445711387"", ""777986095149592928_1445711387"", ""861294795641172921_1445711387"", ""861295237871809497_1445711387"", ""861295601274696691_1445711387""]",5,2,3,14d_plus_prev_context
w_000469,tainan_food,test,0,negative_14d,2014-12-22 17:39:04+00:00,2015-01-05 17:39:04+00:00,14,0,0.00010575584421775703,"[""881222624319222777_1445711387"", ""881225672789700695_1445711387"", ""881226375478227045_1445711387"", ""881227366877474948_1445711387"", ""881227929123926159_1445711387"", ""881229067969736877_1445711387"", ""881229289319936180_1445711387"", ""881229693801836739_1445711387"", ""890461676646019553_1445711387"", ""890462051725849060_1445711387"", ""890462723913396721_1445711387"", ""890463049013899769_1445711387"", ""890463367336407552_1445711387"", ""890463888378016264_1445711387""]",14,"[""881229289319936180_1445711387"", ""881229693801836739_1445711387"", ""890461676646019553_1445711387"", ""890462051725849060_1445711387"", ""890462723913396721_1445711387"", ""890463049013899769_1445711387"", ""890463367336407552_1445711387"", ""890463888378016264_1445711387""]",8,0,0,14d_plus_prev_context
w_000470,tainan_food,test,0,negative_14d,2014-12-22 17:48:30+00:00,2015-01-05 17:48:30+00:00,11,0,0.00013165499249413962,"[""881227366877474948_1445711387"", ""881227929123926159_1445711387"", ""881229067969736877_1445711387"", ""881229289319936180_1445711387"", ""881229693801836739_1445711387"", ""890461676646019553_1445711387"", ""890462051725849060_1445711387"", ""890462723913396721_1445711387"", ""890463049013899769_1445711387"", ""890463367336407552_1445711387"", ""890463888378016264_1445711387""]",11,"[""881229289319936180_1445711387"", ""881229693801836739_1445711387"", ""890461676646019553_1445711387"", ""890462051725849060_1445711387"", ""890462723913396721_1445711387"", ""890463049013899769_1445711387"", ""890463367336407552_1445711387"", ""890463888378016264_1445711387""]",8,0,0,14d_plus_prev_context
w_000471,taiwanfoodeat,train,0,negative_14d,2017-11-12 03:45:53+00:00,2017-11-26 03:45:53+00:00,4,0,2.882419075450402e-17,"[""1646166440062930574_1296405415"", ""1647069210454385847_1296405415"", ""1649061968341697577_1296405415"", ""1651260206239007728_1296405415""]",4,"[""1646166440062930574_1296405415"", ""1647069210454385847_1296405415"", ""1649061968341697577_1296405415"", ""1651260206239007728_1296405415""]",4,0,4,14d_plus_prev_context
w_000472,taiwanfoodeat,train,0,negative_14d,2017-11-13 09:39:32+00:00,2017-11-27 09:39:32+00:00,4,0,2.8676335084446154e-17,"[""1647069210454385847_1296405415"", ""1649061968341697577_1296405415"", ""1651260206239007728_1296405415"", ""1657213983429258598_1296405415""]",4,"[""1646166440062930574_1296405415"", ""1647069210454385847_1296405415"", ""1649061968341697577_1296405415"", ""1651260206239007728_1296405415"", ""1657213983429258598_1296405415""]",5,1,3,14d_plus_prev_context
w_000473,taiwanfoodeat,train,0,negative_14d,2017-11-16 03:38:47+00:00,2017-11-30 03:38:47+00:00,3,0,3.7552389311873036e-17,"[""1649061968341697577_1296405415"", ""1651260206239007728_1296405415"", ""1657213983429258598_1296405415""]",3,"[""1646166440062930574_1296405415"", ""1647069210454385847_1296405415"", ""1649061968341697577_1296405415"", ""1651260206239007728_1296405415"", ""1657213983429258598_1296405415""]",5,2,3,14d_plus_prev_context
w_000474,taste_of_kjie,val,0,negative_14d,2018-05-14 12:51:44+00:00,2018-05-28 12:51:44+00:00,8,0,3.4492366794312627e-12,"[""1779075135228316054_7744284471"", ""1779505066814895406_7744284471"", ""1779837058601247356_7744284471"", ""1781305220450534994_7744284471"", ""1782561241761787255_7744284471"", ""1783474873269810734_7744284471"", ""1786095398097984227_7744284471"", ""1788572093052821234_7744284471""]",8,"[""1779075135228316054_7744284471"", ""1779505066814895406_7744284471"", ""1779837058601247356_7744284471"", ""1781305220450534994_7744284471"", ""1782561241761787255_7744284471"", ""1783474873269810734_7744284471"", ""1786095398097984227_7744284471"", ""1788572093052821234_7744284471""]",8,0,0,14d_plus_prev_context
w_000475,taste_of_kjie,val,0,negative_14d,2018-05-15 14:05:32+00:00,2018-05-29 14:05:32+00:00,6,0,3.0667334093166594e-12,"[""1779837058601247356_7744284471"", ""1781305220450534994_7744284471"", ""1782561241761787255_7744284471"", ""1783474873269810734_7744284471"", ""1786095398097984227_7744284471"", ""1788572093052821234_7744284471""]",6,"[""1779075135228316054_7744284471"", ""1779505066814895406_7744284471"", ""1779837058601247356_7744284471"", ""1781305220450534994_7744284471"", ""1782561241761787255_7744284471"", ""1783474873269810734_7744284471"", ""1786095398097984227_7744284471"", ""1788572093052821234_7744284471""]",8,2,0,14d_plus_prev_context
w_000476,taste_of_kjie,val,0,negative_14d,2018-05-17 14:42:31+00:00,2018-05-31 14:42:31+00:00,7,0,2.3608035283311906e-12,"[""1781305220450534994_7744284471"", ""1782561241761787255_7744284471"", ""1783474873269810734_7744284471"", ""1786095398097984227_7744284471"", ""1788572093052821234_7744284471"", ""1790452044790118225_7744284471"", ""1791189403450079022_7744284471""]",7,"[""1779837058601247356_7744284471"", ""1781305220450534994_7744284471"", ""1782561241761787255_7744284471"", ""1783474873269810734_7744284471"", ""1786095398097984227_7744284471"", ""1788572093052821234_7744284471"", ""1790452044790118225_7744284471"", ""1791189403450079022_7744284471""]",8,1,0,14d_plus_prev_context
w_000477,the_trip_addict,train,0,negative_14d,2017-09-05 09:58:34+00:00,2017-09-19 09:58:34+00:00,8,0,4.569077843321542e-11,"[""1597069271167227922_5992965715"", ""1597074914209105603_5992965715"", ""1597620329136266640_5992965715"", ""1604243619326114314_5992965715"", ""1604248185941636595_5992965715"", ""1604255048603224630_5992965715"", ""1607148970144906859_5992965715"", ""1607212970324996580_5992965715""]",8,"[""1597069271167227922_5992965715"", ""1597074914209105603_5992965715"", ""1597620329136266640_5992965715"", ""1604243619326114314_5992965715"", ""1604248185941636595_5992965715"", ""1604255048603224630_5992965715"", ""1607148970144906859_5992965715"", ""1607212970324996580_5992965715""]",8,0,0,14d_plus_prev_context
w_000478,the_trip_addict,train,0,negative_14d,2017-09-06 04:13:26+00:00,2017-09-20 04:13:26+00:00,7,0,6.917404393383915e-11,"[""1597620329136266640_5992965715"", ""1604243619326114314_5992965715"", ""1604248185941636595_5992965715"", ""1604255048603224630_5992965715"", ""1607148970144906859_5992965715"", ""1607212970324996580_5992965715"", ""1607259567415044948_5992965715""]",7,"[""1597074914209105603_5992965715"", ""1597620329136266640_5992965715"", ""1604243619326114314_5992965715"", ""1604248185941636595_5992965715"", ""1604255048603224630_5992965715"", ""1607148970144906859_5992965715"", ""1607212970324996580_5992965715"", ""1607259567415044948_5992965715""]",8,1,0,14d_plus_prev_context
w_000479,the_trip_addict,train,0,negative_14d,2017-09-15 07:32:43+00:00,2017-09-29 07:32:43+00:00,17,0,2.8743572390233705e-11,"[""1604243619326114314_5992965715"", ""1604248185941636595_5992965715"", ""1604255048603224630_5992965715"", ""1607148970144906859_5992965715"", ""1607212970324996580_5992965715"", ""1607259567415044948_5992965715"", ""1607857024444138447_5992965715"", ""1607911407253080789_5992965715"", ""1608496504188436588_5992965715"", ""1612147446733608080_5992965715"", ""1612376910503809503_5992965715"", ""1613080010440911629_5992965715"", ""1613081057104453055_5992965715"", ""1613081832849280569_5992965715"", ""1613660555709449218_5992965715"", ""1613738525044228197_5992965715"", ""1614372880665982616_5992965715""]",17,"[""1612147446733608080_5992965715"", ""1612376910503809503_5992965715"", ""1613080010440911629_5992965715"", ""1613081057104453055_5992965715"", ""1613081832849280569_5992965715"", ""1613660555709449218_5992965715"", ""1613738525044228197_5992965715"", ""1614372880665982616_5992965715""]",8,0,0,14d_plus_prev_context
w_000480,thepetpope,val,0,negative_14d,2022-08-24 06:41:16+00:00,2022-09-07 06:41:16+00:00,8,0,1.6370633864770332e-06,"[""2911713135917877562_54678028093"", ""2913051391975807591_54678028093"", ""2915954615670070131_54678028093"", ""2917407626896459715_54678028093"", ""2918123036806663673_54678028093"", ""2918935602315212180_54678028093"", ""2919592447711275234_54678028093"", ""2921062698391121884_54678028093""]",8,"[""2911713135917877562_54678028093"", ""2913051391975807591_54678028093"", ""2915954615670070131_54678028093"", ""2917407626896459715_54678028093"", ""2918123036806663673_54678028093"", ""2918935602315212180_54678028093"", ""2919592447711275234_54678028093"", ""2921062698391121884_54678028093""]",8,0,0,14d_plus_prev_context
w_000481,thepetpope,val,0,negative_14d,2022-08-26 03:00:08+00:00,2022-09-09 03:00:08+00:00,9,0,2.3926237781442127e-06,"[""2913051391975807591_54678028093"", ""2915954615670070131_54678028093"", ""2917407626896459715_54678028093"", ""2918123036806663673_54678028093"", ""2918935602315212180_54678028093"", ""2919592447711275234_54678028093"", ""2921062698391121884_54678028093"", ""2922035649788712737_54678028093"", ""2922810468700458581_54678028093""]",9,"[""2915954615670070131_54678028093"", ""2917407626896459715_54678028093"", ""2918123036806663673_54678028093"", ""2918935602315212180_54678028093"", ""2919592447711275234_54678028093"", ""2921062698391121884_54678028093"", ""2922035649788712737_54678028093"", ""2922810468700458581_54678028093""]",8,0,0,14d_plus_prev_context
w_000482,thepetpope,val,0,negative_14d,2022-09-01 03:15:12+00:00,2022-09-15 03:15:12+00:00,13,0,1.2933081748507637e-06,"[""2917407626896459715_54678028093"", ""2918123036806663673_54678028093"", ""2918935602315212180_54678028093"", ""2919592447711275234_54678028093"", ""2921062698391121884_54678028093"", ""2922035649788712737_54678028093"", ""2922810468700458581_54678028093"", ""2924721643978257883_54678028093"", ""2925072355722486656_54678028093"", ""2925077453655657744_54678028093"", ""2925091039375444387_54678028093"", ""2925425030134057705_54678028093"", ""2926881498238556671_54678028093""]",13,"[""2922035649788712737_54678028093"", ""2922810468700458581_54678028093"", ""2924721643978257883_54678028093"", ""2925072355722486656_54678028093"", ""2925077453655657744_54678028093"", ""2925091039375444387_54678028093"", ""2925425030134057705_54678028093"", ""2926881498238556671_54678028093""]",8,0,0,14d_plus_prev_context
w_000483,thepotatocouple.ch,train,0,negative_14d,2019-11-14 13:03:39+00:00,2019-11-28 13:03:39+00:00,14,0,3.6934103003877254e-05,"[""2176983005258890665_24362323202"", ""2177619931762743825_24362323202"", ""2178384426269752034_24362323202"", ""2179041248487955869_24362323202"", ""2179881329486630714_24362323202"", ""2180605449304212120_24362323202"", ""2181341009136095666_24362323202"", ""2182056371095986809_24362323202"", ""2182796742507672476_24362323202"", ""2183504583006853494_24362323202"", ""2184242778078167159_24362323202"", ""2184957078425833298_24362323202"", ""2185686156665879145_24362323202"", ""2186403642126141719_24362323202""]",14,"[""2181341009136095666_24362323202"", ""2182056371095986809_24362323202"", ""2182796742507672476_24362323202"", ""2183504583006853494_24362323202"", ""2184242778078167159_24362323202"", ""2184957078425833298_24362323202"", ""2185686156665879145_24362323202"", ""2186403642126141719_24362323202""]",8,0,0,14d_plus_prev_context
w_000484,thepotatocouple.ch,train,0,negative_14d,2019-11-16 11:33:48+00:00,2019-11-30 11:33:48+00:00,14,0,3.6937930194130674e-05,"[""2178384426269752034_24362323202"", ""2179041248487955869_24362323202"", ""2179881329486630714_24362323202"", ""2180605449304212120_24362323202"", ""2181341009136095666_24362323202"", ""2182056371095986809_24362323202"", ""2182796742507672476_24362323202"", ""2183504583006853494_24362323202"", ""2184242778078167159_24362323202"", ""2184957078425833298_24362323202"", ""2185686156665879145_24362323202"", ""2186403642126141719_24362323202"", ""2187153757568878129_24362323202"", ""2187863719043611559_24362323202""]",14,"[""2182796742507672476_24362323202"", ""2183504583006853494_24362323202"", ""2184242778078167159_24362323202"", ""2184957078425833298_24362323202"", ""2185686156665879145_24362323202"", ""2186403642126141719_24362323202"", ""2187153757568878129_24362323202"", ""2187863719043611559_24362323202""]",8,0,0,14d_plus_prev_context
w_000485,thepotatocouple.ch,train,0,negative_14d,2019-11-20 13:22:13+00:00,2019-12-04 13:22:13+00:00,15,0,3.4475364554172824e-05,"[""2181341009136095666_24362323202"", ""2182056371095986809_24362323202"", ""2182796742507672476_24362323202"", ""2183504583006853494_24362323202"", ""2184242778078167159_24362323202"", ""2184957078425833298_24362323202"", ""2185686156665879145_24362323202"", ""2186403642126141719_24362323202"", ""2187153757568878129_24362323202"", ""2187863719043611559_24362323202"", ""2188605028955948025_24362323202"", ""2189317581000636424_24362323202"", ""2190051479418466818_24362323202"", ""2190764247461135106_24362323202"", ""2191487543802677680_24362323202""]",15,"[""2186403642126141719_24362323202"", ""2187153757568878129_24362323202"", ""2187863719043611559_24362323202"", ""2188605028955948025_24362323202"", ""2189317581000636424_24362323202"", ""2190051479418466818_24362323202"", ""2190764247461135106_24362323202"", ""2191487543802677680_24362323202""]",8,0,0,14d_plus_prev_context
w_000486,thirty6____,test,0,negative_14d,2024-01-06 04:02:30+00:00,2024-01-20 04:02:30+00:00,4,0,0.3404036186398116,"[""3274021097283956427_62078202249"", ""3275081621144731872_62078202249"", ""3276468833967003917_62078202249"", ""3278645634868808751_62078202249""]",4,"[""3264920599234701088_62078202249"", ""3266408277859898855_62078202249"", ""3267830178205405304_62078202249"", ""3271447098486131330_62078202249"", ""3274021097283956427_62078202249"", ""3275081621144731872_62078202249"", ""3276468833967003917_62078202249"", ""3278645634868808751_62078202249""]",8,4,0,14d_plus_prev_context
w_000487,thirty6____,test,0,negative_14d,2025-01-04 12:55:20+00:00,2025-01-18 12:55:20+00:00,3,0,0.046136292153429743,"[""3538107646140234757_62078202249"", ""3542439745399854976_62078202249"", ""3545402139541573426_62078202249""]",3,"[""3506902189812060748_62078202249"", ""3513423549623299191_62078202249"", ""3519236817746940315_62078202249"", ""3525063026456202615_62078202249"", ""3528662959772053481_62078202249"", ""3538107646140234757_62078202249"", ""3542439745399854976_62078202249"", ""3545402139541573426_62078202249""]",8,5,0,14d_plus_prev_context
w_000488,thirty6____,test,0,negative_14d,2025-09-27 00:29:42+00:00,2025-10-11 00:29:42+00:00,3,0,0.27838682755827904,"[""3730522697878345814_62078202249"", ""3737104920471590305_62078202249"", ""3740130147803770612_62078202249""]",3,"[""3701242059416987843_62078202249"", ""3706992637579104426_62078202249"", ""3716086635793887313_62078202249"", ""3721507854085133376_62078202249"", ""3728018194578996953_62078202249"", ""3730522697878345814_62078202249"", ""3737104920471590305_62078202249"", ""3740130147803770612_62078202249""]",8,5,0,14d_plus_prev_context
w_000489,timton_footew,train,0,negative_14d,2024-01-02 17:07:53+00:00,2024-01-16 17:07:53+00:00,4,0,0.004935298223218469,"[""3271517289441033411_60336176277"", ""3271789538878396244_60336176277"", ""3275023284431566077_60336176277"", ""3277133666542212443_60336176277""]",4,"[""3151837386492482865_60336176277"", ""3168228817608688246_60336176277"", ""3169591315510600308_60336176277"", ""3187213406867170806_60336176277"", ""3271517289441033411_60336176277"", ""3271789538878396244_60336176277"", ""3275023284431566077_60336176277"", ""3277133666542212443_60336176277""]",8,4,0,14d_plus_prev_context
w_000490,timton_footew,train,0,negative_14d,2024-01-03 02:08:48+00:00,2024-01-17 02:08:48+00:00,3,0,1.386034692979025e-09,"[""3271789538878396244_60336176277"", ""3275023284431566077_60336176277"", ""3277133666542212443_60336176277""]",3,"[""3151837386492482865_60336176277"", ""3168228817608688246_60336176277"", ""3169591315510600308_60336176277"", ""3187213406867170806_60336176277"", ""3271517289441033411_60336176277"", ""3271789538878396244_60336176277"", ""3275023284431566077_60336176277"", ""3277133666542212443_60336176277""]",8,5,0,14d_plus_prev_context
w_000491,timton_footew,train,0,negative_14d,2024-08-13 02:36:22+00:00,2024-08-27 02:36:22+00:00,4,0,8.500450253412506e-09,"[""3433428401692919796_60336176277"", ""3433433576265965036_60336176277"", ""3440273624024874846_60336176277"", ""3440276869719947892_60336176277""]",4,"[""3344430635664557051_60336176277"", ""3380921304625066988_60336176277"", ""3391749092943510481_60336176277"", ""3406058150203831397_60336176277"", ""3433428401692919796_60336176277"", ""3433433576265965036_60336176277"", ""3440273624024874846_60336176277"", ""3440276869719947892_60336176277""]",8,4,0,14d_plus_prev_context
w_000492,trojan_li,train,0,negative_14d,2021-01-01 11:50:13+00:00,2021-01-15 11:50:13+00:00,4,0,0.00011887675118419271,"[""2477003200220916376_44838973285"", ""2479205736172579591_44838973285"", ""2482116241900117781_44838973285"", ""2485683812837501046_44838973285""]",4,"[""2477003200220916376_44838973285"", ""2479205736172579591_44838973285"", ""2482116241900117781_44838973285"", ""2485683812837501046_44838973285""]",4,0,4,14d_plus_prev_context
w_000493,trojan_li,train,0,negative_14d,2021-01-04 12:46:16+00:00,2021-01-18 12:46:16+00:00,3,0,0.0001584992637863848,"[""2479205736172579591_44838973285"", ""2482116241900117781_44838973285"", ""2485683812837501046_44838973285""]",3,"[""2477003200220916376_44838973285"", ""2479205736172579591_44838973285"", ""2482116241900117781_44838973285"", ""2485683812837501046_44838973285""]",4,1,4,14d_plus_prev_context
w_000494,trojan_li,train,0,negative_14d,2021-01-08 13:08:55+00:00,2021-01-22 13:08:55+00:00,4,0,0.0002588651056114886,"[""2482116241900117781_44838973285"", ""2485683812837501046_44838973285"", ""2490004718625028917_44838973285"", ""2491490534769653480_44838973285""]",4,"[""2477003200220916376_44838973285"", ""2479205736172579591_44838973285"", ""2482116241900117781_44838973285"", ""2485683812837501046_44838973285"", ""2490004718625028917_44838973285"", ""2491490534769653480_44838973285""]",6,2,2,14d_plus_prev_context
w_000495,truthdict,test,0,negative_14d,2022-08-06 12:00:53+00:00,2022-08-20 12:00:53+00:00,15,0,3.5927707365585355e-06,"[""2898828042593244219_54328623574"", ""2899552644704811916_54328623574"", ""2900277215233819419_54328623574"", ""2901002057227259127_54328623574"", ""2901726786651219984_54328623574"", ""2902451847696838027_54328623574"", ""2903176421782886389_54328623574"", ""2903901099173988706_54328623574"", ""2904626161670929198_54328623574"", ""2905351081811729552_54328623574"", ""2906075774627711712_54328623574"", ""2906800264013172913_54328623574"", ""2907525281549909184_54328623574"", ""2908249785330315088_54328623574"", ""2908974849578951179_54328623574""]",15,"[""2903901099173988706_54328623574"", ""2904626161670929198_54328623574"", ""2905351081811729552_54328623574"", ""2906075774627711712_54328623574"", ""2906800264013172913_54328623574"", ""2907525281549909184_54328623574"", ""2908249785330315088_54328623574"", ""2908974849578951179_54328623574""]",8,0,0,14d_plus_prev_context
w_000496,truthdict,test,0,negative_14d,2022-08-08 12:00:08+00:00,2022-08-22 12:00:08+00:00,15,0,3.5660616708725466e-06,"[""2900277215233819419_54328623574"", ""2901002057227259127_54328623574"", ""2901726786651219984_54328623574"", ""2902451847696838027_54328623574"", ""2903176421782886389_54328623574"", ""2903901099173988706_54328623574"", ""2904626161670929198_54328623574"", ""2905351081811729552_54328623574"", ""2906075774627711712_54328623574"", ""2906800264013172913_54328623574"", ""2907525281549909184_54328623574"", ""2908249785330315088_54328623574"", ""2908974849578951179_54328623574"", ""2909699508263815174_54328623574"", ""2910424015868241140_54328623574""]",15,"[""2905351081811729552_54328623574"", ""2906075774627711712_54328623574"", ""2906800264013172913_54328623574"", ""2907525281549909184_54328623574"", ""2908249785330315088_54328623574"", ""2908974849578951179_54328623574"", ""2909699508263815174_54328623574"", ""2910424015868241140_54328623574""]",8,0,0,14d_plus_prev_context
w_000497,truthdict,test,0,negative_14d,2022-08-13 12:00:08+00:00,2022-08-27 12:00:08+00:00,14,0,9.486908309339962e-09,"[""2903901099173988706_54328623574"", ""2904626161670929198_54328623574"", ""2905351081811729552_54328623574"", ""2906075774627711712_54328623574"", ""2906800264013172913_54328623574"", ""2907525281549909184_54328623574"", ""2908249785330315088_54328623574"", ""2908974849578951179_54328623574"", ""2909699508263815174_54328623574"", ""2910424015868241140_54328623574"", ""2911148868121835697_54328623574"", ""2911873971185078250_54328623574"", ""2912598527082650854_54328623574"", ""2913323344808628633_54328623574""]",14,"[""2908249785330315088_54328623574"", ""2908974849578951179_54328623574"", ""2909699508263815174_54328623574"", ""2910424015868241140_54328623574"", ""2911148868121835697_54328623574"", ""2911873971185078250_54328623574"", ""2912598527082650854_54328623574"", ""2913323344808628633_54328623574""]",8,0,0,14d_plus_prev_context
w_000498,tula__princess,test,0,negative_14d,2026-03-31 14:24:07+00:00,2026-04-14 14:24:07+00:00,4,0,3.673710684263275e-17,"[""3865025793025447493_52013529610"", ""3865027367281971175_52013529610"", ""3865028016451218914_52013529610"", ""3865029601814218178_52013529610""]",4,"[""3865025793025447493_52013529610"", ""3865027367281971175_52013529610"", ""3865028016451218914_52013529610"", ""3865029601814218178_52013529610""]",4,0,4,14d_plus_prev_context
w_000499,tula__princess,test,0,negative_14d,2026-03-31 14:26:40+00:00,2026-04-14 14:26:40+00:00,3,0,3.83640599895956e-17,"[""3865027367281971175_52013529610"", ""3865028016451218914_52013529610"", ""3865029601814218178_52013529610""]",3,"[""3865025793025447493_52013529610"", ""3865027367281971175_52013529610"", ""3865028016451218914_52013529610"", ""3865029601814218178_52013529610""]",4,1,4,14d_plus_prev_context
w_000500,udntourtheworld_,train,0,negative_14d,2024-08-22 06:45:16+00:00,2024-09-05 06:45:16+00:00,23,0,7.840391375440917e-18,"[""3440076664460711395_60129893978"", ""3440165258504221697_60129893978"", ""3441031454607104652_60129893978"", ""3441383180341333484_60129893978"", ""3441503989591703182_60129893978"", ""3441564370289038545_60129893978"", ""3441685188355720725_60129893978"", ""3442168434535276923_60129893978"", ""3443777040846271273_60129893978"", ""3444340504148169940_60129893978"", ""3444438724329178355_60129893978"", ""3445066107810519602_60129893978"", ""3445727090954692913_60129893978"", ""3445866947060193067_60129893978"", ""3445935348021675253_60129893978"", ""3447132237488532656_60129893978"", ""3448820885778830907_60129893978"", ""3449386096721926944_60129893978"", ""3449499966689260579_60129893978"", ""3449582274057228403_60129893978"", ""3449672818939945267_60129893978"", ""3450097173323569292_60129893978"", ""3450209945588071137_60129893978""]",23,"[""3447132237488532656_60129893978"", ""3448820885778830907_60129893978"", ""3449386096721926944_60129893978"", ""3449499966689260579_60129893978"", ""3449582274057228403_60129893978"", ""3449672818939945267_60129893978"", ""3450097173323569292_60129893978"", ""3450209945588071137_60129893978""]",8,0,0,14d_plus_prev_context
w_000501,udntourtheworld_,train,0,negative_14d,2024-08-24 06:01:07+00:00,2024-09-07 06:01:07+00:00,20,0,9.011604540285223e-18,"[""3441503989591703182_60129893978"", ""3441564370289038545_60129893978"", ""3441685188355720725_60129893978"", ""3442168434535276923_60129893978"", ""3443777040846271273_60129893978"", ""3444340504148169940_60129893978"", ""3444438724329178355_60129893978"", ""3445066107810519602_60129893978"", ""3445727090954692913_60129893978"", ""3445866947060193067_60129893978"", ""3445935348021675253_60129893978"", ""3447132237488532656_60129893978"", ""3448820885778830907_60129893978"", ""3449386096721926944_60129893978"", ""3449499966689260579_60129893978"", ""3449582274057228403_60129893978"", ""3449672818939945267_60129893978"", ""3450097173323569292_60129893978"", ""3450209945588071137_60129893978"", ""3450270825295520812_60129893978""]",20,"[""3448820885778830907_60129893978"", ""3449386096721926944_60129893978"", ""3449499966689260579_60129893978"", ""3449582274057228403_60129893978"", ""3449672818939945267_60129893978"", ""3450097173323569292_60129893978"", ""3450209945588071137_60129893978"", ""3450270825295520812_60129893978""]",8,0,0,14d_plus_prev_context
w_000502,udntourtheworld_,train,0,negative_14d,2024-08-28 07:11:54+00:00,2024-09-11 07:11:54+00:00,18,0,1.0003351572696108e-19,"[""3444438724329178355_60129893978"", ""3445066107810519602_60129893978"", ""3445727090954692913_60129893978"", ""3445866947060193067_60129893978"", ""3445935348021675253_60129893978"", ""3447132237488532656_60129893978"", ""3448820885778830907_60129893978"", ""3449386096721926944_60129893978"", ""3449499966689260579_60129893978"", ""3449582274057228403_60129893978"", ""3449672818939945267_60129893978"", ""3450097173323569292_60129893978"", ""3450209945588071137_60129893978"", ""3450270825295520812_60129893978"", ""3453731029243150882_60129893978"", ""3453855380817444977_60129893978"", ""3454081895211948704_60129893978"", ""3454453366891873239_60129893978""]",18,"[""3449672818939945267_60129893978"", ""3450097173323569292_60129893978"", ""3450209945588071137_60129893978"", ""3450270825295520812_60129893978"", ""3453731029243150882_60129893978"", ""3453855380817444977_60129893978"", ""3454081895211948704_60129893978"", ""3454453366891873239_60129893978""]",8,0,0,14d_plus_prev_context
w_000503,voracious.foodie,test,0,negative_14d,2015-06-18 14:07:09+00:00,2015-07-02 14:07:09+00:00,3,0,8.761097133908187e-15,"[""1010126045489560389_1999729509"", ""1010851243016747829_1999729509"", ""1019534074681128967_1999729509""]",3,"[""1010126045489560389_1999729509"", ""1010851243016747829_1999729509"", ""1019534074681128967_1999729509""]",3,0,5,14d_plus_prev_context
w_000504,voracious.foodie,test,0,negative_14d,2015-07-01 13:39:14+00:00,2015-07-15 13:39:14+00:00,3,0,2.768869486467231e-16,"[""1019534074681128967_1999729509"", ""1023173092190878246_1999729509"", ""1028977722002930295_1999729509""]",3,"[""1010126045489560389_1999729509"", ""1010851243016747829_1999729509"", ""1019534074681128967_1999729509"", ""1023173092190878246_1999729509"", ""1028977722002930295_1999729509""]",5,2,3,14d_plus_prev_context
w_000505,voracious.foodie,test,0,negative_14d,2015-08-20 13:15:07+00:00,2015-09-03 13:15:07+00:00,5,0,5.476347572020941e-16,"[""1055760719871899740_1999729509"", ""1057941408306330166_1999729509"", ""1060852050189253034_1999729509"", ""1065197863707244699_1999729509"", ""1065203085724776772_1999729509""]",5,"[""1023173092190878246_1999729509"", ""1028977722002930295_1999729509"", ""1043459231560661899_1999729509"", ""1055760719871899740_1999729509"", ""1057941408306330166_1999729509"", ""1060852050189253034_1999729509"", ""1065197863707244699_1999729509"", ""1065203085724776772_1999729509""]",8,3,0,14d_plus_prev_context
w_000506,xiangling_0802,train,0,negative_14d,2019-03-01 14:13:03+00:00,2019-03-15 14:13:03+00:00,3,0,5.00911118482111e-12,"[""1990025799165012774_1045154982"", ""1992917227285232313_1045154982"", ""1997017155049529154_1045154982""]",3,"[""1531164351443003737_1045154982"", ""1809563387552551140_1045154982"", ""1825032633883459036_1045154982"", ""1919015109789116846_1045154982"", ""1919546030317477951_1045154982"", ""1990025799165012774_1045154982"", ""1992917227285232313_1045154982"", ""1997017155049529154_1045154982""]",8,5,0,14d_plus_prev_context
w_000507,xiangling_0802,train,0,negative_14d,2019-07-15 10:29:13+00:00,2019-07-29 10:29:13+00:00,3,0,2.048478868353563e-08,"[""2088482640484046776_1045154982"", ""2089033810130530520_1045154982"", ""2094233083730381090_1045154982""]",3,"[""2031823046885774298_1045154982"", ""2038592362138456087_1045154982"", ""2042822617271336033_1045154982"", ""2060304731592221201_1045154982"", ""2074515280320380901_1045154982"", ""2088482640484046776_1045154982"", ""2089033810130530520_1045154982"", ""2094233083730381090_1045154982""]",8,5,0,14d_plus_prev_context
w_000508,xiangling_0802,train,0,negative_14d,2019-08-28 11:05:33+00:00,2019-09-11 11:05:33+00:00,7,0,3.5343588012562026e-09,"[""2120391059629368753_1045154982"", ""2121180653261958251_1045154982"", ""2123317058218082840_1045154982"", ""2124076742738872324_1045154982"", ""2125396091479014848_1045154982"", ""2129233103751488379_1045154982"", ""2130045154241641157_1045154982""]",7,"[""2094233083730381090_1045154982"", ""2120391059629368753_1045154982"", ""2121180653261958251_1045154982"", ""2123317058218082840_1045154982"", ""2124076742738872324_1045154982"", ""2125396091479014848_1045154982"", ""2129233103751488379_1045154982"", ""2130045154241641157_1045154982""]",8,1,0,14d_plus_prev_context
w_000509,xuan_f0116.m0303,train,0,negative_14d,2021-07-17 04:51:04+00:00,2021-07-31 04:51:04+00:00,17,0,0.17700293891212074,"[""2619573058860790144_11113469615"", ""2620444408412597236_11113469615"", ""2621507004720937654_11113469615"", ""2622229865685179536_11113469615"", ""2622835681953941207_11113469615"", ""2623515259311614928_11113469615"", ""2624323671947604786_11113469615"", ""2624640212538943319_11113469615"", ""2625482552514030224_11113469615"", ""2625654317752003918_11113469615"", ""2626039088638560962_11113469615"", ""2626207383886991826_11113469615"", ""2627071745098842975_11113469615"", ""2627072612321480954_11113469615"", ""2628590937769903393_11113469615"", ""2628592023767386821_11113469615"", ""2629308303063404456_11113469615""]",17,"[""2625654317752003918_11113469615"", ""2626039088638560962_11113469615"", ""2626207383886991826_11113469615"", ""2627071745098842975_11113469615"", ""2627072612321480954_11113469615"", ""2628590937769903393_11113469615"", ""2628592023767386821_11113469615"", ""2629308303063404456_11113469615""]",8,0,0,14d_plus_prev_context
w_000510,xuan_f0116.m0303,train,0,negative_14d,2021-08-14 20:00:32+00:00,2021-08-28 20:00:32+00:00,11,0,0.08804096951345482,"[""2640324521454122193_11113469615"", ""2640324675787564558_11113469615"", ""2641464256216082332_11113469615"", ""2642387177956677163_11113469615"", ""2643184599391716319_11113469615"", ""2644351745012420232_11113469615"", ""2645320962876437481_11113469615"", ""2646514267094021810_11113469615"", ""2648255203496980251_11113469615"", ""2648255316844078126_11113469615"", ""2649473880093485591_11113469615""]",11,"[""2642387177956677163_11113469615"", ""2643184599391716319_11113469615"", ""2644351745012420232_11113469615"", ""2645320962876437481_11113469615"", ""2646514267094021810_11113469615"", ""2648255203496980251_11113469615"", ""2648255316844078126_11113469615"", ""2649473880093485591_11113469615""]",8,0,0,14d_plus_prev_context
w_000511,xuan_f0116.m0303,train,0,negative_14d,2021-08-16 09:44:59+00:00,2021-08-30 09:44:59+00:00,10,0,0.10382069960359101,"[""2641464256216082332_11113469615"", ""2642387177956677163_11113469615"", ""2643184599391716319_11113469615"", ""2644351745012420232_11113469615"", ""2645320962876437481_11113469615"", ""2646514267094021810_11113469615"", ""2648255203496980251_11113469615"", ""2648255316844078126_11113469615"", ""2649473880093485591_11113469615"", ""2650743856413743185_11113469615""]",10,"[""2643184599391716319_11113469615"", ""2644351745012420232_11113469615"", ""2645320962876437481_11113469615"", ""2646514267094021810_11113469615"", ""2648255203496980251_11113469615"", ""2648255316844078126_11113469615"", ""2649473880093485591_11113469615"", ""2650743856413743185_11113469615""]",8,0,0,14d_plus_prev_context
w_000512,yeye_dietitian,train,0,negative_14d,2024-04-10 11:40:48+00:00,2024-04-24 11:40:48+00:00,3,0,5.479860075653865e-18,"[""3343105459913054021_60694492392"", ""3348209783211126749_60694492392"", ""3353213484007069775_60694492392""]",3,"[""3343105459913054021_60694492392"", ""3348209783211126749_60694492392"", ""3353213484007069775_60694492392""]",3,0,5,14d_plus_prev_context
w_000513,yeye_dietitian,train,0,negative_14d,2024-04-17 12:42:11+00:00,2024-05-01 12:42:11+00:00,3,0,4.942733653615007e-18,"[""3348209783211126749_60694492392"", ""3353213484007069775_60694492392"", ""3356878391655223107_60694492392""]",3,"[""3343105459913054021_60694492392"", ""3348209783211126749_60694492392"", ""3353213484007069775_60694492392"", ""3356878391655223107_60694492392""]",4,1,4,14d_plus_prev_context
w_000514,yeye_dietitian,train,0,negative_14d,2024-05-09 11:24:11+00:00,2024-05-23 11:24:11+00:00,3,0,2.9629351392366616e-18,"[""3364115591761266454_60694492392"", ""3368471292805672355_60694492392"", ""3373550567980462761_60694492392""]",3,"[""3343105459913054021_60694492392"", ""3348209783211126749_60694492392"", ""3353213484007069775_60694492392"", ""3356878391655223107_60694492392"", ""3364115591761266454_60694492392"", ""3368471292805672355_60694492392"", ""3373550567980462761_60694492392""]",7,4,1,14d_plus_prev_context
w_000515,yisin._.1201,val,0,negative_14d,2022-06-26 11:58:09+00:00,2022-07-10 11:58:09+00:00,3,0,5.011975330963351e-07,"[""2869110865866260927_6583594579"", ""2871920509143920343_6583594579"", ""2877130015260984549_6583594579""]",3,"[""2731906064976884667_6583594579"", ""2750257812943503023_6583594579"", ""2766140393463419367_6583594579"", ""2771878169096982279_6583594579"", ""2844307346248576867_6583594579"", ""2869110865866260927_6583594579"", ""2871920509143920343_6583594579"", ""2877130015260984549_6583594579""]",8,5,0,14d_plus_prev_context
w_000516,yisin._.1201,val,0,negative_14d,2022-06-30 09:00:25+00:00,2022-07-14 09:00:25+00:00,4,0,4.2109924180272484e-07,"[""2871920509143920343_6583594579"", ""2877130015260984549_6583594579"", ""2879933663752956622_6583594579"", ""2879952443086440312_6583594579""]",4,"[""2766140393463419367_6583594579"", ""2771878169096982279_6583594579"", ""2844307346248576867_6583594579"", ""2869110865866260927_6583594579"", ""2871920509143920343_6583594579"", ""2877130015260984549_6583594579"", ""2879933663752956622_6583594579"", ""2879952443086440312_6583594579""]",8,4,0,14d_plus_prev_context
w_000517,yisin._.1201,val,0,negative_14d,2022-07-07 13:30:46+00:00,2022-07-21 13:30:46+00:00,5,0,4.130091068588193e-08,"[""2877130015260984549_6583594579"", ""2879933663752956622_6583594579"", ""2879952443086440312_6583594579"", ""2886415342436735529_6583594579"", ""2887247797125258246_6583594579""]",5,"[""2844307346248576867_6583594579"", ""2869110865866260927_6583594579"", ""2871920509143920343_6583594579"", ""2877130015260984549_6583594579"", ""2879933663752956622_6583594579"", ""2879952443086440312_6583594579"", ""2886415342436735529_6583594579"", ""2887247797125258246_6583594579""]",8,3,0,14d_plus_prev_context
w_000518,youfat_tw,val,0,negative_14d,2021-01-11 12:38:43+00:00,2021-01-25 12:38:43+00:00,14,0,0.04578946243311701,"[""2484275364874923514_259471371"", ""2484922511429434832_259471371"", ""2485641870267200468_259471371"", ""2486378354356226431_259471371"", ""2487116899878262365_259471371"", ""2488489421312012386_259471371"", ""2490085482119990794_259471371"", ""2490662725498136741_259471371"", ""2490685252131706687_259471371"", ""2491417117444669062_259471371"", ""2492025645179893295_259471371"", ""2492193787998901183_259471371"", ""2493657319479245159_259471371"", ""2494038554206666080_259471371""]",14,"[""2490085482119990794_259471371"", ""2490662725498136741_259471371"", ""2490685252131706687_259471371"", ""2491417117444669062_259471371"", ""2492025645179893295_259471371"", ""2492193787998901183_259471371"", ""2493657319479245159_259471371"", ""2494038554206666080_259471371""]",8,0,0,14d_plus_prev_context
w_000519,youfat_tw,val,0,negative_14d,2021-01-14 10:16:58+00:00,2021-01-28 10:16:58+00:00,14,0,0.04578350373101779,"[""2486378354356226431_259471371"", ""2487116899878262365_259471371"", ""2488489421312012386_259471371"", ""2490085482119990794_259471371"", ""2490662725498136741_259471371"", ""2490685252131706687_259471371"", ""2491417117444669062_259471371"", ""2492025645179893295_259471371"", ""2492193787998901183_259471371"", ""2493657319479245159_259471371"", ""2494038554206666080_259471371"", ""2495036867915686872_259471371"", ""2495854160203611085_259471371"", ""2496506616033840649_259471371""]",14,"[""2491417117444669062_259471371"", ""2492025645179893295_259471371"", ""2492193787998901183_259471371"", ""2493657319479245159_259471371"", ""2494038554206666080_259471371"", ""2495036867915686872_259471371"", ""2495854160203611085_259471371"", ""2496506616033840649_259471371""]",8,0,0,14d_plus_prev_context
w_000520,youfat_tw,val,0,negative_14d,2021-01-19 13:02:22+00:00,2021-02-02 13:02:22+00:00,15,0,0.04279836686747207,"[""2490085482119990794_259471371"", ""2490662725498136741_259471371"", ""2490685252131706687_259471371"", ""2491417117444669062_259471371"", ""2492025645179893295_259471371"", ""2492193787998901183_259471371"", ""2493657319479245159_259471371"", ""2494038554206666080_259471371"", ""2495036867915686872_259471371"", ""2495854160203611085_259471371"", ""2496506616033840649_259471371"", ""2497239420921328584_259471371"", ""2498677205716858389_259471371"", ""2499361225555386547_259471371"", ""2500172376300235369_259471371""]",15,"[""2494038554206666080_259471371"", ""2495036867915686872_259471371"", ""2495854160203611085_259471371"", ""2496506616033840649_259471371"", ""2497239420921328584_259471371"", ""2498677205716858389_259471371"", ""2499361225555386547_259471371"", ""2500172376300235369_259471371""]",8,0,0,14d_plus_prev_context
w_000521,yukyukyukee,train,0,negative_14d,2021-01-23 08:27:56+00:00,2021-02-06 08:27:56+00:00,3,0,2.149842789660841e-14,"[""2492846457367971781_346253140"", ""2499383289748540037_346253140"", ""2502325366144865911_346253140""]",3,"[""2487906753052894278_346253140"", ""2492846457367971781_346253140"", ""2499383289748540037_346253140"", ""2502325366144865911_346253140""]",4,1,4,14d_plus_prev_context
w_000522,yukyukyukee,train,0,negative_14d,2021-02-05 10:20:50+00:00,2021-02-19 10:20:50+00:00,4,0,3.5452415101893784e-15,"[""2502325366144865911_346253140"", ""2507265382356791447_346253140"", ""2508084851161325572_346253140"", ""2508908235214363365_346253140""]",4,"[""2487906753052894278_346253140"", ""2492846457367971781_346253140"", ""2499383289748540037_346253140"", ""2502325366144865911_346253140"", ""2507265382356791447_346253140"", ""2508084851161325572_346253140"", ""2508908235214363365_346253140""]",7,3,1,14d_plus_prev_context
w_000523,yukyukyukee,train,0,negative_14d,2021-02-12 05:55:46+00:00,2021-02-26 05:55:46+00:00,3,0,2.86312500824357e-15,"[""2507265382356791447_346253140"", ""2508084851161325572_346253140"", ""2508908235214363365_346253140""]",3,"[""2487906753052894278_346253140"", ""2492846457367971781_346253140"", ""2499383289748540037_346253140"", ""2502325366144865911_346253140"", ""2507265382356791447_346253140"", ""2508084851161325572_346253140"", ""2508908235214363365_346253140""]",7,4,1,14d_plus_prev_context
w_000524,yuluquotes_,train,0,negative_14d,2022-08-15 13:49:38+00:00,2022-08-29 13:49:38+00:00,6,0,3.362968793224625e-19,"[""2905405760024814690_9749312373"", ""2906853399412876106_9749312373"", ""2909023370242952442_9749312373"", ""2911208561514413364_9749312373"", ""2912624210383995317_9749312373"", ""2914822442250095713_9749312373""]",6,"[""2905405760024814690_9749312373"", ""2906853399412876106_9749312373"", ""2909023370242952442_9749312373"", ""2911208561514413364_9749312373"", ""2912624210383995317_9749312373"", ""2914822442250095713_9749312373""]",6,0,2,14d_plus_prev_context
w_000525,yuluquotes_,train,0,negative_14d,2022-08-17 13:45:50+00:00,2022-08-31 13:45:50+00:00,7,0,3.233385581902945e-19,"[""2906853399412876106_9749312373"", ""2909023370242952442_9749312373"", ""2911208561514413364_9749312373"", ""2912624210383995317_9749312373"", ""2914822442250095713_9749312373"", ""2916272153540521143_9749312373"", ""2916958070429311474_9749312373""]",7,"[""2905405760024814690_9749312373"", ""2906853399412876106_9749312373"", ""2909023370242952442_9749312373"", ""2911208561514413364_9749312373"", ""2912624210383995317_9749312373"", ""2914822442250095713_9749312373"", ""2916272153540521143_9749312373"", ""2916958070429311474_9749312373""]",8,1,0,14d_plus_prev_context
w_000526,yuluquotes_,train,0,negative_14d,2022-08-20 13:37:10+00:00,2022-09-03 13:37:10+00:00,8,0,3.407942158842671e-19,"[""2909023370242952442_9749312373"", ""2911208561514413364_9749312373"", ""2912624210383995317_9749312373"", ""2914822442250095713_9749312373"", ""2916272153540521143_9749312373"", ""2916958070429311474_9749312373"", ""2917723978131057283_9749312373"", ""2918369775797449697_9749312373""]",8,"[""2909023370242952442_9749312373"", ""2911208561514413364_9749312373"", ""2912624210383995317_9749312373"", ""2914822442250095713_9749312373"", ""2916272153540521143_9749312373"", ""2916958070429311474_9749312373"", ""2917723978131057283_9749312373"", ""2918369775797449697_9749312373""]",8,0,0,14d_plus_prev_context
w_000527,yutingchouart,test,0,negative_14d,2021-01-19 15:52:42+00:00,2021-02-02 15:52:42+00:00,3,0,3.4323703925383717e-09,"[""2490171212896841140_2087381110"", ""2493827905631373751_2087381110"", ""2497375678616236011_2087381110""]",3,"[""2477833073725531360_2087381110"", ""2490171212896841140_2087381110"", ""2493827905631373751_2087381110"", ""2497375678616236011_2087381110""]",4,1,4,14d_plus_prev_context
w_000528,yutingchouart,test,0,negative_14d,2021-04-16 10:58:58+00:00,2021-04-30 10:58:58+00:00,3,0,2.7913992708079967e-10,"[""2553078855851877827_2087381110"", ""2558150079674277341_2087381110"", ""2561057813184749020_2087381110""]",3,"[""2490171212896841140_2087381110"", ""2493827905631373751_2087381110"", ""2497375678616236011_2087381110"", ""2517660818902811935_2087381110"", ""2532795364237154385_2087381110"", ""2553078855851877827_2087381110"", ""2558150079674277341_2087381110"", ""2561057813184749020_2087381110""]",8,5,0,14d_plus_prev_context
w_000529,yutingchouart,test,0,negative_14d,2024-02-08 09:38:44+00:00,2024-02-22 09:38:44+00:00,4,0,1.6079310806025543e-10,"[""3298107929575534878_2087381110"", ""3298772087270568257_2087381110"", ""3299583576353852606_2087381110"", ""3301758331835536398_2087381110""]",4,"[""2937136615341854724_2087381110"", ""2938450768261259715_2087381110"", ""2949260309094573543_2087381110"", ""3076906134905140497_2087381110"", ""3298107929575534878_2087381110"", ""3298772087270568257_2087381110"", ""3299583576353852606_2087381110"", ""3301758331835536398_2087381110""]",8,4,0,14d_plus_prev_context
w_000530,yysu7515,train,0,negative_14d,2023-04-17 06:18:34+00:00,2023-05-01 06:18:34+00:00,10,0,0.028275291476772952,"[""3082747498287458758_58757242299"", ""3083723656667814397_58757242299"", ""3083739529499468386_58757242299"", ""3088899738955609014_58757242299"", ""3088914079020892242_58757242299"", ""3088915175168742679_58757242299"", ""3089387160162648384_58757242299"", ""3089391020960834451_58757242299"", ""3089392029422435322_58757242299"", ""3092272786411153618_58757242299""]",10,"[""3083739529499468386_58757242299"", ""3088899738955609014_58757242299"", ""3088914079020892242_58757242299"", ""3088915175168742679_58757242299"", ""3089387160162648384_58757242299"", ""3089391020960834451_58757242299"", ""3089392029422435322_58757242299"", ""3092272786411153618_58757242299""]",8,0,0,14d_plus_prev_context
w_000531,yysu7515,train,0,negative_14d,2023-04-25 17:59:25+00:00,2023-05-09 17:59:25+00:00,8,0,0.03532048205203911,"[""3088899738955609014_58757242299"", ""3088914079020892242_58757242299"", ""3088915175168742679_58757242299"", ""3089387160162648384_58757242299"", ""3089391020960834451_58757242299"", ""3089392029422435322_58757242299"", ""3092272786411153618_58757242299"", ""3094634731634263537_58757242299""]",8,"[""3088899738955609014_58757242299"", ""3088914079020892242_58757242299"", ""3088915175168742679_58757242299"", ""3089387160162648384_58757242299"", ""3089391020960834451_58757242299"", ""3089392029422435322_58757242299"", ""3092272786411153618_58757242299"", ""3094634731634263537_58757242299""]",8,0,0,14d_plus_prev_context
w_000532,yysu7515,train,0,negative_14d,2023-04-25 18:30:05+00:00,2023-05-09 18:30:05+00:00,6,0,0.04709277531191904,"[""3088915175168742679_58757242299"", ""3089387160162648384_58757242299"", ""3089391020960834451_58757242299"", ""3089392029422435322_58757242299"", ""3092272786411153618_58757242299"", ""3094634731634263537_58757242299""]",6,"[""3088899738955609014_58757242299"", ""3088914079020892242_58757242299"", ""3088915175168742679_58757242299"", ""3089387160162648384_58757242299"", ""3089391020960834451_58757242299"", ""3089392029422435322_58757242299"", ""3092272786411153618_58757242299"", ""3094634731634263537_58757242299""]",8,2,0,14d_plus_prev_context
w_000533,yzu_ebba,train,0,negative_14d,2021-09-07 03:55:58+00:00,2021-09-21 03:55:58+00:00,14,0,1.5173675039498527e-09,"[""2657233660094673153_14676812320"", ""2657960867003714023_14676812320"", ""2658685257345570087_14676812320"", ""2658715587263830594_14676812320"", ""2659411692485870942_14676812320"", ""2659440250294107911_14676812320"", ""2660145646839197008_14676812320"", ""2660859660623788325_14676812320"", ""2660920288852023960_14676812320"", ""2661599591281295254_14676812320"", ""2661600473687286196_14676812320"", ""2662310232669294946_14676812320"", ""2663034329082832646_14676812320"", ""2663758694493657300_14676812320""]",14,"[""2660145646839197008_14676812320"", ""2660859660623788325_14676812320"", ""2660920288852023960_14676812320"", ""2661599591281295254_14676812320"", ""2661600473687286196_14676812320"", ""2662310232669294946_14676812320"", ""2663034329082832646_14676812320"", ""2663758694493657300_14676812320""]",8,0,0,14d_plus_prev_context
w_000534,yzu_ebba,train,0,negative_14d,2021-09-12 04:00:11+00:00,2021-09-26 04:00:11+00:00,8,0,1.0378070264103885e-12,"[""2660859660623788325_14676812320"", ""2660920288852023960_14676812320"", ""2661599591281295254_14676812320"", ""2661600473687286196_14676812320"", ""2662310232669294946_14676812320"", ""2663034329082832646_14676812320"", ""2663758694493657300_14676812320"", ""2668168008834705073_14676812320""]",8,"[""2660859660623788325_14676812320"", ""2660920288852023960_14676812320"", ""2661599591281295254_14676812320"", ""2661600473687286196_14676812320"", ""2662310232669294946_14676812320"", ""2663034329082832646_14676812320"", ""2663758694493657300_14676812320"", ""2668168008834705073_14676812320""]",8,0,0,14d_plus_prev_context
w_000535,yzu_ebba,train,0,negative_14d,2021-09-13 04:30:18+00:00,2021-09-27 04:30:18+00:00,6,0,5.297202872084729e-13,"[""2661599591281295254_14676812320"", ""2661600473687286196_14676812320"", ""2662310232669294946_14676812320"", ""2663034329082832646_14676812320"", ""2663758694493657300_14676812320"", ""2668168008834705073_14676812320""]",6,"[""2660859660623788325_14676812320"", ""2660920288852023960_14676812320"", ""2661599591281295254_14676812320"", ""2661600473687286196_14676812320"", ""2662310232669294946_14676812320"", ""2663034329082832646_14676812320"", ""2663758694493657300_14676812320"", ""2668168008834705073_14676812320""]",8,2,0,14d_plus_prev_context
w_000536,zhi.ting_0920,train,0,negative_14d,2021-01-02 01:02:15+00:00,2021-01-16 01:02:15+00:00,4,0,0.0035006591492816497,"[""2477401848264336813_2332713324"", ""2477487816422038721_2332713324"", ""2477489448778028030_2332713324"", ""2477621106437193160_2332713324""]",4,"[""2477401848264336813_2332713324"", ""2477487816422038721_2332713324"", ""2477489448778028030_2332713324"", ""2477621106437193160_2332713324""]",4,0,4,14d_plus_prev_context
w_000537,zhi.ting_0920,train,0,negative_14d,2021-01-02 03:53:04+00:00,2021-01-16 03:53:04+00:00,3,0,0.004667435095901345,"[""2477487816422038721_2332713324"", ""2477489448778028030_2332713324"", ""2477621106437193160_2332713324""]",3,"[""2477401848264336813_2332713324"", ""2477487816422038721_2332713324"", ""2477489448778028030_2332713324"", ""2477621106437193160_2332713324""]",4,1,4,14d_plus_prev_context
w_000538,zhi.ting_0920,train,0,negative_14d,2021-02-04 14:17:23+00:00,2021-02-18 14:17:23+00:00,8,0,0.002535185884626265,"[""2501719643370130286_2332713324"", ""2501720187404941274_2332713324"", ""2502820312885985709_2332713324"", ""2502921937583382348_2332713324"", ""2502945712282787507_2332713324"", ""2502949777175633554_2332713324"", ""2502966172072334224_2332713324"", ""2506769749769451725_2332713324""]",8,"[""2501719643370130286_2332713324"", ""2501720187404941274_2332713324"", ""2502820312885985709_2332713324"", ""2502921937583382348_2332713324"", ""2502945712282787507_2332713324"", ""2502949777175633554_2332713324"", ""2502966172072334224_2332713324"", ""2506769749769451725_2332713324""]",8,0,0,14d_plus_prev_context
w_000539,zongyi0929,test,0,negative_14d,2023-10-10 14:19:37+00:00,2023-10-24 14:19:37+00:00,3,0,0.0006413975889182184,"[""3210547621100160262_3043556977"", ""3212032363603615421_3043556977"", ""3218236814723099679_3043556977""]",3,"[""2804004158475342030_3043556977"", ""2852154229905452516_3043556977"", ""3026429077925267406_3043556977"", ""3143046357404061147_3043556977"", ""3203839074234907176_3043556977"", ""3210547621100160262_3043556977"", ""3212032363603615421_3043556977"", ""3218236814723099679_3043556977""]",8,5,0,14d_plus_prev_context
w_000540,zongyi0929,test,0,negative_14d,2023-11-01 14:45:07+00:00,2023-11-15 14:45:07+00:00,3,0,9.498223616649648e-08,"[""3226506146590497937_3043556977"", ""3230115729162751805_3043556977"", ""3233769773311759664_3043556977""]",3,"[""3143046357404061147_3043556977"", ""3203839074234907176_3043556977"", ""3210547621100160262_3043556977"", ""3212032363603615421_3043556977"", ""3218236814723099679_3043556977"", ""3226506146590497937_3043556977"", ""3230115729162751805_3043556977"", ""3233769773311759664_3043556977""]",8,5,0,14d_plus_prev_context
w_000541,zongyi0929,test,0,negative_14d,2023-11-06 14:14:38+00:00,2023-11-20 14:14:38+00:00,3,0,9.124349192868308e-11,"[""3230115729162751805_3043556977"", ""3233769773311759664_3043556977"", ""3239310569196802393_3043556977""]",3,"[""3203839074234907176_3043556977"", ""3210547621100160262_3043556977"", ""3212032363603615421_3043556977"", ""3218236814723099679_3043556977"", ""3226506146590497937_3043556977"", ""3230115729162751805_3043556977"", ""3233769773311759664_3043556977"", ""3239310569196802393_3043556977""]",8,5,0,14d_plus_prev_context
