case_type,fold,author,label,multimodal_logit,multimodal_probability,multimodal_threshold,multimodal_prediction,text_logit,text_probability,text_threshold,text_prediction,delta_p,multimodal_error_type,text_correct,text_error_type,multimodal_correct,valid_post_count,mean_similarity,sd_similarity,median_similarity,q1_similarity,q3_similarity,min_similarity,max_similarity,high_post_count,low_post_count,user_alignment_group,abs_delta_p,lowest_similarity_caption,lowest_similarity_image_path,lowest_post_similarity,highest_similarity_caption,highest_similarity_image_path,highest_post_similarity,manual_text_image_consistency,manual_image_extra_signal,manual_image_effect,manual_inconsistency_taxonomy_A_to_H,manual_identifiable_info,manual_notes
high_alignment_correct,3,the_trip_addict,0,-3.4207510948181152,0.0316531982662219,0.5230274241234272,0,-3.4674649238586426,0.0302522646801775,0.4703367025185562,0,0.0014009335860444,TN,True,TN,True,64.0,0.3255557673983276,0.0514575094063969,0.3127492666244507,0.2912546023726463,0.3533447459340095,0.240804523229599,0.4979473054409027,51.0,0.0,High,,"【李到晛退役後首個行程 世界巡迴粉絲見面會】💥🎤 李到晛 在《黑暗榮耀》與《壞媽媽》中憑藉細膩演技迅速累積人氣,《破墓》更獲電影新人獎,真係人氣與實力兼備呀。早前正式退役後即宣佈造福粉絲!首個行程就係搞世界巡迴粉絲見面會,7月26日香港站!粉絲暴動:「要帶定血包紙巾見Oppa,驚頂唔順佢嘅軍人body!」 2025 LEE DO HYUN FANMEETING [Re ▶️ DO HYUN] IN HONG KONG 🗓️ :2025 年 7 月 26 日 ( 星期六 ) 📍 : AXA安盛創夢館 (西沙GO PARK)",/mnt/d/時間序列/ContextVecNet_Instagram_filtered_new/negative/the_trip_addict/images/3632832249797651559_5992965715.jpg,0.240804523229599,"【Billie Eilish巡迴演唱會 8月東京連開兩場演唱會】🎤🔥 國際天后Billie Eilish 終於殺到亞洲!官方今日正式公布2025年8月16同17號巡演加開東京兩場,暫時係今次巡迴唯一亞洲站,之後唔知會唔會再加其他場次呢!聽聞歌單會有新碟《Hit Me Hard and Soft》嘅歌,仲有《bad guy》《Happier Than Ever》等hit爆金曲,買到飛請假都要去東京朝聖啦~ 官方預告今次舞台會有巨型水幕同激光特效,唔知會唔會重現Coachella濕身名場面?仲未計美國場有神秘嘉賓助陣,唔知東京站會唔會搵埋YOASOBI或者宇多田光合唱?票務詳情等緊官宣,記得mark實啦!",/mnt/d/時間序列/ContextVecNet_Instagram_filtered_new/negative/the_trip_addict/images/3636603577482895872_5992965715.jpg,0.4979473054409027,一致,無,無明顯影響,,否,"caption 與圖片皆為中性內容，未見明顯心理健康相關線索
 圖片含文字截圖"
high_alignment_correct,0,healing.matters_,1,-0.1226193010807037,0.469383526268318,0.3377087362054896,1,-0.3030663430690765,0.4248080617934557,0.3292227008133845,1,0.0445754644748622,TP,True,TP,True,64.0,0.3174713628832251,0.0403112343248681,0.3200572729110718,0.2869157195091247,0.3426494598388672,0.2052537649869918,0.3920313715934753,47.0,2.0,High,,. Just believe You are unique You are good enough just the way you are.,/mnt/d/時間序列/ContextVecNet_Instagram_filtered_new/positive/healing.matters_/images/3495019127186404903_69548154290.jpg,0.2052537649869918,Healing from childhood wounds is an important topic in mental health. Please ❤️ if you would like to learn more. 療癒童年的傷痛是心理健康中一個重要的話題 如果你想了解更多請按 ❤️,/mnt/d/時間序列/ContextVecNet_Instagram_filtered_new/positive/healing.matters_/images/3526592608013186926_69548154290.jpg,0.3920313715934753,一致,無,無明顯影響,D,否,
high_alignment_correct,3,emo.girl.1314,0,-1.753216028213501,0.1476420218490911,0.5230274241234272,0,-0.9331142902374268,0.2822933198897862,0.4703367025185562,0,-0.1346512980406951,TN,True,TN,True,64.0,0.3012825527694076,0.0277744563353044,0.3078920394182205,0.2920819595456123,0.3164080381393432,0.2092812061309814,0.3671845197677612,50.0,4.0,High,,"歡迎加入「療 • 鬱」心理健康互助社群 個人資料有群組連結 「療 • 鬱」我們致力打造一個安全且具同理心的空間 。在這裡,我們強調保密且無評判的交流氛圍 ,讓每位成員都能在無壓力的環境中分享心情、表達情緒,並感受到被接納與支持 。不論你正在面對焦慮、壓力或其他情緒困擾,我們都在這裡陪伴你,一起走過低潮,迎向光明的未來。 特色功能與活動 • 情緒抒發管道與日記機制📝: 設有專門的情緒抒發頻道與每日情緒日記功能,鼓勵成員將內心感受以文字方式表達。研究指出,透過書寫日記可以增強情緒清晰度,並有效管理壓力和焦慮 ,有助於提升自我覺察與心理健康。 • 每週抽獎活動🎁: 每週日舉辦抽獎,凡當週參與撰寫情緒日記的成員都自動獲得抽獎資格,隨機抽出幸運獎品以資鼓勵,讓記錄心情的過程也能充滿期待。 • 定期互動活動🏅: 我們不定期舉辦各式互動活動,包括團體分享、心理小測驗、心情交流會等,每場活動都備有小獎勵,藉此活絡社群氣氛,並肯定大家的參與和努力。 • 知識分享與紓壓技巧📚: 社群氛圍活躍友善,成員間熱烈交流、互相扶持🤝。我們定期分享身心健康相關知識,以及各種舒緩壓力和情緒管理的方法,幫助大家提升認知、學習更多正向自我調適的技巧。 溫暖邀約 無論你是在掙扎中尋找出口,或只是想跟朋友分享心情,「療 • 鬱」都歡迎你踏進這個安全、溫暖的避風港。這裡有同樣曾歷經挑戰的夥伴,有專業人士的引導,以及彼此支持的力量。立即點擊伺服器連結加入我們,共同攜手,走向更健康、更光明的明天➡️ • 鬱」與你相遇,一起成為彼此最堅強的後盾! 加入我們,讓溫暖與支持伴你同行。 🕊️ ---追蹤emo girl 與你分享更多抗鬱日記",/mnt/d/時間序列/ContextVecNet_Instagram_filtered_new/negative/emo.girl.1314/images/3733004447689866892_60020187985.jpg,0.2092812061309814,🕊️ ---追蹤emo girl 與你分享更多抗鬱日記,/mnt/d/時間序列/ContextVecNet_Instagram_filtered_new/negative/emo.girl.1314/images/3584691907232483377_60020187985.jpg,0.3671845197677612,部分一致,有,幫助,B;D,否,
high_alignment_correct,4,hellotuday_,0,-2.66736102104187,0.0649270011059415,0.3484527497514231,0,-3.714730978012085,0.0237826025222103,0.3165906383918283,0,0.0411443985837312,TN,True,TN,True,64.0,0.297618379117921,0.0219613774198739,0.3014525771141052,0.2846071943640709,0.311529628932476,0.2355790734291076,0.3483793139457702,43.0,1.0,High,,"[Trip]-🇹🇼臺灣_新竹🚄 台北永和豆漿🫔 差點被我遺漏的 ,雖然 是連鎖店,但每家的味道真的不太一樣🤔 _ 🔖選擇 大陸餅加蛋 NTD.35 就是加蔥的山東大餅+蔥蛋的概念 大餅吃起來有嚼勁,越咀嚼越香 蔥蛋的存在就只是配角陪襯而已🤣 _ 🚩新竹市北區中山路291-293號 営05:00–10:30 _ -Hashtags-",/mnt/d/時間序列/ContextVecNet_Instagram_filtered_new/negative/hellotuday_/images/3625143648050254893_4561691127.jpg,0.2355790734291076,"[Trip]-🇹🇼臺灣_嘉義🚗 榮興茶行🥤 承辦瘋狂推薦的 ,通常 如果是排隊肯定是不錯喝的指標🤝🏼 _ 🔖選擇 花生冰淇淋烏龍(微糖/微冰) NTD.55 冰淇淋就是傳統花生冰的味道 也可以說是花生春捲的花生冰味 烏龍則是香氣不錯,稍微微澀感但不太明顯 混合冰一起飲用,尾韻會感受到淡淡花生香 必須說這杯喝起來特別,不是好喝也不是難喝 就是下次來到此我還是會再來買一杯的概念🤣 💬跟我一樣 應該是選這杯沒錯 _ 🚩嘉義市西區民族路601號 営️平日10:00-21:00 営假日10:00-18:00 _ -Hashtags-",/mnt/d/時間序列/ContextVecNet_Instagram_filtered_new/negative/hellotuday_/images/3604856234342017998_4561691127.jpg,0.3483793139457702,,,,,,
high_alignment_correct,2,blue.sea.life,1,2.8128669261932373,0.9433671811124472,0.1330126093082226,1,2.546001434326172,0.927304427745308,0.2395427346368431,1,0.0160627533671392,TP,True,TP,True,64.0,0.2974537443369627,0.0134069518340729,0.296316921710968,0.2906103134155273,0.3038908317685127,0.2698839902877807,0.3668214678764343,48.0,0.0,High,,"最近筆者迎來了中學生涯最後一個上課天。 回望過去,悲喜參半。悲的是疼惜中二那年的自己,十三歲便早早經歷抑鬱的折磨;喜的是身邊一直有人伴我前行,即使不理解亦無限支持著我。 非常不捨得這承載着青春的地方,每一個角落都有屬於我們的共同回憶,不管好壞亦成就了今天的大家。 我以為我早已熟悉離別這個課題,但原來我還是會哭泣、感慨、害怕。我怕大家以後會各散東西,我怕今後我們會成為曾經友好的陌路人,我怕我們的故事就此畫上句號。 我們不過是一程旅人,從我們降生開始,離別就未曾停止過。我們都是彼此人生中的過客,我們會路過各式各樣的客棧,但沒有人會永遠停留,我們始終還是要走上屬於自己的征途。 不論是生離或死別,都同樣殘酷、無情。既然命運讓我們在幾十億人中相識,又為甚麼不肯讓一切持續下去呢?究竟為甚麼人與人之間沒有永遠呢?我不清楚,我只知道我受夠了與人道別,我只知道未來還有更多離愁別緒要去釋懷。 如果改變不了所有人終會分道揚鑣的事實,那麼我們只有去好好感受當下的歡聲笑語、珍惜曾經為我們而停頓的時光,盡量別留下遺憾,即使分離已是遺憾的一種。 惜別。 #畢業#人生定律#blueseafeelings",/mnt/d/時間序列/ContextVecNet_Instagram_filtered_new/positive/blue.sea.life/images/3548960831994187820_51929676123.jpg,0.2698839902877807,"2023 年,對我而言是不太友好的一年。 2月某日,我第一次吞下30粒精神科藥物,住院日數達62天,歷時2個多月。 8月某日,我第三次住院。這次住得比較短,只住了十天左右。 11月某日,父親又一次傷害了我,我對他也徹底死心了。 2022年的時候,我以為自己無法見證2023的跨年,但我踉蹌地跑過了2023的冬天。 2024,我只希望你比2023溫柔,因為我看到很多努力生活、生存的人漸漸失去了當初的盼望。我求求你不要辜負他們的奮力掙扎吧,僅是生存在這個世上就已經奪走了他們太多的勇氣和熱誠。 新的一年不一定會更美好,但至少我們知道,在網絡的某個角落裡,我們彼此緊靠著彼此,一切的苦痛都有人理解,我們不是孤軍作戰。 多麼快啊,2024已悄悄的來臨了。 願一切順利,願時間的洪流對溫柔的人手下留情,願大家安好。 再見,2023 。 #新一年#blueseafeelings",/mnt/d/時間序列/ContextVecNet_Instagram_filtered_new/positive/blue.sea.life/images/3269937400436631840_51929676123.jpg,0.3668214678764343,,,,,,
high_alignment_correct,1,dailypaintingshare,1,2.48628306388855,0.9231745997271532,0.3226178336968301,1,2.2990317344665527,0.9087968158987556,0.4870751093923089,1,0.0143777838283976,TP,True,TP,True,30.0,0.2970347046852112,0.0209603892138592,0.294727474451065,0.2858923897147178,0.3020749315619468,0.2497324645519256,0.3779520094394684,20.0,0.0,High,,"《Capilano》 走進公園時, 你會忽然懷疑是否誤闖了某個古老結界。 枝葉把早上九點鐘篩得細到落在木棧道與苔蘚上時已非陽光,倒像時間磨下來的碎屑。每一步都踩在濕潤的木紋裡,腳底有深谷,有水聲,有樹根多年來緩慢而固執的呼吸。 橋身輕輕晃著,是森林的告誡:切勿背負太多塵世重擔。那些緊繃、疲憊,和難以言說的憂慮,到了這裡都得放輕;否則,將驚動那些在年輪深處睡了太久的神明。 我尤其喜歡這裡的綠,那是帶著野性、苔痕、雨水與泥土氣味的綠。它們不急著取悅任何人,只是長著,濕著,老著,把風藏進枝葉,把雨掩進樹皮,偶爾在一道清晨落下時,才讓整片森林潤醒。 人站在其中,會忽然變得渺小,小到那些曾經在心頭緊緊握住的結也只能安靜排隊,等森林願意慢慢聽。 可是仙境裡也有現實,例如烏鴉。 牠們帶著幾分不禮貌的沈默站在欄杆上,冷冷打量遊客手裡的紙袋、麵包屑,和不該被帶進森林的鹽分。 而我手裡正有一份薯條,鹹到彷彿所有觀光區的喧囂都被濃縮在幾根金黃。然而它仍被我小心護著,像守護一件偷渡進神域的俗物;以此證明我終究不是朝聖者,只是一個飢腸轆轆的貪婪旅人。 烏鴉看著我,我也看著牠。￼ 那一瞬間,森林的神性似乎裂開了一道很細的縫,露出一隻過分聰明的黑鳥和一份近乎荒謬的薯條。 也正是如此, Capilano才沒有成為一張完美擺拍的風景照。 它有霧、有雨、有山谷、有古樹, 也有被啄出聲響的人間瑣碎。 - 那天離開時,我覺得自己像從結界裡被輕輕放回來, 只是身上多了一點潮濕的木香,一點苔蘚的寒意,一點森林未說出口的寬恕。 還有一點很鹹很鹹的人間。￼",/mnt/d/時間序列/ContextVecNet_Instagram_filtered_new/positive/dailypaintingshare/images/3888445679954247311_51778384923.jpg,0.2497324645519256,"祈禱之手:從藝術到醫學 Albrecht Dürer的《Praying Hands》是西方世界中最被廣為復刻的一幅祈禱畫。 這幅畫表面上是《Heller-Altar》(僅存副本)這幅畫當中, 針對聖母升天時使徒的手的研究草稿, 但背後有個很感人的故事。 杜勒家中人口眾多有18個孩子, 因此即使杜勒爸爸是有名的金匠、 即使杜勒家不只一人有藝術天份, 也很難讓每個小孩子都去學藝術。 於是,杜勒的哥哥主動提出要留下來工作, 賺取費用讓杜勒好好去學畫。 杜勒也很爭氣,二十多歲就已經名揚歐洲,而當他回到德國以後,杜勒告訴哥哥,自己已經有名也有錢了,現在換他來供給哥哥學費吧! 哥哥卻表示, 自己常年的工作已經讓雙手飽經風霜,長滿了繭。 光是舉杯慶祝杜勒回來就很困難了,更何況是握畫筆或雕刻刀,看到杜勒實現了自己的夢想,還是非常欣慰。 不知道過了多久,杜勒發現哥哥在祈禱。 哥哥說「主啊,我的手已經無法讓我成為藝術家了,那就請您將我的才華賜給杜勒吧!」 杜勒為之動容,便想道,儘管哥哥的手已經無法再作畫,自己還是要把他的手及犧牲奉獻的精神永遠留下來,讓大家看畫時,會聯想到任何一雙刻滿苦力痕跡的手,都是高貴聖潔且美麗的。 因此就有了這幅《Praying Hands》。 愛看畫的小白衣, 從今天開始,想在這裡留下一些藝術 × 醫學的小故事。 從畫裡讀人,也從醫學裡讀懂生命。 希望這些小小的分享, 能讓知識多一點溫度,讓觀看多一點理解👩🏻 ⚕️",/mnt/d/時間序列/ContextVecNet_Instagram_filtered_new/positive/dailypaintingshare/images/3862477406729358957_51778384923.jpg,0.3779520094394684,,,,,,
high_alignment_correct,3,superbearloveeat,0,-1.928533673286438,0.1269129691519596,0.5230274241234272,0,-2.755821704864502,0.0597587029598671,0.4703367025185562,0,0.0671542661920925,TN,True,TN,True,64.0,0.296648780349642,0.016753997511498,0.2993507236242294,0.2858328372240066,0.3077344074845314,0.2549882531166076,0.3302386999130249,46.0,0.0,High,,"每次說台中海線的風很狂的時候,就會有人跳出來說新竹的風更瘋~所以我要開放給大家投票!!",/mnt/d/時間序列/ContextVecNet_Instagram_filtered_new/negative/superbearloveeat/images/3748170198076796664_3246931925.jpg,0.2549882531166076,"【健康管理小幫手】 大家也有下載健保快易通 APP 嗎? ᐕ)ノ 我自己覺得「健康存摺」真的很方便耶! 除了可以查就醫和用藥紀錄,還能看到檢查報告、追蹤慢性病數值,甚至進行疾病風險評估~ 還會貼心提醒你什麼時候該檢查、回診,手機打開就能一目了然自己的健康數據,真的超實用! 現在健保署還推出了 「大家醫計劃」✨ 透過家庭醫師照護制度,讓病人不用東奔西跑不同診所或醫院,而是在同一間熟悉的醫療院所裡,就能整合醫療資訊,持續追蹤病情、安排檢查,得到完整照護! 我覺得這樣的制度,讓民眾能更妥善管理自己的健康狀況~ 謝謝我們的健保與醫療體系, 默默提供我們完善又貼心的照顧",/mnt/d/時間序列/ContextVecNet_Instagram_filtered_new/negative/superbearloveeat/images/3719911949850517671_3246931925.jpg,0.3302386999130249,,,,,,
high_alignment_correct,0,hanburger_itjan,1,-0.3820199370384216,0.4056398053403803,0.3377087362054896,1,-0.6224102973937988,0.3492334655896064,0.3292227008133845,1,0.0564063397507739,TP,True,TP,True,23.0,0.2962175439233365,0.0171841180179588,0.2943633496761322,0.2842232286930084,0.3075418025255203,0.2611126005649566,0.3361903727054596,16.0,0.0,High,,23歲快樂,/mnt/d/時間序列/ContextVecNet_Instagram_filtered_new/positive/hanburger_itjan/images/3016934892083700226_32916940931.jpg,0.2611126005649566,愛情的小船說翻就翻 - 🎨,/mnt/d/時間序列/ContextVecNet_Instagram_filtered_new/positive/hanburger_itjan/images/2815522114048899523_32916940931.jpg,0.3361903727054596,,,,,,
high_alignment_correct,0,daidaimeme.pdf,0,-2.9795563220977783,0.0483580424829369,0.3377087362054896,0,-2.502768278121948,0.0756643411547079,0.3292227008133845,0,-0.0273062986717709,TN,True,TN,True,64.0,0.2958194359671324,0.0198466250999102,0.2997136265039444,0.288827933371067,0.3086171895265579,0.2316737920045852,0.330100417137146,48.0,2.0,High,,當我上廁所沒滑手機就知道事情的嚴重性了 ——,/mnt/d/時間序列/ContextVecNet_Instagram_filtered_new/negative/daidaimeme.pdf/images/3545141595148460647_45713114847.jpg,0.2316737920045852,這下午會呈現彌留狀態 ——,/mnt/d/時間序列/ContextVecNet_Instagram_filtered_new/negative/daidaimeme.pdf/images/3615432954870331568_45713114847.jpg,0.330100417137146,,,,,,
high_alignment_correct,4,foodie_nana_,0,-2.9600486755371094,0.0492637262270509,0.3484527497514231,0,-3.857874631881714,0.0206762895254493,0.3165906383918283,0,0.0285874367016016,TN,True,TN,True,64.0,0.295573542593047,0.0281839188539783,0.2955581992864609,0.2811800613999367,0.3115302473306656,0.2140687555074691,0.3509213030338287,38.0,4.0,High,,- 🏠居高風味 📍 「屏東超人氣的原住民風味景觀餐廳」 沒訂位真的一位難求啊~ 而且還有招牌的 一定要預定才吃得到! 還有很多特色的熱炒料理 我很愛的是 脆脆的口感 搭配超肥厚的蝦肉真的很好吃 不得不說這邊的夜景🌃真的很漂亮 但是有很多「大自然的生物🪲」會來陪你吃飯 會介意的人還是要三思喔🤣🤣 不過還蠻適合帶家人來聚餐或是慶祝的! · -ɴᴀɴᴀғᴏᴏᴅ- 🏠地址:屏東縣三地門鄉中正路二段168號 🌻營業時間: 11:30~14:30 17:00~20:00 🚷每週三公休 ☎️電話:08-7994288 💁🏻 ♀️推薦指數:➎/9 ——————,/mnt/d/時間序列/ContextVecNet_Instagram_filtered_new/negative/foodie_nana_/images/3428551005484940420_1911646380.jpg,0.2140687555074691,➖「終於吃到嘉義火雞肉飯的天花板! 」 📍 · 到嘉義吃雞肉飯雖然已經是稀鬆平常的事 但吃到人生第一名的火雞肉飯 真的會感動到哭欸 什麼谷歌評論 、IG 、YT 上看到的網紅雞肉飯都吃過一輪 雖然不難吃但也沒有驚艷到我 但這家是吃過會想衝回嘉義再吃一次😂 不僅價格便宜得得得 而且雞肉飯該有的 鹹度、香氣、油蔥、飯的口感 都表現的很完美😍 最喜歡他們的 嫩到一個不行! 而且小菜都很清爽乾淨🥬👍🏻 店面小小的 真的是在地人帶路才知道 有要來嘉義玩的朋友先存起來就對了~ · 💰價格一覽表: 🍚火雞肉飯 $25(小)|$35(大) 🍚火雞肉片飯 $45(小)|$50(大) 🥓火雞肉片 $50 🍲筍絲排骨湯 $25 🥬綜合青菜 $70 🧆涼拌豬肝 $20 · -ɴᴀɴᴀғᴏᴏᴅ- 🏠地址:嘉義市東區大雅路二段591號 🌻營業時間: 8:00~14:00 16:00~19:30 🚷每週一公休 ☎️電話:05-2762679 💁🏻 ♀️推薦指數:➒/9 ——————,/mnt/d/時間序列/ContextVecNet_Instagram_filtered_new/negative/foodie_nana_/images/3540988391544847495_1911646380.jpg,0.3509213030338287,,,,,,
high_alignment_correct,0,avjet_film,0,-2.561146974563598,0.0716811816416471,0.3377087362054896,0,-1.707264065742493,0.1535189158368635,0.3292227008133845,0,-0.0818377341952164,TN,True,TN,True,63.0,0.2953103899009644,0.0409420479650844,0.2956534326076507,0.272503599524498,0.31676185131073,0.2132756412029266,0.4407515525817871,34.0,5.0,High,,"新片首映🕰️——《時間暫停的季節》 ∷ 2020年4月,世界暫停。即便迷惘,希望與愛依然存在。 ∷ 🔥2024柏林影展競賽片(第74屆) 🔥2024西班牙瓦拉多利德影展競賽片 ∷ 「充滿詩意,引人入勝!」── RogerEbert.com 「溫暖、幽默,又感動人心!」── Sight & Sound 「如同印象派繪畫般,令人難忘!」── Deep Focus Review 「以睿智而暖心的視角,探討愛的本質。」── Slant Magazine ∷ 2020年疫情封城的春天,電影導演保羅與音樂記者艾蒂安這對兄弟,帶著各自的新伴侶,被迫回到他們的童年老宅同住,這座房子承載著他們成長時期的氣味與記憶,不斷喚起缺席的親人與被遺忘的時光,在這段被迫共享的日常裡,伴隨著爭執與不安,迫使他們面對彼此的距離與羈絆,四人的關係也在脆弱邊緣來回擺盪。 -",/mnt/d/時間序列/ContextVecNet_Instagram_filtered_new/negative/avjet_film/images/3848933260730594751_66700962879.jpg,0.2132756412029266,"🎉恭喜《DEAF》榮獲 3 項 Goya Awards 大獎! 🎉 ⠷ 在第 40 屆 Spanish Goya Awards 中,《DEAF》表現亮眼,一舉拿下三項重要獎項: 🏆 Best New Director — Eva Libertad 🏆 Best New Actress — Miriam Garlo 🏆 Best Supporting Actor — Álvaro Cervantes 除了獲得三項大獎肯定,《DEAF》同時入圍 最佳影片、最佳劇本、最佳女配角與最佳音效 等四項重要獎項,展現了作品在創作與演出上的全面實力。 ⠷ 這部動人之作,以細膩的視角描繪聽障者的生命經驗,透過真摯而深刻的表演,觸動人心,也讓更多人看見不同的世界。 ⠷",/mnt/d/時間序列/ContextVecNet_Instagram_filtered_new/negative/avjet_film/images/3845898279679146291_66700962879.jpg,0.4407515525817871,,,,,,
high_alignment_correct,4,orli.zz,0,-2.592092752456665,0.0696490543797954,0.3484527497514231,0,-3.981516122817993,0.0183156106662818,0.3165906383918283,0,0.0513334437135136,TN,True,TN,True,63.0,0.2952211976997436,0.0358518212079771,0.3018230199813843,0.2662020176649093,0.3248138278722763,0.2174763977527618,0.3560397922992706,36.0,4.0,High,,腮紅眼鏡 真是素顏的好裝備👏🏻👏🏻,/mnt/d/時間序列/ContextVecNet_Instagram_filtered_new/negative/orli.zz/images/3271175600977242570_182599694.jpg,0.2174763977527618,新年優惠價 $4999 / 原價 $6999 🌟1月份預約 現折$500🌟 霧眉+角蛋白 $5999 含三個月內免費補色一次 可現金/轉帳/LINE PAY刷卡 非新手 增加新店作品集,/mnt/d/時間序列/ContextVecNet_Instagram_filtered_new/negative/orli.zz/images/3271202129480422766_182599694.jpg,0.3560397922992706,,,,,,
high_alignment_correct,3,nichingsiew,0,-2.6908063888549805,0.0635180346220907,0.5230274241234272,0,-1.8454104661941528,0.1364126619346843,0.4703367025185562,0,-0.0728946273125936,TN,True,TN,True,63.0,0.2949851817554897,0.0564770725129408,0.2893583476543426,0.269922137260437,0.3392606228590011,0.158973142504692,0.4181315898895263,34.0,10.0,High,,"谢谢 Qiqi 的分享 🙏🏻 “最近都没睡好,应该不会有变化吧...” 但结果,照片说明了一切 👀✨ 从 Gee Chia Yin 的 40天对比照,可以看到: ✨ 毛孔更细致 ✨ 皮肤更平滑、更干净 ✨ 泛红、痘痘改善 ✨ 整体气色提升 她还补充说, 其实喝了几天就开始感觉到 皮肤变得更紧实了。 看到好朋友的皮肤一点一点变好, 真的会替她开心 ❤️",/mnt/d/時間序列/ContextVecNet_Instagram_filtered_new/negative/nichingsiew/images/3860542122088207356_5701049578.jpg,0.158973142504692,"✨ LAST DAY PROMO – Collagen Plus ✨ Today is the final day to grab Collagen Plus Launch Promotion 🔥 Don’t miss this chance to support your skin glow, beauty from within, and daily collagen needs 💖 Pm us",/mnt/d/時間序列/ContextVecNet_Instagram_filtered_new/negative/nichingsiew/images/3864150211547724865_5701049578.jpg,0.4181315898895263,,,,,,
high_alignment_correct,4,junchen_writing_,1,2.173217296600342,0.8978185007624208,0.3484527497514231,1,2.377603054046631,0.9151034027263,0.3165906383918283,1,-0.0172849019638792,TP,True,TP,True,54.0,0.2938189247140177,0.0127371903247691,0.293661281466484,0.2887928858399391,0.3004979714751243,0.2579286396503448,0.3213047385215759,41.0,0.0,High,,"親愛的,偷偷告訴你, 悲傷不是什麼需要藏起來的事, 所以哭吧,沒有關係的。 2025.7.26 #憂鬱#憂鬱女孩#憂鬱日記#憂鬱人生#憂鬱學分#憂鬱語錄#重鬱症#精神病#憂鬱症患者 #喪語錄#喪#憂鬱文案#文案#喪文案#抑鬱症 #抑鬱語錄#文章#散文#精神病#心理學#躁鬱症",/mnt/d/時間序列/ContextVecNet_Instagram_filtered_new/positive/junchen_writing_/images/3685325549023975900_37927801958.jpg,0.2579286396503448,"對不起,我以為餘生夠漫長 漫長到此時此刻都不足輕重 2025.5.13 #我愛你#情侶#分手 #散文#餘生#浪漫#短文#自由#文字#藝術#人生#愛#精神病#情緒#心理學#憂鬱症",/mnt/d/時間序列/ContextVecNet_Instagram_filtered_new/positive/junchen_writing_/images/3631530478378406885_37927801958.jpg,0.3213047385215759,,,,,,
high_alignment_correct,4,lightriver_hikari,1,2.3301920890808105,0.9113468575712256,0.3484527497514231,1,2.4911680221557617,0.9235203414818516,0.3165906383918283,1,-0.012173483910626,TP,True,TP,True,48.0,0.2937843079368273,0.0156266465209685,0.2930462658405304,0.2877075970172882,0.3001013100147247,0.250589370727539,0.3517392873764038,35.0,0.0,High,,"《真人真事改編系列》第四篇 上 一夜之間,這個城市的人類不約而同地,都割了自己的聲帶...... 不知何時,網絡世界上便發起了「割聲帶」的挑戰:這個城市過於喧囂,我們都該閉嘴不言讓城市恢復安靜。這是種莫名其妙的潮流,更像是一種默契:人們不知怎的不願再開口說話。啊,也對,這城裡無論男女老少,甚至是剛出生的嬰兒,無一不是服了役當太監的,還能怎樣開口講話呢? 我們在街上逛一趟吧。先撇開四處詭異的沉寂氣氛不講,倒是看到四處都有一堆眼皮對著另一堆眼皮狂敲摩斯密碼,那眼皮底下的眼珠也沒閒著,隨著眨動四處飄移,就像在提防著來自某個世界的偷窺者般。遍處的眼珠都眨乾了,人們卻連開開臉皮上那把金尊玉口、弄弄嘴形也懶得做了。天真的孩子可沒管那麼多,張嘴就打算問母親為什麼和偶遇的叔叔互拋媚眼,卻迎面吃了一巴掌:小孩子講甚麼拋不拋媚眼的!我跟叔叔在聊正經事,你敢試試回家亂跟爸爸嚼舌根,看我不揍死你!小孩摸摸發燙的臉頰,便也默默縮回母親滿袋菜蔬後,腦袋仍在思考:為什麼媽媽眨幾下眼,菜販阿姨就心領神會地遞出一把西芹和蔥條;可是明明我最不喜歡吃西芹,為什麼媽媽無論如何都不理解呢? 剛有個較為識相的小孩在街邊找了張廢紙寫了一句問題,正打算遞給眼前的打工人,卻被一把推開:不懂打眼色就不要溝通!沒看到我正在趕時間?晦氣的死小孩給我滾開!小孩雙目噙滿淚水,不解地抱著那張紙席地而坐:我跟爸爸在大街上走丟了,可我們都沒法打電話報警,現在連找個人幫幫我也不能嗎? 然而如今人們只以眼神溝通,誰也沒有心思抽開眼神瞧瞧地下那抱成一團的瘦弱孩子:眨眨,那邊的朋友怎麼沒看見我?!算了,到時跟她講絕交就好。眨眨,手機那邊的人怎麼還沒回覆?沒看見我正急著要一個回覆嗎?眨眨,我們如今不能打電話,只好轟炸他的訊息了...... 「喂喂喂???」 「你死鬼咗??」 「點解唔回覆啊🙄️💢」 「你到底知唔Q知我哋趕著要你嗰份嘢啊,屌你😡」 「......」 『你老母,咪講撚咗今日要去醫院睇我老母囉......你係咁炸DM JM9🤷 ♂️』 走丟的孩子就地被人群踹來踹去,我想這孩子就算被帶到醫院,或許依然會是個做腳底皮球的命運吧。 ----------------------------------------- 此時有對情侶走近小孩,少女甫痞地便向男孩眨眼:你還好嗎?需要幫助嗎?男孩雖有點不解,也還是拿起紙筆寫了起來。可才寫到一半,男人便伸手拉開了少女:你為何要無緣無故幫別人?有那個需要嗎?反正他家人也會來找他,不要做這麼多餘的事情好嗎?男人的眼簾幽幽地對女友開開合合,還不忘給她反幾個白眼:我最看不慣你這種多管閒事的性格了。 女方氣得長舒一口氣,跺了跺腳邊開始瞪著男方眨眼:多管閒事?那總比起你日日在電話關照各種遊戲與野花來得清閒呢~言罷便一把搶過男方手上的手機重摔落地,螢幕中映出死亡倒計時的灰階色峽谷就此掩埋於碎裂的液晶屏幕之中。男方神色異常緊張匆匆撿起電話,迎面卻看到女方不屑的斜睨:撇開你日日手不離機在峽谷鬼混,那些不知哪路來的人天天傳訊問你「在幹甚麼?」「在忙嗎?」,我都看到好幾回了,只是因為被愛情衝昏頭腦才沒揭穿你,你反倒當眾落我顏面,你啊就別怪我不客氣了,渣——男——。 下篇待續......",/mnt/d/時間序列/ContextVecNet_Instagram_filtered_new/positive/lightriver_hikari/images/3195250797072596440_25022637290.jpg,0.250589370727539,"DSE命題亂寫系列Vol. 2 《藏在泥土中的寶藏》 鄉下的夜裡,總有種說不出口的平靜。田野裡幾隻小蛙撲騰著,陣陣漣漪牽引每根青黃的搖曳。左一揮,輕風帶動鄉間的泥土氣息飄遊;右一搖,蛙鳴夥同清空滿月的暈華,去守護這片靜謐...... 直到一雙螢光小鞋,飛越了棲身枝葉間的蟋蟀,又踏落小蛙伏身的泥濘旁,沿路濺起朵朵啡色泥花瓣。田地間印下的腳步越多,「嘰嘰呱呱」的聲音亦隨之四散。走了好大一段路後,一心終於是捨得歇歇,若有所思地回頭遙望著:遠處某間磚瓦稍殘的灰屋尚點著些許亮燭,燭光卻搖晃得厲害。她再瞥向腳下漸行漸遠的蛙跳蟲鳴,低下頭來:大概是在為了他們打掩護吧。 小屋內。「爸臨走前不是已經留了一套房給你嗎?怎麼又要來吵了?」縱使燭光再鮮活溫暖,也無法點亮的,是兩姊弟扭曲充血的面容,還有三尺寒冰下疏離的心。『我老婆剛懷上,要一套小破房幹什麼?』「你那套房的市值比咱爸留給我的存款還值錢誒!」『那又怎樣!就是不夠用啊!』「我當初求媽那麼久,房子還不是都給你了,你到底還有甚麼不滿足的呢!?」不願讓步的兩人,始終喋喋不休。 究竟是受夠了。男子一掌拍在案上,拍落了幾片木屑:『從小到大,我們爸有什麼不是緊著你、讓著你的!即便我是他兒子,他也從未正眼看過我,心心念念的都是你這個女兒;連這套房都是我們媽開口,才給了我的!』兩雙通紅腫脹的眼眶尚未相望,黑暗已搶先矇住了滾燙的成見。 另一邊的一心終於邁過了那一大片嫩稻,到了村子邊緣地帶的祠堂。那裏供奉著氏族無數先人,每月由村內的族人輪流拜祭、清掃——這個月正好輪到女孩一家,於是她晌午才來過。可她現下的目的,並不在於那高不可及的牌位,而是祠堂後方長滿雛菊的空地。 大人們的告誡率先在耳邊響起:那塊荒地雜草叢生,又有許多蟲子跳來跳去,一不小心可會得病的!然而另一側耳畔響起的,是村落裡大孩子們唱誦的童謠:「只要將寶物放進泥土中,就能實現心中的願望......」果然比起充滿反對的聲音,與靈魂同頻共振的旋律更深得人心。一心左抱叔叔送的黑貓玩偶,右捧媽媽刻意留給她做晚餐的雞腿,對準祠堂的紅磚牆默念心願:「如果爺爺您回來的話,媽媽會和叔叔和好嗎?」 笨拙地扒鬆腳下土壤的小鞋黏滿了野草和泥漬,它們一黏一貼,爬滿了一心的褲管,又飛撲向外套的衣襬。待她挖好小坑時,早已融為雜草堆的風景一幕。她卻依舊不慌不忙,先為坑中的雞腿鋪滿塵土,再輕輕在上面放好玩偶,口中還念念有詞:「爺爺您好,這裡是我最愛的雞腿和玩偶,你收下它們之後,要保佑媽媽和叔叔和好啊!」語畢,她雙手作揖,學著媽媽的模樣朝祠堂深深鞠躬——這樣的話,儀式就算完成了。 一心正為了了一樁心事而快活起來,蹦蹦跳跳地準備歸家,迎面便撞上了一個熟悉的懷抱——「是媽媽!」定睛一看,後面甚至有叔叔站著。她顧不得媽媽滿臉呼之欲出的擔憂和疑問,一把拖著媽媽的手直奔叔叔那處,牽起了兩個人的手:「太好了!爺爺真的有在聽我許願!媽媽和叔叔真的和好了!」只餘下姊弟二人盯著腳下一片凌亂的雛菊面面相覷: 明明她今早衹第一次拜見爺爺的神主牌,為何她會找到爺爺骨灰盒所在之處? 而且還是五年前,爺爺於奶奶彌留之際,相許身後同眠之處。 //......// 某處小宅,罕有地收到了信使的快遞。是一隻黑貓,還有一碟雞腿。接過快遞的老頭子高興地走回屋內,啃了一大口雞腿,再把剩下的肉餵給了貓: 「老伴啊,我都收到了喔。」 傳說中,只要在農曆十五當晚子時,把自己心愛之物與所愛之人同葬,陰差鬼吏便會將信物交予故人。那是死者被在世之人記掛的證明,同時也是靈魂轉生的許可。 「想不到你做了咱們女兒的孩子後,還是那麼惦記我愛吃的雞腿啊。你現在在上邊,過得還好嗎?咱們兒女沒了咱們後,過的還好嗎?」老頭子筆尖一酸,續道:「還記得咱們當初約定過,要輪流守護一雙兒女嗎?上輩子你守男,我守女;這輩子,咱們都去陪陪另一個孩子吧。」 黑貓慵懶地翻了個身,老頭子和貓一同散發著金光。在形體徹底告別地府之前,老頭啃下了最後一口雞腿: 「我很快就回來見你們了。」 後來的初春,雛菊開滿了小屋後院。 by凌光行 11/04/2025 筆",/mnt/d/時間序列/ContextVecNet_Instagram_filtered_new/positive/lightriver_hikari/images/3608452598481137838_25022637290.jpg,0.3517392873764038,,,,,,
high_alignment_correct,0,shadoweffect_writing,1,2.331587553024292,0.9114595376551502,0.3377087362054896,1,1.7094310522079468,0.8467624745307052,0.3292227008133845,1,0.064697063124445,TP,True,TP,True,64.0,0.2914190876763314,0.0230385387635422,0.2943875789642334,0.2796356230974197,0.3039252012968063,0.2178748697042465,0.3546053767204284,41.0,3.0,High,,"雨影-線上課程 第一堂課,林達陽老師如印象中的隱隱透著溫暖柔軟,即使是冰冷的螢幕那樣隔絕的距離,也不掩語言及文字從老師口中盪出的詩意。 承接每個狀態的學員及細膩處理每個疑問,像是經歷一堂舒緩瑜珈課,帶來開闊和療癒感。書寫可以是直覺的意象的,鼓勵著學員們訴說內心情緒與記憶,也被放鬆了一直緊繃的寫作狀態。 觸及率、期待、職涯像無止盡掉落的石塊,站在坍方的山側驚險地躲避著那些不堪承附的重擔,長久以來已疲乏。 課程後像是清風拂面的鬆弛,卸下了這些包袱,期待著最真實最童真的書寫曾帶出的美好,會慢慢到來,舒緩執筆的手,走向純粹的自我。很幸運能報名到這樣的課程,並細細體驗著。",/mnt/d/時間序列/ContextVecNet_Instagram_filtered_new/positive/shadoweffect_writing/images/3571523305213628524_7421275394.jpg,0.2178748697042465,雨影-手寫歌詞 很想分享給大家的歌 會分好幾段發✨ 希望能帶來一點點力量 #歌詞,/mnt/d/時間序列/ContextVecNet_Instagram_filtered_new/positive/shadoweffect_writing/images/3456673275307573389_7421275394.jpg,0.3546053767204284,,,,,,
high_alignment_correct,3,thow_jouster,0,-1.4224426746368408,0.1942789348572407,0.5230274241234272,0,-0.8763811588287354,0.2939282525860153,0.4703367025185562,0,-0.0996493177287745,TN,True,TN,True,64.0,0.2898408696055412,0.0169095999130885,0.2914828956127167,0.2800939604640007,0.3007199093699455,0.2243537902832031,0.325656533241272,38.0,1.0,High,,"號外!新書快報! ◊ ⋯ ⋄ ⋯ ⊰⋄⊱ ⋯ ⋄ ⋯◂◈▸⋯ ⋄ ⋯ ⊰⋄⊱ ⋯ ⋄ ⋯ ◊ 台灣出版社編輯數量有限,專業的更少, 所以雖有一定出版路線,但專業性不高 大陸分工、專業性強,但不安現狀,會去投入不熟悉的領域, 專業性保持有待加強 大多數出版社一年支付兩次版稅 圖書俱樂部 ◊ ⋯ ⋄ ⋯ ⊰⋄⊱ ⋯ ⋄ ⋯◂◈▸⋯ ⋄ ⋯ ⊰⋄⊱ ⋯ ⋄ ⋯ ◊ 〘如果你對本書有別的想法 歡迎留言告訴我〙 〘如果有錯字或不懂的地方 也歡迎留言告知〙 〘有希望我介紹或畫重點的書 也可以留言喔〙 〘喜歡我的介紹的話 歡迎留言 分享 按讚喔〙 ◊ ⋯ ⋄ ⋯ ⊰⋄⊱ ⋯ ⋄ ⋯◂◈▸⋯ ⋄ ⋯ ⊰⋄⊱ ⋯ ⋄ ⋯ ◊ ◊ ⋯ ⋄ ⋯ ⊰⋄⊱ ⋯ ⋄ ⋯◂◈▸⋯ ⋄ ⋯ ⊰⋄⊱ ⋯ ⋄ ⋯ ◊9",/mnt/d/時間序列/ContextVecNet_Instagram_filtered_new/negative/thow_jouster/images/3819375128833411290_5923391919.jpg,0.2243537902832031,"號外!新書快報! :看作家,經紀人,書評家,出版社及通路如何聯手撼動讀者 .希爾,迪.鮑爾 ◊ ⋯ ⋄ ⋯ ⊰⋄⊱ ⋯ ⋄ ⋯◂◈▸⋯ ⋄ ⋯ ⊰⋄⊱ ⋯ ⋄ ⋯ ◊ 出版界節省成本,縮減編輯群人數, 但當紅作家在一本書的概念出來時,就會獲得編輯照顧 美國出版界契約內容的規定,要變更作品內容, 需要取得作家同意 經紀人在作家與編輯之中協調 拒絕的非文學作品👇 👉作者知名度不高 👉與出版者當時的需求不符 👉市場不大 👉概念或寫作能力差 ◊ ⋯ ⋄ ⋯ ⊰⋄⊱ ⋯ ⋄ ⋯◂◈▸⋯ ⋄ ⋯ ⊰⋄⊱ ⋯ ⋄ ⋯ ◊ 〘如果你對本書有別的想法 歡迎留言告訴我〙 〘如果有錯字或不懂的地方 也歡迎留言告知〙 〘有希望我介紹或畫重點的書 也可以留言喔〙 〘喜歡我的介紹的話 歡迎留言 分享 按讚喔〙 ◊ ⋯ ⋄ ⋯ ⊰⋄⊱ ⋯ ⋄ ⋯◂◈▸⋯ ⋄ ⋯ ⊰⋄⊱ ⋯ ⋄ ⋯ ◊ ◊ ⋯ ⋄ ⋯ ⊰⋄⊱ ⋯ ⋄ ⋯◂◈▸⋯ ⋄ ⋯ ⊰⋄⊱ ⋯ ⋄ ⋯ ◊9",/mnt/d/時間序列/ContextVecNet_Instagram_filtered_new/negative/thow_jouster/images/3824341519978191662_5923391919.jpg,0.325656533241272,,,,,,
high_alignment_correct,3,write.a.sentence,1,1.6218456029891968,0.835049503767221,0.5230274241234272,1,1.4011749029159546,0.8023702617166113,0.4703367025185562,1,0.0326792420506096,TP,True,TP,True,64.0,0.289381341310218,0.0253598658862912,0.2917088866233825,0.2740592584013939,0.3037037849426269,0.2110474705696106,0.3577198386192322,35.0,1.0,High,,"獻給每位在婚姻抉擇、母職困境與個人成長當中徘徊的女性。 《 》為真人真事,故事主人公蘇敏,是一名普通的女性,她的一生被家庭、婚姻與社會期待束縛:她是女兒、是妻子、是母親,卻從未真正成為「自己」。 忍耐、壓抑、沉默,成為她的日常。 而當婚姻成為無法逃脫的牢籠,她決定用「出走」來尋找真正的自由。",/mnt/d/時間序列/ContextVecNet_Instagram_filtered_new/positive/write.a.sentence/images/3626417222186698864_39539387309.jpg,0.2110474705696106,"💫微文學的2024年度總回顧💫 回首這一年,做了一些書,看了不少動人的文字,也被好幾篇圖文所療癒。 你也想看看這些書嗎? 抽書活動來了🔥 只要完成以下簡單2步驟,就有機會抽中你想要的那本書📖(共抽出3名喔) 活動期限:即日起~2025/2/3 開工即抽出 1️⃣ 分享此貼文 2️⃣在此貼文下留言你想要的書,並標記一名好友 EX. 我選擇活下去 「我們無法阻止一個人從我們的生活中淡去, 漸行漸遠更是成年人的必修課題, 你我及時告別,好好說再見,就沒有遺憾可言。」 -《你一定要勇敢,直到抵達自己》 祝福大家新的一年都開開心心💗",/mnt/d/時間序列/ContextVecNet_Instagram_filtered_new/positive/write.a.sentence/images/3521487239789799706_39539387309.jpg,0.3577198386192322,,,,,,
high_alignment_correct,1,yeye_dietitian,0,-2.12737250328064,0.1064646869944084,0.3226178336968301,0,-3.103546380996704,0.0429612069990029,0.4870751093923089,0,0.0635034799954055,TN,True,TN,True,64.0,0.2890198086388409,0.0273856531847225,0.2861585170030594,0.2689746171236038,0.3080084845423698,0.2365664541721344,0.3593361377716064,29.0,2.0,High,,"文末優惠❗️ 【涼拌酵酢嫩雞時蔬】 熱量及營養素: P:15.5g/F:8g/C:8.9g/173kcal - 食材: 1.蛋 1顆 2.雞胸肉 30g 3.小黃瓜 半碗 4.玉米筍 半碗 5.金針菇 半包 調味料: 1.蜂蜜柚子酵酢 2c.c 2.水 5c.c - 【健樂酵酢】 大家減脂期還是無法放棄手搖飲嗎❓ 可以試試看 健樂酵酢🍹 低卡順口又解膩😋 是取代手搖飲的健康好選擇 還可以維持消化道機能👍 - 【健樂酵酢】 ✔️穀物醋+蔬果發酵液+果釀醋 ✔️富含蔬果發酵後胺基酸、有機酸 ✔️去油解膩、促進代謝 ✔️無人工色素、防腐劑、糖精 ✔️每瓶可沖泡33杯(1杯270c.c),每杯熱量<90kcal ✔️以酵酢:水=1:8稀釋食用 - 👩 ⚕️推薦食用者 👍排便不順 👍蔬果攝取不足 👍代謝緩慢 👍飲食生活作息不佳 - 共8️⃣種口味✨ 芒果、紅葡萄、蘋果、青梅 蜂蜜柚子、蔓越莓、荔枝、白桃 - 可以直接喝也能入菜料理😋 加水、氣泡水、鮮奶、茶都適合 還能涼拌、做抹醬、做果凍🍮 - 現在1L團購價只要💰990(原價💰1650) 平均1杯只要💰30 任一罐就免運❗️ 過年送禮首選🎁 - 【健樂酵酢】葉葉獨家限時6折團購🔥 ⏰團購時間:1/6(一)~1/19(日) 📌團購資訊 1️⃣團購優惠 ✔️下單即享6折優惠 ✔️滿$900即免運 ✔️凡購買1L酵酢即贈10c.c專用給料器 2️⃣付款方式 信用卡/Line Pay/超商代碼/虛擬ATM 3️⃣運送方式 宅配/7-11/全家 4️⃣寄送時間 下單後2-3個工作天 🎁現在下單還送Silmeasy搖搖杯 數量有限 送完為止❗️ 🔗團購連結 可點擊IG主頁連結或下方留言+1索取❗️ 限時2週⚠️ 趕緊手刀下單吧☝️ - ❤️歡迎按讚、收藏、分享給你的朋友 💬下方留言交流討論 🔔追蹤",/mnt/d/時間序列/ContextVecNet_Instagram_filtered_new/negative/yeye_dietitian/images/3540213512327067539_60694492392.jpg,0.2365664541721344,【7-11 6種低卡飲料(上)】 1.伯朗蛋白拿鐵 2.聖德科斯綠暢活 3.聖德科斯紫亮采 4.拉蓓超能纖汁 5.歐典生機黑木耳 6.統一生機銀耳露 - ❤️歡迎按讚、收藏、分享給你的朋友 💬下方留言交流討論 🔔追蹤,/mnt/d/時間序列/ContextVecNet_Instagram_filtered_new/negative/yeye_dietitian/images/3497445091708794073_60694492392.jpg,0.3593361377716064,,,,,,
high_alignment_correct,4,sad._.h24,1,0.4260545372962951,0.6049311358766061,0.3484527497514231,1,0.0121565908193588,0.503039110277605,0.3165906383918283,1,0.1018920255990011,TP,True,TP,True,56.0,0.2888208430792604,0.0177282442573605,0.290150448679924,0.2814394235610962,0.3000740185379982,0.2245699763298034,0.3286033868789673,34.0,2.0,High,,🙃 -,/mnt/d/時間序列/ContextVecNet_Instagram_filtered_new/positive/sad._.h24/images/2914845955293377562_53738504085.jpg,0.2245699763298034,是用異類的眼光看我嗎? 還是覺得我們很不容易 很心疼呢? - #語錄,/mnt/d/時間序列/ContextVecNet_Instagram_filtered_new/positive/sad._.h24/images/3238694670150770111_53738504085.jpg,0.3286033868789673,,,,,,
high_alignment_error,3,mindfullyhk,1,-1.2524173259735107,0.2222819686407794,0.5230274241234272,0,-0.2350901365280151,0.4414966618175855,0.4703367025185562,0,-0.2192146931768061,FN,False,FN,False,62.0,0.3172698090634038,0.0630484448448241,0.3060149550437927,0.2783607989549637,0.3633784875273704,0.1919085383415222,0.4488911926746368,40.0,7.0,High,,"進退也共鳴 信報專欄 : 心之旅程 06-05-2025 作者: 蔡瀚棕 • 澳洲註冊臨床心理學家 • 資深基模治療師 「事與冀盼有落差 請不必驚怕」陳奕迅 眼前的M眼神空洞地說:「我就是不行。」他才 20 歲,卻像提早放棄了年輕人應有的可能。他不上學、不工作,也幾乎沒有朋友,躲在房間裡看 YouTube、打遊戲,偶爾幫爸媽做些家務。他試過參加短期課程或做義工,但從沒超過兩個星期,最後總是以一句「我不想去了」告終。 我天生就不如人 M 的困境來自「失敗者」基模──那是一種根深蒂固的信念:我不夠聰明、不夠能幹,反正一定會失敗,何必嘗試?這不是「我不好」的自卑感,而是「我能力上不如人」的定案。因此,他們傾向逃避挑戰,以避免再次確認「我不行」。 缺乏適切的引導 M 的基模並非源於責罵或羞辱。他從小有專注力不足/過度活躍症,卻未被診斷。靠天份走過小學,升上中學後就吃力了。M與一位學業優秀的朋友良性競爭。只是這位朋友在學術上表現確實突出,而 M 又沒有得到針對專注力問題的幫助,結果兩人的差距愈來愈大。 M吃力追趕只換來挫敗,演變成焦慮,然後氣餒,最後便是放棄,承認自己不如人,我就是做不好。 期待落空和愧疚 中三那年,M 因病休學數週,竟讓他有一絲解脫:終於不用再面對又落後的壓力。這一逃,便是六年:不上學、不見朋友、不出門。父母從未責備,不斷嘗試幫助他──安排心理諮詢、鼓勵參與短期課程或義工、嘗試為他創造社交和興趣機會。 然而長年的逃避讓父母漸感氣餒與無奈,說出口的話卻依然溫和:「沒關係,我們再想想其他方法吧。」那不是冷漠,而是一種壓抑情緒的溫柔。但越是這樣,M 越覺得對不起他們。 「我覺得我拖垮了整個家。我讓他們對人生也沒信心了。」M 自責地形容自己像個錨,拖著整個家庭沉下去。 M的逃避不是單純的懶惰或拖延,也不只是缺乏引導,而是一種扛不住內疚與自責的自我放逐。 他需要重新理解這些情緒:內疚不代表他沒用,反而證明他其實一直想連結、想嘗試,只是不知如何避免歷史重現。 避免過早「鼓勵」 治療「失敗者」基模,不能急。這不是鼓勵幾句、訂個讀書計畫就能解決的問題。因為對M來說,連踏出第一步都充滿威脅。一旦再失敗,就又一次驗證「果然我不行」。 我先陪伴他去看見那些「什麼都不想做」的背後,是一顆怕讓人失望的心,保護爸媽免受難過失望之苦,也讓M不用承受那種沉重。 有一次我對 M 說:「也許你爸媽的臉上看起來是失望,但他們心裡還是愛你的。他們只是太久沒有看見希望了,也累了。但他們從未放棄你。」 他愣了一下,眼眶突然泛紅。原來,被愛這件事,對他來說早已變成一種壓力──彷彿自己必須變好、要有進展,才值得被愛。 當每一個人都想「做對點什麼」來扭轉困境,那個無法馬上改變的孩子,反而會陷入更深的自責與退縮。 治療的其中一步是傳遞一個訊息:「我們不是因為你變好了才愛你,而是因為愛你,所以我們願意在還不知道怎麼辦的時候,一起等、一起學習、一起相信還有可能。」 「失敗者」基模不總是來自苛刻的家庭,有時也來自善意但承受不了失落的環境。 當被深刻地理解和接納,M才逐漸放下「馬上做成一件大事」的執著,容許自己從小目標開始,容許試錯,也接受「願意嘗試」已經夠好。矛盾地,允許自己有練習和調整的空間,M才能慢慢學習,感覺到「原來我可以」。雖然有時還是會退縮,但M不再視那為「失敗」,而是學習的一部分。 延伸視頻: 失敗者基模",/mnt/d/時間序列/ContextVecNet_Instagram_filtered_new/positive/mindfullyhk/images/3626486307623245217_44478064139.jpg,0.1919085383415222,"📢 Final Call! 📢 Are you ready to elevate your Schema Therapy expertise & skills with Chris Hayes and Beatrice Ng Kessler? Our last ISST-accredited Schema Therapy LEVEL II program in Hong Kong is approaching! This is a perfect opportunity for professionals eager to go beyond the basics and deepen their practice. Don’t miss your final chance to join a dynamic learning environment — exchange ideas, share experiences, and advance your Schema Therapy journey! 🚨 Register now: Link in Bio🚨 We look forward to seeing you there! Date: 16-18 Oct 2025 (3 full days) Time: 0900-1700 Venue: Causeway Bay, Hong Kong",/mnt/d/時間序列/ContextVecNet_Instagram_filtered_new/positive/mindfullyhk/images/3734333799611315522_75247019053.jpg,0.4488911926746368,,,,,,
high_alignment_error,0,taichung.news88,0,-0.3970297574996948,0.4020261812865674,0.3377087362054896,1,-0.6147959232330322,0.3509659607545622,0.3292227008133845,1,0.0510602205320052,FP,False,FP,False,64.0,0.2972842934541404,0.0195322321695341,0.2962325066328048,0.2868480831384659,0.3092148378491401,0.2506819367408752,0.3445150554180145,46.0,0.0,High,,你的人格最像誰? 你還沒有測過最新版的MBTI嗎!? 快到 主頁點擊連結玩玩看吧~ 愛情、社交、工作秘笈一次解鎖 雙北時事 每日時事 台中時事 高雄時事,/mnt/d/時間序列/ContextVecNet_Instagram_filtered_new/negative/taichung.news88/images/3638002037087249125_47906670912.jpg,0.2506819367408752,"台中一輛公車上,日前爆發一起乘客無理取鬧事件。一名女子已刷下車卡,卻堅持多搭一站,司機依規要求補票僅1元,女子竟堅決不付,雙方僵持2到3分鐘,嚴重影響其他乘客權益。司機為依法執行勤務,多次好言相勸仍無效,最後只得考慮報警處理,女子卻依然咄咄逼人。現場有乘客挺身替司機發聲,但因女子無理糾纏,眾人無奈下車另搭其他車輛。 台灣愛巴士交通聯盟台中區業務部經理徐維聯表示:「刷卡了司機當然會認定說,你要在這站下車,這個部份我們還是會檢討說,如果跟乘客起了一些爭執的話,其實也會影響到其他乘客的權益啦。」 雙北時事 每日時事 台中時事 高雄時事",/mnt/d/時間序列/ContextVecNet_Instagram_filtered_new/negative/taichung.news88/images/3624207859685136630_47906670912.jpg,0.3445150554180145,,,,,,
high_alignment_error,2,mr_bigbigsmart,0,-1.7740789651870728,0.1450358028556884,0.1330126093082226,1,-2.45673942565918,0.0789471028065186,0.2395427346368431,0,0.0660887000491698,FP,True,TN,False,64.0,0.2941761147230863,0.0133101723748636,0.2947166562080383,0.2873631715774536,0.3042307570576668,0.2602794766426086,0.3160721063613891,44.0,0.0,High,,舒服蕾好舒服!,/mnt/d/時間序列/ContextVecNet_Instagram_filtered_new/negative/mr_bigbigsmart/images/3659086413762949693_67787091043.jpg,0.2602794766426086,"初五吃太胖開工去,哭啊!",/mnt/d/時間序列/ContextVecNet_Instagram_filtered_new/negative/mr_bigbigsmart/images/3558861390276889812_67787091043.jpg,0.3160721063613891,,,,,,
high_alignment_error,2,hi_lo_memes,0,-1.6291495561599731,0.1639468968125946,0.1330126093082226,1,-1.8443489074707031,0.1365377663360931,0.2395427346368431,0,0.0274091304765015,FP,True,TN,False,64.0,0.2930309791117906,0.0208564223168257,0.2933985590934753,0.2810126096010208,0.3063261806964874,0.2214971482753753,0.3427327275276184,43.0,2.0,High,,"今天@你的男娘朋友,叫他褲子脫了過兒童節 ❤️",/mnt/d/時間序列/ContextVecNet_Instagram_filtered_new/negative/hi_lo_memes/images/3603009763870815873_27954595068.jpg,0.2214971482753753,uwu 追蹤我以獲得每日新鮮迷模,/mnt/d/時間序列/ContextVecNet_Instagram_filtered_new/negative/hi_lo_memes/images/3589557331748767981_40905520333.jpg,0.3427327275276184,,,,,,
high_alignment_error,3,depression_meem,1,-2.433840036392212,0.0806283564147476,0.5230274241234272,0,-2.15112829208374,0.1042258355491941,0.4703367025185562,0,-0.0235974791344465,FN,False,FN,False,53.0,0.2910937301392825,0.0287788615283602,0.297252207994461,0.2763679027557373,0.3115505278110504,0.2153489142656326,0.3420595526695251,33.0,3.0,High,,#meme,/mnt/d/時間序列/ContextVecNet_Instagram_filtered_new/positive/depression_meem/images/3105718715317486762_52085543777.jpg,0.2153489142656326,喔耶我就爛👍,/mnt/d/時間序列/ContextVecNet_Instagram_filtered_new/positive/depression_meem/images/2786523159942063908_52085543777.jpg,0.3420595526695251,,,,,,
high_alignment_error,2,a900243b,0,-1.8447728157043457,0.1364877972878248,0.1330126093082226,1,-1.9172439575195312,0.1281692161861015,0.2395427346368431,0,0.0083185811017233,FP,True,TN,False,64.0,0.2905235465150326,0.0265519421385185,0.2890849113464355,0.2701455727219581,0.3087892308831215,0.2301932871341705,0.3526593744754791,32.0,2.0,High,,2026健身趨勢 銀髮族、皮克敏、走路換錢,/mnt/d/時間序列/ContextVecNet_Instagram_filtered_new/negative/a900243b/images/3901815453159786609_1564405701.jpg,0.2301932871341705,減肥罰50萬 冠軍送iPhone Feat. 自律大帝 Podcast 搜尋 重整評估,/mnt/d/時間序列/ContextVecNet_Instagram_filtered_new/negative/a900243b/images/3885827770408664583_1564405701.jpg,0.3526593744754791,,,,,,
high_alignment_error,1,truelove_goodtv.official,0,1.1318144798278809,0.7561735994550223,0.3226178336968301,1,0.8605196475982666,0.7027692121857843,0.4870751093923089,1,0.053404387269238,FP,False,FP,False,64.0,0.2900143493898213,0.0180573288332102,0.2904762327671051,0.2807402014732361,0.2983954846858978,0.2473232895135879,0.348526120185852,36.0,0.0,High,,"楊中生13歲加入幫派, 在街頭混跡,擔任組織軍師角色。 雖然荒廢學業,但默默自學電腦技術。 脫離幫派後憑藉這些知識創業,在業界闖出一片天。 一場颱風天的經歷讓他信主, 之後投入教會服事。 放下事業成為全職牧師, 帶領教會電腦化... 雖然醫生診斷他和太太都不孕, 但神卻賜給他們兩個女兒... 他帶著孩子參與海外宣教, 讓她們看見世界的需要。 如今擔任海外宣教牧師, 在福音相對貧瘠的地區服事。 他相信每個人都有價值, 願意成為幫助他人的明哲人, 讓生命因信仰而改變。 👇👇詳細完整的故事請搜尋👇👇 🔍Youtube、GOODTV+搜尋真情部落格《改變一生的決定》|ft.楊中生 🔎",/mnt/d/時間序列/ContextVecNet_Instagram_filtered_new/negative/truelove_goodtv.official/images/3726552573227812876_64250668314.jpg,0.2473232895135879,"一位年過95歲的美籍醫生, 當年懷著赴非洲宣教的夢想, 卻因一封來自福爾摩沙的信, 改變了人生方向。 譚維義醫師不但在台灣偏鄉行醫救人、傳揚福音, 幫助小兒麻痺患者重獲新生, 更創立了台東基督教醫院。 他巧妙改造農場擠奶器成為醫材設備、 為貧困病患募款、教導當地護理人員, 用愛與智慧克服各種挑戰, 無私奉獻33年歲月給臺灣。 這不僅是一段醫者仁心的見證, 更是一個用生命回應上帝呼召的感人故事。 👇👇詳細完整的故事請搜尋👇👇 🔍Youtube、GOODTV+搜尋真情部落格《後山天使》|ft. 譚維義🔎",/mnt/d/時間序列/ContextVecNet_Instagram_filtered_new/negative/truelove_goodtv.official/images/3640303977221683035_64250668314.jpg,0.348526120185852,,,,,,
high_alignment_error,4,fpcchannel.tomi,0,0.2561688423156738,0.5636942762641101,0.3484527497514231,1,0.6513050198554993,0.6573044856279048,0.3165906383918283,1,-0.0936102093637947,FP,False,FP,False,64.0,0.2870490667410195,0.0195052955234565,0.2893770337104797,0.2749819830060005,0.2987268418073654,0.2127636075019836,0.3300130069255829,35.0,1.0,High,,"我知道夏天到了 有些人想弄家庭菜園 定期宣導一下 朋友之前在陽台種蔬菜,我忘記種什麼了,反正他的夢想很大,當初買了很多東西。 今天問他之後,他說早就不種了,東西都丟掉了。聽了一個下午的抱怨之後,深深覺得當初應該給他看這篇的。 還有不要以為韭菜很好種就值得種,日本的菜市場韭菜一大把才台幣22元。",/mnt/d/時間序列/ContextVecNet_Instagram_filtered_new/negative/fpcchannel.tomi/images/3388804214511128021_1317716907.jpg,0.2127636075019836,去年的二子玉川花火🎆,/mnt/d/時間序列/ContextVecNet_Instagram_filtered_new/negative/fpcchannel.tomi/images/3366368945622672248_1317716907.jpg,0.3300130069255829,,,,,,
high_alignment_error,2,pei.words,0,-1.7996621131896973,0.1418922006165956,0.1330126093082226,1,-1.0310931205749512,0.2628722348330042,0.2395427346368431,1,-0.1209800342164086,FP,False,FP,False,40.0,0.2854914925992489,0.0222037506984516,0.2890115827322006,0.2725064754486084,0.3023504167795181,0.2040786743164062,0.3223954737186432,21.0,1.0,High,,🐲🧏🏻 ♀️ · 想看更多請追蹤 🌙 🌙,/mnt/d/時間序列/ContextVecNet_Instagram_filtered_new/negative/pei.words/images/3632657421652545691_6000051900.jpg,0.2040786743164062,為什麼. 想看更多請追蹤 🌙 🌙 語錄控 扎心 扎心語錄 勵志 勵志語錄 愛情 愛情語錄 傷心語錄 喪 喪語錄 共鳴 共鳴語錄 感傷語錄 暗戀 暗戀語錄 分手 分手語錄 失戀 失戀語錄 憂鬱 憂鬱語錄 抖音 抖音短视频 抖音有毒,/mnt/d/時間序列/ContextVecNet_Instagram_filtered_new/negative/pei.words/images/3829007820516463535_6000051900.jpg,0.3223954737186432,,,,,,
high_alignment_error,2,sundaymingpao,0,0.2686174213886261,0.5667534524980681,0.1330126093082226,1,0.1962066888809204,0.5488949135506064,0.2395427346368431,1,0.0178585389474617,FP,False,FP,False,64.0,0.2849824517033994,0.0335129482549648,0.2832822799682617,0.258708581328392,0.3019576966762543,0.2199241667985916,0.3906251788139343,25.0,5.0,High,,"【Kasper Forest 用10年記錄社會小眾 探尋內在身分衝突】 全文link見Bio 香港攝影師Kasper Forest,由2016年開展長達10年的「Conflict Hong Kong」攝影計劃,在2025東京國際攝影獎中,奪底片攝影專業組金獎第二名。「Conflict Hong Kong」以黑白菲林記錄社會小眾,包括露宿者、性小眾、少數族裔人物。Kasper稱,計劃當中的「Conflict」是指香港都市人的內在身分衝突,他以記錄這些被主流社會忽視的人,希望觀眾正視香港內在的真正身分。 ...... 2016年開展「Conflict Hong Kong」拍攝計劃前,Kasper就已經有強烈希望拍攝系列照片的想法,他習慣先擬定拍攝題目,再賦予「遊戲規則」,然後拍攝同一風格照片。他稱當時想找一個詞來代表香港,又要足夠簡單令大多數人都明白,思索一兩個星期後,得出「Conflict」。「Conflict」並非指外在衝突,而是指內在狀態。Kasper解釋,當時從新聞留意到,香港正在經歷變遷,在許多被主流視為「不好」的地方,大家選擇視而不見,無法接受我們真正的身分。例如,位於油麻地澄平街、鄰近駿發花園的行人隧道,過往是露宿者的聚集地,但當年遭附近居民投訴,又有食環署職員洗地,近年甚至落閘封死整條隧道。Kasper認為,衝突的原因是人們對這個城市的身分不接受、不承認,甚至想刪除他們,而他當年天真地認為香港不會轉變太多,正是這班社會邊緣人,才能真正代表他所認知的香港。 ⋯⋯ 「Conflict Hong Kong」開展以來共拍攝逾6000張照片,被攝者約200人,記者問Kasper如何與社會小眾邊緣建立關係,他說在計劃開始時,會拿着相機在街上走,隨機主動接觸他們。以露宿者為例,2017年在石硤尾公園經常會看到有露宿者吸毒,Kasper主動接觸其中一名,謊稱想認識這個社區,邀請他介紹,之後便在得到同意後拍攝。至於性小眾,第一個拍攝的變裝皇后(Drag Queen)是Kasper在已結業的灣仔酒吧Ophelia遇到,因認為她與自己所認知的世界不同,便相約她在酒吧拍攝,但她遲到1個多小時,Kasper形容態度非常囂張,後來理解這是她變裝後的人設。Kasper表示,與被攝者建立信任後,他們便會直接介紹身邊同樣值得拍攝記錄的朋友。 ================ 文//趙施欣 圖//黃志東、受訪者提供 編輯//梁曉菲 製圖//劉子斌 ================ 每期「 」隨《明報》出版,買份報紙就可以睇到全部內容~",/mnt/d/時間序列/ContextVecNet_Instagram_filtered_new/negative/sundaymingpao/images/3835947608799523058_52424626389.jpg,0.2199241667985916,"【江皓昕 創作《再見UFO》 用奇幻力量支撐荒誕現實】 全文link見Bio 《再見UFO》上周奪得香港評論學會最佳電影大獎,電影環繞八十年代香港仔華富邨有UFO低空飛過的都市傳說,講述3名在華富邨成長的少年作為UFO目擊者,隨着年代變遷的成長故事。電影原定2019年上映,因發行原因延映7年,如今物換星移,香港經歷疫情及社會重大變化,華富邨亦已展開重建工程。編劇江皓昕說當科幻故事撞上現實荒誕時,可依靠科幻世界不存在的力量,去支撐現實世界中他不能理解的事情,稱「創作需要一抹奇幻色彩」。 ...... 「Mayday, Mayday,緊急呼叫,我們要離開地球。」這是主角們童年時訂立用來與外星人溝通的暗號。隨着故事發展。在主角家人病危時,他們曾跑上華富邨天台大叫呼叫向外星人求救,雖然似乎得到外星人回應,家人有一瞬迴光返照,卻道出殘酷真相。江說電影透過主角們面對生離死別,提出當現實的無常和理想價值觀產生衝突時,我們該如何理解。 ================ 文//趙施欣 圖//受訪者提供、電影劇照、網上圖片 編輯// 梁曉菲 製圖//林曉慧 ================ 每期「 」隨《明報》出版,買份報紙就可以睇到全部內容~",/mnt/d/時間序列/ContextVecNet_Instagram_filtered_new/negative/sundaymingpao/images/3819278779621116564_52424626389.jpg,0.3906251788139343,,,,,,
high_alignment_error,0,iamfinety2.0,0,2.322598934173584,0.9107314588227756,0.3377087362054896,1,1.3346294164657593,0.7916053635372965,0.3292227008133845,1,0.1191260952854791,FP,False,FP,False,64.0,0.2830741261132061,0.0126335744916639,0.2829651981592178,0.2746015191078186,0.2923061326146126,0.2530758678913116,0.3137165307998657,23.0,0.0,High,,"有些事情變了就是變了, 就算能回到過去, 你的心都不一樣了。",/mnt/d/時間序列/ContextVecNet_Instagram_filtered_new/negative/iamfinety2.0/images/3343733159451329223_28899230819.jpg,0.2530758678913116,"別用5%的負面價值, 去否定自己100%的努力",/mnt/d/時間序列/ContextVecNet_Instagram_filtered_new/negative/iamfinety2.0/images/3763406419009823515_28899230819.jpg,0.3137165307998657,,,,,,
high_alignment_error,0,who.loved.by.jesus,0,1.4354047775268557,0.8077420461116196,0.3377087362054896,1,0.0615352876484394,0.5153789693952825,0.3292227008133845,1,0.2923630767163371,FP,False,FP,False,22.0,0.281904013319449,0.0288393896722073,0.2905149012804031,0.269794151186943,0.297684945166111,0.1835951656103134,0.3143098950386047,13.0,1.0,High,,"“Blessed are those who hunger and thirst for righteousness, for they shall be satisfied.(Matthew5:6 ESV)",/mnt/d/時間序列/ContextVecNet_Instagram_filtered_new/negative/who.loved.by.jesus/images/3663514336552903529_6848616982.jpg,0.1835951656103134,"「他寧可和上帝的百姓同受苦害,也不願暫時享受罪中之樂。」 希伯來書 11 : 25",/mnt/d/時間序列/ContextVecNet_Instagram_filtered_new/negative/who.loved.by.jesus/images/3799098941624221105_6848616982.jpg,0.3143098950386047,,,,,,
high_alignment_error,0,alichan.o,0,0.1655498445034027,0.5412931948172303,0.3377087362054896,1,-0.1695878356695175,0.4577043611939645,0.3292227008133845,1,0.0835888336232657,FP,False,FP,False,21.0,0.2809147238731384,0.0181304574558671,0.2792980074882507,0.2704920470714569,0.2891012728214264,0.2521032094955444,0.3279635906219482,6.0,0.0,High,,叮叮叮🔔 來個末班車(*’͜’ )ʕ𐭩 🤍 🔎IG : - 🐾歡迎收藏、分享🐾 - 🤍 ́-追蹤 看更多🐈 ⬛,/mnt/d/時間序列/ContextVecNet_Instagram_filtered_new/negative/alichan.o/images/3625092294690454857_45734534214.jpg,0.2521032094955444,就這點無可挑剔呢🤗 -,/mnt/d/時間序列/ContextVecNet_Instagram_filtered_new/negative/alichan.o/images/2537970032538284484_45734534214.jpg,0.3279635906219482,,,,,,
high_alignment_error,1,elitesinsider,0,1.445184350013733,0.8092561941623321,0.3226178336968301,1,1.8744022846221924,0.8669668372152692,0.4870751093923089,1,-0.0577106430529371,FP,False,FP,False,64.0,0.2805764332879334,0.0181467537852254,0.2819496989250183,0.2704290971159935,0.2893500477075577,0.2396138459444046,0.3360371589660644,22.0,1.0,High,,"你遇到的是「麻煩」,還是被包裝起來的「機會」?🧩 👊 公司的問題,是你晉升的舞台 🤝 同事的問題,是人脈經營的入口 💼 客戶的問題,是成交的伏筆 🧠 自己的問題,是成長的起點 🔥 老闆的問題,是贏得信任的門票 🏆 對手的問題,是你進階的階梯 你在抱怨,還是在悄悄變強? 高手,從不怕問題,只怕沒問題!",/mnt/d/時間序列/ContextVecNet_Instagram_filtered_new/negative/elitesinsider/images/3626442264316175405_7009660250.jpg,0.2396138459444046,"💡你真正的財富,不只有錢包裡的現金! 你有三種“貨幣”:時間、金錢、知識。 缺錢?那就拿時間去學,用知識去賺。 缺知識?那就投資金錢與時間去習得。 缺時間?就用金錢買效率,用知識做選擇。 你怎麼運用這三種資源,就決定你的人生高度。 所以,你還在浪費哪一種?",/mnt/d/時間序列/ContextVecNet_Instagram_filtered_new/negative/elitesinsider/images/3629250731219458071_7009660250.jpg,0.3360371589660644,,,,,,
low_alignment_correct,4,lostmyjobat30yo,1,1.6044399738311768,0.8326380182607357,0.3484527497514231,1,1.805059552192688,0.8587637157111041,0.3165906383918283,1,-0.0261256974503684,TP,True,TP,True,25.0,0.2188464492559433,0.0313880222288711,0.2235907018184662,0.2017434686422348,0.2435593903064727,0.1556434482336044,0.2757825851440429,0.0,18.0,Low,,"Day 9 消失的紅雨 🌧️🚫 琴晚睇Thread 話AI 預報話今日會大雨到「紅雨」,我連水鞋都準備好,諗住可以見證維港變威尼斯,順便可以理直氣壯咁喺屋企繼續大覺瞓。 點知今朝一開窗,唔好話紅雨,直情連黃雨都見唔到。個太陽曬到好似想同我隻水鞋道歉咁,曬到我差啲要攞返支防曬出嚟。",/mnt/d/時間序列/ContextVecNet_Instagram_filtered_new/positive/lostmyjobat30yo/images/3896976103223093690_23387406059.jpg,0.1556434482336044,"失業 Day 11 失業財政危機:一個價值 $22 嘅人生抉擇 🥧💸 以前返工嗰陣,二十幾蚊買個下午茶,直行直過八達通「嘟」一聲就走,雙眼連眨都唔會眨吓。 今日行過麵包舖,見到朱古力酥皮蛋撻,標價 $22。喺無收入嘅狀態下,我竟然企咗喺門口足足掙扎咗三分鐘。 內心小劇場 A: 「二十二蚊?夠我買兩包公仔麵加多粒蛋煮兩餐啦......」 內心小劇場 B: 「但你而家好需要多巴胺喎!」 最後,我決定聽小劇場 B 講。雖然戶口冇進帳,但如果連食嚿甜嘢嘅快樂都剝奪埋,人生仲有咩意義? 結果?真係一啖驚艷! 咬落去層酥皮鬆脆到「咔嚓」一聲,濃郁嘅朱古力流心加埋滑溜嘅蛋香,簡直將治癒感拉滿。嗰一刻我覺得,呢個唔只係一個蛋撻,而係我對生活最後嘅尊嚴。 錢可以之後再搵,但買到快樂嘅當下係無價嘅。今日呢 $22,值回票價!",/mnt/d/時間序列/ContextVecNet_Instagram_filtered_new/positive/lostmyjobat30yo/images/3898487458090511590_23387406059.jpg,0.2757825851440429,,,,,,
low_alignment_correct,4,hamoda.hassan.9,0,-2.4068822860717773,0.0826493910608556,0.3484527497514231,0,-3.0767629146575928,0.0440760034001664,0.3165906383918283,0,0.0385733876606892,TN,True,TN,True,47.0,0.2198723589486264,0.0322216682410655,0.2172492146492004,0.202053040266037,0.2276376709342003,0.1643647700548172,0.3174456059932709,3.0,39.0,Low,,聖誕節快樂 🎄🎅🎁⛄️❄️,/mnt/d/時間序列/ContextVecNet_Instagram_filtered_new/negative/hamoda.hassan.9/images/3797408182885172421_7125355262.jpg,0.1643647700548172,"Now in orange island, Hurghada, Red Sea , 在橙子島上拍的照片,赫兒格迖,紅海",/mnt/d/時間序列/ContextVecNet_Instagram_filtered_new/negative/hamoda.hassan.9/images/3413377922884499472_7125355262.jpg,0.3174456059932709,,,,,,
low_alignment_correct,1,sh_tree_,0,-1.052852988243103,0.2586776252142139,0.3226178336968301,0,-1.5891547203063965,0.1695028551008537,0.4870751093923089,0,0.0891747701133602,TN,True,TN,True,43.0,0.2232485125924265,0.0207675427883896,0.2198574841022491,0.2096930667757988,0.2360716313123703,0.1813621073961258,0.2839514911174774,0.0,34.0,Low,,童年回憶🌕 小時候 某次做夢時夢見自己獨自一直向前走 突然出現了隻大虎鯨很緩慢的游在我身邊 我手上拿著月亮照亮前方 感覺很安心 #插畫,/mnt/d/時間序列/ContextVecNet_Instagram_filtered_new/negative/sh_tree_/images/2786549957887098697_51820709046.jpg,0.1813621073961258,moon hug. #月亮 #簡約,/mnt/d/時間序列/ContextVecNet_Instagram_filtered_new/negative/sh_tree_/images/2872572423230606502_51820709046.jpg,0.2839514911174774,,,,,,
low_alignment_correct,2,ineichashitsu,1,2.089057445526123,0.8898350622640695,0.1330126093082226,1,1.5878345966339111,0.8303112278403718,0.2395427346368431,1,0.0595238344236976,TP,True,TP,True,64.0,0.2238974494393915,0.0212951956526249,0.2224071770906448,0.2125266157090664,0.236563142389059,0.1792240738868713,0.2686785757541656,0.0,50.0,Low,,"服毒 4:26a.m. 失眠。 「三省吾身」的最佳時分。 但不是說過不要相信凌晨的自己這樣的話嗎?有這麼一個意象常常在戲劇、漫畫或是小說中出現: 有個人,通常是「我」,在千人一面的灰色人潮裡,在行進中的律動之中,與世界感到疏離的「我」無意識地與人隔開,靜止在地上抱膝。一盞白色或是奶黃色的舞臺燈照射在我身上。這景象好淒美哦:它在訴說,世界上除了「我」,別人都是沒有思想的、灰暗的、無聊的,只有「我」獨一無二,因為舞臺燈只會射給配得上的人啊。呵呵呵。 我想到,有思想的人,反省就成為一種體內自我製造的毒藥,它的毒性卻只對製毒者有效。因此我──沒有括號的這個我,狡猾地將調校舞臺射燈的角度,往身邊行進的人們射去。 當舞臺射燈射在周圍的人身上,那個以獨一無二自居的我,竟也發現別人的特點,讓我反省──再一次服毒──凌晨除了可以反省自己,也可以代他人反省。 那麼,當舞臺燈射在別人上,那些我或深或淺認識的人,有的有過對話,有的只知道他是誰卻不知道甚麼名字的人。他們的故事太豐富了,就像文學與電影,獨一無二的劇本。我發現了甚麼?原來我身邊有這些人──不同的人: .自殘、自殺、跳樓,源於情緒病、抑鬱症。有死、傷殘,亦有沒有事發生的。 .結婚的人有婚外情、沒有結婚的人有外遇。 .非禮、性侵犯,被送上法庭。 .吸毒。 .放火,沒有死傷,但他坐牢了。 我實在驚訝,驚訝著像我這樣一個內向與不善交友的人,竟然能認識與目擊這麼多特別的人。我懷疑,當文學看得多了,身邊的人就會變得跟小說一樣,成為不平凡的人,或者從小說中跳出來在我面前演出一樣,娛樂我,被我目睹,就像我去閱讀一樣。 在黑暗的深夜閱讀一本書,燈光自然要往書上照。看到那群人,我不禁想到,自以為善類的自己,像是忘記了物以類聚的道理,因此我開始又重新懷疑、反省自己──又服毒。 舞臺燈熄滅了。我不跟隨行進的人潮往前走。睡覺。 __ 圖•文 写真•文 __",/mnt/d/時間序列/ContextVecNet_Instagram_filtered_new/positive/ineichashitsu/images/3718532789848456885_37601116967.jpg,0.1792240738868713,"現代伊勢物語‧十二 他們爬到神倉神社的最高處。此前攀爬過數百級巖巉的石階,高低差頗大,不少因青苔而濕滑。最高處是一顆碩大無朋的石,被注連繩圍著,因此那是被供奉的神體本身。 他的身體總是欠佳,她卻執意要攀上去。於是,他又執意要與欠佳的身體搏鬥,竟不到一會,就到達目的地。 由於甚麼都是石,這讓人感到這是石的神社,他心頭突然冒出一堆與石有關的詞語,例如:石頭、石像、石灰、石塊、石器時代,等等。接著腦袋逼他把它們串連成一首詩,成為: いしあたま(攀登高石階) かみくらじんじゃ(在神倉神社之巔) いただきに(有固執的人) 因為石頭,他的詩如石一般硬,想著想著,不僅雙腿,連頭腦也硬起來。 至於她呢?她為甚麼把他呼喚上來,中間有名為「女坂」的山道,讓不願攀石階的人走捷徑,但她認為攀石階比較誠心,所以就要他一起爬了。她不僅鐵石心腸起來,也是「いしあたま」(不懂變通的人)。 「啊!看到城市和大海。真舒服。」 咦,這句話是誰說的?",/mnt/d/時間序列/ContextVecNet_Instagram_filtered_new/positive/ineichashitsu/images/3314118753792156941_37601116967.jpg,0.2686785757541656,,,,,,
low_alignment_correct,3,zongyi0929,0,-2.790888786315918,0.0578185191312036,0.5230274241234272,0,-2.477933645248413,0.0774196644852089,0.4703367025185562,0,-0.0196011453540052,TN,True,TN,True,61.0,0.2242923669639181,0.0325991533593641,0.2245490252971649,0.1985330730676651,0.2464448064565658,0.1262195706367492,0.293601393699646,2.0,42.0,Low,,背day 😌,/mnt/d/時間序列/ContextVecNet_Instagram_filtered_new/negative/zongyi0929/images/3346443738829186948_3043556977.jpg,0.1262195706367492,"關於放鬆 因為我個人身體容易緊繃,也因為工作通常都是單邊轉動或發力,所以在訓練前必須讓身體回到「正確位置」不然沒效果可能還容易受傷。 在身體處於不穩定或者不在正確位置的時候,無論是行程、張力、角度....都會受影響。 但是不必在訓練前作全身性的放鬆,而是針對今天所訓練的目標肌群、輔助肌群、拮抗肌、穩定肌群去做檢討。 例如:練胸 胸大肌(目標肌群)會不會太緊 三頭肌(輔助肌群)會不會刺痛 肩胛骨是否能正常移動等等..... 當然,有些人天生不易緊繃,活動度也非常棒,甚至從來不放鬆也有相當好的訓練成效,那就是個體差異了。 最後,放鬆沒有絕對的好與壞,它是一種手段,不是一種結果,任何方式都可以多方嘗試,但是想要身材好不要鐵齒,因為我曾經是那個鐵齒的人。😅😅 💪🏻💪🏻",/mnt/d/時間序列/ContextVecNet_Instagram_filtered_new/negative/zongyi0929/images/3347226342041940265_3043556977.jpg,0.293601393699646,,,,,,
low_alignment_correct,4,i_can_do_it_9502,1,3.05193829536438,0.9548661345317832,0.3484527497514231,1,4.007060527801514,0.9821380745758094,0.3165906383918283,1,-0.0272719400440262,TP,True,TP,True,64.0,0.224329168209806,0.0223955521289118,0.2256713360548019,0.2123748920857906,0.242833100259304,0.1696721911430359,0.2604762315750122,0.0,47.0,Low,,-低語- 𓈒 𓂂𓏸 還是很難過嗎 會生病不是你的問題 把那些刺耳的 批判 質疑 和藥全部都泡進伏特加裡 一起調一杯充滿月光的酒 在暴雨中微醺著入眠 還是很難過的話就哭吧 有時候尿褲子也沒事的 把袖子捲起來 曬一些太陽 讓血清素跟著心跳微微上升 哭吧 我會抱著你 生病不是一件很羞恥的事情 你要相信 在破碎中長大的你 一定也很耀眼 🏷️,/mnt/d/時間序列/ContextVecNet_Instagram_filtered_new/positive/i_can_do_it_9502/images/3276875140650603236_44058188782.jpg,0.1696721911430359,"𖥧⌂* 好久不見,毫無疑問的依然很糟糕,但是我還活著,可能是件壞事吧。 我不想再去思考一些華麗的辭藻來讓自己的文章看起來更接近我內心的完美,或者是絞盡腦汁逼迫自己的記憶力跟以前一樣好,帶著微笑假裝什麼事都沒有發生一樣。 好像所有的一切都回不去原本的樣子了,原本以為會一直在身邊的人一個一個走了,相信很多人說「會好起來的。」這句話時的希望也被自己搞砸的一塌糊塗。 我已經很久沒有傷害自己了,在日復一日的監視下,說不想也只是變成了謊話,藥還在慢慢的增加,他當初答應醫生的話也沒有做到。 我真的真的很累,連想死都很累。",/mnt/d/時間序列/ContextVecNet_Instagram_filtered_new/positive/i_can_do_it_9502/images/3171585865713962660_44058188782.jpg,0.2604762315750122,,,,,,
low_alignment_correct,2,ooodovobooo,0,-1.987117886543274,0.1205621099625059,0.1330126093082226,0,-2.256784677505493,0.0947658371079519,0.2395427346368431,0,0.0257962728545539,TN,True,TN,True,30.0,0.2261514186859131,0.0374496816773042,0.2281490713357925,0.1926708146929741,0.2496786117553711,0.1636498719453811,0.3164540529251098,2.0,21.0,Low,,"- 台南。黑膠漢堡 - 📍 西門路一段689巷19號右側, 南區台南市702 📍11:30-15:00/17:30-22:00 📍公休:二 📍I G : - 雙層滑板牛肉堡-$195 雙層培根雞腿堡-$205 年輕人脆薯-$90 - 藍曬圖給我的感覺, 很像一個小城鎮的市集, 裡面有一些文創產品, 逛完一圈肯定餓了吧! 可以去吃美式黑膠漢堡, 我自己喜歡雙層滑板牛肉堡, 花生醬讓人想吃三百顆漢堡, 不吃牛的人可以考慮雙層培根雞腿堡 有一個烤肉的味道,非常的幸福。 - #台南黑膠漢堡 #台南市 #台南旅遊 #台南漢堡 #台南藍曬圖 #台南西門路 #中西區美食 #美食#旅行#好吃 -",/mnt/d/時間序列/ContextVecNet_Instagram_filtered_new/negative/ooodovobooo/images/3292381331844916762_58398416484.jpg,0.1636498719453811,"- 台南。Musa thai Cuisine 泰國料理 - 📍台南市中西區友愛街14號 📍11:00-15:00/17:00-21:00 📍公休:一二 📍I G : - 泰式辣炒牛肉-$298 黃咖哩炒軟殼蟹-$380 摩摩渣渣-$70 泰式奶茶-$75 - 椅子、桌子、燈具.. 整間氛圍都好泰式。 辣炒牛肉,稍微辣, 牛香不錯,調味也好。 摩摩渣渣有椰奶香, 還有菠蘿蜜。 - #台南市 #台南旅遊 #台南小吃 #台南泰式料理 #台南友愛街 #炒牛肉 #中西區美食 #旅行#好吃 -",/mnt/d/時間序列/ContextVecNet_Instagram_filtered_new/negative/ooodovobooo/images/3310476606048238853_58398416484.jpg,0.3164540529251098,,,,,,
low_alignment_correct,0,914_planet,0,-1.447589874267578,0.190372763860885,0.3377087362054896,0,-1.7047075033187866,0.1538514376850778,0.3292227008133845,0,0.0365213261758071,TN,True,TN,True,26.0,0.2277444217067498,0.0356178137133164,0.211616925895214,0.2070325873792171,0.2200610563158989,0.1969193667173385,0.3090787529945373,2.0,20.0,Low,,- -,/mnt/d/時間序列/ContextVecNet_Instagram_filtered_new/negative/914_planet/images/2619774775011542177_10437947455.jpg,0.1969193667173385,"特別,喜歡。 - -",/mnt/d/時間序列/ContextVecNet_Instagram_filtered_new/negative/914_planet/images/3046846932829476063_10437947455.jpg,0.3090787529945373,,,,,,
low_alignment_correct,3,zang_photo,0,-1.8654638528823853,0.1340674655905352,0.5230274241234272,0,-1.4622246026992798,0.1881273138120359,0.4703367025185562,0,-0.0540598482215007,TN,True,TN,True,18.0,0.2278213004271189,0.0237765317225044,0.225889004766941,0.215999074280262,0.2434004098176956,0.1777979433536529,0.2665665447711944,0.0,13.0,Low,,"《掙扎》 不斷的掙扎,直到得到救贖..... 📷:Sony A74 🔭:SEL2470",/mnt/d/時間序列/ContextVecNet_Instagram_filtered_new/negative/zang_photo/images/3156669696811336262_45777028966.jpg,0.1777979433536529,該死的裁切右滑看原圖 📷:Sony A74 🔭:SEL2470 MD:,/mnt/d/時間序列/ContextVecNet_Instagram_filtered_new/negative/zang_photo/images/2913139097361375045_45777028966.jpg,0.2665665447711944,,,,,,
low_alignment_correct,2,w.wy__,1,1.0875834226608276,0.7479263912541091,0.1330126093082226,1,0.9798871874809264,0.7270858312979858,0.2395427346368431,1,0.0208405599561233,TP,True,TP,True,64.0,0.2287760097533464,0.0223838752941755,0.2266087383031845,0.2114500477910041,0.245627012103796,0.1846376657485962,0.2867032289505005,0.0,44.0,Low,,". 🌦️ 剛好想說些什麼,就收到朋朋傳來的底片,真的是時光膠囊,黑白中卻釀了很多寶藏和色彩,那已經是去年東漂的溽夏和回來住院前的初秋。 一路踏踏實實又扎扎穩穩也起起伏伏的過到了現在。 近期的生活如圖一,爬上一座小山,很喘但登頂的風景和視野很美、沿途也很值得,是汗水和爆笑的;而所經歷的內心旅程也如圖二,妙不可言。 像春天的天氣也像林口的交通吧,令人捉摸不定,但隨時讓自己身心靈都當下安在。 下雨很浪漫、晴天很燦爛。 有時快了些,但還不著急;有時緩了點,慢也沒關係。 養成一些新的習慣、跨越過去的障礙,而身體勞動反而氣血活了過來、隨之靈感也到來。 仍然喜歡一個人獨處,卻也多了享受互相陪伴,以及承擔。 看見更多自己不同面貌,可甜可鹽(也可辣?) 但終究別忘了,照顧好自己就是對所愛最大的幫助。 / 下面想放一些碎片札記⋯ / 不要再把愛你的人推開 這世界沒有這麼壞 . 常常也很想躲起來 但其實又希望被找到 但又還不太想說話 不知道有沒有像罩住阿目的頭盔一樣 另一種層面上的無法表達 . 生病到無藥可救後 開始嘗試很多輔助療法 ( 包含身心靈甚至邪門歪道都有 ) 慢慢累積後真的會三折肱成良醫 . 以前摸索出的生活原則 睡覺治百病 起床要人命 現在領悟出工作的道理 不求表現被看見 只求問心無愧 或是偷懶沒被發現 . 覺察到累或卡的時候 停下來梳理情緒是很重要的 風會一直吹 情緒會來也會走 . 我以為我可以沒關係不在意 我以為在這段關係裡 我已經拿出最大的勇氣做了最深的決定 我以為我可以放手讓你去 我以為我可以接受自己的無能為力 我以為有信心不會再受委屈 我以為我承受得起 我以為不會鬧脾氣不會有太多情緒 並沒有 我忘了自己也還有太多課題需要修行 但至少現在有你陪我一起練習 . 「要先耐得住暗房的黑暗 才能洗出作品和生命」 「你身上有好多寶藏 要記得往內看」 「因為他相信妳有這個潛力」 「我也覺得不需要給你什麼鼓勵 因為你本身就很有能量了 只需要在很混亂的時候陪你一起梳理一下」 「很開心參與你這個階段 好感動」 「你內在是有智慧的」 「你每次經驗都很認真的去看 也都好好認真生活」 . 「現在的你整體情緒都有拉上來也穩定很多 也分得出來是什麼歸因 不會都覺得又是自己的問題 或是覺得治療無效之類的 也看你這麼久了 終於有想認真進入關係 但對方的病況可能會辛苦一點 你要有心理準備 謝謝你陪我練習這麼多 你也要好好謝謝自己啊 這麼多年了不容易」 .",/mnt/d/時間序列/ContextVecNet_Instagram_filtered_new/positive/w.wy__/images/3621537961038798581_333616086.jpg,0.1846376657485962,. 🥳😝🥺🐦 🔥🎂💝 女人二八一朵花 活到現在能安穩過生日已經很滿足 也很深刻體認到 一個人能給的最珍貴的禮物是時間 .,/mnt/d/時間序列/ContextVecNet_Instagram_filtered_new/positive/w.wy__/images/3646136554848453759_333616086.jpg,0.2867032289505005,,,,,,
low_alignment_correct,1,a_three_people,0,-1.880692958831787,0.1323092991372745,0.3226178336968301,0,-2.182693719863892,0.1013153995810299,0.4870751093923089,0,0.0309938995562445,TN,True,TN,True,64.0,0.2312884209677577,0.0246088113544696,0.2256297990679741,0.2149008065462112,0.2395183593034744,0.1938931345939636,0.3069010078907013,2.0,49.0,Low,,偶素小本丸~ 本丸小公主 脾氣不好 孤僻 目前年齡尚小 聽不懂人話...,/mnt/d/時間序列/ContextVecNet_Instagram_filtered_new/negative/a_three_people/images/3021197651657615420_6084537946.jpg,0.1938931345939636,- 我在鬧 你在笑 - 🐹,/mnt/d/時間序列/ContextVecNet_Instagram_filtered_new/negative/a_three_people/images/3318944666652772033_6084537946.jpg,0.3069010078907013,,,,,,
low_alignment_correct,4,althealan_and_painting,1,-0.4338887929916382,0.3931981070487518,0.3484527497514231,1,-0.9475504755973816,0.27937770783573,0.3165906383918283,0,0.1138203992130217,TP,False,FN,True,64.0,0.2313687773421406,0.0217811469884213,0.226774200797081,0.2162405103445053,0.2458041533827781,0.1878025233745575,0.2866370677947998,0.0,44.0,Low,,Garden of Eden 伊甸園,/mnt/d/時間序列/ContextVecNet_Instagram_filtered_new/positive/althealan_and_painting/images/2987950083951393139_52263171611.jpg,0.1878025233745575,"Starry, starry night Paint your palette blue and gray #insane#不會作畫的作畫癖患者",/mnt/d/時間序列/ContextVecNet_Instagram_filtered_new/positive/althealan_and_painting/images/2966190814562368943_52263171611.jpg,0.2866370677947998,,,,,,
low_alignment_correct,2,yushanchiu,0,-2.373975276947021,0.0851788609996551,0.1330126093082226,0,-2.0994293689727783,0.1091522958826144,0.2395427346368431,0,-0.0239734348829592,TN,True,TN,True,64.0,0.2318914288189262,0.0297765715702269,0.2286822721362114,0.216034397482872,0.2488009296357631,0.166133314371109,0.3010116815567016,4.0,44.0,Low,,就是那種會一直來的店!好美 肉桂捲又好吃😋離開時還外帶了一個😙,/mnt/d/時間序列/ContextVecNet_Instagram_filtered_new/negative/yushanchiu/images/3816252822405602661_276051142.jpg,0.166133314371109,🖤 🖤 🖤 兩年後再看 Blackpink 還是好炸🔥 當年練習跳舞還都特地想挑他們的音樂! 時代的眼淚~~ 超愛金珍妮!真的好可愛 搖滾區真的太累 不知要看前面還是後面 一直轉😆,/mnt/d/時間序列/ContextVecNet_Instagram_filtered_new/negative/yushanchiu/images/3749175853352939073_276051142.jpg,0.3010116815567016,,,,,,
low_alignment_correct,4,mao.ni_,1,-0.5266373157501221,0.3713015216455591,0.3484527497514231,1,-0.1026325523853302,0.4743643605783613,0.3165906383918283,1,-0.1030628389328022,TP,True,TP,True,19.0,0.2324983124670229,0.023624753389793,0.2318859100341797,0.2227814197540283,0.2392865121364593,0.1984689980745315,0.2976496815681457,1.0,16.0,Low,,20231106 /,/mnt/d/時間序列/ContextVecNet_Instagram_filtered_new/positive/mao.ni_/images/3233476058720768218_55364870937.jpg,0.1984689980745315,"| / 今年份的重測,分數一樣高得嚇人。 高敏感指數:128分。 /",/mnt/d/時間序列/ContextVecNet_Instagram_filtered_new/positive/mao.ni_/images/2941678387321583156_55364870937.jpg,0.2976496815681457,,,,,,
low_alignment_correct,3,childsheng,0,-2.2978978157043457,0.0912972127192057,0.5230274241234272,0,-3.3877415657043457,0.0326807753058628,0.4703367025185562,0,0.0586164374133428,TN,True,TN,True,64.0,0.2328104279004037,0.0234227005841088,0.2327588498592376,0.2177157811820507,0.2499244175851345,0.1850516945123672,0.2864879071712494,0.0,38.0,Low,,2026/04/06 鳳山縣舊城東門 鳳儀門 一直都覺得城門好酷 很難去想像以前的人 到底是怎麼蓋起城門 怎麼用城門進行防禦,/mnt/d/時間序列/ContextVecNet_Instagram_filtered_new/negative/childsheng/images/3868760598801220059_2316724764.jpg,0.1850516945123672,2025/08/04 有可愛柴犬的咖啡廳 柴犬的捲尾可放東西 店內有兩隻柴柴老闆 雖然說不太會迎接人 但他們真的是很好拍 甜點以及飲品的部分 個人品嚐起來很不錯 整體環境也佈置很棒,/mnt/d/時間序列/ContextVecNet_Instagram_filtered_new/negative/childsheng/images/3691191439029432314_2316724764.jpg,0.2864879071712494,,,,,,
low_alignment_correct,2,ac_ccat,1,1.67088782787323,0.8416941557631492,0.1330126093082226,1,1.2702760696411133,0.7807900028193886,0.2395427346368431,1,0.0609041529437606,TP,True,TP,True,64.0,0.232922803144902,0.0416414543150485,0.2355938255786895,0.2080372720956802,0.2634387984871864,0.1257591992616653,0.3119754195213318,7.0,39.0,Low,,"沒有工作的日子💪Day 26 今天趁著好天氣到外面走走逛逛,赫然發現原來一個人閒逛也是很悠哉的。 開始漸漸習慣沒有工作的日子,也是要把日子過好。",/mnt/d/時間序列/ContextVecNet_Instagram_filtered_new/positive/ac_ccat/images/3281639843235057118_53764208094.jpg,0.1257591992616653,"- 允許自己放鬆的好好休息,從來不是一件簡單的事情。 我們休息的過程中,會擔心自己沒有進步、擔心自己怠慢,而反而沒有做到好好休息這件事。 現在我感冒了,真的有好好執行好好休息這件事了。",/mnt/d/時間序列/ContextVecNet_Instagram_filtered_new/positive/ac_ccat/images/3277173943513407302_53764208094.jpg,0.3119754195213318,,,,,,
low_alignment_correct,0,miem29664,0,-1.7774772644042969,0.1446149204345285,0.3377087362054896,0,-1.672923564910889,0.1580347808888472,0.3292227008133845,0,-0.0134198604543187,TN,True,TN,True,64.0,0.2340871237684041,0.0304608116427892,0.2351188957691192,0.2144945114850998,0.2480803653597831,0.1608669459819793,0.3091954588890075,4.0,34.0,Low,,精怪混合體森林物種(?) 。 。 風格大風吹吹了好久 。 #藝#繪圖術#電繪#原創#自創#自創人物#原創角色#設計#創作#風格#女孩#art#painting #漫畫#練習#動漫#動漫人物#落書き,/mnt/d/時間序列/ContextVecNet_Instagram_filtered_new/negative/miem29664/images/3725861998882292759_50707871146.jpg,0.1608669459819793,#happynewyear,/mnt/d/時間序列/ContextVecNet_Instagram_filtered_new/negative/miem29664/images/3799837416169220882_50707871146.jpg,0.3091954588890075,,,,,,
low_alignment_correct,2,help_.me54,1,-0.7215684652328491,0.3270476897460626,0.1330126093082226,1,-1.3716859817504885,0.2023475872840915,0.2395427346368431,0,0.124700102461971,TP,False,FN,True,63.0,0.235300691118316,0.0215249517307988,0.2283152937889099,0.2269515916705131,0.2300706431269645,0.2226115018129348,0.3119395673274994,6.0,56.0,Low,,-,/mnt/d/時間序列/ContextVecNet_Instagram_filtered_new/positive/help_.me54/images/3202294661817994703_45374199413.jpg,0.2226115018129348,- 很勵志的一段話 分享給大家!,/mnt/d/時間序列/ContextVecNet_Instagram_filtered_new/positive/help_.me54/images/3223673625140425209_45374199413.jpg,0.3119395673274994,,,,,,
low_alignment_correct,0,elefanths,0,-2.7916150093078613,0.057778970444732,0.3377087362054896,0,-2.3324127197265625,0.0884738931320187,0.3292227008133845,0,-0.0306949226872867,TN,True,TN,True,47.0,0.2380025757754102,0.0427511704010729,0.2275778949260711,0.20570620149374,0.2651127576828003,0.1646092385053634,0.3705513477325439,6.0,30.0,Low,,香噴噴🌝,/mnt/d/時間序列/ContextVecNet_Instagram_filtered_new/negative/elefanths/images/3703848417693783591_22798964.jpg,0.1646092385053634,MINI PUZZLE 1000 Pieces A new challenge begins 💛💙🤍🖤 🌌🌠,/mnt/d/時間序列/ContextVecNet_Instagram_filtered_new/negative/elefanths/images/3137087468372743214_22798964.jpg,0.3705513477325439,,,,,,
low_alignment_correct,1,vita_1021,1,-0.5531641840934753,0.3651306061549038,0.3226178336968301,1,-0.5865392088890076,0.3574293138718871,0.4870751093923089,0,0.0077012922830166,TP,False,FN,True,64.0,0.2382476921193301,0.0260509648303911,0.2386504709720611,0.2212612181901931,0.2494591102004051,0.1792889088392257,0.2988695502281189,3.0,33.0,Low,,最近ㄉ快樂小tips✨ 看到藍藍的天 藍藍的海(藍藍的心情會消失! (喔還有邊騎車邊唱歌、邊捏前面的伍維焜肚肚🙂 ↕️,/mnt/d/時間序列/ContextVecNet_Instagram_filtered_new/positive/vita_1021/images/3741637296698568804_1626578191.jpg,0.1792889088392257,🌿🪨💙🧊⛰️ 最喜歡跟伍維焜說走就走!,/mnt/d/時間序列/ContextVecNet_Instagram_filtered_new/positive/vita_1021/images/3783537607067205084_1626578191.jpg,0.2988695502281189,,,,,,
low_alignment_error,0,dep_tattoos,0,0.6580442786216736,0.658820926033377,0.3377087362054896,1,1.087007761001587,0.7478178448308022,0.3292227008133845,1,-0.0889969187974251,FP,False,FP,False,64.0,0.2094817226752638,0.0210319487215876,0.2094992101192474,0.1967313252389431,0.2203855291008949,0.1607375741004943,0.2929516136646271,1.0,61.0,Low,,🖤認領圖 我一直笑... 假的! 夜裡全碎了 笑被踩進泥裡 我哭到沒聲音 好想跟它一起消失 I kept smiling. Fake. At night it all shattered. The smile was crushed into the dirt. I cried until no sound was left. I just want to disappear with it.,/mnt/d/時間序列/ContextVecNet_Instagram_filtered_new/negative/dep_tattoos/images/3694415952181368500_40970743337.jpg,0.1607375741004943,台中紋身藝術節 Flash & booking open 2025/11/07-11/09 這次我會參加台中刺青展 除了現場刺青預約開放外 現場還有精心準備的小周邊 歡迎大家來找我玩🥳 預約請在主頁加line ☝🏼☝🏼☝🏼,/mnt/d/時間序列/ContextVecNet_Instagram_filtered_new/negative/dep_tattoos/images/3743366645508455790_40970743337.jpg,0.2929516136646271,,,,,,
low_alignment_error,3,zoezoeliao,1,-1.492874026298523,0.1834907436154494,0.5230274241234272,0,-0.7391194701194763,0.3231967214034176,0.4703367025185562,0,-0.1397059777879682,FN,False,FN,False,64.0,0.2165472314227372,0.0172861138707419,0.2157256081700325,0.2049249038100242,0.2294109389185905,0.1829841434955597,0.2501214444637298,0.0,56.0,Low,,逃出牢籠後要往哪邊走呢?,/mnt/d/時間序列/ContextVecNet_Instagram_filtered_new/positive/zoezoeliao/images/3801320371589884096_70119257256.jpg,0.1829841434955597,穿山王擬人,/mnt/d/時間序列/ContextVecNet_Instagram_filtered_new/positive/zoezoeliao/images/3692056236465706935_70119257256.jpg,0.2501214444637298,,,,,,
low_alignment_error,3,m_m12150605,1,-2.295433759689331,0.0915018417839109,0.5230274241234272,0,-2.190802574157715,0.1005794668296586,0.4703367025185562,0,-0.0090776250457477,FN,False,FN,False,64.0,0.2237054710276425,0.026569404784065,0.2220970168709755,0.2023777328431606,0.2393245995044708,0.174981489777565,0.3039923310279846,1.0,49.0,Low,,「時針」 *各位新年快樂 *小的實在畫不出賀圖 *所以拿顏色比較喜慶的圖混更(? *((紅色很喜慶吧(((👍😆😳 *出場OC:江曼琳,/mnt/d/時間序列/ContextVecNet_Instagram_filtered_new/positive/m_m12150605/images/3834139809611420221_60332717080.jpg,0.174981489777565,———————————— ———————— 「dream」表格 ———————— *如題 *就是表格 —————— *p1表格完成圖 *p2~p6單格純享 *單格部份因為被裁到了所以會再發上限動放精選 *p7草稿 *p8白單 ————————— *出場OC:許晚歌、江曼琳、瑪格麗特(江願歡) ————————————,/mnt/d/時間序列/ContextVecNet_Instagram_filtered_new/positive/m_m12150605/images/3857235467578799803_60332717080.jpg,0.3039923310279846,,,,,,
low_alignment_error,3,si_je_meurs,1,-2.684283494949341,0.063907145610111,0.5230274241234272,0,-3.1468076705932617,0.0412172493090652,0.4703367025185562,0,0.0226898963010458,FN,False,FN,False,59.0,0.2266179825794899,0.0153536353115989,0.2237979918718338,0.2188377529382705,0.2294758930802345,0.1980204433202743,0.2782231867313385,0.0,53.0,Low,,❤️ 💭,/mnt/d/時間序列/ContextVecNet_Instagram_filtered_new/positive/si_je_meurs/images/3738784396799993307_58620940899.jpg,0.1980204433202743,"我曾經成績很好的,彷彿就在昨日,可是怎麼一切變了? 他們說找到方向很好,可是我只是走不了其他路的無奈,我怎麼這麼無奈......。 你知道嗎?我曾經文科、生物都是女中1%,數學物理都考過前20%,曾經中女校排前100跟所有人比時......其他科都考1%要不是英文,我怎麼會只有前70幾名。 怎麼都爬到最高然後再重重摔下? 國中曾經常駐校排前10的,會考英文10分鐘寫完全對的。 怎麼變了樣,怎麼變了樣? 我的文字,又什麼時候變得這麼斷斷續續? 不是這樣的,曾經不是這樣的......。 怎麼這樣......。 如果不是思覺失調如果不是強迫症如果不是多重人格如果不是情緒障礙,我是不是能站得更高? 可是我明明曾經可以克服這一切,那個校排2的我,在哪......。 我......唉。 痕跡消失了,彷彿在嘲笑我的曇花一現。 是回憶潤飾還是昨日真的美好,我不知道。 醫生叫我跟祂溝通,我嘗試想跟祂說現在的生活很美好可是我連自己都說服不了。 怎麼這樣,我已經快要18歲了。 ❤️ 💭",/mnt/d/時間序列/ContextVecNet_Instagram_filtered_new/positive/si_je_meurs/images/3811600092395441042_58620940899.jpg,0.2782231867313385,,,,,,
low_alignment_error,3,saya_wolf0309,1,-1.9097076654434204,0.1290136979734483,0.5230274241234272,0,-2.265770435333252,0.0939977932910955,0.4703367025185562,0,0.0350159046823528,FN,False,FN,False,64.0,0.2280749706551432,0.0434495687143837,0.2218946292996406,0.1996682398021221,0.254376009106636,0.1588467061519622,0.3840847611427307,6.0,44.0,Low,,【塗鴉】 我喜歡打擊 拳擊 感覺可以把一切不開心的事都打散掉😁 嘗試畫不一樣風格XD,/mnt/d/時間序列/ContextVecNet_Instagram_filtered_new/positive/saya_wolf0309/images/3617124314031051107_1510869647.jpg,0.1588467061519622,【隨畫】 Missing Furry,/mnt/d/時間序列/ContextVecNet_Instagram_filtered_new/positive/saya_wolf0309/images/3692315941636386515_1510869647.jpg,0.3840847611427307,,,,,,
low_alignment_error,1,trojan_li,1,-1.9000333547592163,0.1301046993092777,0.3226178336968301,0,-1.331485629081726,0.2089137309228748,0.4870751093923089,0,-0.078809031613597,FN,False,FN,False,63.0,0.2286637957606996,0.0302260304520665,0.2268703728914261,0.2050065547227859,0.2436369359493255,0.1712531745433807,0.3278697729110718,1.0,43.0,Low,,明明是白天拍的 硬要搞得跟有月光一樣😂 —————————,/mnt/d/時間序列/ContextVecNet_Instagram_filtered_new/positive/trojan_li/images/3830846448091691074_44838973285.jpg,0.1712531745433807,蛇蛇不是壞人🐍 Snakes aren’t the bad guys. —————————,/mnt/d/時間序列/ContextVecNet_Instagram_filtered_new/positive/trojan_li/images/3778641501300625877_44838973285.jpg,0.3278697729110718,,,,,,
low_alignment_error,4,fenkychen0827,1,-1.8860656023025515,0.1316937181451784,0.3484527497514231,0,-2.275223970413208,0.093195793541958,0.3165906383918283,0,0.0384979246032204,FN,False,FN,False,64.0,0.2314779059961438,0.0270449331907528,0.2291419059038162,0.212541677057743,0.2481938488781452,0.1597055941820144,0.3006249964237213,1.0,39.0,Low,,真的是人在屋簷下 不得不低頭 #kaohsiung#撮影#撮影モデル#被写体被写体募集中写真写真好き写真好きな人と繋がりたい写真撮影日常月曜日台湾高雄風景風景写真風景写真を撮るのが好きな人と繋がりたい自撮り穿搭日常穿搭日記手機攝影手機拍攝手機拍攝,/mnt/d/時間序列/ContextVecNet_Instagram_filtered_new/positive/fenkychen0827/images/3808341901280129823_1230005219.jpg,0.1597055941820144,陽光總會照耀在所有人的身上 所以其實也不需要太過於緊張 #kaohsiung#撮影#撮影モデル#被写体#被写体募集中#写真#写真好き#写真好きな人と繋がりたい#写真撮影#日常#木曜日#台湾#高雄#風景#風景写真#風景写真を撮るのが好きな人と繋がりたい#自撮り#穿搭日常#穿搭日記#手機攝影#手機拍攝#手機拍攝,/mnt/d/時間序列/ContextVecNet_Instagram_filtered_new/positive/fenkychen0827/images/3774452532530189376_1230005219.jpg,0.3006249964237213,,,,,,
low_alignment_error,2,janniedudu,0,-1.8644129037857056,0.1341895207519592,0.1330126093082226,1,-1.447432518005371,0.1903970185166248,0.2395427346368431,0,-0.0562074977646656,FP,True,TN,False,49.0,0.2328193975346429,0.0297361565951524,0.2284422367811203,0.2153550684452057,0.2488429844379425,0.1749853193759918,0.3072669804096222,3.0,32.0,Low,,不准跳過臀腿日。 I’m watching you. —————————,/mnt/d/時間序列/ContextVecNet_Instagram_filtered_new/negative/janniedudu/images/3527856745588800697_913335088.jpg,0.1749853193759918,"Let your imagination be a joy, not a monster. —————————",/mnt/d/時間序列/ContextVecNet_Instagram_filtered_new/negative/janniedudu/images/3470470740171240679_913335088.jpg,0.3072669804096222,,,,,,
low_alignment_error,0,knowmi_0.0,0,2.308396339416504,0.90957003699769,0.3377087362054896,1,2.5000898838043213,0.9241481209272784,0.3292227008133845,1,-0.0145780839295883,FP,False,FP,False,63.0,0.2334453678793377,0.0333492480029477,0.2293564826250076,0.2114723175764084,0.245472103357315,0.1720891594886779,0.3271195888519287,6.0,42.0,Low,,"【專屬教授】旻城 *師生 *年齡差 ❗️完整版(設定有改)❗️ ——09 秋天的校園一向不安分。 校慶前夕,整個校內像被打翻了顏料盤,展覽布置、攤位準備,全系師生都忙得腳不沾地。 韓知城身為剛上任不久的年輕教授,原本只打算默默跟著流程走,沒想到最後被排去帶隊參加「學術研習營」——一場與他校聯合舉辦的兩天一夜課程,地點在半山腰上的研習中心。 住宿條件雖好,但因為臨時參加人數爆增,房間編排幾乎成了災難。 助教翻著表格,一臉苦惱:「教授......真的很抱歉,現在只剩一間空房,是兩人房,而且——」 她頓了頓,有些猶豫地看了走廊盡頭一眼。 「跟李旻浩同一間,您......方便嗎?」 韓知城一時間語塞,下意識想問能不能換。 但才剛張口,就看見走廊角落,那道熟悉的身影靠牆站著,一隻手轉著房卡,像早就等在那裡。 「教授也太慢了,我都快睡著了。」 他語氣平靜,眼神落在韓知城身上,有種不動聲色的觀察。 「你怎麼在這......」 「聽說要跟你同住,我當然先來看看環境。」李旻浩將房卡丟進掌心,手指一勾,示意他跟上,「行李給我,樓上走。」 — 一進房,氣氛明顯緊繃。 韓知城站在玄關脫鞋時還在努力裝冷靜:「我睡地上就好,反正只有一晚——」 「不行。」 李旻浩語氣很輕,但語氣裡沒有退讓的空間。他走進房間,順手把門關上,門鎖「咔」一聲輕響,在靜謐的空間裡像被放大了數倍。 韓知城下意識回頭,那一瞬間竟莫名覺得空氣裡多了點危險的氣味。 「我不會對你怎麼樣。」李旻浩彎下腰,把他的行李箱擺到牆邊,「你幹嘛緊張成這樣?」 「我才沒有緊張......」 「是嗎?」他看了他一眼,嘴角微微揚起,「那你耳朵紅什麼?」 韓知城語塞,只能轉身假裝整理被子。 「你以前說過,最怕麻煩。」他低聲問道,「那你這次——幹嘛搶著跟我同一間?」 「因為你不會讓我覺得麻煩。」 那話說得太自然,像是已經確認過千百遍的答案。韓知城卻像被什麼東西輕輕點了一下心口,愣住了。 — 入夜後,屋內只剩床頭燈亮著。 韓知城洗完澡早早鑽進棉被裡,整個人縮成一小團,只露出一雙眼睛。他其實不太敢睡——更準確地說,是睡不著。 另一側的床墊微微下陷,是李旻浩翻身的動作。 「你一直翻身,是背痛還是心事多?」 韓知城嚇一跳:「......你怎麼知道我翻身?」 「我睡得不沉,隔壁的氣息一亂我就知道了。」 「我、我只是......」 他沒說完,卻感覺那雙眼睛還在注視著他,穿透燈光與夜色。 「你是不是很奇怪我為什麼一直對你這樣?」 韓知城咬了咬唇,過了幾秒,才點了點頭。 「我本來的確不打算管太多。」 「可後來發現......你什麼都不說,又總是逞強,然後笑得那麼客氣,好像誰都靠得近,又像誰都靠不近。」 他語氣沒有起伏,卻句句清晰。 「我不喜歡那樣的你。」 韓知城怔住了,一時不知道該反駁什麼。 「但如果是你現在這樣——會困擾、會亂想、會紅著耳朵問我問題的樣子,」 李旻浩聲音低了些,像怕吵醒什麼,「我就想一直看著。」 韓知城臉整個燙起來,翻身把自己整個人埋進棉被裡。 然後,他聽見身邊傳來一聲悶笑。 「你再這樣躲,會悶死。」 「不、不要管我......」 「好,那我不吵你。」 李旻浩語氣像是在妥協,但下一句卻低得幾乎要貼在枕邊: 「只是記得,別再問我為什麼對你好。因為我已經很克制了。」 韓知城整個人僵住,手指緊緊抓著被角,心臟跳得像要破表。 — 他沒看到的是,李旻浩背對著他時,眼神裡有光,卻也帶著壓抑。 這段距離,他會等。 不是因為退讓,而是因為真正想要的,不能急。 等到那個總是小心翼翼的年輕教授,終於有天自己往他走來時—— 那才是,他最想要的答案。 (留言續)",/mnt/d/時間序列/ContextVecNet_Instagram_filtered_new/negative/knowmi_0.0/images/3639356085212067791_73207779627.jpg,0.1720891594886779,"【Trouble Maker】辰旻 *🚗🚗 — 「哈啊...嗯,太深了、不要...」 「還不能走喔~說好要讓我開心的對吧?」 「不要了....啊!」剛爬出一點距離就被黃鉉辰抓住腳踝拉回,突如其來的刺激讓李旻浩忍不住叫了出來,生理性的淚水蓄在眼眶邊緣搖搖欲墜。 — 「哥~」 「嗯?」 「好多stay在問我是怎麼說服你跳女位欸?」黃鉉辰刷著手機,無意見看到了stay們的短片及留言。 「嗯~為什麼呢~」李旻浩坐在一旁看著手機螢幕懶洋洋的回答 「...你沒在聽吧」 「聽著呢,你繼續說~」 「?說完啦!」 「是嗎?」 「...哥」 「嗯...唔!?」 還沒等李旻浩反應過來,黃鉉辰就突然強硬的扳過他的下巴吻了上去「唔...哈..呀黃鉉辰你幹嘛!」 「哥都沒在聽我說話對吧?」 「有...嗯..!」 翻身將還在嘴硬的哥哥壓在沙發上,黃鉉辰露出了意味深長的微笑。「是嗎?那我說了什麼?」 「......」 顯然這哥直到方才還沈迷於動畫片,一個字都沒聽進去,但嘴硬的小兔子是不會放棄狡辯的 「就是...跟stay們有關的嘛!」 「...說謊可是要受罰的喔~」寬大的手掌滑入衣襬,沿著緊緻的肌肉線條細細描繪,惹得身下人一陣顫慄,平時總表現得像個帕波(바보)的人現在卻笑得像隻壞狐狸,原先在腰部遊走的大掌逐漸向上...... 「唔...癢、你很煩......」 李旻浩咬著唇,聲音卻輕的像撒嬌。 「哥聲音怎麼抖成這樣?明明剛剛還很囂張」 黃鉉辰低頭,鼻頭輕輕蹭過小兔子泛紅的耳尖,語氣裡全是壞心眼的笑意。 大手不安份的從背脊滑到腰側,順著曲線向上,指尖在肌膚上像是灼熱的火苗,一點點點燃他的每寸感官 「別、別摸那裡...很癢......」 「可是哥這裡在發燙欸~」 輕咬了口對方的耳垂,讓李旻浩顫了顫,彷彿連呼吸都被奪走。 「我......我真的......」 話還沒說完,黃鉉辰一手扯下他鬆垮的外套,整個人幾乎半裸地躺在沙發上,衣襟散開、鎖骨精緻,臉頰紅潤得像剛熟的蜜桃。 黃鉉辰看得眼神都暗了。 「哥真的超不乖。」 「才、才不是......」 他伸手想推開對方,卻被反手按住手腕,整個人動彈不得。李旻浩猛地別過頭,「不要看......」 「為什麼?哥看起來很可愛啊。」 他忍不住啄了下對方鎖骨,留下淺淺紅痕,然後笑著看著李旻浩瞬間炸毛的反應。 「黃鉉辰你混帳......!」 「真是、哈...你知道自己現在是什麼表情嗎?」 漂亮的眼睛矇著一層水霧,纖長的睫毛輕顫,鼻頭因熱氣而微微出汗,透著淡淡的粉色,被親到紅腫的唇為了喘氣而張開,露出了可愛的兔牙。 「自己看看吧?」 李旻浩被按在梳妝台前的大鏡子上,整面玻璃泛著霧氣,模糊又曖昧地倒映出兩人的身影。 — 「不要再看了......你個、變態...」 李旻浩臉紅得快滴血,試圖側頭躲過自己在鏡子裡的樣子,卻被黃鉉辰一手摁住下巴,強迫他直視。 「怕什麼?哥現在這樣......很好看。 語氣輕快卻帶著壞心眼,那隻作怪的手從腰際一路向上滑,力道像是在撫摸,又像是在挑釁。 李旻浩吸了口氣,耳尖紅得發燙,視線在鏡子裡飄來飄去,卻還是不敢看黃鉉辰的眼睛。 「看著嘛~你現在全身都在發抖,是因為我吧?」 他語氣含笑,卻在李旻浩耳邊低聲補了一句, 「還是......因為你喜歡被我這樣按在鏡子前面弄?」 「黃鉉辰你...唔......」 — 嘴唇被咬住,吞進了所有反駁的氣音。鏡子裡,那個被吻得喘不過氣的自己,衣領早已鬆垮,眼尾泛紅,嘴角還帶著一點水光,整個人像是快融化在對方懷裡。 而身後那人,笑得像只壞狐狸,眼神燙得嚇人。 大掌從背後環過他纖細的腰,緩緩貼上腹部,動作極緩,卻撩得他忍不住戰慄。 「啊......等等、我、我不行...那裡......」 「哥的反應真的超誠實欸......」 黃鉉辰笑聲低沉,唇貼著他的脖頸,呼出的熱氣讓李旻浩整個人顫了一下。 「還說不行......這裡都這麼硬了。」 「黃、黃鉉辰......嗯......」 他已經說不出完整的句子了。全靠鏡子裡的畫面來提醒他現在的模樣多羞恥——凌亂的頭髮、半掀的襯衫、紅透的耳朵、還有那雙渴望又害怕的眼睛。 黃鉉辰在他耳邊輕聲說: 「今晚......哥只能看著鏡子裡的自己,一點都不准躲開,懂嗎?」 他被吻住,聲音吞進吻裡。 鏡子模糊了,身影交纏不清,但喘息與熱度卻清晰無比。 結束後李旻浩的襯衫已經皺的不成樣,扣子也不知去哪了,眼尾紅通通的,整個人像是被揉皺的紙團一樣虛軟。 黃鉉辰哼著歌,把他整個人抱進懷裡,還不忘低頭啄一下他鎖骨上的紅痕。 「去、洗澡啦......」李旻浩嗓音啞到不成樣,還是嘴硬地別開臉。 「好啊~那哥陪我一起洗吧。」 「......我、我自己可以——啊!」 他話還沒說完,就被黃鉉辰整個人橫抱起來,嚇得手一緊環上對方脖子,氣急敗壞地拍他的肩。 「你放我下來!」 「不行,哥腿都軟成這樣了,走得動嗎?」 「......黃鉉辰你這混蛋。」 浴室霧氣升騰的瞬間,李旻浩被輕輕放進花灑下,暖水灑落在發燙的肌膚上,一瞬間彷彿連剛剛的喘息聲都還回蕩在空氣裡。 黃鉉辰一邊幫他沖水一邊假裝無辜地說: 「哥身上好多痕跡哦,要洗乾淨才行,不然給成員看到就糟了。」 「你還敢說......!」 他氣呼呼地想走,卻被從背後一把攬住,額頭貼在他濕漉漉的肩上。 「哥......」 「又怎樣......」 「剛剛你叫我名字的樣子,好可愛喔。」 「你還說!」 (留言續)",/mnt/d/時間序列/ContextVecNet_Instagram_filtered_new/negative/knowmi_0.0/images/3735044029797216546_73207779627.jpg,0.3271195888519287,,,,,,
low_alignment_error,2,qqshanny,0,-1.6136749982833862,0.1660790133792482,0.1330126093082226,1,-1.1274809837341309,0.2446262759758228,0.2395427346368431,1,-0.0785472625965745,FP,False,FP,False,64.0,0.2397686727344989,0.0275154375384867,0.2379759848117828,0.2241091318428516,0.2565940842032432,0.1707878857851028,0.2972694635391235,3.0,35.0,Low,,"我人森的第一次下場打小九洞!!一定要記錄一下⋯⋯很開心🥳很好玩🤭 從去年朋友就約著體驗,我一直很害怕,今天突如其來的勇氣,臨時決定的出發,成就了完美的體驗❣️",/mnt/d/時間序列/ContextVecNet_Instagram_filtered_new/negative/qqshanny/images/3883806197694953977_530368492.jpg,0.1707878857851028,聽說這是年輕妹子最近在流行的app 我們這麼年輕 不能錯過吧🤣🤣🤣 紀錄一下每個小時我4人的行程 整天下來 覺得我們好可愛~~~,/mnt/d/時間序列/ContextVecNet_Instagram_filtered_new/negative/qqshanny/images/3908180732131769413_286759726.jpg,0.2972694635391235,,,,,,
low_alignment_error,0,c_laura_33,0,0.091200865805149,0.5227844259989362,0.3377087362054896,1,-0.0987363010644912,0.4753359586636117,0.3292227008133845,1,0.0474484673353244,FP,False,FP,False,56.0,0.2400800503258194,0.0276845996898063,0.2385668903589248,0.2221524976193905,0.2571415677666664,0.1840607225894928,0.3011099994182586,3.0,29.0,Low,,2025/2/11 day34,/mnt/d/時間序列/ContextVecNet_Instagram_filtered_new/negative/c_laura_33/images/3581545420407287827_299125482.jpg,0.1840607225894928,"【推薦3個育兒照護好物】 老樣子,要讓我非常喜歡的產品才會不斷回購、才會持續使用、才會「激推」!尤其使用在新生兒身上的東西,可不能輕忽 🔺泰陞 • 寶貝液態護膜(噴霧) 還在幫孩子擦凡士林、屁屁膏、氧化鋅嗎?還在煩惱使用量會影響效果嗎?紅屁屁不只寶寶不舒服,照顧者也會很疲勞,因為要比平時更留意,屁屁噴霧真的省時、省力、恢復得快。 這瓶噴霧不止寶寶,私密肌膚較敏感或使用衛生棉易悶癢的女孩們也可以使用。 這牌子有另一款綠色蓋子,適合長期臥床的病患或長輩使用。 🔺貝朵 • 黃櫨樹修護布疹霜 抗拒屁屁膏的我,怎麼還會買「霜」呢?意想不到這款霜竟然還能厚敷!上網認真了解才發現,原來它是針對屁屁已經明顯紅、紅疹、粗糙作為炎、敏、癢急救修護,重點是不含藥性!當然還是要記得勤換尿布。 🔺施必麗乳膏 對於穩定皮脂分泌、粗糙、脫屑很有幫助!妹妹臉部的新生兒青春痘也是擦它好的(照片會發在限動並放精選,近距離拍會覺得有點恐怖,慎入🤣),小兒科醫生表示對脂漏也很有幫助。 以上激推給有需要的人、眾媽媽們🤲🏻",/mnt/d/時間序列/ContextVecNet_Instagram_filtered_new/negative/c_laura_33/images/3352680238147316121_299125482.jpg,0.3011099994182586,,,,,,
low_alignment_error,4,ksitigarbha_dizangwang,0,0.9383102655410768,0.7187582126011004,0.3484527497514231,1,0.6325015425682068,0.6530564627921109,0.3165906383918283,1,0.0657017498089894,FP,False,FP,False,64.0,0.2401092457585036,0.0242824440142775,0.2373213171958923,0.2258628197014331,0.2542366832494735,0.1648698449134826,0.3056461811065674,3.0,33.0,Low,,"四聖諦@ 佛陀教導我們,苦的存在,必須理解;苦的來源,必須放下;苦的斷滅,必須證悟;滅苦的道,必須修行。 理解「苦」,不是僅僅漫不經心地接受苦的概念,而需要嚴肅認真的思惟。 這自然會引領我們去面對「集」:苦的根源。 只有真正認清它,才能放下苦的根源,此時「滅」才有意義。 通過修行,我們能培養正確的見解、禪修和行止,以斷滅自己的苦。 而踐行大乘教法之「道」,我們則能努力戰勝一切有情眾生之苦。 去修行,去培養正確的見、修、行,取決於每個人自己。 當如此做時,我們就是在清除遮蔽自己內在佛性的客塵。 出處🙏🏻阿曲祖古仁波切🌷",/mnt/d/時間序列/ContextVecNet_Instagram_filtered_new/negative/ksitigarbha_dizangwang/images/3872279777688994059_54329542329.jpg,0.1648698449134826,"འཛམ་གླིང་ཞི་བདེ་ཡོང་བར་སྨོན། 🌼🙏 愿世界和平! གལ་ཏེ་དད་སེམས་ཀྱི་ངང་ནས་སློབ་དཔོན་པད་འབྱུང་ལ་སེམས་གཅིག་གིས་ཨོཾ་ཨཱཿ ཧཱུྃ་བཛྲ་གུ་རུ་པདྨ་སིདྡྷི་ཧཱུྃ་ཞེས་གསོལ་འདེབས་བརྗོད་ན་བཀྲ་མི་ཤིས་པའི་སྔ་ལྟས་དང་རང་ལོ། དགྲ་འཁྲུགས། ལྟས་ངན། ན་ཚ། ཆག་སྒོ། ཉམས་ལེན་སོགས་ལ་བར་ཆད་མེད་པར་འགྱུར་ཞིང་བསམ་དོན་མྱུར་དུ་འགྲུབ་པར་འགྱུར་རོ།། 若虔诚祈祷莲花生大士,一心念诵莲师心咒“嗡啊吽班匝格热班玛色德吽”,可化解一切不祥,如本命年、争斗、恶兆、疾病、横祸等,修行无有任何障碍,迅速成就所愿。 དེས་ན་འཛམ་གླིང་ལ་ཞི་བདེ་ཡོང་ཆེད་དང་ཕྱོགས་སོ་སོ་ན་དགྲ་འཁྲུགས་སོགས་མྱུར་དུ་མེད་པའི་ཕྱིར་དུའམ། དེར་རྐྱེན་ལམ་དུ་སོང་བ། རྨས་སྐྱོན་ཕོག་པ་དག་ལ་བསྔོ་སྨོན་གྱི་ཚབ་ཏུ། འཕྲིན་འདི་མཐོང་མ་ཐག་རབ་ན་སིདྡྷི་ཚར་བརྒྱ་དང་བརྒྱད། མ་མཐའ་ཡང་ཚར་གསུམ་རེ་བཏོན་ཏེ་གཞན་ལ་བརྒྱུད་བསྐུར་བྱེད་རོགས། 所以看到此信,我邀请你念一百零八遍或三遍莲师心咒,为了世界和平,为了化解争斗,为了此战争中遇到灾难的众生,把此文传递下去,我们一起祈愿!回向!愿平安。 出處🙏🏻阿曲祖古仁波切🌷",/mnt/d/時間序列/ContextVecNet_Instagram_filtered_new/negative/ksitigarbha_dizangwang/images/3849566576374829213_54329542329.jpg,0.3056461811065674,,,,,,
low_alignment_error,0,xyyc18.02,1,-1.2482564449310305,0.2230021024733084,0.3377087362054896,0,-0.7213282585144043,0.3271005584379576,0.3292227008133845,0,-0.1040984559646492,FN,False,FN,False,50.0,0.2404304900765419,0.0332036491598815,0.2384970337152481,0.2211920544505119,0.2593428790569305,0.1569525748491287,0.3100750148296356,4.0,26.0,Low,,_ 如果就這樣沉睡 好像也不會被世界發現 「北海道の大学情報サイト,/mnt/d/時間序列/ContextVecNet_Instagram_filtered_new/positive/xyyc18.02/images/3793269143722115991_37391163227.jpg,0.1569525748491287,《越洋電話》 _ ⠀ ⠀ ⠀ #phonebooth#電話亭,/mnt/d/時間序列/ContextVecNet_Instagram_filtered_new/positive/xyyc18.02/images/3369293571156356507_37391163227.jpg,0.3100750148296356,,,,,,
low_alignment_error,1,jie__rou__comic,0,-0.5412923097610474,0.3678870093191569,0.3226178336968301,1,-0.8716595768928528,0.2949090959483339,0.4870751093923089,0,0.0729779133708229,FP,True,TN,False,64.0,0.2419963509310037,0.0312649763572516,0.2398577481508255,0.2231476232409477,0.2635402008891105,0.1771080195903778,0.320035845041275,6.0,32.0,Low,,"「你見過這樣的怪物嗎?」 它們藏在悲傷、焦慮、孤單裡——越不願意看見,越會膨脹成形。 這是我最新的作品《滲染 Disseminate》,關於一個人學會面對內心怪物,並與它們共處的故事~ouo 明天就是新一代了。好緊張,現在我的心裡焦慮怪物正在橫衝直撞QDQ #情感插畫#繪畫#插圖#浸染Disseminate #illustration#oc",/mnt/d/時間序列/ContextVecNet_Instagram_filtered_new/negative/jie__rou__comic/images/3627914051145020143_16380823611.jpg,0.1771080195903778,"✨🤖 尋找動力源・試閱前 4 頁公開! 🤖✨ 這次先讓你們看看世界觀+主角萊迪的小小成長背景! 萊迪的經歷,其實有很多地方都偷偷參照了我的求學過程(笑)。 而且我一直覺得現在大家都忙得像機器人一樣,所以整本作品也算是我對這個世界的小小抗議啦 (ノ∀`) 如果某一格或某句話有戳到你,我會超級開心的 💛 另外偷偷說...... 因為這本打算投給出版社看看,所以完整版可能要再等等才能全部公開(掩面///) 但我會努力把能公開的部分慢慢放上來給你們看! 下次更新是 聖誕節賀圖🎄✨ #繪畫#原創角色#digitalart",/mnt/d/時間序列/ContextVecNet_Instagram_filtered_new/negative/jie__rou__comic/images/3783780370462929494_16380823611.jpg,0.320035845041275,,,,,,
low_alignment_error,1,talkheart_1999,1,-0.9772534370422364,0.2734371015927913,0.3226178336968301,0,-0.8824029564857483,0.2926800748755032,0.4870751093923089,0,-0.0192429732827119,FN,False,FN,False,21.0,0.2434198217732565,0.0244707081599904,0.2357658743858337,0.2256048023700714,0.2533161640167236,0.2166820019483566,0.2917479276657104,1.0,13.0,Low,,_ 進去就出不來了 _,/mnt/d/時間序列/ContextVecNet_Instagram_filtered_new/positive/talkheart_1999/images/2745167010871980482_8557559259.jpg,0.2166820019483566,_ 傳聲筒 _,/mnt/d/時間序列/ContextVecNet_Instagram_filtered_new/positive/talkheart_1999/images/2743006077659903681_8557559259.jpg,0.2917479276657104,,,,,,
low_alignment_error,2,jiminin185,0,-1.4884819984436035,0.1841496804727434,0.1330126093082226,1,-1.065192461013794,0.2563184197418796,0.2395427346368431,1,-0.0721687392691361,FP,False,FP,False,64.0,0.2436131723225116,0.025803229507013,0.2433737516403198,0.2285224422812461,0.2601665183901787,0.1766823530197143,0.3018908202648163,3.0,28.0,Low,,很喜歡用嘿嘿這兩個字 給人一種豁達 一種樂觀 一種淡泊名利 一種智商上的難言之隱 嘿嘿 - -,/mnt/d/時間序列/ContextVecNet_Instagram_filtered_new/negative/jiminin185/images/3575831051144738966_54306299360.jpg,0.1766823530197143,"我也曾死纏爛打過一個我很愛很愛的人 那段時間,我整夜整夜睡不著,一個人總是在深夜偷偷掉眼淚。失眠、焦慮、多疑、厭食,這些情緒交織在一起,把我折磨得快要瘋掉。我知道自己這樣會讓你瞧不起,我的卑微也不是故意要給自己加戲,只是因為陷得太深。那些不理智的糾纏,雖然讓你厭煩,但我想說——如果一個人有這樣情緒化的行為,真的只是因為太在意,太害怕失去。 其實,我從一開始就知道我們不可能會有結果,但我還是願意為了你再試一次。這是我的貪心,也是我的劫,我認了。 現在回想起來,那種整晚整晚睡不著,蒙著被子哭得泣不成聲,然後看著窗外慢慢變亮的感覺,這輩子我都不想再有了。這段感情讓我見識過深情,也見識到了冷漠,真的要了我半條命。 但想想也沒什麼好丟人或後悔的,因為人這一輩子,沒羞沒臊地愛一個人的機會,可能就只有這麼一次。若是因為我的退縮而錯過了這個「很愛很愛」的人,現在的我,可能會活在無數個遺憾裡。謝謝你,讓我體會了感情中的所有冷暖。我努力過,爭取過,求過,也鬧過,對於你,我已經再無遺憾。 不得不承認,感情剛開始的時候真的很美好——無話不談,消息秒回,說話溫柔,說到做到,錯了會低頭,沒錯也會哄。可新鮮感一過,「我很忙」「我很累」「我很煩」「我沒空」就成了最常聽見的話。 是我低估了時間的善變,也高估了自己在你心裡的位置。 曾經承諾過的「相伴到永遠」,終究成了過眼雲煙。離開的人,怎麼會記得當初許下的誓言?也只有那些捨不得放手的人,才會活在過去裡。 原諒我的不知廉恥,如果不是真的喜歡,誰又會厚著臉皮沒完沒了地糾纏?回想這段感情,我真的盡力了。我笑了笑,告訴自己,人總不能一直活在曾經。當別人冷眼相待,還要熱臉去貼冷屁股,那才是真正的不禮貌。 時間並不會讓我忘了你,只會讓我習慣沒有你。雖然對你仍然難以忘懷,但我知道,所有的努力都已經證明——我們在一起,並不會讓彼此快樂。即使我付出再多,最終的結局也只有曲終人散。 每一個愛到身不由己、最終選擇轉身離開的人,都是遍體鱗傷後的無奈選擇。每一段變淡的關係,都是別人權衡利弊後的結果。這是我用半條命換來的大徹大悟。 - -",/mnt/d/時間序列/ContextVecNet_Instagram_filtered_new/negative/jiminin185/images/3606805371157352542_54306299360.jpg,0.3018908202648163,,,,,,
low_alignment_error,2,a728391,0,-0.3538233935832977,0.4124555661770722,0.1330126093082226,1,-0.4676358699798584,0.3851759538969876,0.2395427346368431,1,0.0272796122800845,FP,False,FP,False,43.0,0.2436210880445879,0.0188156105267754,0.24687559902668,0.2345557436347007,0.2562544196844101,0.199371263384819,0.2753325700759887,0.0,16.0,Low,,- 攝影:,/mnt/d/時間序列/ContextVecNet_Instagram_filtered_new/negative/a728391/images/2764501352085577985_5455758992.jpg,0.199371263384819,"「如果不能成為別人的禮物,就不要走進別人的生命中」 感恩我的恩師在我出發前送我這段話 成為一路上行事作為的一個標準 問心無愧 盡我所能 近期的各種挑戰 也期盼自己也能像恩師一樣 成為如行動的廟宇,處處給人希望 成為一道光去照耀 感恩教誨 感恩挑戰 感恩信任我的人",/mnt/d/時間序列/ContextVecNet_Instagram_filtered_new/negative/a728391/images/2688828539821890955_5455758992.jpg,0.2753325700759887,,,,,,
low_alignment_error,1,____zy.shihyun,0,-0.3286429345607757,0.4185708546736072,0.3226178336968301,1,-0.4845342636108398,0.3811819980812809,0.4870751093923089,0,0.0373888565923263,FP,True,TN,False,61.0,0.2439515602881791,0.0280319658449008,0.2435696125030517,0.2248885482549667,0.2619958519935608,0.1704607158899307,0.3000351190567016,5.0,28.0,Low,,氣瓶漏了👌🏻,/mnt/d/時間序列/ContextVecNet_Instagram_filtered_new/negative/____zy.shihyun/images/3877873229872274592_1386147865.jpg,0.1704607158899307,就想發張花花 脖子很肥也沒有關係🐱,/mnt/d/時間序列/ContextVecNet_Instagram_filtered_new/negative/____zy.shihyun/images/2514139159294618305_1386147865.jpg,0.3000351190567016,,,,,,
low_alignment_error,2,yellow_lu4novia,0,-1.4704877138137815,0.1868684951893957,0.1330126093082226,1,-1.284087896347046,0.216855176665554,0.2395427346368431,0,-0.0299866814761583,FP,True,TN,False,64.0,0.2453755652531981,0.0354889518917019,0.2501376271247864,0.218341514468193,0.2724593877792358,0.162762776017189,0.3096310496330261,6.0,28.0,Low,,I 👀 U and I ❤️ U,/mnt/d/時間序列/ContextVecNet_Instagram_filtered_new/negative/yellow_lu4novia/images/3593856099226859618_441303620.jpg,0.162762776017189,"深海童話,人魚奇緣,7月12日墜入蔚藍幻境 When the Disney princess 👸 jump into ocean 🌊 💚Ariel Elsa ❤️Mulan 💛Snow White - 暑假限定皮膚已上線💚 💛❤️",/mnt/d/時間序列/ContextVecNet_Instagram_filtered_new/negative/yellow_lu4novia/images/3674401211945730144_441303620.jpg,0.3096310496330261,,,,,,
low_alignment_error,4,yuwen0099,1,-2.3017828464508057,0.090975414039449,0.3484527497514231,0,-2.470735788345337,0.0779353439065833,0.3165906383918283,0,0.0130400701328657,FN,False,FN,False,64.0,0.2470520802307874,0.019398559442951,0.2466839849948883,0.2346511408686638,0.2594804391264915,0.2032870501279831,0.2891063094139099,1.0,24.0,Low,,在細碎的生活里 找到溫柔和憧憬,/mnt/d/時間序列/ContextVecNet_Instagram_filtered_new/positive/yuwen0099/images/3758154245247048668_56029528003.jpg,0.2032870501279831,不小心把溫柔泡太久 變得有點撩人了😆,/mnt/d/時間序列/ContextVecNet_Instagram_filtered_new/positive/yuwen0099/images/3863998652218542415_56029528003.jpg,0.2891063094139099,,,,,,
largest_abs_delta_p,0,painwords.yan,1,1.2524516582489014,0.7777239664156053,0.3377087362054896,1,-0.0896356701850891,0.4776060742122994,0.3292227008133845,1,0.3001178922033058,TP,True,TP,True,64.0,0.2817012062296271,0.011743738916261,0.2840278297662735,0.2769315540790558,0.2894751355051994,0.2447037696838379,0.3027060627937317,21.0,0.0,High,0.3001178922033058,"沒苦硬吃... 新書《你走得很快,我好得很慢》",/mnt/d/時間序列/ContextVecNet_Instagram_filtered_new/positive/painwords.yan/images/3682334220778920685_12093800223.jpg,0.2447037696838379,"努力過了,當沒有了期望,自然就不再執著。 新書《你走得很快,我好得很慢》",/mnt/d/時間序列/ContextVecNet_Instagram_filtered_new/positive/painwords.yan/images/3620057397974317651_12093800223.jpg,0.3027060627937317,,,,,,
largest_abs_delta_p,3,huhuzo1225,0,-1.664375901222229,0.1591754584747331,0.5230274241234272,0,-0.1932387948036193,0.4518400707047204,0.4703367025185562,0,-0.2926646122299873,TN,True,TN,True,64.0,0.2822522176429629,0.0377730152398928,0.2852940857410431,0.2507017031311989,0.3032266572117805,0.2116339057683944,0.3698228895664215,28.0,8.0,High,0.2926646122299873,接招吧這個世界! 我來了呀阿哈🧡,/mnt/d/時間序列/ContextVecNet_Instagram_filtered_new/negative/huhuzo1225/images/3834557097653265424_79954427076.jpg,0.2116339057683944,"每天都要對你說🧡 Every day, I want to tell you this. 🧡",/mnt/d/時間序列/ContextVecNet_Instagram_filtered_new/negative/huhuzo1225/images/3848983391774115008_79954427076.jpg,0.3698228895664215,,,,,,
largest_abs_delta_p,0,who.loved.by.jesus,0,1.4354047775268557,0.8077420461116196,0.3377087362054896,1,0.0615352876484394,0.5153789693952825,0.3292227008133845,1,0.2923630767163371,FP,False,FP,False,22.0,0.281904013319449,0.0288393896722073,0.2905149012804031,0.269794151186943,0.297684945166111,0.1835951656103134,0.3143098950386047,13.0,1.0,High,0.2923630767163371,"“Blessed are those who hunger and thirst for righteousness, for they shall be satisfied.(Matthew5:6 ESV)",/mnt/d/時間序列/ContextVecNet_Instagram_filtered_new/negative/who.loved.by.jesus/images/3663514336552903529_6848616982.jpg,0.1835951656103134,"「他寧可和上帝的百姓同受苦害,也不願暫時享受罪中之樂。」 希伯來書 11 : 25",/mnt/d/時間序列/ContextVecNet_Instagram_filtered_new/negative/who.loved.by.jesus/images/3799098941624221105_6848616982.jpg,0.3143098950386047,,,,,,
largest_abs_delta_p,1,hao_emo520,0,-0.7422723770141602,0.3225074374637849,0.3226178336968301,0,0.4246421456336975,0.6045935391834685,0.4870751093923089,1,-0.2820861017196835,TN,False,FP,True,64.0,0.2564855627715587,0.0156387497203856,0.2570985853672027,0.2471887394785881,0.2674130499362945,0.2031142115592956,0.2860543429851532,0.0,7.0,Medium,0.2820861017196835,更新文案⬇️ 🌃進入主頁 . . . #摩羯#水瓶#雙魚#白羊#金牛#雙子#巨蠍#獅子#處女#天秤#天蠍#射手#語錄#語錄控#語錄分享#文字語錄#愛情語錄#扎心語錄#心情語錄#感情語錄#友情語錄#語錄系列#傷心語錄#失戀#暗戀#友情 #生活,/mnt/d/時間序列/ContextVecNet_Instagram_filtered_new/negative/hao_emo520/images/3611160192412934843_56024471228.jpg,0.2031142115592956,更新文案⬇️ 🌃進入主頁 . . . #摩羯#水瓶#雙魚#白羊#金牛#雙子#巨蠍#獅子#處女#天秤#天蠍#射手#語錄#語錄控#語錄分享#文字語錄#愛情語錄#扎心語錄#心情語錄#感情語錄#友情語錄#語錄系列#傷心語錄#失戀#暗戀#友情 #生活,/mnt/d/時間序列/ContextVecNet_Instagram_filtered_new/negative/hao_emo520/images/3612021696351297057_56024471228.jpg,0.2860543429851532,,,,,,
largest_abs_delta_p,4,shan_min33,1,0.6881436109542847,0.6655538366111193,0.3484527497514231,1,2.305670738220215,0.9093455993930268,0.3165906383918283,1,-0.2437917627819075,TP,True,TP,True,36.0,0.2428701404068205,0.0229295065011166,0.2453857064247131,0.2298883758485317,0.2570046558976173,0.1815690696239471,0.2817966043949127,0.0,14.0,Low,0.2437917627819075,"最近很多人問我解離是什麼!所以我就來啦! 解離(Dissociation)是一種心理現象,指的是個體的意識、記憶、認知、情感或身體知覺的某些部分變得脫離或割裂,難以整合到一個統一的自我經驗中。這種狀態常見於人面對強烈壓力、創傷或情緒衝擊時,作為一種自我保護的心理機制。 解離的表現形式可以包括: 1.解離性健忘:無法回憶起某些特定的經歷,尤其是創傷相關的記憶。 2.人格解離:感覺自己像變成了另一個人,或者有多重人格的經歷(例如解離性身份障礙,DID)。 3.現實感喪失(Derealization):感覺周圍環境不真實,像是在夢中或模糊狀態中。 4.自我感喪失(Depersonalization):感覺自己像是局外人,或者與自己的身體、情緒脫節。 5.解離性恍惚:突然陷入一種無法專注、無法正常回應周圍環境的狀態。 解離的原因 解離通常與創傷經歷有關,例如: •童年時期的身體、心理或性虐待。 •天災等重大災難。 •長期處於高壓或虐待性關係中。 解離的功能 對某些人來說,解離是一種自我保護的心理防禦機制,幫助他們在面對無法承受的情感或痛苦時「逃避」現實。然而,長期的解離可能會影響日常生活和人際關係。 如果你對解離有興趣或相關經歷,了解它是怎麼產生的以及如何處理是很重要的。如果需要,也可以尋求心理專業人士的幫助,特別是當解離狀況影響到生活時。 其實我自己也有解離的症狀,我朋友會突然意識到不一樣的人在跟他們聊天,我自己也會喪失某段記憶的時候,我就知道我解離了。我最近閱讀和觀看大量的文章和影片,也跟我醫生獨自晤談了快一個小時,如果你發現解離了,真的不要害怕,雖然我知道那個不確定性還有你不知道什麼時候會解離是會讓自己徬徨跟感到未知的,只要跟醫生好好配合,服用藥物,再搭配心理諮商,我相信一定也會有好轉的一天。 如果你跟我有一樣的困擾,歡迎跟我聊聊,也希望這篇文章對你們有幫助。 #憂鬱症日記#憂鬱症發作#憂鬱症患者#憂鬱症不可怕#焦慮症#焦慮症發作#焦慮症患者#焦慮症日記#恐慌症#恐慌症發作#恐慌症患者#邊緣型人格#邊緣型人格障礙#心理系#心理#心理學#憂鬱症陪伴#憂鬱症發作#憂鬱症日記 #心理師#心理諮商師#心理測驗#房樹人#自戀性人格#自戀性人格障礙#自戀性格#rtms#解離性障害#解離#失實症",/mnt/d/時間序列/ContextVecNet_Instagram_filtered_new/positive/shan_min33/images/3524389822872034515_40881032480.jpg,0.1815690696239471,正式登出大學了 發個學士服🎓 以下開放祝福明年研究所上岸,/mnt/d/時間序列/ContextVecNet_Instagram_filtered_new/positive/shan_min33/images/3686646586274467272_40881032480.jpg,0.2817966043949127,,,,,,
largest_abs_delta_p,3,mindfullyhk,1,-1.2524173259735107,0.2222819686407794,0.5230274241234272,0,-0.2350901365280151,0.4414966618175855,0.4703367025185562,0,-0.2192146931768061,FN,False,FN,False,62.0,0.3172698090634038,0.0630484448448241,0.3060149550437927,0.2783607989549637,0.3633784875273704,0.1919085383415222,0.4488911926746368,40.0,7.0,High,0.2192146931768061,"進退也共鳴 信報專欄 : 心之旅程 06-05-2025 作者: 蔡瀚棕 • 澳洲註冊臨床心理學家 • 資深基模治療師 「事與冀盼有落差 請不必驚怕」陳奕迅 眼前的M眼神空洞地說:「我就是不行。」他才 20 歲,卻像提早放棄了年輕人應有的可能。他不上學、不工作,也幾乎沒有朋友,躲在房間裡看 YouTube、打遊戲,偶爾幫爸媽做些家務。他試過參加短期課程或做義工,但從沒超過兩個星期,最後總是以一句「我不想去了」告終。 我天生就不如人 M 的困境來自「失敗者」基模──那是一種根深蒂固的信念:我不夠聰明、不夠能幹,反正一定會失敗,何必嘗試?這不是「我不好」的自卑感,而是「我能力上不如人」的定案。因此,他們傾向逃避挑戰,以避免再次確認「我不行」。 缺乏適切的引導 M 的基模並非源於責罵或羞辱。他從小有專注力不足/過度活躍症,卻未被診斷。靠天份走過小學,升上中學後就吃力了。M與一位學業優秀的朋友良性競爭。只是這位朋友在學術上表現確實突出,而 M 又沒有得到針對專注力問題的幫助,結果兩人的差距愈來愈大。 M吃力追趕只換來挫敗,演變成焦慮,然後氣餒,最後便是放棄,承認自己不如人,我就是做不好。 期待落空和愧疚 中三那年,M 因病休學數週,竟讓他有一絲解脫:終於不用再面對又落後的壓力。這一逃,便是六年:不上學、不見朋友、不出門。父母從未責備,不斷嘗試幫助他──安排心理諮詢、鼓勵參與短期課程或義工、嘗試為他創造社交和興趣機會。 然而長年的逃避讓父母漸感氣餒與無奈,說出口的話卻依然溫和:「沒關係,我們再想想其他方法吧。」那不是冷漠,而是一種壓抑情緒的溫柔。但越是這樣,M 越覺得對不起他們。 「我覺得我拖垮了整個家。我讓他們對人生也沒信心了。」M 自責地形容自己像個錨,拖著整個家庭沉下去。 M的逃避不是單純的懶惰或拖延,也不只是缺乏引導,而是一種扛不住內疚與自責的自我放逐。 他需要重新理解這些情緒:內疚不代表他沒用,反而證明他其實一直想連結、想嘗試,只是不知如何避免歷史重現。 避免過早「鼓勵」 治療「失敗者」基模,不能急。這不是鼓勵幾句、訂個讀書計畫就能解決的問題。因為對M來說,連踏出第一步都充滿威脅。一旦再失敗,就又一次驗證「果然我不行」。 我先陪伴他去看見那些「什麼都不想做」的背後,是一顆怕讓人失望的心,保護爸媽免受難過失望之苦,也讓M不用承受那種沉重。 有一次我對 M 說:「也許你爸媽的臉上看起來是失望,但他們心裡還是愛你的。他們只是太久沒有看見希望了,也累了。但他們從未放棄你。」 他愣了一下,眼眶突然泛紅。原來,被愛這件事,對他來說早已變成一種壓力──彷彿自己必須變好、要有進展,才值得被愛。 當每一個人都想「做對點什麼」來扭轉困境,那個無法馬上改變的孩子,反而會陷入更深的自責與退縮。 治療的其中一步是傳遞一個訊息:「我們不是因為你變好了才愛你,而是因為愛你,所以我們願意在還不知道怎麼辦的時候,一起等、一起學習、一起相信還有可能。」 「失敗者」基模不總是來自苛刻的家庭,有時也來自善意但承受不了失落的環境。 當被深刻地理解和接納,M才逐漸放下「馬上做成一件大事」的執著,容許自己從小目標開始,容許試錯,也接受「願意嘗試」已經夠好。矛盾地,允許自己有練習和調整的空間,M才能慢慢學習,感覺到「原來我可以」。雖然有時還是會退縮,但M不再視那為「失敗」,而是學習的一部分。 延伸視頻: 失敗者基模",/mnt/d/時間序列/ContextVecNet_Instagram_filtered_new/positive/mindfullyhk/images/3626486307623245217_44478064139.jpg,0.1919085383415222,"📢 Final Call! 📢 Are you ready to elevate your Schema Therapy expertise & skills with Chris Hayes and Beatrice Ng Kessler? Our last ISST-accredited Schema Therapy LEVEL II program in Hong Kong is approaching! This is a perfect opportunity for professionals eager to go beyond the basics and deepen their practice. Don’t miss your final chance to join a dynamic learning environment — exchange ideas, share experiences, and advance your Schema Therapy journey! 🚨 Register now: Link in Bio🚨 We look forward to seeing you there! Date: 16-18 Oct 2025 (3 full days) Time: 0900-1700 Venue: Causeway Bay, Hong Kong",/mnt/d/時間序列/ContextVecNet_Instagram_filtered_new/positive/mindfullyhk/images/3734333799611315522_75247019053.jpg,0.4488911926746368,,,,,,
largest_abs_delta_p,1,mu._.studaily,1,-0.3128482699394226,0.4224196611697065,0.3226178336968301,1,-1.365060329437256,0.2034190969661398,0.4870751093923089,0,0.2190005642035666,TP,False,FN,True,63.0,0.2547903936060648,0.0250647654510313,0.2570335268974304,0.2395037561655044,0.272844448685646,0.1902345716953277,0.3047525882720947,4.0,18.0,Medium,0.2190005642035666,- 上班第一天! 超級好笑我覺得自己超像笨蛋的 要學的事情有很多 請加油哦🤲🏻 隔壁同事說我可以換自己喜歡的電腦桌布 於是我登登登登地換成黑貓 黑貓應該沒有什麼諧音諧義會招來不好的事情吧(? 第一天算是和諧落幕 接下來有得跑了齁齁 酷斃了我的工作,/mnt/d/時間序列/ContextVecNet_Instagram_filtered_new/positive/mu._.studaily/images/3849011542079647918_62475732843.jpg,0.1902345716953277,- 用OK繃當書籤🔖 今天好忙 到處跑來跑去 晚上要再努力一下下 希望今天能讀書讀滿五小時!,/mnt/d/時間序列/ContextVecNet_Instagram_filtered_new/positive/mu._.studaily/images/3662069390853416632_62475732843.jpg,0.3047525882720947,,,,,,
largest_abs_delta_p,3,will_be._.fine,1,-0.5949013829231262,0.3555110414063983,0.5230274241234272,0,-1.84099543094635,0.1369336072418912,0.4703367025185562,0,0.2185774341645071,FN,False,FN,False,64.0,0.2767579157371074,0.0321250846443745,0.2838280349969864,0.2526129782199859,0.2964379489421844,0.2163913398981094,0.393378734588623,29.0,12.0,Medium,0.2185774341645071,/ 加油 你得嘅👊🏻🔥 . #醫生,/mnt/d/時間序列/ContextVecNet_Instagram_filtered_new/positive/will_be._.fine/images/3065274771769538481_13200562389.jpg,0.2163913398981094,/ To my lovely doctor (Dr. SMW) 多謝你呢4年嘅支持同鼓勵 除咗你嘅職責外 你都幫咗我唔少 由一開始嘅認識 到我覺得你講嘢好直接 我唔鍾意你 仲唔想見你 然後我之前嘅心理學家同我講醫生只係負責處理藥物上嘅問題 佢都只係直接咁表達病人嘅真實需要 佢冇錯 我都冇錯 我明白咗 之後一直都係以呢個理念去睇醫生 之後就漸漸冇咗之前嘅唔鍾意 後來 我當咗佢係part of my life 冇咗佢唔得 上一次佢放產假 我真係捱得好辛苦 到今次 都係好多唔捨得 佢有強調過佢會返嚟 佢依然係我嘅主診醫生 ❤️ 4年了 後面係2025.11.26 再同我講嘅嘢 :你唔係唔得只係對自己冇信心 :你比之前進步咗好多 :你可以的 :好困難就表達下 :呢個世界冇說公唔公平 :優秀的人做嘅嘢會比較多 :慢慢黎 之前要好耐pick up 而家1/2星期 之後可能1星期/更快 :你做得唔差 :你都叻 :問題一黎 內心會唔安樂 平心靜氣去解決 多謝你嘅出現 I love you so much and wish you all the best 💕,/mnt/d/時間序列/ContextVecNet_Instagram_filtered_new/positive/will_be._.fine/images/3777159235969857067_13200562389.jpg,0.393378734588623,,,,,,
largest_abs_delta_p,2,poem_chao,1,1.3468362092971802,0.793611905795912,0.1330126093082226,1,0.3960696458816528,0.5977429850988994,0.2395427346368431,1,0.1958689206970125,TP,True,TP,True,58.0,0.271607772286596,0.0281301512765518,0.2786425054073334,0.2617418095469475,0.28904939442873,0.1877523511648178,0.3115559816360473,15.0,6.0,Medium,0.1958689206970125,天高地厚,/mnt/d/時間序列/ContextVecNet_Instagram_filtered_new/positive/poem_chao/images/3658961327772839920_8032646796.jpg,0.1877523511648178,"〈理財知識4〉-投資淺談:選對人、選對公司,比什麼都重要 參考巴菲特的老搭檔(可能是Gay友)查理・蒙格的想法,如果要投資,請耐心地長期投入,關注一家你真正有興趣、也相信它價值的公司。 我個人(非常不負責任地)認為,虛擬貨幣差不多可以拋了。不是說區塊鏈沒價值,而是現在大多數幣的價格,都是建立在一種「集體信仰」上。只要人們不再賦予它意義,它就會瞬間蒸發。畢竟,它本身並沒有實體、也沒有穩定的現金流。 相反的,房子和土地是實存的東西。我認為,只要負擔得起,早點買房總比晚點好。租房壓力太大了,房租年年漲;雖然繳房貸也很辛苦,但至少最後那棟房子是你的。而租房,只是替房東養房。 當租房需求下降、房東的持有成本上升,部分房東會考慮賣房。這時市場供給變多,加上購屋族持續進場,房價才可能真正鬆動、修正。與其等房價跌,不如自己成為供給增加前的先行者。 再談談股票投資,如果你看不懂一家公司在幹嘛,那就別投,把錢拿去買樂透,或是養毛小孩療癒自己算了。我建議選擇「有永續性、有未來性」的產業,例如能源轉型、電動車、半導體、AI相關等。(甚至是文化跟身心靈產業,看!唐老師多賺!) 創辦人也是關鍵。我非常推崇馬斯克這種人,即使他的股票再貴,我也建議買來放著。因為他不是單純為了賺錢,而是在解決人類的問題。這種人會持續學習、持續突破,比起只想「建立護城河、壟斷市場」的老派企業家,我認為更能帶領公司活得長久。 以短期來看,輝達(NVIDIA)還是可以玩一陣子的。AI晶片的主導地位,加上市場狂熱,讓它成為投資市場的寵兒。但長期看,我對它的創辦人黃仁勳保持保留。他很會拼市場沒錯,也建立了CUDA的生態系,但給我的感覺,更像一位競爭者,以前那種讀書是為了考試、贏別人的傢伙,而不是一位「終身學習者」或「開創者」。 他曾在台大演講叫大家「跑起來」,我聽了其實有點錯愕和傻眼。現在誰不過勞了?還在鼓勵跑更快,是要跑去哪?投胎嗎?你知道台灣已經多少人過勞小至失眠、大至精神病了嗎?更何況,你自己在夜市、餐廳吃美食的時候,不如先把中文學起來(笑)。 總結來說: 投資需要耐心,更需要觀察公司的靈魂人物。投資股票要慎選,別被表面迷惑! 一間公司終究是要營利,但如果它的願景是為了讓人類活得更好,那它走得才會長、也走得更遠。 我看好馬斯克帶我們飛向宇宙!石油開採完的那一刻,特斯拉將奔馳在中東的沙漠中! 黃仁勳 馬斯克 你更愛誰呢? (投資有賺有賠,本文純屬個人觀點,不負任何投資上的責任)",/mnt/d/時間序列/ContextVecNet_Instagram_filtered_new/positive/poem_chao/images/3692115678250900575_8032646796.jpg,0.3115559816360473,,,,,,
largest_abs_delta_p,3,chrislin_0208,0,-1.4165207147598269,0.1952076052713559,0.5230274241234272,0,-0.4859270751476288,0.3808535129314687,0.4703367025185562,0,-0.1856459076601128,TN,True,TN,True,64.0,0.2436256217770278,0.0286187172304622,0.2455123588442802,0.2229311764240265,0.2601348683238029,0.1887567639350891,0.3247030973434448,4.0,27.0,Low,0.1856459076601128,"生命的底片,永遠留下那一段美好。 只是⋯⋯底片也有用完的那一天 。゚(゚ ́Д`゚)゚。",/mnt/d/時間序列/ContextVecNet_Instagram_filtered_new/negative/chrislin_0208/images/3422098048011717268_1422110297.jpg,0.1887567639350891,"非常時期,非常重要。 Stay home,save lives.",/mnt/d/時間序列/ContextVecNet_Instagram_filtered_new/negative/chrislin_0208/images/2574844423609238500_1422110297.jpg,0.3247030973434448,,,,,,
largest_abs_delta_p,3,ryouliao,0,-1.3051490783691406,0.2132997109573982,0.5230274241234272,0,-3.242340326309204,0.0376031044666909,0.4703367025185562,0,0.1756966064907072,TN,True,TN,True,64.0,0.2598665084224194,0.0360409764741719,0.2637061029672622,0.2360902465879917,0.2847451940178871,0.1240140050649643,0.3385812938213348,15.0,21.0,Medium,0.1756966064907072,台南旅遊 DAY1~ Let’s Fun !😎😎 ❤️,/mnt/d/時間序列/ContextVecNet_Instagram_filtered_new/negative/ryouliao/images/3674398337315917958_3628062463.jpg,0.1240140050649643,"「健走日記」- 獅山古道(獅頭山) 獅山遊客中心-獅頭山492m 來回6.7km 就是個流水帳記錄! 磨磨蹭蹭的下午2點半起爬,4點半就下山了! 陪老爺來活動筋骨,覺得沒時間上到三腳點就得中途陪老爺折返~ 所以整路也就各走各的。 學會看”離現地圖” 時間顯示⋯我,腳步快了 除了能在預期時間到達,還讓我練個肺活量🌬️ 緩坡小跑上到山頂 欣賞一波美景~ 幾年登山小白,知道這小百岳不難爬 難 是難在我無法加快並學會控制速度~ 跟進步顯著的人比,我永遠都是落後的! 就像~不會念書永遠不可能有榜首之日, 但我努力花時間也一定能完成! 學會「用時間 換 速度」 現在~ 我也能享受自我控制的進步! 享受 並 舒服的感覺!! 🏔",/mnt/d/時間序列/ContextVecNet_Instagram_filtered_new/negative/ryouliao/images/3538136728437838465_3628062463.jpg,0.3385812938213348,,,,,,
largest_abs_delta_p,2,psylee01,0,-0.2550401985645294,0.4365833257370131,0.1330126093082226,1,-0.9905354380607604,0.2708063315818323,0.2395427346368431,1,0.1657769941551807,FP,False,FP,False,59.0,0.2622057373745967,0.0353211815463244,0.2641717195510864,0.2402737066149711,0.279678612947464,0.191109299659729,0.3626430928707123,9.0,15.0,Medium,0.1657769941551807,"今天是國際寵物日的後一天(4/12),送你神秘白白手",/mnt/d/時間序列/ContextVecNet_Instagram_filtered_new/negative/psylee01/images/3344236592154636438_6981538509.jpg,0.191109299659729,"EP98:我中風了|我親愛的同事-前職能治療師公會全聯會理事長張自強博士/談職能復健 穗波中風出院初期,他的好同事兼專業的朋友張自強主任,在穗波出院的第二天,即來探望,帶給穗波很重要的職能復健建議,此集闡述中風患者的復健關卡、𣈱談職能治療和物理治療的區別及介紹職能治療專業的運用。最神奇的是穗波心理師的貓首次見自強主任,就直接貼上去了! 歡迎聽聽這集Podcast ! feat. 小玉的媽及張自強博士 預計113/9/6 1600上架 附上Podcast連結:",/mnt/d/時間序列/ContextVecNet_Instagram_filtered_new/negative/psylee01/images/3450169535313191749_6981538509.jpg,0.3626430928707123,,,,,,
largest_abs_delta_p,3,yi_wen_even,1,-1.4151887893676758,0.1954169378262196,0.5230274241234272,0,-0.5743786096572876,0.3602270986362796,0.4703367025185562,0,-0.16481016081006,FN,False,FN,False,64.0,0.2528650350868702,0.0330063792913858,0.2548526525497436,0.2271115742623806,0.2753711491823196,0.1989599913358688,0.3250094652175903,11.0,26.0,Medium,0.16481016081006,Happy Valentine‘s Day,/mnt/d/時間序列/ContextVecNet_Instagram_filtered_new/positive/yi_wen_even/images/3832177043681976423_1384717937.jpg,0.1989599913358688,"《印象派—從莫內到美國:光・跨越海洋》 Frontiers of Impressionism: Paintings from the Worcester Art Museum 雖然我喜歡這個展覽,但是我不喜歡他用莫內當作吸引大家的標題,因為其實只有一張莫內的作品。 雖然我本來就喜歡印象派,但是我喜歡這個展覽還有一個原因是因為,他有著和以往看到的不同的角度,以往看到的多數都是歐洲印象派的起源、發展、影響,然而這個展更多的是在講述美國這邊的印象派的發展,我喜歡這個角度。",/mnt/d/時間序列/ContextVecNet_Instagram_filtered_new/positive/yi_wen_even/images/3725895967779780712_1384717937.jpg,0.3250094652175903,,,,,,
largest_abs_delta_p,0,yuehchungsu,0,-1.5359424352645874,0.1771258996562111,0.3377087362054896,0,-0.6764369010925293,0.3370570127435545,0.3292227008133845,1,-0.1599311130873434,TN,False,FP,True,39.0,0.2678222258885701,0.0421700545737374,0.2669546008110046,0.2459509968757629,0.2953075319528579,0.1629163920879364,0.3622326254844665,13.0,9.0,Medium,0.1599311130873434,我終於有了最強的 AI Tool。,/mnt/d/時間序列/ContextVecNet_Instagram_filtered_new/negative/yuehchungsu/images/3855486745438276787_2321868971.jpg,0.1629163920879364,🇺🇸打算退出聯合國🇺🇳 TODAY: Based Senator Mike Lee Introduced Legislation to Withdraw US From United Nations 🇺🇳是廢物 — 查不出來,/mnt/d/時間序列/ContextVecNet_Instagram_filtered_new/negative/yuehchungsu/images/3573382132388539075_2321868971.jpg,0.3622326254844665,,,,,,
largest_abs_delta_p,3,thepetpope,0,-0.6126773357391357,0.3514487036157898,0.5230274241234272,0,-1.436531901359558,0.1920829780921713,0.4703367025185562,0,0.1593657255236184,TN,True,TN,True,64.0,0.2581141164992004,0.0377137119893859,0.2524080127477646,0.2344143576920032,0.27194494754076,0.1999597549438476,0.4067824482917785,8.0,21.0,Medium,0.1593657255236184,"你丟,誰撿? 昨天在限動上分享了開心狗狗在海灘上狂奔撿球的影片 收到好多私訊... 於是有了這篇亂畫文!🤪 沒畫到的歡迎留言敲碗,碗敲破的看看有沒有下集!",/mnt/d/時間序列/ContextVecNet_Instagram_filtered_new/negative/thepetpope/images/3544851116821731189_54678028093.jpg,0.1999597549438476,"🍀 Saint Patrick’s Day 小知識 + St. Pittie’s Day 比特犬日🐶💚 每年 3/17 的 Saint Patrick’s Day(聖派翠克節),原本是為了紀念愛爾蘭的守護聖人 Saint Patrick,3/17是他逝世的日子。 傳說他用三葉草向人們解釋信仰,三葉草的三個葉子分別代表基督教的三位一體,因此「☘️三葉草、綠色」就成了這個節日的象徵。 如今這一天在美國也變成充滿綠色、遊行、音樂、暢飲啤酒、吃愛爾蘭傳統食物的文化節日。 在美國許多動物收容所,將3/17定為「St. Pittie’s Day」 🐾取Saint Patrick’s Day 的諧音(對!美國也有諧音梗🤣) 「Pittie」是大家對 Pit Bull 比特犬的暱稱。因為比特犬長期被社會大眾誤解是極具攻擊性的惡犬,因此成為收容所裡比較難被領養的狗狗之一。 於是許多收容所會在 St. Pittie’s Day 推出領養優惠、宣導活動,幫助更多比特犬找到溫暖的家。 Pit Bull其實不是單一品種,而是一個統稱,通常包含幾種外型和血統相近的犬種,例如: American Pit Bull Terrier 美國比特鬥牛梗 American Staffordshire Terrier 美國史塔福郡梗 Staffordshire Bull Terrier 史塔福郡鬥牛梗 American Bully 美國惡霸犬 牠們都有相似的外型:強壯肌肉、寬頭與強力下顎 短毛、體型結實 但其實比特犬們在良好社會化及訓練下 可以是非常親人、忠實的家庭陪伴犬 🍀 用一點幸運,為比特們找一個家 也許今年的 St. Patrick’s Day 最幸運的不只是你,而是一隻終於等到家的 pittie!",/mnt/d/時間序列/ContextVecNet_Instagram_filtered_new/negative/thepetpope/images/3853872583918514552_54678028093.jpg,0.4067824482917785,,,,,,
largest_abs_delta_p,3,powxd01,0,-1.5407373905181885,0.1764281054649028,0.5230274241234272,0,-0.6862400770187378,0.3348700081173745,0.4703367025185562,0,-0.1584419026524716,TN,True,TN,True,3.0,0.2788875897725423,0.00938540153356,0.2794659733772278,0.2743461728096008,0.2837181985378265,0.2692263722419739,0.2879704236984253,0.0,0.0,Medium,0.1584419026524716,"如果真有鬼神, 那也真如同是夢中見的修煉,",/mnt/d/時間序列/ContextVecNet_Instagram_filtered_new/negative/powxd01/images/3880353586126978819_8376147507.jpg,0.2692263722419739,無規矩不成方圓!,/mnt/d/時間序列/ContextVecNet_Instagram_filtered_new/negative/powxd01/images/3875528197391146803_8376147507.jpg,0.2879704236984253,,,,,,
largest_abs_delta_p,4,opheliecc,1,0.3085461258888244,0.5765303473430782,0.3484527497514231,1,1.005101203918457,0.7320603532532667,0.3165906383918283,1,-0.1555300059101885,TP,True,TP,True,62.0,0.2864221300809614,0.0294452142937748,0.2913762331008911,0.2697139605879783,0.3048726469278335,0.2179039716720581,0.3634139895439148,35.0,5.0,High,0.1555300059101885,"謝謝 邀請,有幸寫下這棵千年古樹與酒店的傳奇🏡🥰 AI年代,團隊難得仍然願意花時間與人力物力,一絲不苟去訪問、多角度拍攝、認真設計版面、尊重文字價值,讓讀者能夠欣賞和細嚼種種建築背後承載的人文歷史與文化,實在難得💕 有幸參與其中,實在是莫大的福氣🥰 今次故事的主人翁,從水壩拯救千年古樹、古宅遠遷700公里,我執筆也深受感動:在今天事事講求效益,連知識也追求「速食」的年代,竟然還有那麼多人願意為保存人文歷史,讓古樹、古宅避過沒頂之災,還遊人天地的靈氣,實在令人鼓舞! 原來,只要有夢想,沒有不可能😉 //潮流興起「 」以林木靈氣洗滌心靈,樹蔭下陽光穿透,的確給遊人一種穿越時空的靜謐感以至天地共融的清淨感,畢竟這棵千年樹王本具一份沉穩的氣度。它經歷過我們只能從歷史書讀過的明朝和清朝朝代更迭,默默見證一代又一代的滄海桑田。// //人生匆匆數十載,站在這棵至少千年歷史的香樟樹王的樹蔭下,頓感人人不過是浩瀚歷史長流的過客,但可別小看每個人的力量! 2002 年,一名上海企業家心痛家鄉撫州這棵千年樹王勢將隨着水壩建設永沉水底,於是合眾人之力將樹王、一萬餘棵香樟樹以及五十棟明清古宅的一磚一瓦,逐一遠遷至七百公里外的上海閔行區馬橋鎮重建,堪稱現代愚公移山! 眾人說他太瘋癲?偏偏樹王也不負所望,捱過三年水土不服後,慢慢從光秃秃的枝頭長出嫩葉,目前佇立在 的中央庭院,為樹下遊人提供護蔭,以報這段人樹奇緣。//",/mnt/d/時間序列/ContextVecNet_Instagram_filtered_new/positive/opheliecc/images/3762837496628696235_13374490.jpg,0.2179039716720581,"超感動🥰剛剛收到我有份撰寫、從遠方寄來的 2026年年鑑《The Next Chapter: 重新出發》,今年還附有這封寫給文字工作者的感謝函,裏面的字字句句都看得我熱淚盈框 在職場打滾20多年,遇過很多挫折甚至敵意,但我仍然願意選擇善良,力量就是來自生命裏這些善良得令我大受感動的人。就像這本書的加拿大華人團隊—一群願意投入熱情與天賦期望「以深思與善意帶領社會,彼此扶持、共同成長」的人,這句出自主編 Deborah Lau-Yu的話,足見他們對世界那份熱誠和愛。 這本書很有重量,重達一公斤,相片、排版設計以致印刷每一頁都一絲不苟,在這個掃屏速食年代,實在難得一遇,竟也給我遇到🥰 《The Next Chapter: 》書中收錄了很多企業家、名人娓娓道來生命不同階段的奮鬥,例如我寫的溫哥華房地產巨擘 ,別人看他出身名門、風光無限,但衣食無憂背後,童年反而滿載考驗與磨練。其實,我邊寫邊自忖,換我是他,我能有他的堅靭嗎?在這樣嚴酷的成長環境下,我真的還能堅持活出使命? 而殿堂級美食家 的成功,讓我看到了生命的無限可能與希望,執筆時連自己都感動:忠於自己,做自己「由衷熱愛和好奇的事」,自會創出自己也意想不到的天空!就像她在訪談中坦言:「我不會說那是一個夢想,因為我做夢也沒想過。」 這句話讓我放膽做自己!當下我希望花一點時間回歸自己內在,這段日子的體驗讓我感受到 的 和 🥰我知道內在的成長也許無法讓別人看見,也許看起來很 甚至有點懶,但我很喜歡這個終於不急着向外界證明自己的我。 ,就是這樣的一回事😎我們每個人其實都有 的能力,The Next Chapter就等你自己揭開!😉 說起來,裏面的主題、背後出版的精神,正正是是我目前人生階段一個的提醒🥰 Chinoise",/mnt/d/時間序列/ContextVecNet_Instagram_filtered_new/positive/opheliecc/images/3808354927698222683_13374490.jpg,0.3634139895439148,,,,,,
largest_abs_delta_p,0,sunrise1225,1,0.4217374920845032,0.6038989416136452,0.3377087362054896,1,1.10335373878479,0.7508879676697161,0.3292227008133845,1,-0.1469890260560709,TP,True,TP,True,64.0,0.2436138328630477,0.0280120558565287,0.2436412572860717,0.2218732684850692,0.2636714726686477,0.191010445356369,0.3106354176998138,4.0,29.0,Low,0.1469890260560709,Helen - 無數次的練習 無數次的等待 懸著一顆心 沒有你的答案 永遠無解 時間的煎熬 每分每秒 希望在現實中有突破 希望在失敗裡找關鍵 生活中的大人 並不美麗 含著淚水說著我很好 其實都是故事 只是有沒有人要聽而已 偷點陽光 心情變心晴 品嚐美食 嘴角呈上揚 日子雖不是每天都美好 但小快樂小美好總會存在的 明天 也許會下雨 也許是晴天 又何妨 來點音樂吧🎶🎶,/mnt/d/時間序列/ContextVecNet_Instagram_filtered_new/positive/sunrise1225/images/3617196319091542987_1564074847.jpg,0.191010445356369,Helen _ 春風吹拂 隱約帶著冷淡的語氣 妳不屬於任何人的 我知道 春雨綿綿 挾帶著寒酸的揶揄 妳不屬於這裡的 我知道 白雪公主的眼淚 其實 是小矮人的詭計 讓皇后獨吞了蘋果 顆顆的淚水 飄成了粉紅泡泡 越來越多 公主從此消散在其中 王子殿下也揮揮手地說 明年見了 童話故事都是騙人的 寫到這裡 季節的更迭早已開始 捉摸不透的氣候 花兒多樣的盛開 也是心花開的好時節 過去的就讓它過去 開始的就讓它開始 屬於春天的故事 其實你正在慢慢地寫著 🌸🌸,/mnt/d/時間序列/ContextVecNet_Instagram_filtered_new/positive/sunrise1225/images/3844775997468830785_1564074847.jpg,0.3106354176998138,,,,,,
largest_abs_delta_p,3,cancerfighter211,1,1.7038002014160156,0.8460304115906703,0.5230274241234272,1,0.8549585938453674,0.7016062851061614,0.4703367025185562,1,0.1444241264845088,TP,True,TP,True,63.0,0.2558464616064041,0.032549913327025,0.2570220828056335,0.2349042668938636,0.2777741551399231,0.193581610918045,0.3144915699958801,11.0,22.0,Medium,0.1444241264845088,我是一名罕病患者 在24歲那年 我下了一個人生最重要的決定 那就是我要去世界的盡頭 冰島 起初媽媽持反對意見 他說你今天萬一在異國他鄉 又再次病倒了該怎麼辦 我說或許我的人生本來就是一盤大富翁 走到終點前 進了三次監獄 (意味著一次腦癌及兩次的癌症復發) 現在全面放著的是機會和命運 我的命運是醫生告訴我我的腦癌隨時會復發 我的機會是我現在能走能動 還能去世界的盡頭看一看 那或許我接受了我不可抗拒的命運 但因為我選擇了機會 所以我能夠很勇敢的告訴自己 不用再怕了 不用怕死 因為我已經把握住機會 能在這世界上留下我25歲最精彩的樣貌 #腦癌#死亡#勇敢,/mnt/d/時間序列/ContextVecNet_Instagram_filtered_new/positive/cancerfighter211/images/3411308603247182785_48515132959.jpg,0.193581610918045,化療真的很辛苦 第一次跟第二次生病時 做化療加電療 吃東西沒味道(不是確診) 頭髮一直掉 那時連鼻毛都是一搓的掉 最後我變成了光頭 在我復學後卻是以沒有頭髮的我 面對大家 可想而知我也被霸凌了 當時同學說了一句話 讓我到現在還一直很受傷 有同學碰到我的東西 另一個人就說噁你會被他傳染 我當時真的很受傷 坦白說到現在也還是 我總是會想 生病又不是我自願的 為什麼要說的好像是我的問題 曾經在腦海裡想過輕生無數次 到最後我還是活下來了 想用我活得好來證明 就算我生病那又怎樣 我一樣比你們強 記得那次我還考了全校第二名 大家都嚇一跳 畢竟我已經休學一段時間 這個故事是為了告訴大家 那些傷害我們的並不可怕 他們都只是我成長路上的一株草而已 不足以改變我 #抗癌日記#霸凌,/mnt/d/時間序列/ContextVecNet_Instagram_filtered_new/positive/cancerfighter211/images/2903957875057888819_48515132959.jpg,0.3144915699958801,,,,,,
largest_abs_delta_p,3,zoezoeliao,1,-1.492874026298523,0.1834907436154494,0.5230274241234272,0,-0.7391194701194763,0.3231967214034176,0.4703367025185562,0,-0.1397059777879682,FN,False,FN,False,64.0,0.2165472314227372,0.0172861138707419,0.2157256081700325,0.2049249038100242,0.2294109389185905,0.1829841434955597,0.2501214444637298,0.0,56.0,Low,0.1397059777879682,逃出牢籠後要往哪邊走呢?,/mnt/d/時間序列/ContextVecNet_Instagram_filtered_new/positive/zoezoeliao/images/3801320371589884096_70119257256.jpg,0.1829841434955597,穿山王擬人,/mnt/d/時間序列/ContextVecNet_Instagram_filtered_new/positive/zoezoeliao/images/3692056236465706935_70119257256.jpg,0.2501214444637298,,,,,,
multimodal_false_positive,3,ed.stories,0,2.720897674560547,0.9382485638466918,0.5230274241234272,1,2.142805814743042,0.8949945912986934,0.4703367025185562,1,0.0432539725479983,FP,False,FP,False,64.0,0.2606092533096671,0.0162181474311773,0.2627435028553009,0.2517233863472938,0.2723799422383308,0.2061319649219513,0.2918647825717926,3.0,9.0,Medium,,"《世界好像在原地轉圈》 世界好像在原地轉圈 進食、饑餓、再進食 慾望、洩慾、再慾望 歷史、重演、再歷史 新年、變舊、再新年 繞一大個圈之後又再 歸於寂靜,寂靜過後 世界還是在站在原地 原地並沒有甚麼不好 繼續繼續繞另一個圈 20260220",/mnt/d/時間序列/ContextVecNet_Instagram_filtered_new/negative/ed.stories/images/3836624615662287404_5177156112.jpg,0.2061319649219513,《因為孤獨是自由的同義詞》 最後你得償所願 獲取了想要的自由 千萬不要覺得 孤獨是悲劇一種 因為自由是孤獨的同義詞 所以你不能抱怨 不能說感到後悔 不可表現痛苦模樣 所以你可以一個人吃飯 一個人看電影和過馬路 一個人去醫院和排急症 所以你可以暗自孤獨 避免把快樂稀釋 享盡可享受的自由 20260408 ***** ***** ***** ***** ***** ***** 追蹤 沐浴於文學世界 ***** ***** ***** ***** ***** *****,/mnt/d/時間序列/ContextVecNet_Instagram_filtered_new/negative/ed.stories/images/3870197381602445263_5177156112.jpg,0.2918647825717926,,,,,,
multimodal_false_positive,0,iamfinety2.0,0,2.322598934173584,0.9107314588227756,0.3377087362054896,1,1.3346294164657593,0.7916053635372965,0.3292227008133845,1,0.1191260952854791,FP,False,FP,False,64.0,0.2830741261132061,0.0126335744916639,0.2829651981592178,0.2746015191078186,0.2923061326146126,0.2530758678913116,0.3137165307998657,23.0,0.0,High,,"有些事情變了就是變了, 就算能回到過去, 你的心都不一樣了。",/mnt/d/時間序列/ContextVecNet_Instagram_filtered_new/negative/iamfinety2.0/images/3343733159451329223_28899230819.jpg,0.2530758678913116,"別用5%的負面價值, 去否定自己100%的努力",/mnt/d/時間序列/ContextVecNet_Instagram_filtered_new/negative/iamfinety2.0/images/3763406419009823515_28899230819.jpg,0.3137165307998657,,,,,,
multimodal_false_positive,0,knowmi_0.0,0,2.308396339416504,0.90957003699769,0.3377087362054896,1,2.5000898838043213,0.9241481209272784,0.3292227008133845,1,-0.0145780839295883,FP,False,FP,False,63.0,0.2334453678793377,0.0333492480029477,0.2293564826250076,0.2114723175764084,0.245472103357315,0.1720891594886779,0.3271195888519287,6.0,42.0,Low,,"【專屬教授】旻城 *師生 *年齡差 ❗️完整版(設定有改)❗️ ——09 秋天的校園一向不安分。 校慶前夕,整個校內像被打翻了顏料盤,展覽布置、攤位準備,全系師生都忙得腳不沾地。 韓知城身為剛上任不久的年輕教授,原本只打算默默跟著流程走,沒想到最後被排去帶隊參加「學術研習營」——一場與他校聯合舉辦的兩天一夜課程,地點在半山腰上的研習中心。 住宿條件雖好,但因為臨時參加人數爆增,房間編排幾乎成了災難。 助教翻著表格,一臉苦惱:「教授......真的很抱歉,現在只剩一間空房,是兩人房,而且——」 她頓了頓,有些猶豫地看了走廊盡頭一眼。 「跟李旻浩同一間,您......方便嗎?」 韓知城一時間語塞,下意識想問能不能換。 但才剛張口,就看見走廊角落,那道熟悉的身影靠牆站著,一隻手轉著房卡,像早就等在那裡。 「教授也太慢了,我都快睡著了。」 他語氣平靜,眼神落在韓知城身上,有種不動聲色的觀察。 「你怎麼在這......」 「聽說要跟你同住,我當然先來看看環境。」李旻浩將房卡丟進掌心,手指一勾,示意他跟上,「行李給我,樓上走。」 — 一進房,氣氛明顯緊繃。 韓知城站在玄關脫鞋時還在努力裝冷靜:「我睡地上就好,反正只有一晚——」 「不行。」 李旻浩語氣很輕,但語氣裡沒有退讓的空間。他走進房間,順手把門關上,門鎖「咔」一聲輕響,在靜謐的空間裡像被放大了數倍。 韓知城下意識回頭,那一瞬間竟莫名覺得空氣裡多了點危險的氣味。 「我不會對你怎麼樣。」李旻浩彎下腰,把他的行李箱擺到牆邊,「你幹嘛緊張成這樣?」 「我才沒有緊張......」 「是嗎?」他看了他一眼,嘴角微微揚起,「那你耳朵紅什麼?」 韓知城語塞,只能轉身假裝整理被子。 「你以前說過,最怕麻煩。」他低聲問道,「那你這次——幹嘛搶著跟我同一間?」 「因為你不會讓我覺得麻煩。」 那話說得太自然,像是已經確認過千百遍的答案。韓知城卻像被什麼東西輕輕點了一下心口,愣住了。 — 入夜後,屋內只剩床頭燈亮著。 韓知城洗完澡早早鑽進棉被裡,整個人縮成一小團,只露出一雙眼睛。他其實不太敢睡——更準確地說,是睡不著。 另一側的床墊微微下陷,是李旻浩翻身的動作。 「你一直翻身,是背痛還是心事多?」 韓知城嚇一跳:「......你怎麼知道我翻身?」 「我睡得不沉,隔壁的氣息一亂我就知道了。」 「我、我只是......」 他沒說完,卻感覺那雙眼睛還在注視著他,穿透燈光與夜色。 「你是不是很奇怪我為什麼一直對你這樣?」 韓知城咬了咬唇,過了幾秒,才點了點頭。 「我本來的確不打算管太多。」 「可後來發現......你什麼都不說,又總是逞強,然後笑得那麼客氣,好像誰都靠得近,又像誰都靠不近。」 他語氣沒有起伏,卻句句清晰。 「我不喜歡那樣的你。」 韓知城怔住了,一時不知道該反駁什麼。 「但如果是你現在這樣——會困擾、會亂想、會紅著耳朵問我問題的樣子,」 李旻浩聲音低了些,像怕吵醒什麼,「我就想一直看著。」 韓知城臉整個燙起來,翻身把自己整個人埋進棉被裡。 然後,他聽見身邊傳來一聲悶笑。 「你再這樣躲,會悶死。」 「不、不要管我......」 「好,那我不吵你。」 李旻浩語氣像是在妥協,但下一句卻低得幾乎要貼在枕邊: 「只是記得,別再問我為什麼對你好。因為我已經很克制了。」 韓知城整個人僵住,手指緊緊抓著被角,心臟跳得像要破表。 — 他沒看到的是,李旻浩背對著他時,眼神裡有光,卻也帶著壓抑。 這段距離,他會等。 不是因為退讓,而是因為真正想要的,不能急。 等到那個總是小心翼翼的年輕教授,終於有天自己往他走來時—— 那才是,他最想要的答案。 (留言續)",/mnt/d/時間序列/ContextVecNet_Instagram_filtered_new/negative/knowmi_0.0/images/3639356085212067791_73207779627.jpg,0.1720891594886779,"【Trouble Maker】辰旻 *🚗🚗 — 「哈啊...嗯,太深了、不要...」 「還不能走喔~說好要讓我開心的對吧?」 「不要了....啊!」剛爬出一點距離就被黃鉉辰抓住腳踝拉回,突如其來的刺激讓李旻浩忍不住叫了出來,生理性的淚水蓄在眼眶邊緣搖搖欲墜。 — 「哥~」 「嗯?」 「好多stay在問我是怎麼說服你跳女位欸?」黃鉉辰刷著手機,無意見看到了stay們的短片及留言。 「嗯~為什麼呢~」李旻浩坐在一旁看著手機螢幕懶洋洋的回答 「...你沒在聽吧」 「聽著呢,你繼續說~」 「?說完啦!」 「是嗎?」 「...哥」 「嗯...唔!?」 還沒等李旻浩反應過來,黃鉉辰就突然強硬的扳過他的下巴吻了上去「唔...哈..呀黃鉉辰你幹嘛!」 「哥都沒在聽我說話對吧?」 「有...嗯..!」 翻身將還在嘴硬的哥哥壓在沙發上,黃鉉辰露出了意味深長的微笑。「是嗎?那我說了什麼?」 「......」 顯然這哥直到方才還沈迷於動畫片,一個字都沒聽進去,但嘴硬的小兔子是不會放棄狡辯的 「就是...跟stay們有關的嘛!」 「...說謊可是要受罰的喔~」寬大的手掌滑入衣襬,沿著緊緻的肌肉線條細細描繪,惹得身下人一陣顫慄,平時總表現得像個帕波(바보)的人現在卻笑得像隻壞狐狸,原先在腰部遊走的大掌逐漸向上...... 「唔...癢、你很煩......」 李旻浩咬著唇,聲音卻輕的像撒嬌。 「哥聲音怎麼抖成這樣?明明剛剛還很囂張」 黃鉉辰低頭,鼻頭輕輕蹭過小兔子泛紅的耳尖,語氣裡全是壞心眼的笑意。 大手不安份的從背脊滑到腰側,順著曲線向上,指尖在肌膚上像是灼熱的火苗,一點點點燃他的每寸感官 「別、別摸那裡...很癢......」 「可是哥這裡在發燙欸~」 輕咬了口對方的耳垂,讓李旻浩顫了顫,彷彿連呼吸都被奪走。 「我......我真的......」 話還沒說完,黃鉉辰一手扯下他鬆垮的外套,整個人幾乎半裸地躺在沙發上,衣襟散開、鎖骨精緻,臉頰紅潤得像剛熟的蜜桃。 黃鉉辰看得眼神都暗了。 「哥真的超不乖。」 「才、才不是......」 他伸手想推開對方,卻被反手按住手腕,整個人動彈不得。李旻浩猛地別過頭,「不要看......」 「為什麼?哥看起來很可愛啊。」 他忍不住啄了下對方鎖骨,留下淺淺紅痕,然後笑著看著李旻浩瞬間炸毛的反應。 「黃鉉辰你混帳......!」 「真是、哈...你知道自己現在是什麼表情嗎?」 漂亮的眼睛矇著一層水霧,纖長的睫毛輕顫,鼻頭因熱氣而微微出汗,透著淡淡的粉色,被親到紅腫的唇為了喘氣而張開,露出了可愛的兔牙。 「自己看看吧?」 李旻浩被按在梳妝台前的大鏡子上,整面玻璃泛著霧氣,模糊又曖昧地倒映出兩人的身影。 — 「不要再看了......你個、變態...」 李旻浩臉紅得快滴血,試圖側頭躲過自己在鏡子裡的樣子,卻被黃鉉辰一手摁住下巴,強迫他直視。 「怕什麼?哥現在這樣......很好看。 語氣輕快卻帶著壞心眼,那隻作怪的手從腰際一路向上滑,力道像是在撫摸,又像是在挑釁。 李旻浩吸了口氣,耳尖紅得發燙,視線在鏡子裡飄來飄去,卻還是不敢看黃鉉辰的眼睛。 「看著嘛~你現在全身都在發抖,是因為我吧?」 他語氣含笑,卻在李旻浩耳邊低聲補了一句, 「還是......因為你喜歡被我這樣按在鏡子前面弄?」 「黃鉉辰你...唔......」 — 嘴唇被咬住,吞進了所有反駁的氣音。鏡子裡,那個被吻得喘不過氣的自己,衣領早已鬆垮,眼尾泛紅,嘴角還帶著一點水光,整個人像是快融化在對方懷裡。 而身後那人,笑得像只壞狐狸,眼神燙得嚇人。 大掌從背後環過他纖細的腰,緩緩貼上腹部,動作極緩,卻撩得他忍不住戰慄。 「啊......等等、我、我不行...那裡......」 「哥的反應真的超誠實欸......」 黃鉉辰笑聲低沉,唇貼著他的脖頸,呼出的熱氣讓李旻浩整個人顫了一下。 「還說不行......這裡都這麼硬了。」 「黃、黃鉉辰......嗯......」 他已經說不出完整的句子了。全靠鏡子裡的畫面來提醒他現在的模樣多羞恥——凌亂的頭髮、半掀的襯衫、紅透的耳朵、還有那雙渴望又害怕的眼睛。 黃鉉辰在他耳邊輕聲說: 「今晚......哥只能看著鏡子裡的自己,一點都不准躲開,懂嗎?」 他被吻住,聲音吞進吻裡。 鏡子模糊了,身影交纏不清,但喘息與熱度卻清晰無比。 結束後李旻浩的襯衫已經皺的不成樣,扣子也不知去哪了,眼尾紅通通的,整個人像是被揉皺的紙團一樣虛軟。 黃鉉辰哼著歌,把他整個人抱進懷裡,還不忘低頭啄一下他鎖骨上的紅痕。 「去、洗澡啦......」李旻浩嗓音啞到不成樣,還是嘴硬地別開臉。 「好啊~那哥陪我一起洗吧。」 「......我、我自己可以——啊!」 他話還沒說完,就被黃鉉辰整個人橫抱起來,嚇得手一緊環上對方脖子,氣急敗壞地拍他的肩。 「你放我下來!」 「不行,哥腿都軟成這樣了,走得動嗎?」 「......黃鉉辰你這混蛋。」 浴室霧氣升騰的瞬間,李旻浩被輕輕放進花灑下,暖水灑落在發燙的肌膚上,一瞬間彷彿連剛剛的喘息聲都還回蕩在空氣裡。 黃鉉辰一邊幫他沖水一邊假裝無辜地說: 「哥身上好多痕跡哦,要洗乾淨才行,不然給成員看到就糟了。」 「你還敢說......!」 他氣呼呼地想走,卻被從背後一把攬住,額頭貼在他濕漉漉的肩上。 「哥......」 「又怎樣......」 「剛剛你叫我名字的樣子,好可愛喔。」 「你還說!」 (留言續)",/mnt/d/時間序列/ContextVecNet_Instagram_filtered_new/negative/knowmi_0.0/images/3735044029797216546_73207779627.jpg,0.3271195888519287,,,,,,
multimodal_false_positive,0,lam_word,0,2.300415277481079,0.908911426246945,0.3377087362054896,1,1.4859970808029177,0.8154766959896272,0.3292227008133845,1,0.0934347302573177,FP,False,FP,False,64.0,0.2706311964429915,0.0099373720929778,0.2710666805505752,0.2641415670514107,0.2776828706264496,0.2329002320766449,0.291394293308258,2.0,1.0,Medium,,少心一點 由愛 成爱 只需一次失戀 以後便會小心一點 再少心一點,/mnt/d/時間序列/ContextVecNet_Instagram_filtered_new/negative/lam_word/images/3743997795574603631_52523400069.jpg,0.2329002320766449,"五重起源論 從林地醒來吧 抹去生養我們的污泥 將其塑作言辭。 最後的樹已經染疫 我們從此之後,腳踏實地 從殼中醒來吧 臨行之時,我們拾起先祖的卵殼 那裏有着常世的過去 心與鱗出於介殼之中 我們繼承了一切遺產 於是出身班駁如同歷史 從光中醒來吧 我們的靈與魂,宿世流於光中 泥肉之軀只是醒時的中轉之地 光捎來天啓,以及啓蒙 理性自光而生 為我們識破一切鏡花水月 從虛空醒來吧 對鏡自看,是一隻擬態為人的蠕蟲 兩眸虛空,如被寄生的蟲蟻 攝食了父母,攝食了起源,攝食了真我 嘴角還有血跡未乾 順着表皮滑落,沿途烙出道道印記 獸印 我,該從何處醒來?",/mnt/d/時間序列/ContextVecNet_Instagram_filtered_new/negative/lam_word/images/3740849234431064255_52523400069.jpg,0.291394293308258,,,,,,
multimodal_false_positive,0,na.to.heart,0,1.760812759399414,0.8533114233528094,0.3377087362054896,1,1.2409511804580688,0.7757295375972421,0.3292227008133845,1,0.0775818857555673,FP,False,FP,False,64.0,0.2743877798784524,0.0196357182718991,0.2765078097581863,0.2581633105874061,0.2906958535313606,0.2236487865447998,0.3078213930130005,21.0,4.0,Medium,,"那些傻傻的追逐星光的時候 想起來仍然是十分璀璨的一段人生❤️ 十多年過去了 我和追星認識的好友一起開了顧問公司 從一起為他們奔跑到現在仍然是一起奔跑 一起創造了很多輝煌的時刻 想想大概就是因為 我們都是做什麼事情都全力以赴很認真的人 那些時光,沒有一刻是浪費的😳 - 出處: 約翰藍儂 跟抄: 手寫: -",/mnt/d/時間序列/ContextVecNet_Instagram_filtered_new/negative/na.to.heart/images/3819312157213806909_48753960352.jpg,0.2236487865447998,"好久好久,都已經快要忘了要做那朵🌸 - 出處: 手寫: -",/mnt/d/時間序列/ContextVecNet_Instagram_filtered_new/negative/na.to.heart/images/3796838605780940068_48753960352.jpg,0.3078213930130005,,,,,,
multimodal_false_positive,1,elitesinsider,0,1.445184350013733,0.8092561941623321,0.3226178336968301,1,1.8744022846221924,0.8669668372152692,0.4870751093923089,1,-0.0577106430529371,FP,False,FP,False,64.0,0.2805764332879334,0.0181467537852254,0.2819496989250183,0.2704290971159935,0.2893500477075577,0.2396138459444046,0.3360371589660644,22.0,1.0,High,,"你遇到的是「麻煩」,還是被包裝起來的「機會」?🧩 👊 公司的問題,是你晉升的舞台 🤝 同事的問題,是人脈經營的入口 💼 客戶的問題,是成交的伏筆 🧠 自己的問題,是成長的起點 🔥 老闆的問題,是贏得信任的門票 🏆 對手的問題,是你進階的階梯 你在抱怨,還是在悄悄變強? 高手,從不怕問題,只怕沒問題!",/mnt/d/時間序列/ContextVecNet_Instagram_filtered_new/negative/elitesinsider/images/3626442264316175405_7009660250.jpg,0.2396138459444046,"💡你真正的財富,不只有錢包裡的現金! 你有三種“貨幣”:時間、金錢、知識。 缺錢?那就拿時間去學,用知識去賺。 缺知識?那就投資金錢與時間去習得。 缺時間?就用金錢買效率,用知識做選擇。 你怎麼運用這三種資源,就決定你的人生高度。 所以,你還在浪費哪一種?",/mnt/d/時間序列/ContextVecNet_Instagram_filtered_new/negative/elitesinsider/images/3629250731219458071_7009660250.jpg,0.3360371589660644,,,,,,
multimodal_false_positive,0,who.loved.by.jesus,0,1.4354047775268557,0.8077420461116196,0.3377087362054896,1,0.0615352876484394,0.5153789693952825,0.3292227008133845,1,0.2923630767163371,FP,False,FP,False,22.0,0.281904013319449,0.0288393896722073,0.2905149012804031,0.269794151186943,0.297684945166111,0.1835951656103134,0.3143098950386047,13.0,1.0,High,,"“Blessed are those who hunger and thirst for righteousness, for they shall be satisfied.(Matthew5:6 ESV)",/mnt/d/時間序列/ContextVecNet_Instagram_filtered_new/negative/who.loved.by.jesus/images/3663514336552903529_6848616982.jpg,0.1835951656103134,"「他寧可和上帝的百姓同受苦害,也不願暫時享受罪中之樂。」 希伯來書 11 : 25",/mnt/d/時間序列/ContextVecNet_Instagram_filtered_new/negative/who.loved.by.jesus/images/3799098941624221105_6848616982.jpg,0.3143098950386047,,,,,,
multimodal_false_positive,1,truelove_goodtv.official,0,1.1318144798278809,0.7561735994550223,0.3226178336968301,1,0.8605196475982666,0.7027692121857843,0.4870751093923089,1,0.053404387269238,FP,False,FP,False,64.0,0.2900143493898213,0.0180573288332102,0.2904762327671051,0.2807402014732361,0.2983954846858978,0.2473232895135879,0.348526120185852,36.0,0.0,High,,"楊中生13歲加入幫派, 在街頭混跡,擔任組織軍師角色。 雖然荒廢學業,但默默自學電腦技術。 脫離幫派後憑藉這些知識創業,在業界闖出一片天。 一場颱風天的經歷讓他信主, 之後投入教會服事。 放下事業成為全職牧師, 帶領教會電腦化... 雖然醫生診斷他和太太都不孕, 但神卻賜給他們兩個女兒... 他帶著孩子參與海外宣教, 讓她們看見世界的需要。 如今擔任海外宣教牧師, 在福音相對貧瘠的地區服事。 他相信每個人都有價值, 願意成為幫助他人的明哲人, 讓生命因信仰而改變。 👇👇詳細完整的故事請搜尋👇👇 🔍Youtube、GOODTV+搜尋真情部落格《改變一生的決定》|ft.楊中生 🔎",/mnt/d/時間序列/ContextVecNet_Instagram_filtered_new/negative/truelove_goodtv.official/images/3726552573227812876_64250668314.jpg,0.2473232895135879,"一位年過95歲的美籍醫生, 當年懷著赴非洲宣教的夢想, 卻因一封來自福爾摩沙的信, 改變了人生方向。 譚維義醫師不但在台灣偏鄉行醫救人、傳揚福音, 幫助小兒麻痺患者重獲新生, 更創立了台東基督教醫院。 他巧妙改造農場擠奶器成為醫材設備、 為貧困病患募款、教導當地護理人員, 用愛與智慧克服各種挑戰, 無私奉獻33年歲月給臺灣。 這不僅是一段醫者仁心的見證, 更是一個用生命回應上帝呼召的感人故事。 👇👇詳細完整的故事請搜尋👇👇 🔍Youtube、GOODTV+搜尋真情部落格《後山天使》|ft. 譚維義🔎",/mnt/d/時間序列/ContextVecNet_Instagram_filtered_new/negative/truelove_goodtv.official/images/3640303977221683035_64250668314.jpg,0.348526120185852,,,,,,
multimodal_false_positive,4,ksitigarbha_dizangwang,0,0.9383102655410768,0.7187582126011004,0.3484527497514231,1,0.6325015425682068,0.6530564627921109,0.3165906383918283,1,0.0657017498089894,FP,False,FP,False,64.0,0.2401092457585036,0.0242824440142775,0.2373213171958923,0.2258628197014331,0.2542366832494735,0.1648698449134826,0.3056461811065674,3.0,33.0,Low,,"四聖諦@ 佛陀教導我們,苦的存在,必須理解;苦的來源,必須放下;苦的斷滅,必須證悟;滅苦的道,必須修行。 理解「苦」,不是僅僅漫不經心地接受苦的概念,而需要嚴肅認真的思惟。 這自然會引領我們去面對「集」:苦的根源。 只有真正認清它,才能放下苦的根源,此時「滅」才有意義。 通過修行,我們能培養正確的見解、禪修和行止,以斷滅自己的苦。 而踐行大乘教法之「道」,我們則能努力戰勝一切有情眾生之苦。 去修行,去培養正確的見、修、行,取決於每個人自己。 當如此做時,我們就是在清除遮蔽自己內在佛性的客塵。 出處🙏🏻阿曲祖古仁波切🌷",/mnt/d/時間序列/ContextVecNet_Instagram_filtered_new/negative/ksitigarbha_dizangwang/images/3872279777688994059_54329542329.jpg,0.1648698449134826,"འཛམ་གླིང་ཞི་བདེ་ཡོང་བར་སྨོན། 🌼🙏 愿世界和平! གལ་ཏེ་དད་སེམས་ཀྱི་ངང་ནས་སློབ་དཔོན་པད་འབྱུང་ལ་སེམས་གཅིག་གིས་ཨོཾ་ཨཱཿ ཧཱུྃ་བཛྲ་གུ་རུ་པདྨ་སིདྡྷི་ཧཱུྃ་ཞེས་གསོལ་འདེབས་བརྗོད་ན་བཀྲ་མི་ཤིས་པའི་སྔ་ལྟས་དང་རང་ལོ། དགྲ་འཁྲུགས། ལྟས་ངན། ན་ཚ། ཆག་སྒོ། ཉམས་ལེན་སོགས་ལ་བར་ཆད་མེད་པར་འགྱུར་ཞིང་བསམ་དོན་མྱུར་དུ་འགྲུབ་པར་འགྱུར་རོ།། 若虔诚祈祷莲花生大士,一心念诵莲师心咒“嗡啊吽班匝格热班玛色德吽”,可化解一切不祥,如本命年、争斗、恶兆、疾病、横祸等,修行无有任何障碍,迅速成就所愿。 དེས་ན་འཛམ་གླིང་ལ་ཞི་བདེ་ཡོང་ཆེད་དང་ཕྱོགས་སོ་སོ་ན་དགྲ་འཁྲུགས་སོགས་མྱུར་དུ་མེད་པའི་ཕྱིར་དུའམ། དེར་རྐྱེན་ལམ་དུ་སོང་བ། རྨས་སྐྱོན་ཕོག་པ་དག་ལ་བསྔོ་སྨོན་གྱི་ཚབ་ཏུ། འཕྲིན་འདི་མཐོང་མ་ཐག་རབ་ན་སིདྡྷི་ཚར་བརྒྱ་དང་བརྒྱད། མ་མཐའ་ཡང་ཚར་གསུམ་རེ་བཏོན་ཏེ་གཞན་ལ་བརྒྱུད་བསྐུར་བྱེད་རོགས། 所以看到此信,我邀请你念一百零八遍或三遍莲师心咒,为了世界和平,为了化解争斗,为了此战争中遇到灾难的众生,把此文传递下去,我们一起祈愿!回向!愿平安。 出處🙏🏻阿曲祖古仁波切🌷",/mnt/d/時間序列/ContextVecNet_Instagram_filtered_new/negative/ksitigarbha_dizangwang/images/3849566576374829213_54329542329.jpg,0.3056461811065674,,,,,,
multimodal_false_positive,4,kimi_hello,0,0.812716543674469,0.6926880809922434,0.3484527497514231,1,1.1973720788955688,0.7680569610888394,0.3165906383918283,1,-0.0753688800965959,FP,False,FP,False,64.0,0.2608691179193556,0.0301036501809076,0.2620688378810882,0.243192546069622,0.2763716652989387,0.1829021424055099,0.3293420672416687,11.0,14.0,Medium,,"一月份快樂🤍 走到現在才明白,幸福不是等來的 是自己一步一步走出來的 有夢想很好 更重要的是願意為自己做計畫 把想要的生活,慢慢走成現實 想要健康與幸福 就溫柔的堅持,認真的計畫",/mnt/d/時間序列/ContextVecNet_Instagram_filtered_new/negative/kimi_hello/images/3823532855046266042_35351342062.jpg,0.1829021424055099,"🌟存 20 年差 600 萬,關鍵就在這裡!🌟 不要再覺得 「時間早一點晚一點沒差」 「標的選什麼好像也差不多」 其實差很大! 你的選擇,早就默默決定了你未來站在哪個位置 我們來做一個很真實、很殘酷、但也很清楚的試算 假設條件都一樣: 👉 一開始 100 萬,投資 20 年,全部投入(all in) 📌 定存 年利率約 1.7% 20 年後的金額:約 1,400,938 元 努力存、很安心 但 20 年過去,幾乎只是「保住本金」 📌 存股 1(6%) 一樣 100 萬 20 年後的金額:約 3,207,135 元 沒有多做什麼 只是把錢放在「會幫你工作的地方」 結果,資產直接翻倍以上 📌 存股 2(6%)+每月再多存 1 萬 一樣的 100 萬起手 只是每個月多存 10,000 元 20 年後的金額:約 7,732,799 元 不是中樂透 不是神操作 只是 時間 + 選擇 + 一點點紀律 結果,人生直接換一個等級 🎯股市中 6% 的標的難找嗎? 其實不難 大家熟知的 0056、00878、00919 過去本來就多次出現過接近或超過 6% 的表現 (我有附上圖片) 沒有推薦,只是事實 🌟看到這裡 你還會覺得「好像沒差」嗎? 其實差的從來不是金額 真正重要的不是一次賺多少 ❤️而是: 你什麼時候開始 你選了什麼標的 你能不能撐得夠久 •┈┈┈┈┈┈୨୧┈┈┈┈┈┈• 我是一位靠股息退休的媽媽 希望用自己的經驗,讓你在存股路上少走彎路 一起找回生活的平衡與勇氣❤️ 87 #退休理財#存錢#00878 免責聲明: 本內容僅為個人觀點和經驗分享,不構成投資或財務建議。投資股票及借貸均存在風險,可能造成損失。投資者應自行承擔風險,謹慎考慮投資目標、風險承受能力和財務狀況,並聽取專業建議。我無法對你的損失負責。",/mnt/d/時間序列/ContextVecNet_Instagram_filtered_new/negative/kimi_hello/images/3824867298893716660_35351342062.jpg,0.3293420672416687,,,,,,
multimodal_false_positive,0,dep_tattoos,0,0.6580442786216736,0.658820926033377,0.3377087362054896,1,1.087007761001587,0.7478178448308022,0.3292227008133845,1,-0.0889969187974251,FP,False,FP,False,64.0,0.2094817226752638,0.0210319487215876,0.2094992101192474,0.1967313252389431,0.2203855291008949,0.1607375741004943,0.2929516136646271,1.0,61.0,Low,,🖤認領圖 我一直笑... 假的! 夜裡全碎了 笑被踩進泥裡 我哭到沒聲音 好想跟它一起消失 I kept smiling. Fake. At night it all shattered. The smile was crushed into the dirt. I cried until no sound was left. I just want to disappear with it.,/mnt/d/時間序列/ContextVecNet_Instagram_filtered_new/negative/dep_tattoos/images/3694415952181368500_40970743337.jpg,0.1607375741004943,台中紋身藝術節 Flash & booking open 2025/11/07-11/09 這次我會參加台中刺青展 除了現場刺青預約開放外 現場還有精心準備的小周邊 歡迎大家來找我玩🥳 預約請在主頁加line ☝🏼☝🏼☝🏼,/mnt/d/時間序列/ContextVecNet_Instagram_filtered_new/negative/dep_tattoos/images/3743366645508455790_40970743337.jpg,0.2929516136646271,,,,,,
multimodal_false_positive,2,esther_ann9453,0,0.4376506209373474,0.6076990785836246,0.1330126093082226,1,0.3972344398498535,0.5980230235949726,0.2395427346368431,1,0.0096760549886519,FP,False,FP,False,38.0,0.2682675166349662,0.0223101325385453,0.2712352275848388,0.2494121342897415,0.2811215072870254,0.21751169860363,0.3288398385047912,6.0,5.0,Medium,,把自己侷限在牆內 牆外的世界 一概不予理會 直到某天 成長了 放下了 鼓起勇氣 往牆外看 原來 牆外的世界 太陽耀眼的無法直視 大地璀璨的美麗動人 #龜龜,/mnt/d/時間序列/ContextVecNet_Instagram_filtered_new/negative/esther_ann9453/images/3634514748819416287_802467792.jpg,0.21751169860363,Amber 是安星一起在療癒路途上爬行的好朋朋🤣 我們跟所有個案一樣~ 會有情緒的時候。 會有自己忘記察覺自己的時候。 我們會彼此提醒對方。 不在療癒的路上走回頭路☺️ 一起邊怕邊爬🤣🤣🤣🤣 安星每個月能接的個案數量實在有限😅 所以邀請了Amber 來陪我跟大家聊聊☺️ Amber 是個很非常能陪伴個案「慢慢變好」的療癒師☺️👍 即使她知道你當下還不願意「掀開」被子面對真實⋯ 她也願意在被子外面等你並相信你~ 「沒事~我陪你~我知道你會掀開~慢慢來沒關係的☺️」 ————————— 預約方式~ 可以到Amber 的IG 私訊索取表單~ 填寫完表單之後麻煩耐心等候Amber 跟你確認諮詢項目及時間。 確認完成✅並完成付款✅之後就ok咯,/mnt/d/時間序列/ContextVecNet_Instagram_filtered_new/negative/esther_ann9453/images/3656202058790236642_72893202491.jpg,0.3288398385047912,,,,,,
multimodal_false_positive,2,owendean___,0,0.3455434143543243,0.5855364529621347,0.1330126093082226,1,-0.0111011713743209,0.4972247356574023,0.2395427346368431,1,0.0883117173047324,FP,False,FP,False,64.0,0.2797228915151208,0.012431508978448,0.2786734104156494,0.2721782401204109,0.2872697412967682,0.2465706020593643,0.3051396310329437,15.0,0.0,Medium,,有時候太懂事 反而讓自己沒人懂 不是不會鬧情緒 只是習慣了安靜扛下,/mnt/d/時間序列/ContextVecNet_Instagram_filtered_new/negative/owendean___/images/3621334859567900459_7060429385.jpg,0.2465706020593643,你不愛的證據都已經很明顯了 #人生#人生語錄 #情感語錄 #愛情#愛情語錄 #愛情故事 #感情 #正能量,/mnt/d/時間序列/ContextVecNet_Instagram_filtered_new/negative/owendean___/images/3566268159944792736_7060429385.jpg,0.3051396310329437,,,,,,
multimodal_false_positive,2,sundaymingpao,0,0.2686174213886261,0.5667534524980681,0.1330126093082226,1,0.1962066888809204,0.5488949135506064,0.2395427346368431,1,0.0178585389474617,FP,False,FP,False,64.0,0.2849824517033994,0.0335129482549648,0.2832822799682617,0.258708581328392,0.3019576966762543,0.2199241667985916,0.3906251788139343,25.0,5.0,High,,"【Kasper Forest 用10年記錄社會小眾 探尋內在身分衝突】 全文link見Bio 香港攝影師Kasper Forest,由2016年開展長達10年的「Conflict Hong Kong」攝影計劃,在2025東京國際攝影獎中,奪底片攝影專業組金獎第二名。「Conflict Hong Kong」以黑白菲林記錄社會小眾,包括露宿者、性小眾、少數族裔人物。Kasper稱,計劃當中的「Conflict」是指香港都市人的內在身分衝突,他以記錄這些被主流社會忽視的人,希望觀眾正視香港內在的真正身分。 ...... 2016年開展「Conflict Hong Kong」拍攝計劃前,Kasper就已經有強烈希望拍攝系列照片的想法,他習慣先擬定拍攝題目,再賦予「遊戲規則」,然後拍攝同一風格照片。他稱當時想找一個詞來代表香港,又要足夠簡單令大多數人都明白,思索一兩個星期後,得出「Conflict」。「Conflict」並非指外在衝突,而是指內在狀態。Kasper解釋,當時從新聞留意到,香港正在經歷變遷,在許多被主流視為「不好」的地方,大家選擇視而不見,無法接受我們真正的身分。例如,位於油麻地澄平街、鄰近駿發花園的行人隧道,過往是露宿者的聚集地,但當年遭附近居民投訴,又有食環署職員洗地,近年甚至落閘封死整條隧道。Kasper認為,衝突的原因是人們對這個城市的身分不接受、不承認,甚至想刪除他們,而他當年天真地認為香港不會轉變太多,正是這班社會邊緣人,才能真正代表他所認知的香港。 ⋯⋯ 「Conflict Hong Kong」開展以來共拍攝逾6000張照片,被攝者約200人,記者問Kasper如何與社會小眾邊緣建立關係,他說在計劃開始時,會拿着相機在街上走,隨機主動接觸他們。以露宿者為例,2017年在石硤尾公園經常會看到有露宿者吸毒,Kasper主動接觸其中一名,謊稱想認識這個社區,邀請他介紹,之後便在得到同意後拍攝。至於性小眾,第一個拍攝的變裝皇后(Drag Queen)是Kasper在已結業的灣仔酒吧Ophelia遇到,因認為她與自己所認知的世界不同,便相約她在酒吧拍攝,但她遲到1個多小時,Kasper形容態度非常囂張,後來理解這是她變裝後的人設。Kasper表示,與被攝者建立信任後,他們便會直接介紹身邊同樣值得拍攝記錄的朋友。 ================ 文//趙施欣 圖//黃志東、受訪者提供 編輯//梁曉菲 製圖//劉子斌 ================ 每期「 」隨《明報》出版,買份報紙就可以睇到全部內容~",/mnt/d/時間序列/ContextVecNet_Instagram_filtered_new/negative/sundaymingpao/images/3835947608799523058_52424626389.jpg,0.2199241667985916,"【江皓昕 創作《再見UFO》 用奇幻力量支撐荒誕現實】 全文link見Bio 《再見UFO》上周奪得香港評論學會最佳電影大獎,電影環繞八十年代香港仔華富邨有UFO低空飛過的都市傳說,講述3名在華富邨成長的少年作為UFO目擊者,隨着年代變遷的成長故事。電影原定2019年上映,因發行原因延映7年,如今物換星移,香港經歷疫情及社會重大變化,華富邨亦已展開重建工程。編劇江皓昕說當科幻故事撞上現實荒誕時,可依靠科幻世界不存在的力量,去支撐現實世界中他不能理解的事情,稱「創作需要一抹奇幻色彩」。 ...... 「Mayday, Mayday,緊急呼叫,我們要離開地球。」這是主角們童年時訂立用來與外星人溝通的暗號。隨着故事發展。在主角家人病危時,他們曾跑上華富邨天台大叫呼叫向外星人求救,雖然似乎得到外星人回應,家人有一瞬迴光返照,卻道出殘酷真相。江說電影透過主角們面對生離死別,提出當現實的無常和理想價值觀產生衝突時,我們該如何理解。 ================ 文//趙施欣 圖//受訪者提供、電影劇照、網上圖片 編輯// 梁曉菲 製圖//林曉慧 ================ 每期「 」隨《明報》出版,買份報紙就可以睇到全部內容~",/mnt/d/時間序列/ContextVecNet_Instagram_filtered_new/negative/sundaymingpao/images/3819278779621116564_52424626389.jpg,0.3906251788139343,,,,,,
multimodal_false_positive,4,fpcchannel.tomi,0,0.2561688423156738,0.5636942762641101,0.3484527497514231,1,0.6513050198554993,0.6573044856279048,0.3165906383918283,1,-0.0936102093637947,FP,False,FP,False,64.0,0.2870490667410195,0.0195052955234565,0.2893770337104797,0.2749819830060005,0.2987268418073654,0.2127636075019836,0.3300130069255829,35.0,1.0,High,,"我知道夏天到了 有些人想弄家庭菜園 定期宣導一下 朋友之前在陽台種蔬菜,我忘記種什麼了,反正他的夢想很大,當初買了很多東西。 今天問他之後,他說早就不種了,東西都丟掉了。聽了一個下午的抱怨之後,深深覺得當初應該給他看這篇的。 還有不要以為韭菜很好種就值得種,日本的菜市場韭菜一大把才台幣22元。",/mnt/d/時間序列/ContextVecNet_Instagram_filtered_new/negative/fpcchannel.tomi/images/3388804214511128021_1317716907.jpg,0.2127636075019836,去年的二子玉川花火🎆,/mnt/d/時間序列/ContextVecNet_Instagram_filtered_new/negative/fpcchannel.tomi/images/3366368945622672248_1317716907.jpg,0.3300130069255829,,,,,,
multimodal_false_positive,0,alichan.o,0,0.1655498445034027,0.5412931948172303,0.3377087362054896,1,-0.1695878356695175,0.4577043611939645,0.3292227008133845,1,0.0835888336232657,FP,False,FP,False,21.0,0.2809147238731384,0.0181304574558671,0.2792980074882507,0.2704920470714569,0.2891012728214264,0.2521032094955444,0.3279635906219482,6.0,0.0,High,,叮叮叮🔔 來個末班車(*’͜’ )ʕ𐭩 🤍 🔎IG : - 🐾歡迎收藏、分享🐾 - 🤍 ́-追蹤 看更多🐈 ⬛,/mnt/d/時間序列/ContextVecNet_Instagram_filtered_new/negative/alichan.o/images/3625092294690454857_45734534214.jpg,0.2521032094955444,就這點無可挑剔呢🤗 -,/mnt/d/時間序列/ContextVecNet_Instagram_filtered_new/negative/alichan.o/images/2537970032538284484_45734534214.jpg,0.3279635906219482,,,,,,
multimodal_false_positive,0,c_laura_33,0,0.091200865805149,0.5227844259989362,0.3377087362054896,1,-0.0987363010644912,0.4753359586636117,0.3292227008133845,1,0.0474484673353244,FP,False,FP,False,56.0,0.2400800503258194,0.0276845996898063,0.2385668903589248,0.2221524976193905,0.2571415677666664,0.1840607225894928,0.3011099994182586,3.0,29.0,Low,,2025/2/11 day34,/mnt/d/時間序列/ContextVecNet_Instagram_filtered_new/negative/c_laura_33/images/3581545420407287827_299125482.jpg,0.1840607225894928,"【推薦3個育兒照護好物】 老樣子,要讓我非常喜歡的產品才會不斷回購、才會持續使用、才會「激推」!尤其使用在新生兒身上的東西,可不能輕忽 🔺泰陞 • 寶貝液態護膜(噴霧) 還在幫孩子擦凡士林、屁屁膏、氧化鋅嗎?還在煩惱使用量會影響效果嗎?紅屁屁不只寶寶不舒服,照顧者也會很疲勞,因為要比平時更留意,屁屁噴霧真的省時、省力、恢復得快。 這瓶噴霧不止寶寶,私密肌膚較敏感或使用衛生棉易悶癢的女孩們也可以使用。 這牌子有另一款綠色蓋子,適合長期臥床的病患或長輩使用。 🔺貝朵 • 黃櫨樹修護布疹霜 抗拒屁屁膏的我,怎麼還會買「霜」呢?意想不到這款霜竟然還能厚敷!上網認真了解才發現,原來它是針對屁屁已經明顯紅、紅疹、粗糙作為炎、敏、癢急救修護,重點是不含藥性!當然還是要記得勤換尿布。 🔺施必麗乳膏 對於穩定皮脂分泌、粗糙、脫屑很有幫助!妹妹臉部的新生兒青春痘也是擦它好的(照片會發在限動並放精選,近距離拍會覺得有點恐怖,慎入🤣),小兒科醫生表示對脂漏也很有幫助。 以上激推給有需要的人、眾媽媽們🤲🏻",/mnt/d/時間序列/ContextVecNet_Instagram_filtered_new/negative/c_laura_33/images/3352680238147316121_299125482.jpg,0.3011099994182586,,,,,,
multimodal_false_positive,1,vickyweiskin,0,-0.0770608335733413,0.4807443196132419,0.3226178336968301,1,0.3962936401367187,0.5977968425113646,0.4870751093923089,1,-0.1170525228981226,FP,False,FP,False,63.0,0.2701279367246325,0.0355052873812311,0.2757879197597503,0.2526652812957763,0.2968217134475708,0.160512238740921,0.328085333108902,20.0,11.0,Medium,,"Reflect back to last weekend, the first weekend of November, was a tremendous starter 🌹🥰💪🔥 上週末外出活動,真的緊湊到任何一秒鐘都不想錯過!雖然還是錯過了晚間活動,但真的開心自己出門出去接觸工作和生活之外的人事物!一個不一樣的11月,冷天的開始🥰🥰🥰😘😘😘",/mnt/d/時間序列/ContextVecNet_Instagram_filtered_new/negative/vickyweiskin/images/3767243634589856162_554364428.jpg,0.160512238740921,"這輩子,很多人最遺憾的就是維持關係。為什麼有些人可以維持和管理很好各種關係?為什麼有些人可以一直在忙著維繫基本的家庭關係?或是簡單的人際關係?一切關係都是在於自己先開始,或先結束,修復或恢復關係都從自己主動!想想什麼關係在五年十年後回想起會後悔當初沒有修復的?",/mnt/d/時間序列/ContextVecNet_Instagram_filtered_new/negative/vickyweiskin/images/3729127171458769308_554364428.jpg,0.328085333108902,,,,,,
multimodal_false_positive,0,kidbegin,0,-0.0807489454746246,0.4798237255420088,0.3377087362054896,1,-0.4283533096313476,0.3945196144998129,0.3292227008133845,1,0.0853041110421959,FP,False,FP,False,64.0,0.2763564903289079,0.0203434242582148,0.2797175198793411,0.2704719752073288,0.2859625890851021,0.2076124548912048,0.3222816586494446,15.0,4.0,Medium,,"1歲以上就能玩🎀🎀🎀 群組媽咪分享說 小朋友一歲就直接入手這套 使用時間拉很長 覺得CP值超高👍 生活好習慣套組 帶小朋友一起養成 刷牙、洗澡、用餐、上廁所、睡覺的習慣 無時無刻陪著寶貝 這套教具裡面 我特別喜歡平底鍋廚房😍 三歲半的金太郎 現在還在玩 如廁學習組 也陪伴了我們 學習上廁所的時光 有巧虎在 真是太好了! 需要更多介紹,歡迎問我唷!",/mnt/d/時間序列/ContextVecNet_Instagram_filtered_new/negative/kidbegin/images/3770618463317569906_8369422020.jpg,0.2076124548912048,☀️夏天的推車、汽座上 絕對不能缺少涼墊! 之前使用的其他推車涼墊 小朋友坐在推車上一陣子之後 開始愈坐愈熱 降溫效果實在不夠🥵 跟其他媽咪討論到這個話題 大家紛紛推薦起 涼墊界夢幻逸品 🌟Poled AIRLUV 4 風扇涼墊Oreo款 果然涼墊 還是要風扇才夠力! 這款光外盒就超精美的 風扇接上行動電源就能使用 我選擇的Oreo款 有5點出風口 讓風力傳送零死角 🍃不會讓熱氣聚集 降溫很有感 這款還有空氣淨化的功能喔 這次我去高雄玩 真是被熱得受不了 小孩在推車上睡著了 我以為他會悶得滿身汗 💪沒想到他睡醒之後 衣服依然很乾爽 有夠驚喜! Poled風扇涼墊在韓國 已經是國民涼墊等級了 🏕️天氣愈來愈熱得夏天 有了風扇涼墊 夏天出門寶寶不悶熱 心情也更好 那就是爸媽最開心的事情了~ Poled FB: 本文與古北町合作,/mnt/d/時間序列/ContextVecNet_Instagram_filtered_new/negative/kidbegin/images/3680745261782428595_8369422020.jpg,0.3222816586494446,,,,,,
multimodal_false_positive,1,imika_sumi_garden,0,-0.1335069388151168,0.4666727529530796,0.3226178336968301,1,-0.6276956796646118,0.3480332188779853,0.4870751093923089,0,0.1186395340750943,FP,True,TN,False,45.0,0.248003285129865,0.0233863930666286,0.2484258115291595,0.229283258318901,0.2660924792289734,0.1893673837184906,0.2951658368110657,2.0,17.0,Low,,- 【恨】 × 恨意在心中萌芽 在心中最暗的地方 小小的 汲取著養份 恨意在心中滋長 不去理會 認為它終有天會消逝 恨意奪走了心 盤踞了大腦 而我 活成了最醜惡的模樣 ×,/mnt/d/時間序列/ContextVecNet_Instagram_filtered_new/negative/imika_sumi_garden/images/3050441530218860730_47659199149.jpg,0.1893673837184906,"《4週年活動》 🍰 角落花園邁入第4年啦٩(ˊᗜˋ*)و 今年經歷了帳號搬家 感謝追隨到這裡的小花瓣們💓 另外也慶祝新貼圖上架啦🎊 可以在主頁連結購入唷! 1. Tag一位朋友 2. 來說垃圾話(隨便要說什麼都可以 🎉活動獎項🎉 將抽出 寄送""4週年明信片"" 以及 贈送“崩壞的咖啡醫生”貼圖 共10個得獎名額 將按照抽出順序發放獎品 ▪︎留言截止時間 2023.09.07 ▪︎開獎時間 2023.09.08 大概晚上 看彌花什麼時候睡醒 此外 明信片也會將會在商場限量販售(售價40元/張) 再次感謝大家的參與♡♡♡ ===已開獎=== 恭喜 1. 2. 3. 4. 5. 6. 7. 8. 9. 10. 請來私訊彌花唷(ꕤ ॑꒳ ॑*)ノ -",/mnt/d/時間序列/ContextVecNet_Instagram_filtered_new/negative/imika_sumi_garden/images/3182172118062777545_47659199149.jpg,0.2951658368110657,,,,,,
multimodal_false_negative,0,pilikang,1,-2.7297794818878174,0.0612388388805221,0.3377087362054896,0,-2.208925247192383,0.0989518572598413,0.3292227008133845,0,-0.0377130183793192,FN,False,FN,False,58.0,0.2493996591917399,0.0275290974164376,0.246118776500225,0.2285146377980709,0.2731822356581688,0.2001790702342987,0.3215214610099792,4.0,25.0,Medium,,關於健康抽到的卡,/mnt/d/時間序列/ContextVecNet_Instagram_filtered_new/positive/pilikang/images/3842035504582196099_39061345.jpg,0.2001790702342987,6.7km,/mnt/d/時間序列/ContextVecNet_Instagram_filtered_new/positive/pilikang/images/3843257410019065480_39061345.jpg,0.3215214610099792,,,,,,
multimodal_false_negative,3,si_je_meurs,1,-2.684283494949341,0.063907145610111,0.5230274241234272,0,-3.1468076705932617,0.0412172493090652,0.4703367025185562,0,0.0226898963010458,FN,False,FN,False,59.0,0.2266179825794899,0.0153536353115989,0.2237979918718338,0.2188377529382705,0.2294758930802345,0.1980204433202743,0.2782231867313385,0.0,53.0,Low,,❤️ 💭,/mnt/d/時間序列/ContextVecNet_Instagram_filtered_new/positive/si_je_meurs/images/3738784396799993307_58620940899.jpg,0.1980204433202743,"我曾經成績很好的,彷彿就在昨日,可是怎麼一切變了? 他們說找到方向很好,可是我只是走不了其他路的無奈,我怎麼這麼無奈......。 你知道嗎?我曾經文科、生物都是女中1%,數學物理都考過前20%,曾經中女校排前100跟所有人比時......其他科都考1%要不是英文,我怎麼會只有前70幾名。 怎麼都爬到最高然後再重重摔下? 國中曾經常駐校排前10的,會考英文10分鐘寫完全對的。 怎麼變了樣,怎麼變了樣? 我的文字,又什麼時候變得這麼斷斷續續? 不是這樣的,曾經不是這樣的......。 怎麼這樣......。 如果不是思覺失調如果不是強迫症如果不是多重人格如果不是情緒障礙,我是不是能站得更高? 可是我明明曾經可以克服這一切,那個校排2的我,在哪......。 我......唉。 痕跡消失了,彷彿在嘲笑我的曇花一現。 是回憶潤飾還是昨日真的美好,我不知道。 醫生叫我跟祂溝通,我嘗試想跟祂說現在的生活很美好可是我連自己都說服不了。 怎麼這樣,我已經快要18歲了。 ❤️ 💭",/mnt/d/時間序列/ContextVecNet_Instagram_filtered_new/positive/si_je_meurs/images/3811600092395441042_58620940899.jpg,0.2782231867313385,,,,,,
multimodal_false_negative,3,depression_meem,1,-2.433840036392212,0.0806283564147476,0.5230274241234272,0,-2.15112829208374,0.1042258355491941,0.4703367025185562,0,-0.0235974791344465,FN,False,FN,False,53.0,0.2910937301392825,0.0287788615283602,0.297252207994461,0.2763679027557373,0.3115505278110504,0.2153489142656326,0.3420595526695251,33.0,3.0,High,,#meme,/mnt/d/時間序列/ContextVecNet_Instagram_filtered_new/positive/depression_meem/images/3105718715317486762_52085543777.jpg,0.2153489142656326,喔耶我就爛👍,/mnt/d/時間序列/ContextVecNet_Instagram_filtered_new/positive/depression_meem/images/2786523159942063908_52085543777.jpg,0.3420595526695251,,,,,,
multimodal_false_negative,4,yuwen0099,1,-2.3017828464508057,0.090975414039449,0.3484527497514231,0,-2.470735788345337,0.0779353439065833,0.3165906383918283,0,0.0130400701328657,FN,False,FN,False,64.0,0.2470520802307874,0.019398559442951,0.2466839849948883,0.2346511408686638,0.2594804391264915,0.2032870501279831,0.2891063094139099,1.0,24.0,Low,,在細碎的生活里 找到溫柔和憧憬,/mnt/d/時間序列/ContextVecNet_Instagram_filtered_new/positive/yuwen0099/images/3758154245247048668_56029528003.jpg,0.2032870501279831,不小心把溫柔泡太久 變得有點撩人了😆,/mnt/d/時間序列/ContextVecNet_Instagram_filtered_new/positive/yuwen0099/images/3863998652218542415_56029528003.jpg,0.2891063094139099,,,,,,
multimodal_false_negative,3,m_m12150605,1,-2.295433759689331,0.0915018417839109,0.5230274241234272,0,-2.190802574157715,0.1005794668296586,0.4703367025185562,0,-0.0090776250457477,FN,False,FN,False,64.0,0.2237054710276425,0.026569404784065,0.2220970168709755,0.2023777328431606,0.2393245995044708,0.174981489777565,0.3039923310279846,1.0,49.0,Low,,「時針」 *各位新年快樂 *小的實在畫不出賀圖 *所以拿顏色比較喜慶的圖混更(? *((紅色很喜慶吧(((👍😆😳 *出場OC:江曼琳,/mnt/d/時間序列/ContextVecNet_Instagram_filtered_new/positive/m_m12150605/images/3834139809611420221_60332717080.jpg,0.174981489777565,———————————— ———————— 「dream」表格 ———————— *如題 *就是表格 —————— *p1表格完成圖 *p2~p6單格純享 *單格部份因為被裁到了所以會再發上限動放精選 *p7草稿 *p8白單 ————————— *出場OC:許晚歌、江曼琳、瑪格麗特(江願歡) ————————————,/mnt/d/時間序列/ContextVecNet_Instagram_filtered_new/positive/m_m12150605/images/3857235467578799803_60332717080.jpg,0.3039923310279846,,,,,,
multimodal_false_negative,3,saya_wolf0309,1,-1.9097076654434204,0.1290136979734483,0.5230274241234272,0,-2.265770435333252,0.0939977932910955,0.4703367025185562,0,0.0350159046823528,FN,False,FN,False,64.0,0.2280749706551432,0.0434495687143837,0.2218946292996406,0.1996682398021221,0.254376009106636,0.1588467061519622,0.3840847611427307,6.0,44.0,Low,,【塗鴉】 我喜歡打擊 拳擊 感覺可以把一切不開心的事都打散掉😁 嘗試畫不一樣風格XD,/mnt/d/時間序列/ContextVecNet_Instagram_filtered_new/positive/saya_wolf0309/images/3617124314031051107_1510869647.jpg,0.1588467061519622,【隨畫】 Missing Furry,/mnt/d/時間序列/ContextVecNet_Instagram_filtered_new/positive/saya_wolf0309/images/3692315941636386515_1510869647.jpg,0.3840847611427307,,,,,,
multimodal_false_negative,1,trojan_li,1,-1.9000333547592163,0.1301046993092777,0.3226178336968301,0,-1.331485629081726,0.2089137309228748,0.4870751093923089,0,-0.078809031613597,FN,False,FN,False,63.0,0.2286637957606996,0.0302260304520665,0.2268703728914261,0.2050065547227859,0.2436369359493255,0.1712531745433807,0.3278697729110718,1.0,43.0,Low,,明明是白天拍的 硬要搞得跟有月光一樣😂 —————————,/mnt/d/時間序列/ContextVecNet_Instagram_filtered_new/positive/trojan_li/images/3830846448091691074_44838973285.jpg,0.1712531745433807,蛇蛇不是壞人🐍 Snakes aren’t the bad guys. —————————,/mnt/d/時間序列/ContextVecNet_Instagram_filtered_new/positive/trojan_li/images/3778641501300625877_44838973285.jpg,0.3278697729110718,,,,,,
multimodal_false_negative,4,fenkychen0827,1,-1.8860656023025515,0.1316937181451784,0.3484527497514231,0,-2.275223970413208,0.093195793541958,0.3165906383918283,0,0.0384979246032204,FN,False,FN,False,64.0,0.2314779059961438,0.0270449331907528,0.2291419059038162,0.212541677057743,0.2481938488781452,0.1597055941820144,0.3006249964237213,1.0,39.0,Low,,真的是人在屋簷下 不得不低頭 #kaohsiung#撮影#撮影モデル#被写体被写体募集中写真写真好き写真好きな人と繋がりたい写真撮影日常月曜日台湾高雄風景風景写真風景写真を撮るのが好きな人と繋がりたい自撮り穿搭日常穿搭日記手機攝影手機拍攝手機拍攝,/mnt/d/時間序列/ContextVecNet_Instagram_filtered_new/positive/fenkychen0827/images/3808341901280129823_1230005219.jpg,0.1597055941820144,陽光總會照耀在所有人的身上 所以其實也不需要太過於緊張 #kaohsiung#撮影#撮影モデル#被写体#被写体募集中#写真#写真好き#写真好きな人と繋がりたい#写真撮影#日常#木曜日#台湾#高雄#風景#風景写真#風景写真を撮るのが好きな人と繋がりたい#自撮り#穿搭日常#穿搭日記#手機攝影#手機拍攝#手機拍攝,/mnt/d/時間序列/ContextVecNet_Instagram_filtered_new/positive/fenkychen0827/images/3774452532530189376_1230005219.jpg,0.3006249964237213,,,,,,
multimodal_false_negative,4,c.chienc,1,-1.83495843410492,0.1376486414609869,0.3484527497514231,0,-2.399231195449829,0.0832313404742535,0.3165906383918283,0,0.0544173009867334,FN,False,FN,False,64.0,0.2759314989671111,0.0395619240604849,0.2841541916131973,0.2516159415245056,0.3042179346084595,0.1815757602453231,0.3358100056648254,30.0,14.0,Medium,,😼🖤⚠️💭,/mnt/d/時間序列/ContextVecNet_Instagram_filtered_new/positive/c.chienc/images/3853221771508042252_1473274919.jpg,0.1815757602453231,"💀 今天的福爾摩謙寶藏箱主題是 Jack Daniel’s 傑克丹尼 精選單桶田納西威士忌禮盒 在COSTCO買了傑克丹尼的禮盒,剛好一起過聖誕節!黑色的禮盒非常有質感,拿著就超級酷,愛威士忌的你們,一定要擁有 😾理性飲酒 | 禁止酒駕 | 未滿十八歲請勿飲酒 裡面有傑克丹尼傑克丹尼精選單桶田納西威士忌700ml,還有可愛的!!!!霧黑硬殼迷你行李箱,它的容量很大,我覺得當娃包跟化妝包都很適合。還有附上四瓶迷你小酒,超級驚喜,擺在一起也太可愛了吧 打開時就已香氣四溢,有烤橡木和淡淡的水果香,跟濃郁焦糖味,喜歡純飲的我真的很推薦 迷你小酒可以隨時自己調來喝,調起來很方便。加入最近喜歡的玉米鬚茶以及蜂蜜,又是另一種風味,那快樂乾杯吧 這個聖誕大禮包真的超帥!傑克丹尼單桶、小酒四瓶、霧黑硬殼迷你行李箱,加上有質感的外盒,超級豐富~ 對了,記得12/01開始還有隱藏優惠哦!",/mnt/d/時間序列/ContextVecNet_Instagram_filtered_new/positive/c.chienc/images/3781521567570829199_1473274919.jpg,0.3358100056648254,,,,,,
multimodal_false_negative,1,suzannebirds,1,-1.8179287910461424,0.1396825872602134,0.3226178336968301,0,-1.7738628387451172,0.1450626046810482,0.4870751093923089,0,-0.0053800174208347,FN,False,FN,False,55.0,0.2525819694454019,0.0308471587530456,0.2542189657688141,0.2340449690818786,0.2680069208145141,0.1802865117788314,0.3614741563796997,6.0,19.0,Medium,,來看飛飛慢動作吃菜菜~,/mnt/d/時間序列/ContextVecNet_Instagram_filtered_new/positive/suzannebirds/images/3885665337967104861_16025278656.jpg,0.1802865117788314,飛飛回家了😘💗🦃,/mnt/d/時間序列/ContextVecNet_Instagram_filtered_new/positive/suzannebirds/images/3891601731210122758_16025278656.jpg,0.3614741563796997,,,,,,
multimodal_false_negative,1,zhuangcaiyu_,1,-1.758845567703247,0.1469349832548388,0.3226178336968301,0,-1.4656412601470947,0.1876060251483166,0.4870751093923089,0,-0.0406710418934777,FN,False,FN,False,31.0,0.247281291311787,0.0267833054331036,0.24422487616539,0.2348789125680923,0.2670508623123169,0.1693578660488128,0.2913084030151367,1.0,11.0,Low,,綠美圖超美超讚 下次還要去😌,/mnt/d/時間序列/ContextVecNet_Instagram_filtered_new/positive/zhuangcaiyu_/images/3873618613014472352_6268367885.jpg,0.1693578660488128,#婚紗攝影,/mnt/d/時間序列/ContextVecNet_Instagram_filtered_new/positive/zhuangcaiyu_/images/3497359336664560351_6268367885.jpg,0.2913084030151367,,,,,,
multimodal_false_negative,3,zoezoeliao,1,-1.492874026298523,0.1834907436154494,0.5230274241234272,0,-0.7391194701194763,0.3231967214034176,0.4703367025185562,0,-0.1397059777879682,FN,False,FN,False,64.0,0.2165472314227372,0.0172861138707419,0.2157256081700325,0.2049249038100242,0.2294109389185905,0.1829841434955597,0.2501214444637298,0.0,56.0,Low,,逃出牢籠後要往哪邊走呢?,/mnt/d/時間序列/ContextVecNet_Instagram_filtered_new/positive/zoezoeliao/images/3801320371589884096_70119257256.jpg,0.1829841434955597,穿山王擬人,/mnt/d/時間序列/ContextVecNet_Instagram_filtered_new/positive/zoezoeliao/images/3692056236465706935_70119257256.jpg,0.2501214444637298,,,,,,
multimodal_false_negative,3,yi_wen_even,1,-1.4151887893676758,0.1954169378262196,0.5230274241234272,0,-0.5743786096572876,0.3602270986362796,0.4703367025185562,0,-0.16481016081006,FN,False,FN,False,64.0,0.2528650350868702,0.0330063792913858,0.2548526525497436,0.2271115742623806,0.2753711491823196,0.1989599913358688,0.3250094652175903,11.0,26.0,Medium,,Happy Valentine‘s Day,/mnt/d/時間序列/ContextVecNet_Instagram_filtered_new/positive/yi_wen_even/images/3832177043681976423_1384717937.jpg,0.1989599913358688,"《印象派—從莫內到美國:光・跨越海洋》 Frontiers of Impressionism: Paintings from the Worcester Art Museum 雖然我喜歡這個展覽,但是我不喜歡他用莫內當作吸引大家的標題,因為其實只有一張莫內的作品。 雖然我本來就喜歡印象派,但是我喜歡這個展覽還有一個原因是因為,他有著和以往看到的不同的角度,以往看到的多數都是歐洲印象派的起源、發展、影響,然而這個展更多的是在講述美國這邊的印象派的發展,我喜歡這個角度。",/mnt/d/時間序列/ContextVecNet_Instagram_filtered_new/positive/yi_wen_even/images/3725895967779780712_1384717937.jpg,0.3250094652175903,,,,,,
multimodal_false_negative,1,yy20000315,1,-1.394837498664856,0.1986366005977136,0.3226178336968301,0,-1.4490540027618408,0.1901471986057723,0.4870751093923089,0,0.0084894019919412,FN,False,FN,False,64.0,0.2712890487164259,0.0258207151548041,0.2734556347131729,0.255647599697113,0.2907299622893333,0.176917165517807,0.3189806938171386,18.0,6.0,Medium,,20251109 Day25、26 休息日 去衛武營散步 去屏東看海 去墾丁喝酒 最後再回到衛武營 但有下次 我還是在家睡覺好了 哈哈哈,/mnt/d/時間序列/ContextVecNet_Instagram_filtered_new/positive/yy20000315/images/3761967312271472949_1941262315.jpg,0.176917165517807,20251217 又是美食推薦!! 讓我不再對「素食」有偏見的素食 原來菜也可以很美味!! 老闆都特別一早起床 從北高到南高果菜市場挑選最新鮮的蔬菜! 堅持手洗蔬菜認真挑選 湯麵也有分「中藥湯」、「蔬菜湯」 中藥是很多種中藥藥包熬成 蔬菜湯是大根蘿蔔熬的! 還有石鍋、焗烤、炸物、炒麵、炒飯等 種類真的太多太多了 今年還有新加「素蚵仔煎」也很好吃😋 主餐都可以免費加點一碗中藥清湯 內用還有免費豆漿、紅茶可以喝! 但是他的位置不太顯眼🤣 在德民市場附近~~ 有空都可以去吃看看!!(如果你排得到) 📍高雄市楠梓區德民路919號 蓁心素食坊 ⌛️營業時間:11:00-14:00、16:30-20:30,/mnt/d/時間序列/ContextVecNet_Instagram_filtered_new/positive/yy20000315/images/3789523465029213876_1941262315.jpg,0.3189806938171386,,,,,,
multimodal_false_negative,1,annielo0205,1,-1.3576691150665283,0.204619393324618,0.3226178336968301,0,-1.194023609161377,0.2325400889537374,0.4870751093923089,0,-0.0279206956291193,FN,False,FN,False,63.0,0.2539306476948753,0.0300723843642721,0.2580989301204681,0.2338288500905037,0.2713342010974884,0.175131693482399,0.3093451261520386,10.0,19.0,Medium,,哈囉!!大海! 哈囉!!日光! 😃😃😃,/mnt/d/時間序列/ContextVecNet_Instagram_filtered_new/positive/annielo0205/images/3331352527605429523_5946778013.jpg,0.175131693482399,"今天又回去找我的中醫師, 帥哥醫師把脈之後說: 你體質濕熱又氣虛,只要濕熱降下血糖就很容易控制下來,麻煩的是降濕熱身體會更虛,補氣虛會燥熱,是一個相沖的體質,沒關係我們慢慢調理。 後面又補了一句,這次的藥會苦喔! 我看了一下藥單!!!!! 噢噢噢~~~!天啊!!! .陳",/mnt/d/時間序列/ContextVecNet_Instagram_filtered_new/positive/annielo0205/images/3431568789861771858_5946778013.jpg,0.3093451261520386,,,,,,
multimodal_false_negative,3,mindfullyhk,1,-1.2524173259735107,0.2222819686407794,0.5230274241234272,0,-0.2350901365280151,0.4414966618175855,0.4703367025185562,0,-0.2192146931768061,FN,False,FN,False,62.0,0.3172698090634038,0.0630484448448241,0.3060149550437927,0.2783607989549637,0.3633784875273704,0.1919085383415222,0.4488911926746368,40.0,7.0,High,,"進退也共鳴 信報專欄 : 心之旅程 06-05-2025 作者: 蔡瀚棕 • 澳洲註冊臨床心理學家 • 資深基模治療師 「事與冀盼有落差 請不必驚怕」陳奕迅 眼前的M眼神空洞地說:「我就是不行。」他才 20 歲,卻像提早放棄了年輕人應有的可能。他不上學、不工作,也幾乎沒有朋友,躲在房間裡看 YouTube、打遊戲,偶爾幫爸媽做些家務。他試過參加短期課程或做義工,但從沒超過兩個星期,最後總是以一句「我不想去了」告終。 我天生就不如人 M 的困境來自「失敗者」基模──那是一種根深蒂固的信念:我不夠聰明、不夠能幹,反正一定會失敗,何必嘗試?這不是「我不好」的自卑感,而是「我能力上不如人」的定案。因此,他們傾向逃避挑戰,以避免再次確認「我不行」。 缺乏適切的引導 M 的基模並非源於責罵或羞辱。他從小有專注力不足/過度活躍症,卻未被診斷。靠天份走過小學,升上中學後就吃力了。M與一位學業優秀的朋友良性競爭。只是這位朋友在學術上表現確實突出,而 M 又沒有得到針對專注力問題的幫助,結果兩人的差距愈來愈大。 M吃力追趕只換來挫敗,演變成焦慮,然後氣餒,最後便是放棄,承認自己不如人,我就是做不好。 期待落空和愧疚 中三那年,M 因病休學數週,竟讓他有一絲解脫:終於不用再面對又落後的壓力。這一逃,便是六年:不上學、不見朋友、不出門。父母從未責備,不斷嘗試幫助他──安排心理諮詢、鼓勵參與短期課程或義工、嘗試為他創造社交和興趣機會。 然而長年的逃避讓父母漸感氣餒與無奈,說出口的話卻依然溫和:「沒關係,我們再想想其他方法吧。」那不是冷漠,而是一種壓抑情緒的溫柔。但越是這樣,M 越覺得對不起他們。 「我覺得我拖垮了整個家。我讓他們對人生也沒信心了。」M 自責地形容自己像個錨,拖著整個家庭沉下去。 M的逃避不是單純的懶惰或拖延,也不只是缺乏引導,而是一種扛不住內疚與自責的自我放逐。 他需要重新理解這些情緒:內疚不代表他沒用,反而證明他其實一直想連結、想嘗試,只是不知如何避免歷史重現。 避免過早「鼓勵」 治療「失敗者」基模,不能急。這不是鼓勵幾句、訂個讀書計畫就能解決的問題。因為對M來說,連踏出第一步都充滿威脅。一旦再失敗,就又一次驗證「果然我不行」。 我先陪伴他去看見那些「什麼都不想做」的背後,是一顆怕讓人失望的心,保護爸媽免受難過失望之苦,也讓M不用承受那種沉重。 有一次我對 M 說:「也許你爸媽的臉上看起來是失望,但他們心裡還是愛你的。他們只是太久沒有看見希望了,也累了。但他們從未放棄你。」 他愣了一下,眼眶突然泛紅。原來,被愛這件事,對他來說早已變成一種壓力──彷彿自己必須變好、要有進展,才值得被愛。 當每一個人都想「做對點什麼」來扭轉困境,那個無法馬上改變的孩子,反而會陷入更深的自責與退縮。 治療的其中一步是傳遞一個訊息:「我們不是因為你變好了才愛你,而是因為愛你,所以我們願意在還不知道怎麼辦的時候,一起等、一起學習、一起相信還有可能。」 「失敗者」基模不總是來自苛刻的家庭,有時也來自善意但承受不了失落的環境。 當被深刻地理解和接納,M才逐漸放下「馬上做成一件大事」的執著,容許自己從小目標開始,容許試錯,也接受「願意嘗試」已經夠好。矛盾地,允許自己有練習和調整的空間,M才能慢慢學習,感覺到「原來我可以」。雖然有時還是會退縮,但M不再視那為「失敗」,而是學習的一部分。 延伸視頻: 失敗者基模",/mnt/d/時間序列/ContextVecNet_Instagram_filtered_new/positive/mindfullyhk/images/3626486307623245217_44478064139.jpg,0.1919085383415222,"📢 Final Call! 📢 Are you ready to elevate your Schema Therapy expertise & skills with Chris Hayes and Beatrice Ng Kessler? Our last ISST-accredited Schema Therapy LEVEL II program in Hong Kong is approaching! This is a perfect opportunity for professionals eager to go beyond the basics and deepen their practice. Don’t miss your final chance to join a dynamic learning environment — exchange ideas, share experiences, and advance your Schema Therapy journey! 🚨 Register now: Link in Bio🚨 We look forward to seeing you there! Date: 16-18 Oct 2025 (3 full days) Time: 0900-1700 Venue: Causeway Bay, Hong Kong",/mnt/d/時間序列/ContextVecNet_Instagram_filtered_new/positive/mindfullyhk/images/3734333799611315522_75247019053.jpg,0.4488911926746368,,,,,,
multimodal_false_negative,0,xyyc18.02,1,-1.2482564449310305,0.2230021024733084,0.3377087362054896,0,-0.7213282585144043,0.3271005584379576,0.3292227008133845,0,-0.1040984559646492,FN,False,FN,False,50.0,0.2404304900765419,0.0332036491598815,0.2384970337152481,0.2211920544505119,0.2593428790569305,0.1569525748491287,0.3100750148296356,4.0,26.0,Low,,_ 如果就這樣沉睡 好像也不會被世界發現 「北海道の大学情報サイト,/mnt/d/時間序列/ContextVecNet_Instagram_filtered_new/positive/xyyc18.02/images/3793269143722115991_37391163227.jpg,0.1569525748491287,《越洋電話》 _ ⠀ ⠀ ⠀ #phonebooth#電話亭,/mnt/d/時間序列/ContextVecNet_Instagram_filtered_new/positive/xyyc18.02/images/3369293571156356507_37391163227.jpg,0.3100750148296356,,,,,,
multimodal_false_negative,0,ethanliu.tw,1,-1.10664963722229,0.248496027230681,0.3377087362054896,0,-0.5924452543258667,0.3560739963140769,0.3292227008133845,1,-0.1075779690833958,FN,True,TP,False,64.0,0.2667694992851466,0.0294134215311771,0.2704471498727798,0.2445663809776306,0.2922755554318428,0.1969532221555709,0.3117435276508331,19.0,15.0,Medium,,"六本木的燈海一亮,妳我都知道,聖誕節到了 暖紅的鐵塔,冷調的燈海,穿越馬路的瞬間 —— 有些畫面之所以永恆,是因為記憶 我們為景色加上了自己的故事 幾年前在東京,裝滿心裡的是目標 步伐很快,眼前的燈海是過場的佈景 今年慢了腳步,放過一切 感受這一刻: 風吹在臉上的溫度 和燈光灑落身上的節奏 如果成長可以被定義 或許就是在相同的風景裡,釀出不同的滋味 辛苦了,2025 願妳我都能看見,更溫柔從容的自己 如果用一個表情符號,為你的2025下一個註解,妳會選哪一個? 我先來:🚶🏻 ♂️",/mnt/d/時間序列/ContextVecNet_Instagram_filtered_new/positive/ethanliu.tw/images/3780091565885567671_1554715029.jpg,0.1969532221555709,留言 Ai 我會把免費試用連結傳給你 再送你500點積分* *500 點積分限新註冊Manus Ai用戶,/mnt/d/時間序列/ContextVecNet_Instagram_filtered_new/positive/ethanliu.tw/images/3714863910563586723_1554715029.jpg,0.3117435276508331,,,,,,
multimodal_false_negative,1,talkheart_1999,1,-0.9772534370422364,0.2734371015927913,0.3226178336968301,0,-0.8824029564857483,0.2926800748755032,0.4870751093923089,0,-0.0192429732827119,FN,False,FN,False,21.0,0.2434198217732565,0.0244707081599904,0.2357658743858337,0.2256048023700714,0.2533161640167236,0.2166820019483566,0.2917479276657104,1.0,13.0,Low,,_ 進去就出不來了 _,/mnt/d/時間序列/ContextVecNet_Instagram_filtered_new/positive/talkheart_1999/images/2745167010871980482_8557559259.jpg,0.2166820019483566,_ 傳聲筒 _,/mnt/d/時間序列/ContextVecNet_Instagram_filtered_new/positive/talkheart_1999/images/2743006077659903681_8557559259.jpg,0.2917479276657104,,,,,,
multimodal_false_negative,3,michellehojuyun,1,-0.9456788301467896,0.2797546739105644,0.5230274241234272,0,-0.609404444694519,0.3521950641026261,0.4703367025185562,0,-0.0724403901920616,FN,False,FN,False,63.0,0.2647501130898793,0.0336092380136321,0.2638467848300934,0.2357352152466774,0.2897010892629623,0.2013038098812103,0.334523469209671,16.0,19.0,Medium,,"去年的工作量突然減少很多, 我多了很多時間可以陪媽媽和去新加坡看孩子。 父親離開之後,無論做什麼,心裡總是空蕩蕩的。 這幾年拼命地工作,沒有時間細想自己到底怎麼了? 快樂不像真的快樂, 傷心的時候卻是排山倒海壓頂而來, 無力抗拒。 上天的安排永遠是最美好的。 我在一次次往返新加坡和孩子們生活般的相處中, 得到救贖。 果然, 工作的成就感只能短暫麻醉,填滿時間空隙沒有機會覺得痛感, 只有親情可以深刻撫慰人心。 過去2年我像活在地窖裡, 現在的我又想好好找回那個意志力堅強, 永不放棄的我自己。 聖誕節弟弟寫了一張卡片給我,中文不是太好的他寫了滿滿的3頁字,其中有一段他說: 「我希望有一天,我也能讓你覺得你的努力,你的堅持,你的愛都沒有白費。」 傻瓜! 愛從來不會白費, 他很稀少,很珍貴, 卻能永植你我心中。",/mnt/d/時間序列/ContextVecNet_Instagram_filtered_new/positive/michellehojuyun/images/3813882467854732778_4269517175.jpg,0.2013038098812103,"✨《婚內失戀》演員介紹| 30年老夫老妻:愛沒走遠,只是被日子調成了靜音 ✨ 30年的婚姻,話還在說、日子還在過 只是回應越來越淡,熱度越來越低 一個把「好丈夫」做到滿分,卻把「好好相處」放到待辦最後 一個想把感情理清楚,卻在回憶湧上來時才發現:原來還放不下 如果朝陽每天都會升起, 我們是不是也還有機會,重新學一次靠近? ❤️ 太太 陳柔安|何如芸 飾 她的冷淡不是絕情,是長年累積後的自我保護 丈夫的每一句話、每一個動作,她都曾在意過、也曾期待過 只是時間把激情磨平,把熱情耗成了「算了」 直到她真的想弄懂:我們到底還剩下什麼? 何如芸對婚姻想法的一句話: 「婚姻是一段逐漸冷卻的過程,如何在冷卻中不失鮮味,關鍵在於,是否願意為彼此動腦、動心。」 ✨ 推薦你一定要進場的原因: 如果你曾經在婚姻裡失溫,請來劇院觀看你的同溫層,你不寂寞! 【 】 橫跨影視與文字創作,曾演出《炮仔聲》、《婚姻結業式》、《阿榮與阿玉》、《陽光女子合唱團》等多部戲劇作品,並以《錦貴》入圍第38屆金鐘獎連續劇女主角。2024年出版首部著作《誰的內心不是五勞七傷?但我們依然晶光燦爛!》 💙 丈夫 高志偉|柯叔元 飾 他相信只要一直往前跑,一切就會照著期望運作 時間與習慣讓他誤以為:不出問題,就是幸福 柯叔元認為「結婚是緣分,不管你認為這個緣,是善是惡,都要用『愛』來化解。」 ✨ 推薦你一定要進場的原因: 不是怕結婚,就不會結婚;不是怕失戀,就不會失戀 婚內失戀》讓你看清你看不清的真相 【 】 今年邁入從影的第30年,國立台灣藝術大學戲劇系畢業,參與多部舞台劇、電視劇、電影的演出,2017年「外鄉女之黑美人」入圍金鐘獎最佳男主角,2024年「女兒大人加個賴」入圍金鐘獎最佳男主角,2025年「阿榮與阿玉」入圍金鐘獎最佳男主角 -——— 🍕 Hello Marriage Goodbye Love 🍷 婚內失戀舞台劇|最終回封箱演出 吳維緯編導|鄧惠文同名作品改編 演出時間|2026.4.10–4.26 演出地點|水源劇場(台北市中正區羅斯福路四段92號10樓) 經典場演員| 星光場演員|",/mnt/d/時間序列/ContextVecNet_Instagram_filtered_new/positive/michellehojuyun/images/3819263050377659342_47315803750.jpg,0.334523469209671,,,,,,
