post_id,caption,word,human_label,gpt_label_1,gpt_label_2,gpt_label_3,gpt_label_4,gpt_label_5,word_order
801,你知道什麼是愛？不是一個句子，也不是一個表情符號，可能還是一個人的無法形容的感覺。今天我感到一個人，沒有興趣，這種感覺已經困擾我很久了,你,O,O,O,O,O,O,1
801,你知道什麼是愛？不是一個句子，也不是一個表情符號，可能還是一個人的無法形容的感覺。今天我感到一個人，沒有興趣，這種感覺已經困擾我很久了,知道,O,O,O,O,O,O,2
801,你知道什麼是愛？不是一個句子，也不是一個表情符號，可能還是一個人的無法形容的感覺。今天我感到一個人，沒有興趣，這種感覺已經困擾我很久了,什麼,O,O,O,O,O,O,3
801,你知道什麼是愛？不是一個句子，也不是一個表情符號，可能還是一個人的無法形容的感覺。今天我感到一個人，沒有興趣，這種感覺已經困擾我很久了,是,O,O,O,O,O,O,4
801,你知道什麼是愛？不是一個句子，也不是一個表情符號，可能還是一個人的無法形容的感覺。今天我感到一個人，沒有興趣，這種感覺已經困擾我很久了,愛,O,O,O,O,O,O,5
801,你知道什麼是愛？不是一個句子，也不是一個表情符號，可能還是一個人的無法形容的感覺。今天我感到一個人，沒有興趣，這種感覺已經困擾我很久了,？,O,O,O,O,O,O,6
801,你知道什麼是愛？不是一個句子，也不是一個表情符號，可能還是一個人的無法形容的感覺。今天我感到一個人，沒有興趣，這種感覺已經困擾我很久了,不是,O,O,O,O,O,O,7
801,你知道什麼是愛？不是一個句子，也不是一個表情符號，可能還是一個人的無法形容的感覺。今天我感到一個人，沒有興趣，這種感覺已經困擾我很久了,一個,O,O,O,O,O,O,8
801,你知道什麼是愛？不是一個句子，也不是一個表情符號，可能還是一個人的無法形容的感覺。今天我感到一個人，沒有興趣，這種感覺已經困擾我很久了,句子,O,O,O,O,O,O,9
801,你知道什麼是愛？不是一個句子，也不是一個表情符號，可能還是一個人的無法形容的感覺。今天我感到一個人，沒有興趣，這種感覺已經困擾我很久了,，,O,O,O,O,O,O,10
801,你知道什麼是愛？不是一個句子，也不是一個表情符號，可能還是一個人的無法形容的感覺。今天我感到一個人，沒有興趣，這種感覺已經困擾我很久了,也,O,O,O,O,O,O,11
801,你知道什麼是愛？不是一個句子，也不是一個表情符號，可能還是一個人的無法形容的感覺。今天我感到一個人，沒有興趣，這種感覺已經困擾我很久了,不是,O,O,O,O,O,O,12
801,你知道什麼是愛？不是一個句子，也不是一個表情符號，可能還是一個人的無法形容的感覺。今天我感到一個人，沒有興趣，這種感覺已經困擾我很久了,一個,O,O,O,O,O,O,13
801,你知道什麼是愛？不是一個句子，也不是一個表情符號，可能還是一個人的無法形容的感覺。今天我感到一個人，沒有興趣，這種感覺已經困擾我很久了,表情符號,O,O,O,O,O,O,14
801,你知道什麼是愛？不是一個句子，也不是一個表情符號，可能還是一個人的無法形容的感覺。今天我感到一個人，沒有興趣，這種感覺已經困擾我很久了,，,O,O,O,O,O,O,15
801,你知道什麼是愛？不是一個句子，也不是一個表情符號，可能還是一個人的無法形容的感覺。今天我感到一個人，沒有興趣，這種感覺已經困擾我很久了,可能,O,O,O,O,O,O,16
801,你知道什麼是愛？不是一個句子，也不是一個表情符號，可能還是一個人的無法形容的感覺。今天我感到一個人，沒有興趣，這種感覺已經困擾我很久了,還,O,O,O,O,O,O,17
801,你知道什麼是愛？不是一個句子，也不是一個表情符號，可能還是一個人的無法形容的感覺。今天我感到一個人，沒有興趣，這種感覺已經困擾我很久了,是,O,O,O,O,O,O,18
801,你知道什麼是愛？不是一個句子，也不是一個表情符號，可能還是一個人的無法形容的感覺。今天我感到一個人，沒有興趣，這種感覺已經困擾我很久了,一個,O,O,O,O,O,O,19
801,你知道什麼是愛？不是一個句子，也不是一個表情符號，可能還是一個人的無法形容的感覺。今天我感到一個人，沒有興趣，這種感覺已經困擾我很久了,人的,O,O,O,O,O,O,20
801,你知道什麼是愛？不是一個句子，也不是一個表情符號，可能還是一個人的無法形容的感覺。今天我感到一個人，沒有興趣，這種感覺已經困擾我很久了,無法,O,O,O,O,O,O,21
801,你知道什麼是愛？不是一個句子，也不是一個表情符號，可能還是一個人的無法形容的感覺。今天我感到一個人，沒有興趣，這種感覺已經困擾我很久了,形容,O,O,O,O,O,O,22
801,你知道什麼是愛？不是一個句子，也不是一個表情符號，可能還是一個人的無法形容的感覺。今天我感到一個人，沒有興趣，這種感覺已經困擾我很久了,的,O,O,O,O,O,O,23
801,你知道什麼是愛？不是一個句子，也不是一個表情符號，可能還是一個人的無法形容的感覺。今天我感到一個人，沒有興趣，這種感覺已經困擾我很久了,感覺,O,O,O,O,O,O,24
801,你知道什麼是愛？不是一個句子，也不是一個表情符號，可能還是一個人的無法形容的感覺。今天我感到一個人，沒有興趣，這種感覺已經困擾我很久了,。,O,O,O,O,O,O,25
801,你知道什麼是愛？不是一個句子，也不是一個表情符號，可能還是一個人的無法形容的感覺。今天我感到一個人，沒有興趣，這種感覺已經困擾我很久了,今天,O,O,O,O,O,O,26
801,你知道什麼是愛？不是一個句子，也不是一個表情符號，可能還是一個人的無法形容的感覺。今天我感到一個人，沒有興趣，這種感覺已經困擾我很久了,我,O,O,O,O,O,O,27
801,你知道什麼是愛？不是一個句子，也不是一個表情符號，可能還是一個人的無法形容的感覺。今天我感到一個人，沒有興趣，這種感覺已經困擾我很久了,感到,O,O,O,O,O,O,28
801,你知道什麼是愛？不是一個句子，也不是一個表情符號，可能還是一個人的無法形容的感覺。今天我感到一個人，沒有興趣，這種感覺已經困擾我很久了,一個,O,O,O,O,O,O,29
801,你知道什麼是愛？不是一個句子，也不是一個表情符號，可能還是一個人的無法形容的感覺。今天我感到一個人，沒有興趣，這種感覺已經困擾我很久了,人,O,O,O,O,O,O,30
801,你知道什麼是愛？不是一個句子，也不是一個表情符號，可能還是一個人的無法形容的感覺。今天我感到一個人，沒有興趣，這種感覺已經困擾我很久了,，,O,O,O,O,O,O,31
801,你知道什麼是愛？不是一個句子，也不是一個表情符號，可能還是一個人的無法形容的感覺。今天我感到一個人，沒有興趣，這種感覺已經困擾我很久了,沒有,B-A,O,B-D,O,B-D,O,32
801,你知道什麼是愛？不是一個句子，也不是一個表情符號，可能還是一個人的無法形容的感覺。今天我感到一個人，沒有興趣，這種感覺已經困擾我很久了,興趣,E-A,O,E-D,O,E-D,S-D,33
801,你知道什麼是愛？不是一個句子，也不是一個表情符號，可能還是一個人的無法形容的感覺。今天我感到一個人，沒有興趣，這種感覺已經困擾我很久了,，,O,O,O,O,O,O,34
801,你知道什麼是愛？不是一個句子，也不是一個表情符號，可能還是一個人的無法形容的感覺。今天我感到一個人，沒有興趣，這種感覺已經困擾我很久了,這種,O,O,O,O,O,O,35
801,你知道什麼是愛？不是一個句子，也不是一個表情符號，可能還是一個人的無法形容的感覺。今天我感到一個人，沒有興趣，這種感覺已經困擾我很久了,感覺,O,O,O,O,O,O,36
801,你知道什麼是愛？不是一個句子，也不是一個表情符號，可能還是一個人的無法形容的感覺。今天我感到一個人，沒有興趣，這種感覺已經困擾我很久了,已經,O,O,O,O,O,O,37
801,你知道什麼是愛？不是一個句子，也不是一個表情符號，可能還是一個人的無法形容的感覺。今天我感到一個人，沒有興趣，這種感覺已經困擾我很久了,困擾,B-D,B-D,B-D,B-D,B-D,B-D,38
801,你知道什麼是愛？不是一個句子，也不是一個表情符號，可能還是一個人的無法形容的感覺。今天我感到一個人，沒有興趣，這種感覺已經困擾我很久了,我,O,O,M-D,O,M-D,M-D,39
801,你知道什麼是愛？不是一個句子，也不是一個表情符號，可能還是一個人的無法形容的感覺。今天我感到一個人，沒有興趣，這種感覺已經困擾我很久了,很,O,O,M-D,O,M-D,M-D,40
801,你知道什麼是愛？不是一個句子，也不是一個表情符號，可能還是一個人的無法形容的感覺。今天我感到一個人，沒有興趣，這種感覺已經困擾我很久了,久,O,O,E-D,O,E-D,E-D,41
801,你知道什麼是愛？不是一個句子，也不是一個表情符號，可能還是一個人的無法形容的感覺。今天我感到一個人，沒有興趣，這種感覺已經困擾我很久了,了,O,O,O,O,O,O,42
802,每天都有新的開始，然而每天的開始都像是一個長期無人之地。 我開始失去興趣了，我的自信心也開始消退。 但是，我知道，我不是因為被歧視而被打倒的。 🌫️,每天,O,O,O,O,O,O,1
802,每天都有新的開始，然而每天的開始都像是一個長期無人之地。 我開始失去興趣了，我的自信心也開始消退。 但是，我知道，我不是因為被歧視而被打倒的。 🌫️,都有,O,O,O,O,O,O,2
802,每天都有新的開始，然而每天的開始都像是一個長期無人之地。 我開始失去興趣了，我的自信心也開始消退。 但是，我知道，我不是因為被歧視而被打倒的。 🌫️,新的,O,O,O,O,O,O,3
802,每天都有新的開始，然而每天的開始都像是一個長期無人之地。 我開始失去興趣了，我的自信心也開始消退。 但是，我知道，我不是因為被歧視而被打倒的。 🌫️,開始,O,O,O,O,O,O,4
802,每天都有新的開始，然而每天的開始都像是一個長期無人之地。 我開始失去興趣了，我的自信心也開始消退。 但是，我知道，我不是因為被歧視而被打倒的。 🌫️,，,O,O,O,O,O,O,5
802,每天都有新的開始，然而每天的開始都像是一個長期無人之地。 我開始失去興趣了，我的自信心也開始消退。 但是，我知道，我不是因為被歧視而被打倒的。 🌫️,然而,O,O,O,O,O,O,6
802,每天都有新的開始，然而每天的開始都像是一個長期無人之地。 我開始失去興趣了，我的自信心也開始消退。 但是，我知道，我不是因為被歧視而被打倒的。 🌫️,每天,O,O,O,O,O,O,7
802,每天都有新的開始，然而每天的開始都像是一個長期無人之地。 我開始失去興趣了，我的自信心也開始消退。 但是，我知道，我不是因為被歧視而被打倒的。 🌫️,的,O,O,O,O,O,O,8
802,每天都有新的開始，然而每天的開始都像是一個長期無人之地。 我開始失去興趣了，我的自信心也開始消退。 但是，我知道，我不是因為被歧視而被打倒的。 🌫️,開始,O,O,O,O,O,O,9
802,每天都有新的開始，然而每天的開始都像是一個長期無人之地。 我開始失去興趣了，我的自信心也開始消退。 但是，我知道，我不是因為被歧視而被打倒的。 🌫️,都,O,O,O,O,O,O,10
802,每天都有新的開始，然而每天的開始都像是一個長期無人之地。 我開始失去興趣了，我的自信心也開始消退。 但是，我知道，我不是因為被歧視而被打倒的。 🌫️,像是,O,O,O,O,O,O,11
802,每天都有新的開始，然而每天的開始都像是一個長期無人之地。 我開始失去興趣了，我的自信心也開始消退。 但是，我知道，我不是因為被歧視而被打倒的。 🌫️,一個,O,O,O,O,O,O,12
802,每天都有新的開始，然而每天的開始都像是一個長期無人之地。 我開始失去興趣了，我的自信心也開始消退。 但是，我知道，我不是因為被歧視而被打倒的。 🌫️,長期,O,O,O,O,O,O,13
802,每天都有新的開始，然而每天的開始都像是一個長期無人之地。 我開始失去興趣了，我的自信心也開始消退。 但是，我知道，我不是因為被歧視而被打倒的。 🌫️,無人,O,O,O,O,O,O,14
802,每天都有新的開始，然而每天的開始都像是一個長期無人之地。 我開始失去興趣了，我的自信心也開始消退。 但是，我知道，我不是因為被歧視而被打倒的。 🌫️,之地,O,O,O,O,O,O,15
802,每天都有新的開始，然而每天的開始都像是一個長期無人之地。 我開始失去興趣了，我的自信心也開始消退。 但是，我知道，我不是因為被歧視而被打倒的。 🌫️,。,O,O,O,O,O,O,16
802,每天都有新的開始，然而每天的開始都像是一個長期無人之地。 我開始失去興趣了，我的自信心也開始消退。 但是，我知道，我不是因為被歧視而被打倒的。 🌫️,我,O,O,O,O,O,O,17
802,每天都有新的開始，然而每天的開始都像是一個長期無人之地。 我開始失去興趣了，我的自信心也開始消退。 但是，我知道，我不是因為被歧視而被打倒的。 🌫️,開始,O,O,O,O,O,O,18
802,每天都有新的開始，然而每天的開始都像是一個長期無人之地。 我開始失去興趣了，我的自信心也開始消退。 但是，我知道，我不是因為被歧視而被打倒的。 🌫️,失去,B-A,B-A,O,O,O,O,19
802,每天都有新的開始，然而每天的開始都像是一個長期無人之地。 我開始失去興趣了，我的自信心也開始消退。 但是，我知道，我不是因為被歧視而被打倒的。 🌫️,興趣,E-A,E-A,B-A,B-A,B-A,O,20
802,每天都有新的開始，然而每天的開始都像是一個長期無人之地。 我開始失去興趣了，我的自信心也開始消退。 但是，我知道，我不是因為被歧視而被打倒的。 🌫️,了,O,O,E-A,E-A,E-A,B-A,21
802,每天都有新的開始，然而每天的開始都像是一個長期無人之地。 我開始失去興趣了，我的自信心也開始消退。 但是，我知道，我不是因為被歧視而被打倒的。 🌫️,，,O,O,O,O,O,E-A,22
802,每天都有新的開始，然而每天的開始都像是一個長期無人之地。 我開始失去興趣了，我的自信心也開始消退。 但是，我知道，我不是因為被歧視而被打倒的。 🌫️,我,O,O,O,O,O,O,23
802,每天都有新的開始，然而每天的開始都像是一個長期無人之地。 我開始失去興趣了，我的自信心也開始消退。 但是，我知道，我不是因為被歧視而被打倒的。 🌫️,的,O,O,O,O,O,O,24
802,每天都有新的開始，然而每天的開始都像是一個長期無人之地。 我開始失去興趣了，我的自信心也開始消退。 但是，我知道，我不是因為被歧視而被打倒的。 🌫️,自信心,O,O,O,O,O,O,25
802,每天都有新的開始，然而每天的開始都像是一個長期無人之地。 我開始失去興趣了，我的自信心也開始消退。 但是，我知道，我不是因為被歧視而被打倒的。 🌫️,也,O,O,O,O,O,O,26
802,每天都有新的開始，然而每天的開始都像是一個長期無人之地。 我開始失去興趣了，我的自信心也開始消退。 但是，我知道，我不是因為被歧視而被打倒的。 🌫️,開始,O,O,O,O,O,O,27
802,每天都有新的開始，然而每天的開始都像是一個長期無人之地。 我開始失去興趣了，我的自信心也開始消退。 但是，我知道，我不是因為被歧視而被打倒的。 🌫️,消退,O,S-D,O,O,O,O,28
802,每天都有新的開始，然而每天的開始都像是一個長期無人之地。 我開始失去興趣了，我的自信心也開始消退。 但是，我知道，我不是因為被歧視而被打倒的。 🌫️,。,O,O,S-D,S-D,S-D,O,29
802,每天都有新的開始，然而每天的開始都像是一個長期無人之地。 我開始失去興趣了，我的自信心也開始消退。 但是，我知道，我不是因為被歧視而被打倒的。 🌫️,但是,O,O,O,O,O,S-D,30
802,每天都有新的開始，然而每天的開始都像是一個長期無人之地。 我開始失去興趣了，我的自信心也開始消退。 但是，我知道，我不是因為被歧視而被打倒的。 🌫️,，,O,O,O,O,O,O,31
802,每天都有新的開始，然而每天的開始都像是一個長期無人之地。 我開始失去興趣了，我的自信心也開始消退。 但是，我知道，我不是因為被歧視而被打倒的。 🌫️,我,O,O,O,O,O,O,32
802,每天都有新的開始，然而每天的開始都像是一個長期無人之地。 我開始失去興趣了，我的自信心也開始消退。 但是，我知道，我不是因為被歧視而被打倒的。 🌫️,知道,O,O,O,O,O,O,33
802,每天都有新的開始，然而每天的開始都像是一個長期無人之地。 我開始失去興趣了，我的自信心也開始消退。 但是，我知道，我不是因為被歧視而被打倒的。 🌫️,，,O,O,O,O,O,O,34
802,每天都有新的開始，然而每天的開始都像是一個長期無人之地。 我開始失去興趣了，我的自信心也開始消退。 但是，我知道，我不是因為被歧視而被打倒的。 🌫️,我,O,O,O,O,O,O,35
802,每天都有新的開始，然而每天的開始都像是一個長期無人之地。 我開始失去興趣了，我的自信心也開始消退。 但是，我知道，我不是因為被歧視而被打倒的。 🌫️,不是,O,O,O,O,O,O,36
802,每天都有新的開始，然而每天的開始都像是一個長期無人之地。 我開始失去興趣了，我的自信心也開始消退。 但是，我知道，我不是因為被歧視而被打倒的。 🌫️,因為,O,O,O,O,O,O,37
802,每天都有新的開始，然而每天的開始都像是一個長期無人之地。 我開始失去興趣了，我的自信心也開始消退。 但是，我知道，我不是因為被歧視而被打倒的。 🌫️,被,O,O,O,O,O,O,38
802,每天都有新的開始，然而每天的開始都像是一個長期無人之地。 我開始失去興趣了，我的自信心也開始消退。 但是，我知道，我不是因為被歧視而被打倒的。 🌫️,歧視,O,O,O,O,O,O,39
802,每天都有新的開始，然而每天的開始都像是一個長期無人之地。 我開始失去興趣了，我的自信心也開始消退。 但是，我知道，我不是因為被歧視而被打倒的。 🌫️,而,O,O,O,O,O,O,40
802,每天都有新的開始，然而每天的開始都像是一個長期無人之地。 我開始失去興趣了，我的自信心也開始消退。 但是，我知道，我不是因為被歧視而被打倒的。 🌫️,被,O,O,O,O,O,O,41
802,每天都有新的開始，然而每天的開始都像是一個長期無人之地。 我開始失去興趣了，我的自信心也開始消退。 但是，我知道，我不是因為被歧視而被打倒的。 🌫️,打倒,O,O,O,O,O,O,42
802,每天都有新的開始，然而每天的開始都像是一個長期無人之地。 我開始失去興趣了，我的自信心也開始消退。 但是，我知道，我不是因為被歧視而被打倒的。 🌫️,的,O,O,O,O,O,O,43
802,每天都有新的開始，然而每天的開始都像是一個長期無人之地。 我開始失去興趣了，我的自信心也開始消退。 但是，我知道，我不是因為被歧視而被打倒的。 🌫️,。,O,O,O,O,O,O,44
802,每天都有新的開始，然而每天的開始都像是一個長期無人之地。 我開始失去興趣了，我的自信心也開始消退。 但是，我知道，我不是因為被歧視而被打倒的。 🌫️,🌫️,O,O,O,O,O,O,45
803,每天也一樣這樣，缺乏那種興奮和對未來的期待，現在的生活像是無目的的旅行。 我開始忘記自己想要什麼，因為每天都是一樣的事情，我們的生活像是被擋在了黑暗裡。,每天,O,O,O,O,O,O,1
803,每天也一樣這樣，缺乏那種興奮和對未來的期待，現在的生活像是無目的的旅行。 我開始忘記自己想要什麼，因為每天都是一樣的事情，我們的生活像是被擋在了黑暗裡。,也,O,O,O,O,O,O,2
803,每天也一樣這樣，缺乏那種興奮和對未來的期待，現在的生活像是無目的的旅行。 我開始忘記自己想要什麼，因為每天都是一樣的事情，我們的生活像是被擋在了黑暗裡。,一樣,O,O,O,O,O,O,3
803,每天也一樣這樣，缺乏那種興奮和對未來的期待，現在的生活像是無目的的旅行。 我開始忘記自己想要什麼，因為每天都是一樣的事情，我們的生活像是被擋在了黑暗裡。,這樣,O,O,O,O,O,O,4
803,每天也一樣這樣，缺乏那種興奮和對未來的期待，現在的生活像是無目的的旅行。 我開始忘記自己想要什麼，因為每天都是一樣的事情，我們的生活像是被擋在了黑暗裡。,，,O,O,O,O,O,O,5
803,每天也一樣這樣，缺乏那種興奮和對未來的期待，現在的生活像是無目的的旅行。 我開始忘記自己想要什麼，因為每天都是一樣的事情，我們的生活像是被擋在了黑暗裡。,缺乏,B-A,O,O,O,O,O,6
803,每天也一樣這樣，缺乏那種興奮和對未來的期待，現在的生活像是無目的的旅行。 我開始忘記自己想要什麼，因為每天都是一樣的事情，我們的生活像是被擋在了黑暗裡。,那種,M-A,O,O,O,O,O,7
803,每天也一樣這樣，缺乏那種興奮和對未來的期待，現在的生活像是無目的的旅行。 我開始忘記自己想要什麼，因為每天都是一樣的事情，我們的生活像是被擋在了黑暗裡。,興奮,E-A,O,O,O,O,O,8
803,每天也一樣這樣，缺乏那種興奮和對未來的期待，現在的生活像是無目的的旅行。 我開始忘記自己想要什麼，因為每天都是一樣的事情，我們的生活像是被擋在了黑暗裡。,和,O,O,O,O,O,O,9
803,每天也一樣這樣，缺乏那種興奮和對未來的期待，現在的生活像是無目的的旅行。 我開始忘記自己想要什麼，因為每天都是一樣的事情，我們的生活像是被擋在了黑暗裡。,對,O,O,O,O,O,O,10
803,每天也一樣這樣，缺乏那種興奮和對未來的期待，現在的生活像是無目的的旅行。 我開始忘記自己想要什麼，因為每天都是一樣的事情，我們的生活像是被擋在了黑暗裡。,未來,O,O,O,O,O,O,11
803,每天也一樣這樣，缺乏那種興奮和對未來的期待，現在的生活像是無目的的旅行。 我開始忘記自己想要什麼，因為每天都是一樣的事情，我們的生活像是被擋在了黑暗裡。,的,O,O,O,O,O,O,12
803,每天也一樣這樣，缺乏那種興奮和對未來的期待，現在的生活像是無目的的旅行。 我開始忘記自己想要什麼，因為每天都是一樣的事情，我們的生活像是被擋在了黑暗裡。,期待,O,O,O,O,O,O,13
803,每天也一樣這樣，缺乏那種興奮和對未來的期待，現在的生活像是無目的的旅行。 我開始忘記自己想要什麼，因為每天都是一樣的事情，我們的生活像是被擋在了黑暗裡。,，,O,O,O,O,O,O,14
803,每天也一樣這樣，缺乏那種興奮和對未來的期待，現在的生活像是無目的的旅行。 我開始忘記自己想要什麼，因為每天都是一樣的事情，我們的生活像是被擋在了黑暗裡。,現在,O,O,O,O,O,O,15
803,每天也一樣這樣，缺乏那種興奮和對未來的期待，現在的生活像是無目的的旅行。 我開始忘記自己想要什麼，因為每天都是一樣的事情，我們的生活像是被擋在了黑暗裡。,的,O,O,O,O,O,O,16
803,每天也一樣這樣，缺乏那種興奮和對未來的期待，現在的生活像是無目的的旅行。 我開始忘記自己想要什麼，因為每天都是一樣的事情，我們的生活像是被擋在了黑暗裡。,生活,O,O,O,O,O,O,17
803,每天也一樣這樣，缺乏那種興奮和對未來的期待，現在的生活像是無目的的旅行。 我開始忘記自己想要什麼，因為每天都是一樣的事情，我們的生活像是被擋在了黑暗裡。,像是,O,O,O,O,O,O,18
803,每天也一樣這樣，缺乏那種興奮和對未來的期待，現在的生活像是無目的的旅行。 我開始忘記自己想要什麼，因為每天都是一樣的事情，我們的生活像是被擋在了黑暗裡。,無目的,S-D,S-D,O,O,O,O,19
803,每天也一樣這樣，缺乏那種興奮和對未來的期待，現在的生活像是無目的的旅行。 我開始忘記自己想要什麼，因為每天都是一樣的事情，我們的生活像是被擋在了黑暗裡。,的,O,O,O,O,O,O,20
803,每天也一樣這樣，缺乏那種興奮和對未來的期待，現在的生活像是無目的的旅行。 我開始忘記自己想要什麼，因為每天都是一樣的事情，我們的生活像是被擋在了黑暗裡。,旅行,O,O,O,O,O,O,21
803,每天也一樣這樣，缺乏那種興奮和對未來的期待，現在的生活像是無目的的旅行。 我開始忘記自己想要什麼，因為每天都是一樣的事情，我們的生活像是被擋在了黑暗裡。,。,O,O,O,O,O,O,22
803,每天也一樣這樣，缺乏那種興奮和對未來的期待，現在的生活像是無目的的旅行。 我開始忘記自己想要什麼，因為每天都是一樣的事情，我們的生活像是被擋在了黑暗裡。,我,O,O,O,O,O,O,23
803,每天也一樣這樣，缺乏那種興奮和對未來的期待，現在的生活像是無目的的旅行。 我開始忘記自己想要什麼，因為每天都是一樣的事情，我們的生活像是被擋在了黑暗裡。,開始,O,O,O,O,O,O,24
803,每天也一樣這樣，缺乏那種興奮和對未來的期待，現在的生活像是無目的的旅行。 我開始忘記自己想要什麼，因為每天都是一樣的事情，我們的生活像是被擋在了黑暗裡。,忘記,O,O,O,O,O,O,25
803,每天也一樣這樣，缺乏那種興奮和對未來的期待，現在的生活像是無目的的旅行。 我開始忘記自己想要什麼，因為每天都是一樣的事情，我們的生活像是被擋在了黑暗裡。,自己,O,O,O,O,O,O,26
803,每天也一樣這樣，缺乏那種興奮和對未來的期待，現在的生活像是無目的的旅行。 我開始忘記自己想要什麼，因為每天都是一樣的事情，我們的生活像是被擋在了黑暗裡。,想要,O,O,O,O,O,O,27
803,每天也一樣這樣，缺乏那種興奮和對未來的期待，現在的生活像是無目的的旅行。 我開始忘記自己想要什麼，因為每天都是一樣的事情，我們的生活像是被擋在了黑暗裡。,什麼,O,O,O,O,O,O,28
803,每天也一樣這樣，缺乏那種興奮和對未來的期待，現在的生活像是無目的的旅行。 我開始忘記自己想要什麼，因為每天都是一樣的事情，我們的生活像是被擋在了黑暗裡。,，,O,O,O,O,O,O,29
803,每天也一樣這樣，缺乏那種興奮和對未來的期待，現在的生活像是無目的的旅行。 我開始忘記自己想要什麼，因為每天都是一樣的事情，我們的生活像是被擋在了黑暗裡。,因為,O,O,O,O,O,O,30
803,每天也一樣這樣，缺乏那種興奮和對未來的期待，現在的生活像是無目的的旅行。 我開始忘記自己想要什麼，因為每天都是一樣的事情，我們的生活像是被擋在了黑暗裡。,每天,O,O,O,O,O,O,31
803,每天也一樣這樣，缺乏那種興奮和對未來的期待，現在的生活像是無目的的旅行。 我開始忘記自己想要什麼，因為每天都是一樣的事情，我們的生活像是被擋在了黑暗裡。,都,O,O,O,O,O,O,32
803,每天也一樣這樣，缺乏那種興奮和對未來的期待，現在的生活像是無目的的旅行。 我開始忘記自己想要什麼，因為每天都是一樣的事情，我們的生活像是被擋在了黑暗裡。,是,O,O,O,O,O,O,33
803,每天也一樣這樣，缺乏那種興奮和對未來的期待，現在的生活像是無目的的旅行。 我開始忘記自己想要什麼，因為每天都是一樣的事情，我們的生活像是被擋在了黑暗裡。,一樣,O,O,O,O,O,O,34
803,每天也一樣這樣，缺乏那種興奮和對未來的期待，現在的生活像是無目的的旅行。 我開始忘記自己想要什麼，因為每天都是一樣的事情，我們的生活像是被擋在了黑暗裡。,的,O,O,O,O,O,O,35
803,每天也一樣這樣，缺乏那種興奮和對未來的期待，現在的生活像是無目的的旅行。 我開始忘記自己想要什麼，因為每天都是一樣的事情，我們的生活像是被擋在了黑暗裡。,事情,O,O,O,O,O,O,36
803,每天也一樣這樣，缺乏那種興奮和對未來的期待，現在的生活像是無目的的旅行。 我開始忘記自己想要什麼，因為每天都是一樣的事情，我們的生活像是被擋在了黑暗裡。,，,O,O,O,O,O,O,37
803,每天也一樣這樣，缺乏那種興奮和對未來的期待，現在的生活像是無目的的旅行。 我開始忘記自己想要什麼，因為每天都是一樣的事情，我們的生活像是被擋在了黑暗裡。,我們,O,O,O,O,O,O,38
803,每天也一樣這樣，缺乏那種興奮和對未來的期待，現在的生活像是無目的的旅行。 我開始忘記自己想要什麼，因為每天都是一樣的事情，我們的生活像是被擋在了黑暗裡。,的,O,O,O,O,O,O,39
803,每天也一樣這樣，缺乏那種興奮和對未來的期待，現在的生活像是無目的的旅行。 我開始忘記自己想要什麼，因為每天都是一樣的事情，我們的生活像是被擋在了黑暗裡。,生活,O,O,O,O,O,O,40
803,每天也一樣這樣，缺乏那種興奮和對未來的期待，現在的生活像是無目的的旅行。 我開始忘記自己想要什麼，因為每天都是一樣的事情，我們的生活像是被擋在了黑暗裡。,像是,O,O,O,O,O,O,41
803,每天也一樣這樣，缺乏那種興奮和對未來的期待，現在的生活像是無目的的旅行。 我開始忘記自己想要什麼，因為每天都是一樣的事情，我們的生活像是被擋在了黑暗裡。,被,O,O,O,O,O,O,42
803,每天也一樣這樣，缺乏那種興奮和對未來的期待，現在的生活像是無目的的旅行。 我開始忘記自己想要什麼，因為每天都是一樣的事情，我們的生活像是被擋在了黑暗裡。,擋,O,O,O,O,O,O,43
803,每天也一樣這樣，缺乏那種興奮和對未來的期待，現在的生活像是無目的的旅行。 我開始忘記自己想要什麼，因為每天都是一樣的事情，我們的生活像是被擋在了黑暗裡。,在,O,O,O,O,O,O,44
803,每天也一樣這樣，缺乏那種興奮和對未來的期待，現在的生活像是無目的的旅行。 我開始忘記自己想要什麼，因為每天都是一樣的事情，我們的生活像是被擋在了黑暗裡。,了,O,O,O,O,O,O,45
803,每天也一樣這樣，缺乏那種興奮和對未來的期待，現在的生活像是無目的的旅行。 我開始忘記自己想要什麼，因為每天都是一樣的事情，我們的生活像是被擋在了黑暗裡。,黑暗,S-D,S-D,S-D,S-D,S-D,S-D,46
803,每天也一樣這樣，缺乏那種興奮和對未來的期待，現在的生活像是無目的的旅行。 我開始忘記自己想要什麼，因為每天都是一樣的事情，我們的生活像是被擋在了黑暗裡。,裡,O,O,O,O,O,O,47
803,每天也一樣這樣，缺乏那種興奮和對未來的期待，現在的生活像是無目的的旅行。 我開始忘記自己想要什麼，因為每天都是一樣的事情，我們的生活像是被擋在了黑暗裡。,。,O,O,O,O,O,O,48
804,我覺得我每天都在走在灰色地帶。每天不再有那樣的興趣，我什麼也沒好好想看或玩。雖然我知道這不是一個好事，但我這樣的感覺，我是會接受的。我現在在試著做一些小小的事情，但似乎我什麼也無法完成。️,我,O,O,O,O,O,O,1
804,我覺得我每天都在走在灰色地帶。每天不再有那樣的興趣，我什麼也沒好好想看或玩。雖然我知道這不是一個好事，但我這樣的感覺，我是會接受的。我現在在試著做一些小小的事情，但似乎我什麼也無法完成。️,覺得,O,O,O,O,O,O,2
804,我覺得我每天都在走在灰色地帶。每天不再有那樣的興趣，我什麼也沒好好想看或玩。雖然我知道這不是一個好事，但我這樣的感覺，我是會接受的。我現在在試著做一些小小的事情，但似乎我什麼也無法完成。️,我,O,O,O,O,O,O,3
804,我覺得我每天都在走在灰色地帶。每天不再有那樣的興趣，我什麼也沒好好想看或玩。雖然我知道這不是一個好事，但我這樣的感覺，我是會接受的。我現在在試著做一些小小的事情，但似乎我什麼也無法完成。️,每天,O,O,O,O,O,O,4
804,我覺得我每天都在走在灰色地帶。每天不再有那樣的興趣，我什麼也沒好好想看或玩。雖然我知道這不是一個好事，但我這樣的感覺，我是會接受的。我現在在試著做一些小小的事情，但似乎我什麼也無法完成。️,都,O,O,O,O,O,O,5
804,我覺得我每天都在走在灰色地帶。每天不再有那樣的興趣，我什麼也沒好好想看或玩。雖然我知道這不是一個好事，但我這樣的感覺，我是會接受的。我現在在試著做一些小小的事情，但似乎我什麼也無法完成。️,在,O,O,O,O,O,O,6
804,我覺得我每天都在走在灰色地帶。每天不再有那樣的興趣，我什麼也沒好好想看或玩。雖然我知道這不是一個好事，但我這樣的感覺，我是會接受的。我現在在試著做一些小小的事情，但似乎我什麼也無法完成。️,走,O,O,O,O,O,O,7
804,我覺得我每天都在走在灰色地帶。每天不再有那樣的興趣，我什麼也沒好好想看或玩。雖然我知道這不是一個好事，但我這樣的感覺，我是會接受的。我現在在試著做一些小小的事情，但似乎我什麼也無法完成。️,在,O,O,O,O,O,O,8
804,我覺得我每天都在走在灰色地帶。每天不再有那樣的興趣，我什麼也沒好好想看或玩。雖然我知道這不是一個好事，但我這樣的感覺，我是會接受的。我現在在試著做一些小小的事情，但似乎我什麼也無法完成。️,灰色,S-D,S-D,S-D,S-D,S-D,S-D,9
804,我覺得我每天都在走在灰色地帶。每天不再有那樣的興趣，我什麼也沒好好想看或玩。雖然我知道這不是一個好事，但我這樣的感覺，我是會接受的。我現在在試著做一些小小的事情，但似乎我什麼也無法完成。️,地帶,O,O,O,O,O,O,10
804,我覺得我每天都在走在灰色地帶。每天不再有那樣的興趣，我什麼也沒好好想看或玩。雖然我知道這不是一個好事，但我這樣的感覺，我是會接受的。我現在在試著做一些小小的事情，但似乎我什麼也無法完成。️,。,O,O,O,O,O,O,11
804,我覺得我每天都在走在灰色地帶。每天不再有那樣的興趣，我什麼也沒好好想看或玩。雖然我知道這不是一個好事，但我這樣的感覺，我是會接受的。我現在在試著做一些小小的事情，但似乎我什麼也無法完成。️,每天,O,O,O,O,O,O,12
804,我覺得我每天都在走在灰色地帶。每天不再有那樣的興趣，我什麼也沒好好想看或玩。雖然我知道這不是一個好事，但我這樣的感覺，我是會接受的。我現在在試著做一些小小的事情，但似乎我什麼也無法完成。️,不,O,O,O,O,O,O,13
804,我覺得我每天都在走在灰色地帶。每天不再有那樣的興趣，我什麼也沒好好想看或玩。雖然我知道這不是一個好事，但我這樣的感覺，我是會接受的。我現在在試著做一些小小的事情，但似乎我什麼也無法完成。️,再,O,O,O,O,O,O,14
804,我覺得我每天都在走在灰色地帶。每天不再有那樣的興趣，我什麼也沒好好想看或玩。雖然我知道這不是一個好事，但我這樣的感覺，我是會接受的。我現在在試著做一些小小的事情，但似乎我什麼也無法完成。️,有,O,O,O,O,O,O,15
804,我覺得我每天都在走在灰色地帶。每天不再有那樣的興趣，我什麼也沒好好想看或玩。雖然我知道這不是一個好事，但我這樣的感覺，我是會接受的。我現在在試著做一些小小的事情，但似乎我什麼也無法完成。️,那樣,O,O,O,O,O,O,16
804,我覺得我每天都在走在灰色地帶。每天不再有那樣的興趣，我什麼也沒好好想看或玩。雖然我知道這不是一個好事，但我這樣的感覺，我是會接受的。我現在在試著做一些小小的事情，但似乎我什麼也無法完成。️,的,O,O,O,O,O,O,17
804,我覺得我每天都在走在灰色地帶。每天不再有那樣的興趣，我什麼也沒好好想看或玩。雖然我知道這不是一個好事，但我這樣的感覺，我是會接受的。我現在在試著做一些小小的事情，但似乎我什麼也無法完成。️,興趣,O,O,O,O,O,O,18
804,我覺得我每天都在走在灰色地帶。每天不再有那樣的興趣，我什麼也沒好好想看或玩。雖然我知道這不是一個好事，但我這樣的感覺，我是會接受的。我現在在試著做一些小小的事情，但似乎我什麼也無法完成。️,，,O,O,O,O,O,O,19
804,我覺得我每天都在走在灰色地帶。每天不再有那樣的興趣，我什麼也沒好好想看或玩。雖然我知道這不是一個好事，但我這樣的感覺，我是會接受的。我現在在試著做一些小小的事情，但似乎我什麼也無法完成。️,我,O,O,O,O,O,O,20
804,我覺得我每天都在走在灰色地帶。每天不再有那樣的興趣，我什麼也沒好好想看或玩。雖然我知道這不是一個好事，但我這樣的感覺，我是會接受的。我現在在試著做一些小小的事情，但似乎我什麼也無法完成。️,什麼,O,O,O,O,O,O,21
804,我覺得我每天都在走在灰色地帶。每天不再有那樣的興趣，我什麼也沒好好想看或玩。雖然我知道這不是一個好事，但我這樣的感覺，我是會接受的。我現在在試著做一些小小的事情，但似乎我什麼也無法完成。️,也,O,O,O,O,O,O,22
804,我覺得我每天都在走在灰色地帶。每天不再有那樣的興趣，我什麼也沒好好想看或玩。雖然我知道這不是一個好事，但我這樣的感覺，我是會接受的。我現在在試著做一些小小的事情，但似乎我什麼也無法完成。️,沒,O,O,O,O,O,O,23
804,我覺得我每天都在走在灰色地帶。每天不再有那樣的興趣，我什麼也沒好好想看或玩。雖然我知道這不是一個好事，但我這樣的感覺，我是會接受的。我現在在試著做一些小小的事情，但似乎我什麼也無法完成。️,好好,O,O,O,O,O,O,24
804,我覺得我每天都在走在灰色地帶。每天不再有那樣的興趣，我什麼也沒好好想看或玩。雖然我知道這不是一個好事，但我這樣的感覺，我是會接受的。我現在在試著做一些小小的事情，但似乎我什麼也無法完成。️,想,O,O,O,O,O,O,25
804,我覺得我每天都在走在灰色地帶。每天不再有那樣的興趣，我什麼也沒好好想看或玩。雖然我知道這不是一個好事，但我這樣的感覺，我是會接受的。我現在在試著做一些小小的事情，但似乎我什麼也無法完成。️,看,O,O,O,O,O,O,26
804,我覺得我每天都在走在灰色地帶。每天不再有那樣的興趣，我什麼也沒好好想看或玩。雖然我知道這不是一個好事，但我這樣的感覺，我是會接受的。我現在在試著做一些小小的事情，但似乎我什麼也無法完成。️,或,O,O,O,O,O,O,27
804,我覺得我每天都在走在灰色地帶。每天不再有那樣的興趣，我什麼也沒好好想看或玩。雖然我知道這不是一個好事，但我這樣的感覺，我是會接受的。我現在在試著做一些小小的事情，但似乎我什麼也無法完成。️,玩,O,O,O,O,O,O,28
804,我覺得我每天都在走在灰色地帶。每天不再有那樣的興趣，我什麼也沒好好想看或玩。雖然我知道這不是一個好事，但我這樣的感覺，我是會接受的。我現在在試著做一些小小的事情，但似乎我什麼也無法完成。️,。,O,O,O,O,O,O,29
804,我覺得我每天都在走在灰色地帶。每天不再有那樣的興趣，我什麼也沒好好想看或玩。雖然我知道這不是一個好事，但我這樣的感覺，我是會接受的。我現在在試著做一些小小的事情，但似乎我什麼也無法完成。️,雖然,O,O,O,O,O,O,30
804,我覺得我每天都在走在灰色地帶。每天不再有那樣的興趣，我什麼也沒好好想看或玩。雖然我知道這不是一個好事，但我這樣的感覺，我是會接受的。我現在在試著做一些小小的事情，但似乎我什麼也無法完成。️,我,O,O,O,O,O,O,31
804,我覺得我每天都在走在灰色地帶。每天不再有那樣的興趣，我什麼也沒好好想看或玩。雖然我知道這不是一個好事，但我這樣的感覺，我是會接受的。我現在在試著做一些小小的事情，但似乎我什麼也無法完成。️,知道,O,O,O,O,O,O,32
804,我覺得我每天都在走在灰色地帶。每天不再有那樣的興趣，我什麼也沒好好想看或玩。雖然我知道這不是一個好事，但我這樣的感覺，我是會接受的。我現在在試著做一些小小的事情，但似乎我什麼也無法完成。️,這,O,O,O,O,O,O,33
804,我覺得我每天都在走在灰色地帶。每天不再有那樣的興趣，我什麼也沒好好想看或玩。雖然我知道這不是一個好事，但我這樣的感覺，我是會接受的。我現在在試著做一些小小的事情，但似乎我什麼也無法完成。️,不,O,O,O,O,O,O,34
804,我覺得我每天都在走在灰色地帶。每天不再有那樣的興趣，我什麼也沒好好想看或玩。雖然我知道這不是一個好事，但我這樣的感覺，我是會接受的。我現在在試著做一些小小的事情，但似乎我什麼也無法完成。️,是,O,O,O,O,O,O,35
804,我覺得我每天都在走在灰色地帶。每天不再有那樣的興趣，我什麼也沒好好想看或玩。雖然我知道這不是一個好事，但我這樣的感覺，我是會接受的。我現在在試著做一些小小的事情，但似乎我什麼也無法完成。️,一個,O,O,O,O,O,O,36
804,我覺得我每天都在走在灰色地帶。每天不再有那樣的興趣，我什麼也沒好好想看或玩。雖然我知道這不是一個好事，但我這樣的感覺，我是會接受的。我現在在試著做一些小小的事情，但似乎我什麼也無法完成。️,好事,O,O,O,O,O,O,37
804,我覺得我每天都在走在灰色地帶。每天不再有那樣的興趣，我什麼也沒好好想看或玩。雖然我知道這不是一個好事，但我這樣的感覺，我是會接受的。我現在在試著做一些小小的事情，但似乎我什麼也無法完成。️,，,O,O,O,O,O,O,38
804,我覺得我每天都在走在灰色地帶。每天不再有那樣的興趣，我什麼也沒好好想看或玩。雖然我知道這不是一個好事，但我這樣的感覺，我是會接受的。我現在在試著做一些小小的事情，但似乎我什麼也無法完成。️,但,O,O,O,O,O,O,39
804,我覺得我每天都在走在灰色地帶。每天不再有那樣的興趣，我什麼也沒好好想看或玩。雖然我知道這不是一個好事，但我這樣的感覺，我是會接受的。我現在在試著做一些小小的事情，但似乎我什麼也無法完成。️,我,O,O,O,O,O,O,40
804,我覺得我每天都在走在灰色地帶。每天不再有那樣的興趣，我什麼也沒好好想看或玩。雖然我知道這不是一個好事，但我這樣的感覺，我是會接受的。我現在在試著做一些小小的事情，但似乎我什麼也無法完成。️,這樣,O,O,O,O,O,O,41
804,我覺得我每天都在走在灰色地帶。每天不再有那樣的興趣，我什麼也沒好好想看或玩。雖然我知道這不是一個好事，但我這樣的感覺，我是會接受的。我現在在試著做一些小小的事情，但似乎我什麼也無法完成。️,的,O,O,O,O,O,O,42
804,我覺得我每天都在走在灰色地帶。每天不再有那樣的興趣，我什麼也沒好好想看或玩。雖然我知道這不是一個好事，但我這樣的感覺，我是會接受的。我現在在試著做一些小小的事情，但似乎我什麼也無法完成。️,感覺,O,O,O,O,O,O,43
804,我覺得我每天都在走在灰色地帶。每天不再有那樣的興趣，我什麼也沒好好想看或玩。雖然我知道這不是一個好事，但我這樣的感覺，我是會接受的。我現在在試著做一些小小的事情，但似乎我什麼也無法完成。️,，,O,O,O,O,O,O,44
804,我覺得我每天都在走在灰色地帶。每天不再有那樣的興趣，我什麼也沒好好想看或玩。雖然我知道這不是一個好事，但我這樣的感覺，我是會接受的。我現在在試著做一些小小的事情，但似乎我什麼也無法完成。️,我,O,O,O,O,O,O,45
804,我覺得我每天都在走在灰色地帶。每天不再有那樣的興趣，我什麼也沒好好想看或玩。雖然我知道這不是一個好事，但我這樣的感覺，我是會接受的。我現在在試著做一些小小的事情，但似乎我什麼也無法完成。️,是,O,O,O,O,O,O,46
804,我覺得我每天都在走在灰色地帶。每天不再有那樣的興趣，我什麼也沒好好想看或玩。雖然我知道這不是一個好事，但我這樣的感覺，我是會接受的。我現在在試著做一些小小的事情，但似乎我什麼也無法完成。️,會,O,O,O,O,O,O,47
804,我覺得我每天都在走在灰色地帶。每天不再有那樣的興趣，我什麼也沒好好想看或玩。雖然我知道這不是一個好事，但我這樣的感覺，我是會接受的。我現在在試著做一些小小的事情，但似乎我什麼也無法完成。️,接受,O,O,O,O,O,O,48
804,我覺得我每天都在走在灰色地帶。每天不再有那樣的興趣，我什麼也沒好好想看或玩。雖然我知道這不是一個好事，但我這樣的感覺，我是會接受的。我現在在試著做一些小小的事情，但似乎我什麼也無法完成。️,的,O,O,O,O,O,O,49
804,我覺得我每天都在走在灰色地帶。每天不再有那樣的興趣，我什麼也沒好好想看或玩。雖然我知道這不是一個好事，但我這樣的感覺，我是會接受的。我現在在試著做一些小小的事情，但似乎我什麼也無法完成。️,。,O,O,O,O,O,O,50
804,我覺得我每天都在走在灰色地帶。每天不再有那樣的興趣，我什麼也沒好好想看或玩。雖然我知道這不是一個好事，但我這樣的感覺，我是會接受的。我現在在試著做一些小小的事情，但似乎我什麼也無法完成。️,我,O,O,O,O,O,O,51
804,我覺得我每天都在走在灰色地帶。每天不再有那樣的興趣，我什麼也沒好好想看或玩。雖然我知道這不是一個好事，但我這樣的感覺，我是會接受的。我現在在試著做一些小小的事情，但似乎我什麼也無法完成。️,現在,O,O,O,O,O,O,52
804,我覺得我每天都在走在灰色地帶。每天不再有那樣的興趣，我什麼也沒好好想看或玩。雖然我知道這不是一個好事，但我這樣的感覺，我是會接受的。我現在在試著做一些小小的事情，但似乎我什麼也無法完成。️,在,O,O,O,O,O,O,53
804,我覺得我每天都在走在灰色地帶。每天不再有那樣的興趣，我什麼也沒好好想看或玩。雖然我知道這不是一個好事，但我這樣的感覺，我是會接受的。我現在在試著做一些小小的事情，但似乎我什麼也無法完成。️,試著,O,O,O,O,O,O,54
804,我覺得我每天都在走在灰色地帶。每天不再有那樣的興趣，我什麼也沒好好想看或玩。雖然我知道這不是一個好事，但我這樣的感覺，我是會接受的。我現在在試著做一些小小的事情，但似乎我什麼也無法完成。️,做,O,O,O,O,O,O,55
804,我覺得我每天都在走在灰色地帶。每天不再有那樣的興趣，我什麼也沒好好想看或玩。雖然我知道這不是一個好事，但我這樣的感覺，我是會接受的。我現在在試著做一些小小的事情，但似乎我什麼也無法完成。️,一些,O,O,O,O,O,O,56
804,我覺得我每天都在走在灰色地帶。每天不再有那樣的興趣，我什麼也沒好好想看或玩。雖然我知道這不是一個好事，但我這樣的感覺，我是會接受的。我現在在試著做一些小小的事情，但似乎我什麼也無法完成。️,小小,O,O,O,O,O,O,57
804,我覺得我每天都在走在灰色地帶。每天不再有那樣的興趣，我什麼也沒好好想看或玩。雖然我知道這不是一個好事，但我這樣的感覺，我是會接受的。我現在在試著做一些小小的事情，但似乎我什麼也無法完成。️,的,O,O,O,O,O,O,58
804,我覺得我每天都在走在灰色地帶。每天不再有那樣的興趣，我什麼也沒好好想看或玩。雖然我知道這不是一個好事，但我這樣的感覺，我是會接受的。我現在在試著做一些小小的事情，但似乎我什麼也無法完成。️,事情,O,O,O,O,O,O,59
804,我覺得我每天都在走在灰色地帶。每天不再有那樣的興趣，我什麼也沒好好想看或玩。雖然我知道這不是一個好事，但我這樣的感覺，我是會接受的。我現在在試著做一些小小的事情，但似乎我什麼也無法完成。️,，,O,O,O,O,O,O,60
804,我覺得我每天都在走在灰色地帶。每天不再有那樣的興趣，我什麼也沒好好想看或玩。雖然我知道這不是一個好事，但我這樣的感覺，我是會接受的。我現在在試著做一些小小的事情，但似乎我什麼也無法完成。️,但,O,O,O,O,O,O,61
804,我覺得我每天都在走在灰色地帶。每天不再有那樣的興趣，我什麼也沒好好想看或玩。雖然我知道這不是一個好事，但我這樣的感覺，我是會接受的。我現在在試著做一些小小的事情，但似乎我什麼也無法完成。️,似乎,O,O,O,O,O,O,62
804,我覺得我每天都在走在灰色地帶。每天不再有那樣的興趣，我什麼也沒好好想看或玩。雖然我知道這不是一個好事，但我這樣的感覺，我是會接受的。我現在在試著做一些小小的事情，但似乎我什麼也無法完成。️,我,O,O,O,O,O,O,63
804,我覺得我每天都在走在灰色地帶。每天不再有那樣的興趣，我什麼也沒好好想看或玩。雖然我知道這不是一個好事，但我這樣的感覺，我是會接受的。我現在在試著做一些小小的事情，但似乎我什麼也無法完成。️,什麼,O,O,O,O,O,O,64
804,我覺得我每天都在走在灰色地帶。每天不再有那樣的興趣，我什麼也沒好好想看或玩。雖然我知道這不是一個好事，但我這樣的感覺，我是會接受的。我現在在試著做一些小小的事情，但似乎我什麼也無法完成。️,也,O,O,O,O,O,O,65
804,我覺得我每天都在走在灰色地帶。每天不再有那樣的興趣，我什麼也沒好好想看或玩。雖然我知道這不是一個好事，但我這樣的感覺，我是會接受的。我現在在試著做一些小小的事情，但似乎我什麼也無法完成。️,無法,B-D,B-D,B-D,B-D,B-D,B-D,66
804,我覺得我每天都在走在灰色地帶。每天不再有那樣的興趣，我什麼也沒好好想看或玩。雖然我知道這不是一個好事，但我這樣的感覺，我是會接受的。我現在在試著做一些小小的事情，但似乎我什麼也無法完成。️,完成,E-D,E-D,E-D,E-D,E-D,E-D,67
804,我覺得我每天都在走在灰色地帶。每天不再有那樣的興趣，我什麼也沒好好想看或玩。雖然我知道這不是一個好事，但我這樣的感覺，我是會接受的。我現在在試著做一些小小的事情，但似乎我什麼也無法完成。️,。,O,O,O,O,O,O,68
804,我覺得我每天都在走在灰色地帶。每天不再有那樣的興趣，我什麼也沒好好想看或玩。雖然我知道這不是一個好事，但我這樣的感覺，我是會接受的。我現在在試著做一些小小的事情，但似乎我什麼也無法完成。️,️,O,O,O,O,O,O,69
805,我最近什麼都不想做了。  這是輕微的失望，但它讓我感到無法突破的困擾感。  這種感受似乎很常見，但難以說清。,我,O,O,O,O,O,O,1
805,我最近什麼都不想做了。  這是輕微的失望，但它讓我感到無法突破的困擾感。  這種感受似乎很常見，但難以說清。,最近,O,O,O,O,O,O,2
805,我最近什麼都不想做了。  這是輕微的失望，但它讓我感到無法突破的困擾感。  這種感受似乎很常見，但難以說清。,什麼,O,O,O,O,O,O,3
805,我最近什麼都不想做了。  這是輕微的失望，但它讓我感到無法突破的困擾感。  這種感受似乎很常見，但難以說清。,都,O,O,O,O,O,O,4
805,我最近什麼都不想做了。  這是輕微的失望，但它讓我感到無法突破的困擾感。  這種感受似乎很常見，但難以說清。,不,O,O,O,O,O,O,5
805,我最近什麼都不想做了。  這是輕微的失望，但它讓我感到無法突破的困擾感。  這種感受似乎很常見，但難以說清。,想,O,O,O,O,O,O,6
805,我最近什麼都不想做了。  這是輕微的失望，但它讓我感到無法突破的困擾感。  這種感受似乎很常見，但難以說清。,做,O,O,O,O,O,O,7
805,我最近什麼都不想做了。  這是輕微的失望，但它讓我感到無法突破的困擾感。  這種感受似乎很常見，但難以說清。,了,O,O,O,O,O,O,8
805,我最近什麼都不想做了。  這是輕微的失望，但它讓我感到無法突破的困擾感。  這種感受似乎很常見，但難以說清。,。,O,O,O,O,O,O,9
805,我最近什麼都不想做了。  這是輕微的失望，但它讓我感到無法突破的困擾感。  這種感受似乎很常見，但難以說清。,這,O,O,O,O,O,O,10
805,我最近什麼都不想做了。  這是輕微的失望，但它讓我感到無法突破的困擾感。  這種感受似乎很常見，但難以說清。,是,O,O,O,O,O,O,11
805,我最近什麼都不想做了。  這是輕微的失望，但它讓我感到無法突破的困擾感。  這種感受似乎很常見，但難以說清。,輕微,O,O,O,O,O,O,12
805,我最近什麼都不想做了。  這是輕微的失望，但它讓我感到無法突破的困擾感。  這種感受似乎很常見，但難以說清。,的,O,O,O,O,O,O,13
805,我最近什麼都不想做了。  這是輕微的失望，但它讓我感到無法突破的困擾感。  這種感受似乎很常見，但難以說清。,失望,S-D,S-D,S-D,S-D,S-D,S-D,14
805,我最近什麼都不想做了。  這是輕微的失望，但它讓我感到無法突破的困擾感。  這種感受似乎很常見，但難以說清。,，,O,O,O,O,O,O,15
805,我最近什麼都不想做了。  這是輕微的失望，但它讓我感到無法突破的困擾感。  這種感受似乎很常見，但難以說清。,但,O,O,O,O,O,O,16
805,我最近什麼都不想做了。  這是輕微的失望，但它讓我感到無法突破的困擾感。  這種感受似乎很常見，但難以說清。,它,O,O,O,O,O,O,17
805,我最近什麼都不想做了。  這是輕微的失望，但它讓我感到無法突破的困擾感。  這種感受似乎很常見，但難以說清。,讓,O,O,O,O,O,O,18
805,我最近什麼都不想做了。  這是輕微的失望，但它讓我感到無法突破的困擾感。  這種感受似乎很常見，但難以說清。,我,O,O,O,O,O,O,19
805,我最近什麼都不想做了。  這是輕微的失望，但它讓我感到無法突破的困擾感。  這種感受似乎很常見，但難以說清。,感到,O,O,O,O,O,O,20
805,我最近什麼都不想做了。  這是輕微的失望，但它讓我感到無法突破的困擾感。  這種感受似乎很常見，但難以說清。,無法,B-D,B-D,B-D,B-D,B-D,B-D,21
805,我最近什麼都不想做了。  這是輕微的失望，但它讓我感到無法突破的困擾感。  這種感受似乎很常見，但難以說清。,突破,E-D,E-D,E-D,E-D,E-D,E-D,22
805,我最近什麼都不想做了。  這是輕微的失望，但它讓我感到無法突破的困擾感。  這種感受似乎很常見，但難以說清。,的,O,O,O,O,O,O,23
805,我最近什麼都不想做了。  這是輕微的失望，但它讓我感到無法突破的困擾感。  這種感受似乎很常見，但難以說清。,困擾,S-D,S-D,S-D,S-D,S-D,S-D,24
805,我最近什麼都不想做了。  這是輕微的失望，但它讓我感到無法突破的困擾感。  這種感受似乎很常見，但難以說清。,感,O,O,O,O,O,O,25
805,我最近什麼都不想做了。  這是輕微的失望，但它讓我感到無法突破的困擾感。  這種感受似乎很常見，但難以說清。,。,O,O,O,O,O,O,26
805,我最近什麼都不想做了。  這是輕微的失望，但它讓我感到無法突破的困擾感。  這種感受似乎很常見，但難以說清。,這,O,O,O,O,O,O,27
805,我最近什麼都不想做了。  這是輕微的失望，但它讓我感到無法突破的困擾感。  這種感受似乎很常見，但難以說清。,種,O,O,O,O,O,O,28
805,我最近什麼都不想做了。  這是輕微的失望，但它讓我感到無法突破的困擾感。  這種感受似乎很常見，但難以說清。,感受,O,O,O,O,O,O,29
805,我最近什麼都不想做了。  這是輕微的失望，但它讓我感到無法突破的困擾感。  這種感受似乎很常見，但難以說清。,似乎,O,O,O,O,O,O,30
805,我最近什麼都不想做了。  這是輕微的失望，但它讓我感到無法突破的困擾感。  這種感受似乎很常見，但難以說清。,很,O,O,O,O,O,O,31
805,我最近什麼都不想做了。  這是輕微的失望，但它讓我感到無法突破的困擾感。  這種感受似乎很常見，但難以說清。,常見,O,O,O,O,O,O,32
805,我最近什麼都不想做了。  這是輕微的失望，但它讓我感到無法突破的困擾感。  這種感受似乎很常見，但難以說清。,，,O,O,O,O,O,O,33
805,我最近什麼都不想做了。  這是輕微的失望，但它讓我感到無法突破的困擾感。  這種感受似乎很常見，但難以說清。,但,O,O,O,O,O,O,34
805,我最近什麼都不想做了。  這是輕微的失望，但它讓我感到無法突破的困擾感。  這種感受似乎很常見，但難以說清。,難以,O,O,O,O,O,O,35
805,我最近什麼都不想做了。  這是輕微的失望，但它讓我感到無法突破的困擾感。  這種感受似乎很常見，但難以說清。,說清,O,O,O,O,O,O,36
805,我最近什麼都不想做了。  這是輕微的失望，但它讓我感到無法突破的困擾感。  這種感受似乎很常見，但難以說清。,。,O,O,O,缺失預測,O,O,37
806,最近又遇到了一個難以面對的選擇，好像整個人都在說「不要期待太多」，我就是最近開始這樣的想法。這樣一来，不知道自己還是能否為自己期待什麼了,最近,O,O,O,O,O,O,1
806,最近又遇到了一個難以面對的選擇，好像整個人都在說「不要期待太多」，我就是最近開始這樣的想法。這樣一来，不知道自己還是能否為自己期待什麼了,又,O,O,O,O,O,O,2
806,最近又遇到了一個難以面對的選擇，好像整個人都在說「不要期待太多」，我就是最近開始這樣的想法。這樣一来，不知道自己還是能否為自己期待什麼了,遇到,O,O,O,O,O,O,3
806,最近又遇到了一個難以面對的選擇，好像整個人都在說「不要期待太多」，我就是最近開始這樣的想法。這樣一来，不知道自己還是能否為自己期待什麼了,了,O,O,O,O,O,O,4
806,最近又遇到了一個難以面對的選擇，好像整個人都在說「不要期待太多」，我就是最近開始這樣的想法。這樣一来，不知道自己還是能否為自己期待什麼了,一個,O,O,O,O,O,O,5
806,最近又遇到了一個難以面對的選擇，好像整個人都在說「不要期待太多」，我就是最近開始這樣的想法。這樣一来，不知道自己還是能否為自己期待什麼了,難以,O,O,O,O,O,O,6
806,最近又遇到了一個難以面對的選擇，好像整個人都在說「不要期待太多」，我就是最近開始這樣的想法。這樣一来，不知道自己還是能否為自己期待什麼了,面對,O,O,O,O,O,O,7
806,最近又遇到了一個難以面對的選擇，好像整個人都在說「不要期待太多」，我就是最近開始這樣的想法。這樣一来，不知道自己還是能否為自己期待什麼了,的,O,O,O,O,O,O,8
806,最近又遇到了一個難以面對的選擇，好像整個人都在說「不要期待太多」，我就是最近開始這樣的想法。這樣一来，不知道自己還是能否為自己期待什麼了,選擇,O,O,O,O,O,O,9
806,最近又遇到了一個難以面對的選擇，好像整個人都在說「不要期待太多」，我就是最近開始這樣的想法。這樣一来，不知道自己還是能否為自己期待什麼了,，,O,O,O,O,O,O,10
806,最近又遇到了一個難以面對的選擇，好像整個人都在說「不要期待太多」，我就是最近開始這樣的想法。這樣一来，不知道自己還是能否為自己期待什麼了,好像,O,O,O,O,O,O,11
806,最近又遇到了一個難以面對的選擇，好像整個人都在說「不要期待太多」，我就是最近開始這樣的想法。這樣一来，不知道自己還是能否為自己期待什麼了,整個,O,O,O,O,O,O,12
806,最近又遇到了一個難以面對的選擇，好像整個人都在說「不要期待太多」，我就是最近開始這樣的想法。這樣一来，不知道自己還是能否為自己期待什麼了,人,O,O,O,O,O,O,13
806,最近又遇到了一個難以面對的選擇，好像整個人都在說「不要期待太多」，我就是最近開始這樣的想法。這樣一来，不知道自己還是能否為自己期待什麼了,都,O,O,O,O,O,O,14
806,最近又遇到了一個難以面對的選擇，好像整個人都在說「不要期待太多」，我就是最近開始這樣的想法。這樣一来，不知道自己還是能否為自己期待什麼了,在,O,O,O,O,O,O,15
806,最近又遇到了一個難以面對的選擇，好像整個人都在說「不要期待太多」，我就是最近開始這樣的想法。這樣一来，不知道自己還是能否為自己期待什麼了,說,O,O,O,O,O,O,16
806,最近又遇到了一個難以面對的選擇，好像整個人都在說「不要期待太多」，我就是最近開始這樣的想法。這樣一来，不知道自己還是能否為自己期待什麼了,「,O,O,O,O,O,O,17
806,最近又遇到了一個難以面對的選擇，好像整個人都在說「不要期待太多」，我就是最近開始這樣的想法。這樣一来，不知道自己還是能否為自己期待什麼了,不要,O,O,O,O,O,O,18
806,最近又遇到了一個難以面對的選擇，好像整個人都在說「不要期待太多」，我就是最近開始這樣的想法。這樣一来，不知道自己還是能否為自己期待什麼了,期待,O,O,O,O,O,O,19
806,最近又遇到了一個難以面對的選擇，好像整個人都在說「不要期待太多」，我就是最近開始這樣的想法。這樣一来，不知道自己還是能否為自己期待什麼了,太,O,O,O,O,O,O,20
806,最近又遇到了一個難以面對的選擇，好像整個人都在說「不要期待太多」，我就是最近開始這樣的想法。這樣一来，不知道自己還是能否為自己期待什麼了,多,O,O,O,O,O,O,21
806,最近又遇到了一個難以面對的選擇，好像整個人都在說「不要期待太多」，我就是最近開始這樣的想法。這樣一来，不知道自己還是能否為自己期待什麼了,」,O,O,O,O,O,O,22
806,最近又遇到了一個難以面對的選擇，好像整個人都在說「不要期待太多」，我就是最近開始這樣的想法。這樣一来，不知道自己還是能否為自己期待什麼了,，,O,O,O,O,O,O,23
806,最近又遇到了一個難以面對的選擇，好像整個人都在說「不要期待太多」，我就是最近開始這樣的想法。這樣一来，不知道自己還是能否為自己期待什麼了,我,O,O,O,O,O,O,24
806,最近又遇到了一個難以面對的選擇，好像整個人都在說「不要期待太多」，我就是最近開始這樣的想法。這樣一来，不知道自己還是能否為自己期待什麼了,就是,O,O,O,O,O,O,25
806,最近又遇到了一個難以面對的選擇，好像整個人都在說「不要期待太多」，我就是最近開始這樣的想法。這樣一来，不知道自己還是能否為自己期待什麼了,最近,O,O,O,O,O,O,26
806,最近又遇到了一個難以面對的選擇，好像整個人都在說「不要期待太多」，我就是最近開始這樣的想法。這樣一来，不知道自己還是能否為自己期待什麼了,開始,O,O,O,O,O,O,27
806,最近又遇到了一個難以面對的選擇，好像整個人都在說「不要期待太多」，我就是最近開始這樣的想法。這樣一来，不知道自己還是能否為自己期待什麼了,這樣,O,O,O,O,O,O,28
806,最近又遇到了一個難以面對的選擇，好像整個人都在說「不要期待太多」，我就是最近開始這樣的想法。這樣一来，不知道自己還是能否為自己期待什麼了,的,O,O,O,O,O,O,29
806,最近又遇到了一個難以面對的選擇，好像整個人都在說「不要期待太多」，我就是最近開始這樣的想法。這樣一来，不知道自己還是能否為自己期待什麼了,想法,O,O,O,O,O,O,30
806,最近又遇到了一個難以面對的選擇，好像整個人都在說「不要期待太多」，我就是最近開始這樣的想法。這樣一来，不知道自己還是能否為自己期待什麼了,。,O,O,O,O,O,O,31
806,最近又遇到了一個難以面對的選擇，好像整個人都在說「不要期待太多」，我就是最近開始這樣的想法。這樣一来，不知道自己還是能否為自己期待什麼了,這樣,O,O,O,O,O,O,32
806,最近又遇到了一個難以面對的選擇，好像整個人都在說「不要期待太多」，我就是最近開始這樣的想法。這樣一来，不知道自己還是能否為自己期待什麼了,一来,O,O,O,O,O,O,33
806,最近又遇到了一個難以面對的選擇，好像整個人都在說「不要期待太多」，我就是最近開始這樣的想法。這樣一来，不知道自己還是能否為自己期待什麼了,，,O,O,O,O,O,O,34
806,最近又遇到了一個難以面對的選擇，好像整個人都在說「不要期待太多」，我就是最近開始這樣的想法。這樣一来，不知道自己還是能否為自己期待什麼了,不知道,O,O,O,O,O,O,35
806,最近又遇到了一個難以面對的選擇，好像整個人都在說「不要期待太多」，我就是最近開始這樣的想法。這樣一来，不知道自己還是能否為自己期待什麼了,自己,O,O,O,O,O,O,36
806,最近又遇到了一個難以面對的選擇，好像整個人都在說「不要期待太多」，我就是最近開始這樣的想法。這樣一来，不知道自己還是能否為自己期待什麼了,還是,O,O,O,O,O,O,37
806,最近又遇到了一個難以面對的選擇，好像整個人都在說「不要期待太多」，我就是最近開始這樣的想法。這樣一来，不知道自己還是能否為自己期待什麼了,能否,O,O,O,O,O,O,38
806,最近又遇到了一個難以面對的選擇，好像整個人都在說「不要期待太多」，我就是最近開始這樣的想法。這樣一来，不知道自己還是能否為自己期待什麼了,為,O,O,O,O,O,O,39
806,最近又遇到了一個難以面對的選擇，好像整個人都在說「不要期待太多」，我就是最近開始這樣的想法。這樣一来，不知道自己還是能否為自己期待什麼了,自己,O,O,O,O,O,O,40
806,最近又遇到了一個難以面對的選擇，好像整個人都在說「不要期待太多」，我就是最近開始這樣的想法。這樣一来，不知道自己還是能否為自己期待什麼了,期待,O,O,O,O,O,O,41
806,最近又遇到了一個難以面對的選擇，好像整個人都在說「不要期待太多」，我就是最近開始這樣的想法。這樣一来，不知道自己還是能否為自己期待什麼了,什麼,O,O,O,O,O,O,42
806,最近又遇到了一個難以面對的選擇，好像整個人都在說「不要期待太多」，我就是最近開始這樣的想法。這樣一来，不知道自己還是能否為自己期待什麼了,了,O,O,缺失預測,缺失預測,缺失預測,缺失預測,43
807,我在黑暗中感受自己，每天醒來要應對是自己無法逃避的事實，充滿罪惡感，每天的每一分鐘都感受著這種絕望的感覺,我,O,O,O,O,O,O,1
807,我在黑暗中感受自己，每天醒來要應對是自己無法逃避的事實，充滿罪惡感，每天的每一分鐘都感受著這種絕望的感覺,在,O,O,O,O,O,O,2
807,我在黑暗中感受自己，每天醒來要應對是自己無法逃避的事實，充滿罪惡感，每天的每一分鐘都感受著這種絕望的感覺,黑暗,S-D,O,O,O,O,O,3
807,我在黑暗中感受自己，每天醒來要應對是自己無法逃避的事實，充滿罪惡感，每天的每一分鐘都感受著這種絕望的感覺,中,O,O,O,O,O,O,4
807,我在黑暗中感受自己，每天醒來要應對是自己無法逃避的事實，充滿罪惡感，每天的每一分鐘都感受著這種絕望的感覺,感受,O,O,O,O,O,O,5
807,我在黑暗中感受自己，每天醒來要應對是自己無法逃避的事實，充滿罪惡感，每天的每一分鐘都感受著這種絕望的感覺,自己,O,O,O,O,O,O,6
807,我在黑暗中感受自己，每天醒來要應對是自己無法逃避的事實，充滿罪惡感，每天的每一分鐘都感受著這種絕望的感覺,，,O,O,O,O,O,O,7
807,我在黑暗中感受自己，每天醒來要應對是自己無法逃避的事實，充滿罪惡感，每天的每一分鐘都感受著這種絕望的感覺,每天,O,O,O,O,O,O,8
807,我在黑暗中感受自己，每天醒來要應對是自己無法逃避的事實，充滿罪惡感，每天的每一分鐘都感受著這種絕望的感覺,醒來,O,O,O,O,O,O,9
807,我在黑暗中感受自己，每天醒來要應對是自己無法逃避的事實，充滿罪惡感，每天的每一分鐘都感受著這種絕望的感覺,要,O,O,O,O,O,O,10
807,我在黑暗中感受自己，每天醒來要應對是自己無法逃避的事實，充滿罪惡感，每天的每一分鐘都感受著這種絕望的感覺,應對,O,O,O,O,O,O,11
807,我在黑暗中感受自己，每天醒來要應對是自己無法逃避的事實，充滿罪惡感，每天的每一分鐘都感受著這種絕望的感覺,是,O,O,O,O,O,O,12
807,我在黑暗中感受自己，每天醒來要應對是自己無法逃避的事實，充滿罪惡感，每天的每一分鐘都感受著這種絕望的感覺,自己,O,O,O,O,O,O,13
807,我在黑暗中感受自己，每天醒來要應對是自己無法逃避的事實，充滿罪惡感，每天的每一分鐘都感受著這種絕望的感覺,無法,O,O,O,O,O,O,14
807,我在黑暗中感受自己，每天醒來要應對是自己無法逃避的事實，充滿罪惡感，每天的每一分鐘都感受著這種絕望的感覺,逃避,O,O,O,O,O,O,15
807,我在黑暗中感受自己，每天醒來要應對是自己無法逃避的事實，充滿罪惡感，每天的每一分鐘都感受著這種絕望的感覺,的,O,O,O,O,O,S-W,16
807,我在黑暗中感受自己，每天醒來要應對是自己無法逃避的事實，充滿罪惡感，每天的每一分鐘都感受著這種絕望的感覺,事實,O,O,O,O,O,O,17
807,我在黑暗中感受自己，每天醒來要應對是自己無法逃避的事實，充滿罪惡感，每天的每一分鐘都感受著這種絕望的感覺,，,O,O,O,O,S-D,O,18
807,我在黑暗中感受自己，每天醒來要應對是自己無法逃避的事實，充滿罪惡感，每天的每一分鐘都感受著這種絕望的感覺,充滿,B-W,O,O,O,O,O,19
807,我在黑暗中感受自己，每天醒來要應對是自己無法逃避的事實，充滿罪惡感，每天的每一分鐘都感受著這種絕望的感覺,罪惡感,E-W,O,O,O,O,O,20
807,我在黑暗中感受自己，每天醒來要應對是自己無法逃避的事實，充滿罪惡感，每天的每一分鐘都感受著這種絕望的感覺,，,O,O,O,O,O,O,21
807,我在黑暗中感受自己，每天醒來要應對是自己無法逃避的事實，充滿罪惡感，每天的每一分鐘都感受著這種絕望的感覺,每天,O,O,O,O,缺失預測,O,22
807,我在黑暗中感受自己，每天醒來要應對是自己無法逃避的事實，充滿罪惡感，每天的每一分鐘都感受著這種絕望的感覺,的,O,O,O,O,缺失預測,O,23
807,我在黑暗中感受自己，每天醒來要應對是自己無法逃避的事實，充滿罪惡感，每天的每一分鐘都感受著這種絕望的感覺,每,O,O,O,O,缺失預測,O,24
807,我在黑暗中感受自己，每天醒來要應對是自己無法逃避的事實，充滿罪惡感，每天的每一分鐘都感受著這種絕望的感覺,一,O,O,O,O,缺失預測,S-D,25
807,我在黑暗中感受自己，每天醒來要應對是自己無法逃避的事實，充滿罪惡感，每天的每一分鐘都感受著這種絕望的感覺,分鐘,O,O,O,O,缺失預測,O,26
807,我在黑暗中感受自己，每天醒來要應對是自己無法逃避的事實，充滿罪惡感，每天的每一分鐘都感受著這種絕望的感覺,都,O,O,O,O,缺失預測,O,27
807,我在黑暗中感受自己，每天醒來要應對是自己無法逃避的事實，充滿罪惡感，每天的每一分鐘都感受著這種絕望的感覺,感受著,O,O,O,O,缺失預測,O,28
807,我在黑暗中感受自己，每天醒來要應對是自己無法逃避的事實，充滿罪惡感，每天的每一分鐘都感受著這種絕望的感覺,這種,O,O,O,O,缺失預測,缺失預測,29
807,我在黑暗中感受自己，每天醒來要應對是自己無法逃避的事實，充滿罪惡感，每天的每一分鐘都感受著這種絕望的感覺,絕望,S-D,S-D,O,O,缺失預測,缺失預測,30
807,我在黑暗中感受自己，每天醒來要應對是自己無法逃避的事實，充滿罪惡感，每天的每一分鐘都感受著這種絕望的感覺,的,O,O,S-D,O,缺失預測,缺失預測,31
807,我在黑暗中感受自己，每天醒來要應對是自己無法逃避的事實，充滿罪惡感，每天的每一分鐘都感受著這種絕望的感覺,感覺,O,O,O,S-D,缺失預測,缺失預測,32
807,我在黑暗中感受自己，每天醒來要應對是自己無法逃避的事實，充滿罪惡感，每天的每一分鐘都感受著這種絕望的感覺,。,O,O,O,O,缺失預測,缺失預測,33
808,我再不想活了，不想再承受這種痛苦，我再不想面對這種絕望，我再不想看到這個世界，終止一切的時間就快到了,我,O,O,O,O,O,O,1
808,我再不想活了，不想再承受這種痛苦，我再不想面對這種絕望，我再不想看到這個世界，終止一切的時間就快到了,再,O,O,O,O,O,O,2
808,我再不想活了，不想再承受這種痛苦，我再不想面對這種絕望，我再不想看到這個世界，終止一切的時間就快到了,不,B-U,O,O,O,O,O,3
808,我再不想活了，不想再承受這種痛苦，我再不想面對這種絕望，我再不想看到這個世界，終止一切的時間就快到了,想,M-U,O,O,O,O,O,4
808,我再不想活了，不想再承受這種痛苦，我再不想面對這種絕望，我再不想看到這個世界，終止一切的時間就快到了,活,E-U,S-U,S-U,S-U,S-U,S-U,5
808,我再不想活了，不想再承受這種痛苦，我再不想面對這種絕望，我再不想看到這個世界，終止一切的時間就快到了,了,O,O,O,O,O,O,6
808,我再不想活了，不想再承受這種痛苦，我再不想面對這種絕望，我再不想看到這個世界，終止一切的時間就快到了,，,O,O,O,O,O,O,7
808,我再不想活了，不想再承受這種痛苦，我再不想面對這種絕望，我再不想看到這個世界，終止一切的時間就快到了,不,O,O,O,O,O,O,8
808,我再不想活了，不想再承受這種痛苦，我再不想面對這種絕望，我再不想看到這個世界，終止一切的時間就快到了,想,O,O,O,O,O,O,9
808,我再不想活了，不想再承受這種痛苦，我再不想面對這種絕望，我再不想看到這個世界，終止一切的時間就快到了,再,O,O,O,O,O,O,10
808,我再不想活了，不想再承受這種痛苦，我再不想面對這種絕望，我再不想看到這個世界，終止一切的時間就快到了,承受,O,S-D,S-D,S-D,S-D,S-D,11
808,我再不想活了，不想再承受這種痛苦，我再不想面對這種絕望，我再不想看到這個世界，終止一切的時間就快到了,這種,O,O,O,O,O,O,12
808,我再不想活了，不想再承受這種痛苦，我再不想面對這種絕望，我再不想看到這個世界，終止一切的時間就快到了,痛苦,S-D,S-D,S-D,S-D,S-D,S-D,13
808,我再不想活了，不想再承受這種痛苦，我再不想面對這種絕望，我再不想看到這個世界，終止一切的時間就快到了,，,O,O,O,O,O,O,14
808,我再不想活了，不想再承受這種痛苦，我再不想面對這種絕望，我再不想看到這個世界，終止一切的時間就快到了,我,O,O,O,O,O,O,15
808,我再不想活了，不想再承受這種痛苦，我再不想面對這種絕望，我再不想看到這個世界，終止一切的時間就快到了,再,O,O,O,O,O,O,16
808,我再不想活了，不想再承受這種痛苦，我再不想面對這種絕望，我再不想看到這個世界，終止一切的時間就快到了,不,O,O,O,O,O,O,17
808,我再不想活了，不想再承受這種痛苦，我再不想面對這種絕望，我再不想看到這個世界，終止一切的時間就快到了,想,O,O,O,O,O,O,18
808,我再不想活了，不想再承受這種痛苦，我再不想面對這種絕望，我再不想看到這個世界，終止一切的時間就快到了,面對,O,S-D,S-D,S-D,S-D,S-D,19
808,我再不想活了，不想再承受這種痛苦，我再不想面對這種絕望，我再不想看到這個世界，終止一切的時間就快到了,這種,O,O,O,O,O,O,20
808,我再不想活了，不想再承受這種痛苦，我再不想面對這種絕望，我再不想看到這個世界，終止一切的時間就快到了,絕望,S-D,S-D,S-D,S-D,S-D,S-D,21
808,我再不想活了，不想再承受這種痛苦，我再不想面對這種絕望，我再不想看到這個世界，終止一切的時間就快到了,，,O,O,O,O,O,O,22
808,我再不想活了，不想再承受這種痛苦，我再不想面對這種絕望，我再不想看到這個世界，終止一切的時間就快到了,我,O,O,O,O,O,O,23
808,我再不想活了，不想再承受這種痛苦，我再不想面對這種絕望，我再不想看到這個世界，終止一切的時間就快到了,再,O,O,O,O,O,O,24
808,我再不想活了，不想再承受這種痛苦，我再不想面對這種絕望，我再不想看到這個世界，終止一切的時間就快到了,不,B-U,O,O,O,O,O,25
808,我再不想活了，不想再承受這種痛苦，我再不想面對這種絕望，我再不想看到這個世界，終止一切的時間就快到了,想,M-U,O,O,O,O,O,26
808,我再不想活了，不想再承受這種痛苦，我再不想面對這種絕望，我再不想看到這個世界，終止一切的時間就快到了,看到,M-U,S-D,S-D,S-D,S-D,S-D,27
808,我再不想活了，不想再承受這種痛苦，我再不想面對這種絕望，我再不想看到這個世界，終止一切的時間就快到了,這個,M-U,O,O,O,O,O,28
808,我再不想活了，不想再承受這種痛苦，我再不想面對這種絕望，我再不想看到這個世界，終止一切的時間就快到了,世界,E-U,O,O,O,O,O,29
808,我再不想活了，不想再承受這種痛苦，我再不想面對這種絕望，我再不想看到這個世界，終止一切的時間就快到了,，,O,O,O,O,O,O,30
808,我再不想活了，不想再承受這種痛苦，我再不想面對這種絕望，我再不想看到這個世界，終止一切的時間就快到了,終止,O,O,O,O,O,O,31
808,我再不想活了，不想再承受這種痛苦，我再不想面對這種絕望，我再不想看到這個世界，終止一切的時間就快到了,一切,O,O,O,O,O,O,32
808,我再不想活了，不想再承受這種痛苦，我再不想面對這種絕望，我再不想看到這個世界，終止一切的時間就快到了,的,O,O,O,O,O,O,33
808,我再不想活了，不想再承受這種痛苦，我再不想面對這種絕望，我再不想看到這個世界，終止一切的時間就快到了,時間,O,O,O,O,O,O,34
808,我再不想活了，不想再承受這種痛苦，我再不想面對這種絕望，我再不想看到這個世界，終止一切的時間就快到了,就,O,O,O,O,O,O,35
808,我再不想活了，不想再承受這種痛苦，我再不想面對這種絕望，我再不想看到這個世界，終止一切的時間就快到了,快,O,O,O,O,O,O,36
808,我再不想活了，不想再承受這種痛苦，我再不想面對這種絕望，我再不想看到這個世界，終止一切的時間就快到了,到了,O,O,O,O,O,O,37
809,我不知道自己是什麼 我不知道我該如何開始重建自己,我,O,O,O,O,O,O,1
809,我不知道自己是什麼 我不知道我該如何開始重建自己,不知道,O,O,O,O,O,O,2
809,我不知道自己是什麼 我不知道我該如何開始重建自己,自己,O,O,O,O,O,O,3
809,我不知道自己是什麼 我不知道我該如何開始重建自己,是,O,O,O,O,O,O,4
809,我不知道自己是什麼 我不知道我該如何開始重建自己,什麼,O,O,O,O,O,O,5
809,我不知道自己是什麼 我不知道我該如何開始重建自己,我,O,O,O,O,O,O,6
809,我不知道自己是什麼 我不知道我該如何開始重建自己,不知道,O,O,O,O,O,O,7
809,我不知道自己是什麼 我不知道我該如何開始重建自己,我,O,O,O,O,O,O,8
809,我不知道自己是什麼 我不知道我該如何開始重建自己,該,O,O,O,O,O,O,9
809,我不知道自己是什麼 我不知道我該如何開始重建自己,如何,O,O,O,O,O,O,10
809,我不知道自己是什麼 我不知道我該如何開始重建自己,開始,O,O,O,O,O,O,11
809,我不知道自己是什麼 我不知道我該如何開始重建自己,重建,O,O,O,O,O,O,12
809,我不知道自己是什麼 我不知道我該如何開始重建自己,自己,O,O,S-D,O,O,O,13
810,我不是一個強者，我不值得活著，我沒有足夠的存在價值,我,O,O,O,O,O,O,1
810,我不是一個強者，我不值得活著，我沒有足夠的存在價值,不是,O,O,O,O,O,O,2
810,我不是一個強者，我不值得活著，我沒有足夠的存在價值,一個,O,O,O,O,O,O,3
810,我不是一個強者，我不值得活著，我沒有足夠的存在價值,強者,S-W,S-W,S-W,S-W,S-W,S-W,4
810,我不是一個強者，我不值得活著，我沒有足夠的存在價值,，,O,O,O,O,O,O,5
810,我不是一個強者，我不值得活著，我沒有足夠的存在價值,我,O,O,O,O,O,O,6
810,我不是一個強者，我不值得活著，我沒有足夠的存在價值,不,O,O,O,O,O,O,7
810,我不是一個強者，我不值得活著，我沒有足夠的存在價值,值得,O,S-W,B-W,S-W,S-W,S-W,8
810,我不是一個強者，我不值得活著，我沒有足夠的存在價值,活著,O,S-U,E-W,S-U,S-U,S-U,9
810,我不是一個強者，我不值得活著，我沒有足夠的存在價值,，,O,O,O,O,O,O,10
810,我不是一個強者，我不值得活著，我沒有足夠的存在價值,我,O,O,O,O,O,O,11
810,我不是一個強者，我不值得活著，我沒有足夠的存在價值,沒有,O,O,O,O,O,O,12
810,我不是一個強者，我不值得活著，我沒有足夠的存在價值,足夠,O,O,O,O,O,O,13
810,我不是一個強者，我不值得活著，我沒有足夠的存在價值,的,O,O,O,O,O,O,14
810,我不是一個強者，我不值得活著，我沒有足夠的存在價值,存在,O,O,O,O,O,O,15
810,我不是一個強者，我不值得活著，我沒有足夠的存在價值,價值,S-W,S-W,S-W,S-W,S-W,S-W,16
811,今天的日子很難過，對什麼事都不是很有興趣。 我不再像這樣感受自己生活中的美好。 最近我覺得自己缺乏動力，所以不再去做自己喜歡的事了。,今天,O,O,O,O,O,O,1
811,今天的日子很難過，對什麼事都不是很有興趣。 我不再像這樣感受自己生活中的美好。 最近我覺得自己缺乏動力，所以不再去做自己喜歡的事了。,的,O,O,O,O,O,O,2
811,今天的日子很難過，對什麼事都不是很有興趣。 我不再像這樣感受自己生活中的美好。 最近我覺得自己缺乏動力，所以不再去做自己喜歡的事了。,日子,O,O,O,O,O,O,3
811,今天的日子很難過，對什麼事都不是很有興趣。 我不再像這樣感受自己生活中的美好。 最近我覺得自己缺乏動力，所以不再去做自己喜歡的事了。,很,O,O,O,O,O,O,4
811,今天的日子很難過，對什麼事都不是很有興趣。 我不再像這樣感受自己生活中的美好。 最近我覺得自己缺乏動力，所以不再去做自己喜歡的事了。,難過,S-D,S-D,S-D,S-D,S-D,S-D,5
811,今天的日子很難過，對什麼事都不是很有興趣。 我不再像這樣感受自己生活中的美好。 最近我覺得自己缺乏動力，所以不再去做自己喜歡的事了。,，,O,O,O,O,O,O,6
811,今天的日子很難過，對什麼事都不是很有興趣。 我不再像這樣感受自己生活中的美好。 最近我覺得自己缺乏動力，所以不再去做自己喜歡的事了。,對,O,O,O,O,O,O,7
811,今天的日子很難過，對什麼事都不是很有興趣。 我不再像這樣感受自己生活中的美好。 最近我覺得自己缺乏動力，所以不再去做自己喜歡的事了。,什麼,O,O,O,O,O,O,8
811,今天的日子很難過，對什麼事都不是很有興趣。 我不再像這樣感受自己生活中的美好。 最近我覺得自己缺乏動力，所以不再去做自己喜歡的事了。,事,O,O,O,O,O,O,9
811,今天的日子很難過，對什麼事都不是很有興趣。 我不再像這樣感受自己生活中的美好。 最近我覺得自己缺乏動力，所以不再去做自己喜歡的事了。,都,O,O,O,O,O,O,10
811,今天的日子很難過，對什麼事都不是很有興趣。 我不再像這樣感受自己生活中的美好。 最近我覺得自己缺乏動力，所以不再去做自己喜歡的事了。,不是,O,O,O,O,O,O,11
811,今天的日子很難過，對什麼事都不是很有興趣。 我不再像這樣感受自己生活中的美好。 最近我覺得自己缺乏動力，所以不再去做自己喜歡的事了。,很,O,O,O,O,O,O,12
811,今天的日子很難過，對什麼事都不是很有興趣。 我不再像這樣感受自己生活中的美好。 最近我覺得自己缺乏動力，所以不再去做自己喜歡的事了。,有,O,O,O,O,O,O,13
811,今天的日子很難過，對什麼事都不是很有興趣。 我不再像這樣感受自己生活中的美好。 最近我覺得自己缺乏動力，所以不再去做自己喜歡的事了。,興趣,O,O,O,O,O,O,14
811,今天的日子很難過，對什麼事都不是很有興趣。 我不再像這樣感受自己生活中的美好。 最近我覺得自己缺乏動力，所以不再去做自己喜歡的事了。,。,O,O,O,O,O,O,15
811,今天的日子很難過，對什麼事都不是很有興趣。 我不再像這樣感受自己生活中的美好。 最近我覺得自己缺乏動力，所以不再去做自己喜歡的事了。,我,O,O,O,O,O,O,16
811,今天的日子很難過，對什麼事都不是很有興趣。 我不再像這樣感受自己生活中的美好。 最近我覺得自己缺乏動力，所以不再去做自己喜歡的事了。,不,O,O,O,O,O,O,17
811,今天的日子很難過，對什麼事都不是很有興趣。 我不再像這樣感受自己生活中的美好。 最近我覺得自己缺乏動力，所以不再去做自己喜歡的事了。,再,O,O,O,O,O,O,18
811,今天的日子很難過，對什麼事都不是很有興趣。 我不再像這樣感受自己生活中的美好。 最近我覺得自己缺乏動力，所以不再去做自己喜歡的事了。,像,O,O,O,O,O,O,19
811,今天的日子很難過，對什麼事都不是很有興趣。 我不再像這樣感受自己生活中的美好。 最近我覺得自己缺乏動力，所以不再去做自己喜歡的事了。,這樣,O,O,O,O,O,O,20
811,今天的日子很難過，對什麼事都不是很有興趣。 我不再像這樣感受自己生活中的美好。 最近我覺得自己缺乏動力，所以不再去做自己喜歡的事了。,感受,O,O,O,O,O,O,21
811,今天的日子很難過，對什麼事都不是很有興趣。 我不再像這樣感受自己生活中的美好。 最近我覺得自己缺乏動力，所以不再去做自己喜歡的事了。,自己,O,O,O,O,O,O,22
811,今天的日子很難過，對什麼事都不是很有興趣。 我不再像這樣感受自己生活中的美好。 最近我覺得自己缺乏動力，所以不再去做自己喜歡的事了。,生活,O,O,O,O,O,O,23
811,今天的日子很難過，對什麼事都不是很有興趣。 我不再像這樣感受自己生活中的美好。 最近我覺得自己缺乏動力，所以不再去做自己喜歡的事了。,中的,O,O,O,O,O,O,24
811,今天的日子很難過，對什麼事都不是很有興趣。 我不再像這樣感受自己生活中的美好。 最近我覺得自己缺乏動力，所以不再去做自己喜歡的事了。,美好,S-A,S-A,S-A,S-A,S-A,S-A,25
811,今天的日子很難過，對什麼事都不是很有興趣。 我不再像這樣感受自己生活中的美好。 最近我覺得自己缺乏動力，所以不再去做自己喜歡的事了。,。,O,O,O,O,O,O,26
811,今天的日子很難過，對什麼事都不是很有興趣。 我不再像這樣感受自己生活中的美好。 最近我覺得自己缺乏動力，所以不再去做自己喜歡的事了。,最近,O,O,O,O,O,O,27
811,今天的日子很難過，對什麼事都不是很有興趣。 我不再像這樣感受自己生活中的美好。 最近我覺得自己缺乏動力，所以不再去做自己喜歡的事了。,我,O,O,O,O,O,O,28
811,今天的日子很難過，對什麼事都不是很有興趣。 我不再像這樣感受自己生活中的美好。 最近我覺得自己缺乏動力，所以不再去做自己喜歡的事了。,覺得,O,O,O,O,O,O,29
811,今天的日子很難過，對什麼事都不是很有興趣。 我不再像這樣感受自己生活中的美好。 最近我覺得自己缺乏動力，所以不再去做自己喜歡的事了。,自己,O,O,O,O,O,O,30
811,今天的日子很難過，對什麼事都不是很有興趣。 我不再像這樣感受自己生活中的美好。 最近我覺得自己缺乏動力，所以不再去做自己喜歡的事了。,缺乏,B-W,B-W,B-W,B-W,B-W,B-W,31
811,今天的日子很難過，對什麼事都不是很有興趣。 我不再像這樣感受自己生活中的美好。 最近我覺得自己缺乏動力，所以不再去做自己喜歡的事了。,動力,E-W,E-W,E-W,E-W,E-W,E-W,32
811,今天的日子很難過，對什麼事都不是很有興趣。 我不再像這樣感受自己生活中的美好。 最近我覺得自己缺乏動力，所以不再去做自己喜歡的事了。,，,O,O,O,O,O,O,33
811,今天的日子很難過，對什麼事都不是很有興趣。 我不再像這樣感受自己生活中的美好。 最近我覺得自己缺乏動力，所以不再去做自己喜歡的事了。,所以,O,O,O,O,O,O,34
811,今天的日子很難過，對什麼事都不是很有興趣。 我不再像這樣感受自己生活中的美好。 最近我覺得自己缺乏動力，所以不再去做自己喜歡的事了。,不,O,O,O,O,O,O,35
811,今天的日子很難過，對什麼事都不是很有興趣。 我不再像這樣感受自己生活中的美好。 最近我覺得自己缺乏動力，所以不再去做自己喜歡的事了。,再,O,O,O,O,O,O,36
811,今天的日子很難過，對什麼事都不是很有興趣。 我不再像這樣感受自己生活中的美好。 最近我覺得自己缺乏動力，所以不再去做自己喜歡的事了。,去,O,O,O,O,O,O,37
811,今天的日子很難過，對什麼事都不是很有興趣。 我不再像這樣感受自己生活中的美好。 最近我覺得自己缺乏動力，所以不再去做自己喜歡的事了。,做,O,O,O,O,O,O,38
811,今天的日子很難過，對什麼事都不是很有興趣。 我不再像這樣感受自己生活中的美好。 最近我覺得自己缺乏動力，所以不再去做自己喜歡的事了。,自己,O,O,O,O,O,O,39
811,今天的日子很難過，對什麼事都不是很有興趣。 我不再像這樣感受自己生活中的美好。 最近我覺得自己缺乏動力，所以不再去做自己喜歡的事了。,喜歡,O,O,O,O,O,O,40
811,今天的日子很難過，對什麼事都不是很有興趣。 我不再像這樣感受自己生活中的美好。 最近我覺得自己缺乏動力，所以不再去做自己喜歡的事了。,的,O,O,O,O,O,O,41
811,今天的日子很難過，對什麼事都不是很有興趣。 我不再像這樣感受自己生活中的美好。 最近我覺得自己缺乏動力，所以不再去做自己喜歡的事了。,事,O,O,O,O,O,O,42
811,今天的日子很難過，對什麼事都不是很有興趣。 我不再像這樣感受自己生活中的美好。 最近我覺得自己缺乏動力，所以不再去做自己喜歡的事了。,了,O,O,O,O,O,O,43
811,今天的日子很難過，對什麼事都不是很有興趣。 我不再像這樣感受自己生活中的美好。 最近我覺得自己缺乏動力，所以不再去做自己喜歡的事了。,。,O,O,缺失預測,缺失預測,O,缺失預測,44
812,沒有意思了，沒有希望。被霸凌的我終究走不出來，無法看起自己，我該怎麼活著才能不被看起來毫無用處。,沒有,O,O,O,O,O,O,1
812,沒有意思了，沒有希望。被霸凌的我終究走不出來，無法看起自己，我該怎麼活著才能不被看起來毫無用處。,意思,O,O,O,O,O,O,2
812,沒有意思了，沒有希望。被霸凌的我終究走不出來，無法看起自己，我該怎麼活著才能不被看起來毫無用處。,了,O,O,O,O,O,O,3
812,沒有意思了，沒有希望。被霸凌的我終究走不出來，無法看起自己，我該怎麼活著才能不被看起來毫無用處。,，,O,O,O,O,O,O,4
812,沒有意思了，沒有希望。被霸凌的我終究走不出來，無法看起自己，我該怎麼活著才能不被看起來毫無用處。,沒有,O,O,O,O,O,O,5
812,沒有意思了，沒有希望。被霸凌的我終究走不出來，無法看起自己，我該怎麼活著才能不被看起來毫無用處。,希望,S-D,S-D,S-D,S-D,S-D,S-D,6
812,沒有意思了，沒有希望。被霸凌的我終究走不出來，無法看起自己，我該怎麼活著才能不被看起來毫無用處。,。,O,O,O,O,O,O,7
812,沒有意思了，沒有希望。被霸凌的我終究走不出來，無法看起自己，我該怎麼活著才能不被看起來毫無用處。,被,O,O,O,O,O,O,8
812,沒有意思了，沒有希望。被霸凌的我終究走不出來，無法看起自己，我該怎麼活著才能不被看起來毫無用處。,霸凌,O,O,O,O,O,O,9
812,沒有意思了，沒有希望。被霸凌的我終究走不出來，無法看起自己，我該怎麼活著才能不被看起來毫無用處。,的,O,O,O,O,O,O,10
812,沒有意思了，沒有希望。被霸凌的我終究走不出來，無法看起自己，我該怎麼活著才能不被看起來毫無用處。,我,O,O,O,O,O,O,11
812,沒有意思了，沒有希望。被霸凌的我終究走不出來，無法看起自己，我該怎麼活著才能不被看起來毫無用處。,終究,O,O,O,O,O,O,12
812,沒有意思了，沒有希望。被霸凌的我終究走不出來，無法看起自己，我該怎麼活著才能不被看起來毫無用處。,走,O,O,O,O,O,O,13
812,沒有意思了，沒有希望。被霸凌的我終究走不出來，無法看起自己，我該怎麼活著才能不被看起來毫無用處。,不,O,O,O,O,O,O,14
812,沒有意思了，沒有希望。被霸凌的我終究走不出來，無法看起自己，我該怎麼活著才能不被看起來毫無用處。,出來,O,O,O,O,O,O,15
812,沒有意思了，沒有希望。被霸凌的我終究走不出來，無法看起自己，我該怎麼活著才能不被看起來毫無用處。,，,O,O,O,O,O,O,16
812,沒有意思了，沒有希望。被霸凌的我終究走不出來，無法看起自己，我該怎麼活著才能不被看起來毫無用處。,無法,B-D,B-D,B-D,B-D,B-D,B-D,17
812,沒有意思了，沒有希望。被霸凌的我終究走不出來，無法看起自己，我該怎麼活著才能不被看起來毫無用處。,看起,M-D,M-D,M-D,M-D,M-D,M-D,18
812,沒有意思了，沒有希望。被霸凌的我終究走不出來，無法看起自己，我該怎麼活著才能不被看起來毫無用處。,自己,E-D,E-D,E-D,E-D,E-D,E-D,19
812,沒有意思了，沒有希望。被霸凌的我終究走不出來，無法看起自己，我該怎麼活著才能不被看起來毫無用處。,，,O,O,O,O,O,O,20
812,沒有意思了，沒有希望。被霸凌的我終究走不出來，無法看起自己，我該怎麼活著才能不被看起來毫無用處。,我,O,O,O,O,O,O,21
812,沒有意思了，沒有希望。被霸凌的我終究走不出來，無法看起自己，我該怎麼活著才能不被看起來毫無用處。,該,O,O,O,O,O,O,22
812,沒有意思了，沒有希望。被霸凌的我終究走不出來，無法看起自己，我該怎麼活著才能不被看起來毫無用處。,怎麼,O,O,O,O,O,O,23
812,沒有意思了，沒有希望。被霸凌的我終究走不出來，無法看起自己，我該怎麼活著才能不被看起來毫無用處。,活著,O,O,O,O,O,O,24
812,沒有意思了，沒有希望。被霸凌的我終究走不出來，無法看起自己，我該怎麼活著才能不被看起來毫無用處。,才能,O,O,O,O,O,O,25
812,沒有意思了，沒有希望。被霸凌的我終究走不出來，無法看起自己，我該怎麼活著才能不被看起來毫無用處。,不,O,O,O,O,O,O,26
812,沒有意思了，沒有希望。被霸凌的我終究走不出來，無法看起自己，我該怎麼活著才能不被看起來毫無用處。,被,O,O,O,O,O,O,27
812,沒有意思了，沒有希望。被霸凌的我終究走不出來，無法看起自己，我該怎麼活著才能不被看起來毫無用處。,看起來,O,O,O,O,O,O,28
812,沒有意思了，沒有希望。被霸凌的我終究走不出來，無法看起自己，我該怎麼活著才能不被看起來毫無用處。,毫無用處,S-W,S-W,S-W,S-W,S-W,S-W,29
812,沒有意思了，沒有希望。被霸凌的我終究走不出來，無法看起自己，我該怎麼活著才能不被看起來毫無用處。,。,O,O,O,O,O,O,30
813,你知道嗎？我很自責，覺得自己根本無法有效應對生活中的挑戰  每天都會覺得自己很差勁，既要是工作、既要是人際關係... 只覺得自己總是錯誤無法改正 我為什麼這樣呢？,你,O,O,O,O,O,O,1
813,你知道嗎？我很自責，覺得自己根本無法有效應對生活中的挑戰  每天都會覺得自己很差勁，既要是工作、既要是人際關係... 只覺得自己總是錯誤無法改正 我為什麼這樣呢？,知道,O,O,O,O,O,O,2
813,你知道嗎？我很自責，覺得自己根本無法有效應對生活中的挑戰  每天都會覺得自己很差勁，既要是工作、既要是人際關係... 只覺得自己總是錯誤無法改正 我為什麼這樣呢？,嗎,O,O,O,O,O,O,3
813,你知道嗎？我很自責，覺得自己根本無法有效應對生活中的挑戰  每天都會覺得自己很差勁，既要是工作、既要是人際關係... 只覺得自己總是錯誤無法改正 我為什麼這樣呢？,？,O,O,O,O,O,O,4
813,你知道嗎？我很自責，覺得自己根本無法有效應對生活中的挑戰  每天都會覺得自己很差勁，既要是工作、既要是人際關係... 只覺得自己總是錯誤無法改正 我為什麼這樣呢？,我,O,O,O,O,O,O,5
813,你知道嗎？我很自責，覺得自己根本無法有效應對生活中的挑戰  每天都會覺得自己很差勁，既要是工作、既要是人際關係... 只覺得自己總是錯誤無法改正 我為什麼這樣呢？,很,O,O,O,O,O,O,6
813,你知道嗎？我很自責，覺得自己根本無法有效應對生活中的挑戰  每天都會覺得自己很差勁，既要是工作、既要是人際關係... 只覺得自己總是錯誤無法改正 我為什麼這樣呢？,自責,S-W,S-W,S-W,S-W,S-W,S-W,7
813,你知道嗎？我很自責，覺得自己根本無法有效應對生活中的挑戰  每天都會覺得自己很差勁，既要是工作、既要是人際關係... 只覺得自己總是錯誤無法改正 我為什麼這樣呢？,，,O,O,O,O,O,O,8
813,你知道嗎？我很自責，覺得自己根本無法有效應對生活中的挑戰  每天都會覺得自己很差勁，既要是工作、既要是人際關係... 只覺得自己總是錯誤無法改正 我為什麼這樣呢？,覺得,O,O,O,O,O,O,9
813,你知道嗎？我很自責，覺得自己根本無法有效應對生活中的挑戰  每天都會覺得自己很差勁，既要是工作、既要是人際關係... 只覺得自己總是錯誤無法改正 我為什麼這樣呢？,自己,O,O,O,O,O,O,10
813,你知道嗎？我很自責，覺得自己根本無法有效應對生活中的挑戰  每天都會覺得自己很差勁，既要是工作、既要是人際關係... 只覺得自己總是錯誤無法改正 我為什麼這樣呢？,根本,O,O,O,O,O,O,11
813,你知道嗎？我很自責，覺得自己根本無法有效應對生活中的挑戰  每天都會覺得自己很差勁，既要是工作、既要是人際關係... 只覺得自己總是錯誤無法改正 我為什麼這樣呢？,無法,B-W,B-W,B-W,B-W,B-W,B-W,12
813,你知道嗎？我很自責，覺得自己根本無法有效應對生活中的挑戰  每天都會覺得自己很差勁，既要是工作、既要是人際關係... 只覺得自己總是錯誤無法改正 我為什麼這樣呢？,有效,M-W,M-W,M-W,M-W,M-W,M-W,13
813,你知道嗎？我很自責，覺得自己根本無法有效應對生活中的挑戰  每天都會覺得自己很差勁，既要是工作、既要是人際關係... 只覺得自己總是錯誤無法改正 我為什麼這樣呢？,應對,E-W,E-W,E-W,E-W,E-W,E-W,14
813,你知道嗎？我很自責，覺得自己根本無法有效應對生活中的挑戰  每天都會覺得自己很差勁，既要是工作、既要是人際關係... 只覺得自己總是錯誤無法改正 我為什麼這樣呢？,生活,O,O,O,O,O,O,15
813,你知道嗎？我很自責，覺得自己根本無法有效應對生活中的挑戰  每天都會覺得自己很差勁，既要是工作、既要是人際關係... 只覺得自己總是錯誤無法改正 我為什麼這樣呢？,中,O,O,O,O,O,O,16
813,你知道嗎？我很自責，覺得自己根本無法有效應對生活中的挑戰  每天都會覺得自己很差勁，既要是工作、既要是人際關係... 只覺得自己總是錯誤無法改正 我為什麼這樣呢？,的,O,O,O,O,O,O,17
813,你知道嗎？我很自責，覺得自己根本無法有效應對生活中的挑戰  每天都會覺得自己很差勁，既要是工作、既要是人際關係... 只覺得自己總是錯誤無法改正 我為什麼這樣呢？,挑戰,O,O,O,O,O,O,18
813,你知道嗎？我很自責，覺得自己根本無法有效應對生活中的挑戰  每天都會覺得自己很差勁，既要是工作、既要是人際關係... 只覺得自己總是錯誤無法改正 我為什麼這樣呢？,O,O,O,O,O,O,O,19
813,你知道嗎？我很自責，覺得自己根本無法有效應對生活中的挑戰  每天都會覺得自己很差勁，既要是工作、既要是人際關係... 只覺得自己總是錯誤無法改正 我為什麼這樣呢？,每天,O,O,O,O,O,O,20
813,你知道嗎？我很自責，覺得自己根本無法有效應對生活中的挑戰  每天都會覺得自己很差勁，既要是工作、既要是人際關係... 只覺得自己總是錯誤無法改正 我為什麼這樣呢？,都,O,O,O,O,O,O,21
813,你知道嗎？我很自責，覺得自己根本無法有效應對生活中的挑戰  每天都會覺得自己很差勁，既要是工作、既要是人際關係... 只覺得自己總是錯誤無法改正 我為什麼這樣呢？,會,O,O,O,O,O,O,22
813,你知道嗎？我很自責，覺得自己根本無法有效應對生活中的挑戰  每天都會覺得自己很差勁，既要是工作、既要是人際關係... 只覺得自己總是錯誤無法改正 我為什麼這樣呢？,覺得,O,O,O,O,O,O,23
813,你知道嗎？我很自責，覺得自己根本無法有效應對生活中的挑戰  每天都會覺得自己很差勁，既要是工作、既要是人際關係... 只覺得自己總是錯誤無法改正 我為什麼這樣呢？,自己,O,O,O,O,O,O,24
813,你知道嗎？我很自責，覺得自己根本無法有效應對生活中的挑戰  每天都會覺得自己很差勁，既要是工作、既要是人際關係... 只覺得自己總是錯誤無法改正 我為什麼這樣呢？,很,O,O,O,O,O,O,25
813,你知道嗎？我很自責，覺得自己根本無法有效應對生活中的挑戰  每天都會覺得自己很差勁，既要是工作、既要是人際關係... 只覺得自己總是錯誤無法改正 我為什麼這樣呢？,差勁,S-W,S-W,S-W,S-W,S-W,S-W,26
813,你知道嗎？我很自責，覺得自己根本無法有效應對生活中的挑戰  每天都會覺得自己很差勁，既要是工作、既要是人際關係... 只覺得自己總是錯誤無法改正 我為什麼這樣呢？,，,O,O,O,O,O,O,27
813,你知道嗎？我很自責，覺得自己根本無法有效應對生活中的挑戰  每天都會覺得自己很差勁，既要是工作、既要是人際關係... 只覺得自己總是錯誤無法改正 我為什麼這樣呢？,既,O,O,O,O,O,O,28
813,你知道嗎？我很自責，覺得自己根本無法有效應對生活中的挑戰  每天都會覺得自己很差勁，既要是工作、既要是人際關係... 只覺得自己總是錯誤無法改正 我為什麼這樣呢？,要,O,O,O,O,O,O,29
813,你知道嗎？我很自責，覺得自己根本無法有效應對生活中的挑戰  每天都會覺得自己很差勁，既要是工作、既要是人際關係... 只覺得自己總是錯誤無法改正 我為什麼這樣呢？,是,O,O,O,O,O,O,30
813,你知道嗎？我很自責，覺得自己根本無法有效應對生活中的挑戰  每天都會覺得自己很差勁，既要是工作、既要是人際關係... 只覺得自己總是錯誤無法改正 我為什麼這樣呢？,工作,O,O,O,O,O,O,31
813,你知道嗎？我很自責，覺得自己根本無法有效應對生活中的挑戰  每天都會覺得自己很差勁，既要是工作、既要是人際關係... 只覺得自己總是錯誤無法改正 我為什麼這樣呢？,、,O,O,O,O,O,O,32
813,你知道嗎？我很自責，覺得自己根本無法有效應對生活中的挑戰  每天都會覺得自己很差勁，既要是工作、既要是人際關係... 只覺得自己總是錯誤無法改正 我為什麼這樣呢？,既,O,O,O,O,O,O,33
813,你知道嗎？我很自責，覺得自己根本無法有效應對生活中的挑戰  每天都會覺得自己很差勁，既要是工作、既要是人際關係... 只覺得自己總是錯誤無法改正 我為什麼這樣呢？,要,O,O,O,O,O,O,34
813,你知道嗎？我很自責，覺得自己根本無法有效應對生活中的挑戰  每天都會覺得自己很差勁，既要是工作、既要是人際關係... 只覺得自己總是錯誤無法改正 我為什麼這樣呢？,是,O,O,O,O,O,O,35
813,你知道嗎？我很自責，覺得自己根本無法有效應對生活中的挑戰  每天都會覺得自己很差勁，既要是工作、既要是人際關係... 只覺得自己總是錯誤無法改正 我為什麼這樣呢？,人際,O,O,O,O,O,O,36
813,你知道嗎？我很自責，覺得自己根本無法有效應對生活中的挑戰  每天都會覺得自己很差勁，既要是工作、既要是人際關係... 只覺得自己總是錯誤無法改正 我為什麼這樣呢？,關係,O,O,O,O,O,O,37
813,你知道嗎？我很自責，覺得自己根本無法有效應對生活中的挑戰  每天都會覺得自己很差勁，既要是工作、既要是人際關係... 只覺得自己總是錯誤無法改正 我為什麼這樣呢？,...,O,O,O,O,O,O,38
813,你知道嗎？我很自責，覺得自己根本無法有效應對生活中的挑戰  每天都會覺得自己很差勁，既要是工作、既要是人際關係... 只覺得自己總是錯誤無法改正 我為什麼這樣呢？,只,O,O,O,O,O,O,39
813,你知道嗎？我很自責，覺得自己根本無法有效應對生活中的挑戰  每天都會覺得自己很差勁，既要是工作、既要是人際關係... 只覺得自己總是錯誤無法改正 我為什麼這樣呢？,覺得,O,O,O,O,O,O,40
813,你知道嗎？我很自責，覺得自己根本無法有效應對生活中的挑戰  每天都會覺得自己很差勁，既要是工作、既要是人際關係... 只覺得自己總是錯誤無法改正 我為什麼這樣呢？,自己,B-W,O,S-W,O,S-W,O,41
813,你知道嗎？我很自責，覺得自己根本無法有效應對生活中的挑戰  每天都會覺得自己很差勁，既要是工作、既要是人際關係... 只覺得自己總是錯誤無法改正 我為什麼這樣呢？,總是,M-W,O,B-W,O,B-W,O,42
813,你知道嗎？我很自責，覺得自己根本無法有效應對生活中的挑戰  每天都會覺得自己很差勁，既要是工作、既要是人際關係... 只覺得自己總是錯誤無法改正 我為什麼這樣呢？,錯誤,E-W,S-W,E-W,S-W,E-W,S-W,43
813,你知道嗎？我很自責，覺得自己根本無法有效應對生活中的挑戰  每天都會覺得自己很差勁，既要是工作、既要是人際關係... 只覺得自己總是錯誤無法改正 我為什麼這樣呢？,無法,O,B-W,O,B-W,O,B-W,44
813,你知道嗎？我很自責，覺得自己根本無法有效應對生活中的挑戰  每天都會覺得自己很差勁，既要是工作、既要是人際關係... 只覺得自己總是錯誤無法改正 我為什麼這樣呢？,改正,O,E-W,O,E-W,O,E-W,45
813,你知道嗎？我很自責，覺得自己根本無法有效應對生活中的挑戰  每天都會覺得自己很差勁，既要是工作、既要是人際關係... 只覺得自己總是錯誤無法改正 我為什麼這樣呢？,我,O,O,O,O,O,O,46
813,你知道嗎？我很自責，覺得自己根本無法有效應對生活中的挑戰  每天都會覺得自己很差勁，既要是工作、既要是人際關係... 只覺得自己總是錯誤無法改正 我為什麼這樣呢？,為,O,O,O,O,O,O,47
813,你知道嗎？我很自責，覺得自己根本無法有效應對生活中的挑戰  每天都會覺得自己很差勁，既要是工作、既要是人際關係... 只覺得自己總是錯誤無法改正 我為什麼這樣呢？,什麼,O,O,O,O,O,O,48
813,你知道嗎？我很自責，覺得自己根本無法有效應對生活中的挑戰  每天都會覺得自己很差勁，既要是工作、既要是人際關係... 只覺得自己總是錯誤無法改正 我為什麼這樣呢？,這樣,O,O,O,O,O,O,49
813,你知道嗎？我很自責，覺得自己根本無法有效應對生活中的挑戰  每天都會覺得自己很差勁，既要是工作、既要是人際關係... 只覺得自己總是錯誤無法改正 我為什麼這樣呢？,呢,O,O,缺失預測,O,缺失預測,O,50
813,你知道嗎？我很自責，覺得自己根本無法有效應對生活中的挑戰  每天都會覺得自己很差勁，既要是工作、既要是人際關係... 只覺得自己總是錯誤無法改正 我為什麼這樣呢？,？,O,O,缺失預測,O,缺失預測,O,51
814,我們現在的生活在那個「過時」而又「不夠」的地方。就像我們一點也不想去工作，不再享受自己的愛好，也就失去了自己想要做的事 。,我們,O,O,O,O,O,O,1
814,我們現在的生活在那個「過時」而又「不夠」的地方。就像我們一點也不想去工作，不再享受自己的愛好，也就失去了自己想要做的事 。,現在,O,O,O,O,O,O,2
814,我們現在的生活在那個「過時」而又「不夠」的地方。就像我們一點也不想去工作，不再享受自己的愛好，也就失去了自己想要做的事 。,的,O,O,O,O,O,O,3
814,我們現在的生活在那個「過時」而又「不夠」的地方。就像我們一點也不想去工作，不再享受自己的愛好，也就失去了自己想要做的事 。,生活,O,O,O,O,O,O,4
814,我們現在的生活在那個「過時」而又「不夠」的地方。就像我們一點也不想去工作，不再享受自己的愛好，也就失去了自己想要做的事 。,在,O,O,O,O,O,O,5
814,我們現在的生活在那個「過時」而又「不夠」的地方。就像我們一點也不想去工作，不再享受自己的愛好，也就失去了自己想要做的事 。,那個,O,O,O,O,O,O,6
814,我們現在的生活在那個「過時」而又「不夠」的地方。就像我們一點也不想去工作，不再享受自己的愛好，也就失去了自己想要做的事 。,「,O,O,O,O,O,O,7
814,我們現在的生活在那個「過時」而又「不夠」的地方。就像我們一點也不想去工作，不再享受自己的愛好，也就失去了自己想要做的事 。,過時,S-D,S-D,S-D,S-D,S-D,S-D,8
814,我們現在的生活在那個「過時」而又「不夠」的地方。就像我們一點也不想去工作，不再享受自己的愛好，也就失去了自己想要做的事 。,」,O,O,O,O,O,O,9
814,我們現在的生活在那個「過時」而又「不夠」的地方。就像我們一點也不想去工作，不再享受自己的愛好，也就失去了自己想要做的事 。,而,O,O,O,O,O,O,10
814,我們現在的生活在那個「過時」而又「不夠」的地方。就像我們一點也不想去工作，不再享受自己的愛好，也就失去了自己想要做的事 。,又,O,O,O,O,O,O,11
814,我們現在的生活在那個「過時」而又「不夠」的地方。就像我們一點也不想去工作，不再享受自己的愛好，也就失去了自己想要做的事 。,「,O,O,O,O,O,O,12
814,我們現在的生活在那個「過時」而又「不夠」的地方。就像我們一點也不想去工作，不再享受自己的愛好，也就失去了自己想要做的事 。,不夠,S-D,S-D,S-D,S-D,S-D,S-D,13
814,我們現在的生活在那個「過時」而又「不夠」的地方。就像我們一點也不想去工作，不再享受自己的愛好，也就失去了自己想要做的事 。,」,O,O,O,O,O,O,14
814,我們現在的生活在那個「過時」而又「不夠」的地方。就像我們一點也不想去工作，不再享受自己的愛好，也就失去了自己想要做的事 。,的,O,O,O,O,O,O,15
814,我們現在的生活在那個「過時」而又「不夠」的地方。就像我們一點也不想去工作，不再享受自己的愛好，也就失去了自己想要做的事 。,地方,O,O,O,O,O,O,16
814,我們現在的生活在那個「過時」而又「不夠」的地方。就像我們一點也不想去工作，不再享受自己的愛好，也就失去了自己想要做的事 。,。,O,O,O,O,O,O,17
814,我們現在的生活在那個「過時」而又「不夠」的地方。就像我們一點也不想去工作，不再享受自己的愛好，也就失去了自己想要做的事 。,就,O,O,O,O,O,O,18
814,我們現在的生活在那個「過時」而又「不夠」的地方。就像我們一點也不想去工作，不再享受自己的愛好，也就失去了自己想要做的事 。,像,O,O,O,O,O,O,19
814,我們現在的生活在那個「過時」而又「不夠」的地方。就像我們一點也不想去工作，不再享受自己的愛好，也就失去了自己想要做的事 。,我們,O,O,O,O,O,O,20
814,我們現在的生活在那個「過時」而又「不夠」的地方。就像我們一點也不想去工作，不再享受自己的愛好，也就失去了自己想要做的事 。,一點,O,O,O,O,O,O,21
814,我們現在的生活在那個「過時」而又「不夠」的地方。就像我們一點也不想去工作，不再享受自己的愛好，也就失去了自己想要做的事 。,也,O,O,O,O,O,O,22
814,我們現在的生活在那個「過時」而又「不夠」的地方。就像我們一點也不想去工作，不再享受自己的愛好，也就失去了自己想要做的事 。,不,O,O,O,O,O,O,23
814,我們現在的生活在那個「過時」而又「不夠」的地方。就像我們一點也不想去工作，不再享受自己的愛好，也就失去了自己想要做的事 。,想,O,O,O,O,O,O,24
814,我們現在的生活在那個「過時」而又「不夠」的地方。就像我們一點也不想去工作，不再享受自己的愛好，也就失去了自己想要做的事 。,去,O,O,O,O,O,O,25
814,我們現在的生活在那個「過時」而又「不夠」的地方。就像我們一點也不想去工作，不再享受自己的愛好，也就失去了自己想要做的事 。,工作,O,O,O,O,O,O,26
814,我們現在的生活在那個「過時」而又「不夠」的地方。就像我們一點也不想去工作，不再享受自己的愛好，也就失去了自己想要做的事 。,，,O,O,O,O,O,O,27
814,我們現在的生活在那個「過時」而又「不夠」的地方。就像我們一點也不想去工作，不再享受自己的愛好，也就失去了自己想要做的事 。,不再,B-A,B-A,B-A,B-A,B-A,B-A,28
814,我們現在的生活在那個「過時」而又「不夠」的地方。就像我們一點也不想去工作，不再享受自己的愛好，也就失去了自己想要做的事 。,享受,E-A,E-A,E-A,E-A,E-A,E-A,29
814,我們現在的生活在那個「過時」而又「不夠」的地方。就像我們一點也不想去工作，不再享受自己的愛好，也就失去了自己想要做的事 。,自己,O,O,O,O,O,O,30
814,我們現在的生活在那個「過時」而又「不夠」的地方。就像我們一點也不想去工作，不再享受自己的愛好，也就失去了自己想要做的事 。,的,O,O,O,O,O,O,31
814,我們現在的生活在那個「過時」而又「不夠」的地方。就像我們一點也不想去工作，不再享受自己的愛好，也就失去了自己想要做的事 。,愛好,O,O,O,O,O,O,32
814,我們現在的生活在那個「過時」而又「不夠」的地方。就像我們一點也不想去工作，不再享受自己的愛好，也就失去了自己想要做的事 。,，,O,O,O,O,O,O,33
814,我們現在的生活在那個「過時」而又「不夠」的地方。就像我們一點也不想去工作，不再享受自己的愛好，也就失去了自己想要做的事 。,也,O,O,O,O,O,O,34
814,我們現在的生活在那個「過時」而又「不夠」的地方。就像我們一點也不想去工作，不再享受自己的愛好，也就失去了自己想要做的事 。,就,O,O,O,O,O,O,35
814,我們現在的生活在那個「過時」而又「不夠」的地方。就像我們一點也不想去工作，不再享受自己的愛好，也就失去了自己想要做的事 。,失去,B-D,B-D,B-D,B-D,B-D,B-D,36
814,我們現在的生活在那個「過時」而又「不夠」的地方。就像我們一點也不想去工作，不再享受自己的愛好，也就失去了自己想要做的事 。,了,M-D,M-D,M-D,M-D,M-D,M-D,37
814,我們現在的生活在那個「過時」而又「不夠」的地方。就像我們一點也不想去工作，不再享受自己的愛好，也就失去了自己想要做的事 。,自己,E-D,E-D,E-D,E-D,E-D,E-D,38
814,我們現在的生活在那個「過時」而又「不夠」的地方。就像我們一點也不想去工作，不再享受自己的愛好，也就失去了自己想要做的事 。,想要,O,O,O,O,O,O,39
814,我們現在的生活在那個「過時」而又「不夠」的地方。就像我們一點也不想去工作，不再享受自己的愛好，也就失去了自己想要做的事 。,做,O,O,O,O,O,O,40
814,我們現在的生活在那個「過時」而又「不夠」的地方。就像我們一點也不想去工作，不再享受自己的愛好，也就失去了自己想要做的事 。,的,O,O,O,O,O,O,41
814,我們現在的生活在那個「過時」而又「不夠」的地方。就像我們一點也不想去工作，不再享受自己的愛好，也就失去了自己想要做的事 。,事,O,O,O,O,O,O,42
814,我們現在的生活在那個「過時」而又「不夠」的地方。就像我們一點也不想去工作，不再享受自己的愛好，也就失去了自己想要做的事 。,。,O,O,O,O,O,O,43
815,雖然我知道自己不是最正確的人  但是在最近的幾天，我開始在心裡面感到...  我完全沒有興趣 ✨ 什麼事情都變得無法讓我高興 😔 什麼事情都跟我無關  什麼事情都沒有興趣  我該怎么做？  #  #   #  #    #    # �,雖然,O,O,O,O,O,O,1
815,雖然我知道自己不是最正確的人  但是在最近的幾天，我開始在心裡面感到...  我完全沒有興趣 ✨ 什麼事情都變得無法讓我高興 😔 什麼事情都跟我無關  什麼事情都沒有興趣  我該怎么做？  #  #   #  #    #    # �,我,O,O,O,O,O,O,2
815,雖然我知道自己不是最正確的人  但是在最近的幾天，我開始在心裡面感到...  我完全沒有興趣 ✨ 什麼事情都變得無法讓我高興 😔 什麼事情都跟我無關  什麼事情都沒有興趣  我該怎么做？  #  #   #  #    #    # �,知道,O,O,O,O,O,O,3
815,雖然我知道自己不是最正確的人  但是在最近的幾天，我開始在心裡面感到...  我完全沒有興趣 ✨ 什麼事情都變得無法讓我高興 😔 什麼事情都跟我無關  什麼事情都沒有興趣  我該怎么做？  #  #   #  #    #    # �,自己,O,O,O,O,O,O,4
815,雖然我知道自己不是最正確的人  但是在最近的幾天，我開始在心裡面感到...  我完全沒有興趣 ✨ 什麼事情都變得無法讓我高興 😔 什麼事情都跟我無關  什麼事情都沒有興趣  我該怎么做？  #  #   #  #    #    # �,不是,O,O,O,O,O,O,5
815,雖然我知道自己不是最正確的人  但是在最近的幾天，我開始在心裡面感到...  我完全沒有興趣 ✨ 什麼事情都變得無法讓我高興 😔 什麼事情都跟我無關  什麼事情都沒有興趣  我該怎么做？  #  #   #  #    #    # �,最,O,O,O,O,O,O,6
815,雖然我知道自己不是最正確的人  但是在最近的幾天，我開始在心裡面感到...  我完全沒有興趣 ✨ 什麼事情都變得無法讓我高興 😔 什麼事情都跟我無關  什麼事情都沒有興趣  我該怎么做？  #  #   #  #    #    # �,正確,O,O,O,O,O,O,7
815,雖然我知道自己不是最正確的人  但是在最近的幾天，我開始在心裡面感到...  我完全沒有興趣 ✨ 什麼事情都變得無法讓我高興 😔 什麼事情都跟我無關  什麼事情都沒有興趣  我該怎么做？  #  #   #  #    #    # �,的,O,O,O,O,O,O,8
815,雖然我知道自己不是最正確的人  但是在最近的幾天，我開始在心裡面感到...  我完全沒有興趣 ✨ 什麼事情都變得無法讓我高興 😔 什麼事情都跟我無關  什麼事情都沒有興趣  我該怎么做？  #  #   #  #    #    # �,人,O,O,O,O,O,O,9
815,雖然我知道自己不是最正確的人  但是在最近的幾天，我開始在心裡面感到...  我完全沒有興趣 ✨ 什麼事情都變得無法讓我高興 😔 什麼事情都跟我無關  什麼事情都沒有興趣  我該怎么做？  #  #   #  #    #    # �,O,O,O,O,O,O,O,10
815,雖然我知道自己不是最正確的人  但是在最近的幾天，我開始在心裡面感到...  我完全沒有興趣 ✨ 什麼事情都變得無法讓我高興 😔 什麼事情都跟我無關  什麼事情都沒有興趣  我該怎么做？  #  #   #  #    #    # �,但是,O,O,O,O,O,O,11
815,雖然我知道自己不是最正確的人  但是在最近的幾天，我開始在心裡面感到...  我完全沒有興趣 ✨ 什麼事情都變得無法讓我高興 😔 什麼事情都跟我無關  什麼事情都沒有興趣  我該怎么做？  #  #   #  #    #    # �,在,O,O,O,O,O,O,12
815,雖然我知道自己不是最正確的人  但是在最近的幾天，我開始在心裡面感到...  我完全沒有興趣 ✨ 什麼事情都變得無法讓我高興 😔 什麼事情都跟我無關  什麼事情都沒有興趣  我該怎么做？  #  #   #  #    #    # �,最近,O,O,O,O,O,O,13
815,雖然我知道自己不是最正確的人  但是在最近的幾天，我開始在心裡面感到...  我完全沒有興趣 ✨ 什麼事情都變得無法讓我高興 😔 什麼事情都跟我無關  什麼事情都沒有興趣  我該怎么做？  #  #   #  #    #    # �,的,O,O,O,O,O,O,14
815,雖然我知道自己不是最正確的人  但是在最近的幾天，我開始在心裡面感到...  我完全沒有興趣 ✨ 什麼事情都變得無法讓我高興 😔 什麼事情都跟我無關  什麼事情都沒有興趣  我該怎么做？  #  #   #  #    #    # �,幾天,O,O,O,O,O,O,15
815,雖然我知道自己不是最正確的人  但是在最近的幾天，我開始在心裡面感到...  我完全沒有興趣 ✨ 什麼事情都變得無法讓我高興 😔 什麼事情都跟我無關  什麼事情都沒有興趣  我該怎么做？  #  #   #  #    #    # �,，,O,O,O,O,O,O,16
815,雖然我知道自己不是最正確的人  但是在最近的幾天，我開始在心裡面感到...  我完全沒有興趣 ✨ 什麼事情都變得無法讓我高興 😔 什麼事情都跟我無關  什麼事情都沒有興趣  我該怎么做？  #  #   #  #    #    # �,我,O,O,O,O,O,O,17
815,雖然我知道自己不是最正確的人  但是在最近的幾天，我開始在心裡面感到...  我完全沒有興趣 ✨ 什麼事情都變得無法讓我高興 😔 什麼事情都跟我無關  什麼事情都沒有興趣  我該怎么做？  #  #   #  #    #    # �,開始,O,O,O,O,O,O,18
815,雖然我知道自己不是最正確的人  但是在最近的幾天，我開始在心裡面感到...  我完全沒有興趣 ✨ 什麼事情都變得無法讓我高興 😔 什麼事情都跟我無關  什麼事情都沒有興趣  我該怎么做？  #  #   #  #    #    # �,在,O,O,O,O,O,O,19
815,雖然我知道自己不是最正確的人  但是在最近的幾天，我開始在心裡面感到...  我完全沒有興趣 ✨ 什麼事情都變得無法讓我高興 😔 什麼事情都跟我無關  什麼事情都沒有興趣  我該怎么做？  #  #   #  #    #    # �,心裡面,O,O,O,O,O,O,20
815,雖然我知道自己不是最正確的人  但是在最近的幾天，我開始在心裡面感到...  我完全沒有興趣 ✨ 什麼事情都變得無法讓我高興 😔 什麼事情都跟我無關  什麼事情都沒有興趣  我該怎么做？  #  #   #  #    #    # �,感到,O,O,O,O,O,O,21
815,雖然我知道自己不是最正確的人  但是在最近的幾天，我開始在心裡面感到...  我完全沒有興趣 ✨ 什麼事情都變得無法讓我高興 😔 什麼事情都跟我無關  什麼事情都沒有興趣  我該怎么做？  #  #   #  #    #    # �,...,O,O,O,O,O,O,22
815,雖然我知道自己不是最正確的人  但是在最近的幾天，我開始在心裡面感到...  我完全沒有興趣 ✨ 什麼事情都變得無法讓我高興 😔 什麼事情都跟我無關  什麼事情都沒有興趣  我該怎么做？  #  #   #  #    #    # �,我,O,O,O,O,O,O,23
815,雖然我知道自己不是最正確的人  但是在最近的幾天，我開始在心裡面感到...  我完全沒有興趣 ✨ 什麼事情都變得無法讓我高興 😔 什麼事情都跟我無關  什麼事情都沒有興趣  我該怎么做？  #  #   #  #    #    # �,完全,O,O,O,O,O,O,24
815,雖然我知道自己不是最正確的人  但是在最近的幾天，我開始在心裡面感到...  我完全沒有興趣 ✨ 什麼事情都變得無法讓我高興 😔 什麼事情都跟我無關  什麼事情都沒有興趣  我該怎么做？  #  #   #  #    #    # �,沒有,B-A,O,O,S-A,O,O,25
815,雖然我知道自己不是最正確的人  但是在最近的幾天，我開始在心裡面感到...  我完全沒有興趣 ✨ 什麼事情都變得無法讓我高興 😔 什麼事情都跟我無關  什麼事情都沒有興趣  我該怎么做？  #  #   #  #    #    # �,興趣,E-A,S-A,S-A,O,S-A,S-A,26
815,雖然我知道自己不是最正確的人  但是在最近的幾天，我開始在心裡面感到...  我完全沒有興趣 ✨ 什麼事情都變得無法讓我高興 😔 什麼事情都跟我無關  什麼事情都沒有興趣  我該怎么做？  #  #   #  #    #    # �,✨,O,O,O,O,O,O,27
815,雖然我知道自己不是最正確的人  但是在最近的幾天，我開始在心裡面感到...  我完全沒有興趣 ✨ 什麼事情都變得無法讓我高興 😔 什麼事情都跟我無關  什麼事情都沒有興趣  我該怎么做？  #  #   #  #    #    # �,什麼,O,O,O,O,O,O,28
815,雖然我知道自己不是最正確的人  但是在最近的幾天，我開始在心裡面感到...  我完全沒有興趣 ✨ 什麼事情都變得無法讓我高興 😔 什麼事情都跟我無關  什麼事情都沒有興趣  我該怎么做？  #  #   #  #    #    # �,事情,O,O,O,O,O,O,29
815,雖然我知道自己不是最正確的人  但是在最近的幾天，我開始在心裡面感到...  我完全沒有興趣 ✨ 什麼事情都變得無法讓我高興 😔 什麼事情都跟我無關  什麼事情都沒有興趣  我該怎么做？  #  #   #  #    #    # �,都,O,O,O,O,O,O,30
815,雖然我知道自己不是最正確的人  但是在最近的幾天，我開始在心裡面感到...  我完全沒有興趣 ✨ 什麼事情都變得無法讓我高興 😔 什麼事情都跟我無關  什麼事情都沒有興趣  我該怎么做？  #  #   #  #    #    # �,變得,O,O,O,O,O,O,31
815,雖然我知道自己不是最正確的人  但是在最近的幾天，我開始在心裡面感到...  我完全沒有興趣 ✨ 什麼事情都變得無法讓我高興 😔 什麼事情都跟我無關  什麼事情都沒有興趣  我該怎么做？  #  #   #  #    #    # �,無法,B-A,B-D,O,O,O,O,32
815,雖然我知道自己不是最正確的人  但是在最近的幾天，我開始在心裡面感到...  我完全沒有興趣 ✨ 什麼事情都變得無法讓我高興 😔 什麼事情都跟我無關  什麼事情都沒有興趣  我該怎么做？  #  #   #  #    #    # �,讓,M-A,O,O,O,B-D,B-D,33
815,雖然我知道自己不是最正確的人  但是在最近的幾天，我開始在心裡面感到...  我完全沒有興趣 ✨ 什麼事情都變得無法讓我高興 😔 什麼事情都跟我無關  什麼事情都沒有興趣  我該怎么做？  #  #   #  #    #    # �,我,M-A,O,O,S-A,O,O,34
815,雖然我知道自己不是最正確的人  但是在最近的幾天，我開始在心裡面感到...  我完全沒有興趣 ✨ 什麼事情都變得無法讓我高興 😔 什麼事情都跟我無關  什麼事情都沒有興趣  我該怎么做？  #  #   #  #    #    # �,高興,E-A,E-D,O,O,O,O,35
815,雖然我知道自己不是最正確的人  但是在最近的幾天，我開始在心裡面感到...  我完全沒有興趣 ✨ 什麼事情都變得無法讓我高興 😔 什麼事情都跟我無關  什麼事情都沒有興趣  我該怎么做？  #  #   #  #    #    # �,😔,O,O,S-A,O,E-D,E-D,36
815,雖然我知道自己不是最正確的人  但是在最近的幾天，我開始在心裡面感到...  我完全沒有興趣 ✨ 什麼事情都變得無法讓我高興 😔 什麼事情都跟我無關  什麼事情都沒有興趣  我該怎么做？  #  #   #  #    #    # �,什麼,O,O,O,O,O,O,37
815,雖然我知道自己不是最正確的人  但是在最近的幾天，我開始在心裡面感到...  我完全沒有興趣 ✨ 什麼事情都變得無法讓我高興 😔 什麼事情都跟我無關  什麼事情都沒有興趣  我該怎么做？  #  #   #  #    #    # �,事情,O,O,O,O,O,O,38
815,雖然我知道自己不是最正確的人  但是在最近的幾天，我開始在心裡面感到...  我完全沒有興趣 ✨ 什麼事情都變得無法讓我高興 😔 什麼事情都跟我無關  什麼事情都沒有興趣  我該怎么做？  #  #   #  #    #    # �,都,O,O,O,O,O,O,39
815,雖然我知道自己不是最正確的人  但是在最近的幾天，我開始在心裡面感到...  我完全沒有興趣 ✨ 什麼事情都變得無法讓我高興 😔 什麼事情都跟我無關  什麼事情都沒有興趣  我該怎么做？  #  #   #  #    #    # �,跟,O,O,O,O,O,O,40
815,雖然我知道自己不是最正確的人  但是在最近的幾天，我開始在心裡面感到...  我完全沒有興趣 ✨ 什麼事情都變得無法讓我高興 😔 什麼事情都跟我無關  什麼事情都沒有興趣  我該怎么做？  #  #   #  #    #    # �,我,O,O,O,O,O,O,41
815,雖然我知道自己不是最正確的人  但是在最近的幾天，我開始在心裡面感到...  我完全沒有興趣 ✨ 什麼事情都變得無法讓我高興 😔 什麼事情都跟我無關  什麼事情都沒有興趣  我該怎么做？  #  #   #  #    #    # �,無關,O,O,O,O,O,O,42
815,雖然我知道自己不是最正確的人  但是在最近的幾天，我開始在心裡面感到...  我完全沒有興趣 ✨ 什麼事情都變得無法讓我高興 😔 什麼事情都跟我無關  什麼事情都沒有興趣  我該怎么做？  #  #   #  #    #    # �,O,O,O,O,O,O,O,43
815,雖然我知道自己不是最正確的人  但是在最近的幾天，我開始在心裡面感到...  我完全沒有興趣 ✨ 什麼事情都變得無法讓我高興 😔 什麼事情都跟我無關  什麼事情都沒有興趣  我該怎么做？  #  #   #  #    #    # �,什麼,O,O,O,O,O,O,44
815,雖然我知道自己不是最正確的人  但是在最近的幾天，我開始在心裡面感到...  我完全沒有興趣 ✨ 什麼事情都變得無法讓我高興 😔 什麼事情都跟我無關  什麼事情都沒有興趣  我該怎么做？  #  #   #  #    #    # �,事情,O,O,O,O,O,O,45
815,雖然我知道自己不是最正確的人  但是在最近的幾天，我開始在心裡面感到...  我完全沒有興趣 ✨ 什麼事情都變得無法讓我高興 😔 什麼事情都跟我無關  什麼事情都沒有興趣  我該怎么做？  #  #   #  #    #    # �,都,O,O,O,O,O,O,46
815,雖然我知道自己不是最正確的人  但是在最近的幾天，我開始在心裡面感到...  我完全沒有興趣 ✨ 什麼事情都變得無法讓我高興 😔 什麼事情都跟我無關  什麼事情都沒有興趣  我該怎么做？  #  #   #  #    #    # �,沒有,B-A,O,O,S-A,O,O,47
815,雖然我知道自己不是最正確的人  但是在最近的幾天，我開始在心裡面感到...  我完全沒有興趣 ✨ 什麼事情都變得無法讓我高興 😔 什麼事情都跟我無關  什麼事情都沒有興趣  我該怎么做？  #  #   #  #    #    # �,興趣,E-A,S-A,O,O,O,O,48
815,雖然我知道自己不是最正確的人  但是在最近的幾天，我開始在心裡面感到...  我完全沒有興趣 ✨ 什麼事情都變得無法讓我高興 😔 什麼事情都跟我無關  什麼事情都沒有興趣  我該怎么做？  #  #   #  #    #    # �,O,O,O,O,O,O,O,49
815,雖然我知道自己不是最正確的人  但是在最近的幾天，我開始在心裡面感到...  我完全沒有興趣 ✨ 什麼事情都變得無法讓我高興 😔 什麼事情都跟我無關  什麼事情都沒有興趣  我該怎么做？  #  #   #  #    #    # �,我,O,O,S-A,O,S-A,S-A,50
815,雖然我知道自己不是最正確的人  但是在最近的幾天，我開始在心裡面感到...  我完全沒有興趣 ✨ 什麼事情都變得無法讓我高興 😔 什麼事情都跟我無關  什麼事情都沒有興趣  我該怎么做？  #  #   #  #    #    # �,該,O,O,O,O,O,O,51
815,雖然我知道自己不是最正確的人  但是在最近的幾天，我開始在心裡面感到...  我完全沒有興趣 ✨ 什麼事情都變得無法讓我高興 😔 什麼事情都跟我無關  什麼事情都沒有興趣  我該怎么做？  #  #   #  #    #    # �,怎么,O,O,O,O,O,O,52
815,雖然我知道自己不是最正確的人  但是在最近的幾天，我開始在心裡面感到...  我完全沒有興趣 ✨ 什麼事情都變得無法讓我高興 😔 什麼事情都跟我無關  什麼事情都沒有興趣  我該怎么做？  #  #   #  #    #    # �,做,O,O,O,O,O,O,53
815,雖然我知道自己不是最正確的人  但是在最近的幾天，我開始在心裡面感到...  我完全沒有興趣 ✨ 什麼事情都變得無法讓我高興 😔 什麼事情都跟我無關  什麼事情都沒有興趣  我該怎么做？  #  #   #  #    #    # �,？,O,O,O,O,O,O,54
815,雖然我知道自己不是最正確的人  但是在最近的幾天，我開始在心裡面感到...  我完全沒有興趣 ✨ 什麼事情都變得無法讓我高興 😔 什麼事情都跟我無關  什麼事情都沒有興趣  我該怎么做？  #  #   #  #    #    # �,O,O,O,O,O,O,O,55
815,雖然我知道自己不是最正確的人  但是在最近的幾天，我開始在心裡面感到...  我完全沒有興趣 ✨ 什麼事情都變得無法讓我高興 😔 什麼事情都跟我無關  什麼事情都沒有興趣  我該怎么做？  #  #   #  #    #    # �,#,O,O,O,O,O,O,56
815,雖然我知道自己不是最正確的人  但是在最近的幾天，我開始在心裡面感到...  我完全沒有興趣 ✨ 什麼事情都變得無法讓我高興 😔 什麼事情都跟我無關  什麼事情都沒有興趣  我該怎么做？  #  #   #  #    #    # �,O,O,O,O,O,O,O,57
815,雖然我知道自己不是最正確的人  但是在最近的幾天，我開始在心裡面感到...  我完全沒有興趣 ✨ 什麼事情都變得無法讓我高興 😔 什麼事情都跟我無關  什麼事情都沒有興趣  我該怎么做？  #  #   #  #    #    # �,#,O,O,O,O,O,O,58
815,雖然我知道自己不是最正確的人  但是在最近的幾天，我開始在心裡面感到...  我完全沒有興趣 ✨ 什麼事情都變得無法讓我高興 😔 什麼事情都跟我無關  什麼事情都沒有興趣  我該怎么做？  #  #   #  #    #    # �,O,O,O,O,O,O,O,59
815,雖然我知道自己不是最正確的人  但是在最近的幾天，我開始在心裡面感到...  我完全沒有興趣 ✨ 什麼事情都變得無法讓我高興 😔 什麼事情都跟我無關  什麼事情都沒有興趣  我該怎么做？  #  #   #  #    #    # �,#,O,O,O,O,O,O,60
815,雖然我知道自己不是最正確的人  但是在最近的幾天，我開始在心裡面感到...  我完全沒有興趣 ✨ 什麼事情都變得無法讓我高興 😔 什麼事情都跟我無關  什麼事情都沒有興趣  我該怎么做？  #  #   #  #    #    # �,O,O,O,O,O,O,O,61
815,雖然我知道自己不是最正確的人  但是在最近的幾天，我開始在心裡面感到...  我完全沒有興趣 ✨ 什麼事情都變得無法讓我高興 😔 什麼事情都跟我無關  什麼事情都沒有興趣  我該怎么做？  #  #   #  #    #    # �,#,O,O,O,O,O,O,62
815,雖然我知道自己不是最正確的人  但是在最近的幾天，我開始在心裡面感到...  我完全沒有興趣 ✨ 什麼事情都變得無法讓我高興 😔 什麼事情都跟我無關  什麼事情都沒有興趣  我該怎么做？  #  #   #  #    #    # �,O,O,O,O,O,O,O,63
815,雖然我知道自己不是最正確的人  但是在最近的幾天，我開始在心裡面感到...  我完全沒有興趣 ✨ 什麼事情都變得無法讓我高興 😔 什麼事情都跟我無關  什麼事情都沒有興趣  我該怎么做？  #  #   #  #    #    # �,#,O,O,O,O,O,O,64
815,雖然我知道自己不是最正確的人  但是在最近的幾天，我開始在心裡面感到...  我完全沒有興趣 ✨ 什麼事情都變得無法讓我高興 😔 什麼事情都跟我無關  什麼事情都沒有興趣  我該怎么做？  #  #   #  #    #    # �,O,O,O,O,O,O,O,65
815,雖然我知道自己不是最正確的人  但是在最近的幾天，我開始在心裡面感到...  我完全沒有興趣 ✨ 什麼事情都變得無法讓我高興 😔 什麼事情都跟我無關  什麼事情都沒有興趣  我該怎么做？  #  #   #  #    #    # �,#,O,O,O,O,O,O,66
815,雖然我知道自己不是最正確的人  但是在最近的幾天，我開始在心裡面感到...  我完全沒有興趣 ✨ 什麼事情都變得無法讓我高興 😔 什麼事情都跟我無關  什麼事情都沒有興趣  我該怎么做？  #  #   #  #    #    # �,O,O,O,O,O,O,O,67
815,雖然我知道自己不是最正確的人  但是在最近的幾天，我開始在心裡面感到...  我完全沒有興趣 ✨ 什麼事情都變得無法讓我高興 😔 什麼事情都跟我無關  什麼事情都沒有興趣  我該怎么做？  #  #   #  #    #    # �,�,O,O,O,缺失預測,O,O,68
816,我什麼都不是，什麼都很差勁，不夠勇敢。每天總覺得自己犯錯，總覺得自己不夠善良。我知道，我知道自己很有能力，但是什麼時候我能讓自己相信,我,O,O,O,O,O,O,1
816,我什麼都不是，什麼都很差勁，不夠勇敢。每天總覺得自己犯錯，總覺得自己不夠善良。我知道，我知道自己很有能力，但是什麼時候我能讓自己相信,什麼,O,O,O,O,O,O,2
816,我什麼都不是，什麼都很差勁，不夠勇敢。每天總覺得自己犯錯，總覺得自己不夠善良。我知道，我知道自己很有能力，但是什麼時候我能讓自己相信,都,O,O,O,O,O,O,3
816,我什麼都不是，什麼都很差勁，不夠勇敢。每天總覺得自己犯錯，總覺得自己不夠善良。我知道，我知道自己很有能力，但是什麼時候我能讓自己相信,不是,O,O,S-W,O,O,S-W,4
816,我什麼都不是，什麼都很差勁，不夠勇敢。每天總覺得自己犯錯，總覺得自己不夠善良。我知道，我知道自己很有能力，但是什麼時候我能讓自己相信,，,O,O,O,O,O,O,5
816,我什麼都不是，什麼都很差勁，不夠勇敢。每天總覺得自己犯錯，總覺得自己不夠善良。我知道，我知道自己很有能力，但是什麼時候我能讓自己相信,什麼,O,O,O,O,O,O,6
816,我什麼都不是，什麼都很差勁，不夠勇敢。每天總覺得自己犯錯，總覺得自己不夠善良。我知道，我知道自己很有能力，但是什麼時候我能讓自己相信,都,O,O,O,O,O,O,7
816,我什麼都不是，什麼都很差勁，不夠勇敢。每天總覺得自己犯錯，總覺得自己不夠善良。我知道，我知道自己很有能力，但是什麼時候我能讓自己相信,很,O,O,O,O,O,O,8
816,我什麼都不是，什麼都很差勁，不夠勇敢。每天總覺得自己犯錯，總覺得自己不夠善良。我知道，我知道自己很有能力，但是什麼時候我能讓自己相信,差勁,S-W,S-W,S-W,S-W,S-W,S-W,9
816,我什麼都不是，什麼都很差勁，不夠勇敢。每天總覺得自己犯錯，總覺得自己不夠善良。我知道，我知道自己很有能力，但是什麼時候我能讓自己相信,，,O,O,O,O,O,O,10
816,我什麼都不是，什麼都很差勁，不夠勇敢。每天總覺得自己犯錯，總覺得自己不夠善良。我知道，我知道自己很有能力，但是什麼時候我能讓自己相信,不夠,B-W,O,O,O,O,O,11
816,我什麼都不是，什麼都很差勁，不夠勇敢。每天總覺得自己犯錯，總覺得自己不夠善良。我知道，我知道自己很有能力，但是什麼時候我能讓自己相信,勇敢,E-W,S-W,S-W,S-W,S-W,S-W,12
816,我什麼都不是，什麼都很差勁，不夠勇敢。每天總覺得自己犯錯，總覺得自己不夠善良。我知道，我知道自己很有能力，但是什麼時候我能讓自己相信,。,O,O,O,O,O,O,13
816,我什麼都不是，什麼都很差勁，不夠勇敢。每天總覺得自己犯錯，總覺得自己不夠善良。我知道，我知道自己很有能力，但是什麼時候我能讓自己相信,每天,O,O,O,O,O,O,14
816,我什麼都不是，什麼都很差勁，不夠勇敢。每天總覺得自己犯錯，總覺得自己不夠善良。我知道，我知道自己很有能力，但是什麼時候我能讓自己相信,總,O,O,O,O,O,O,15
816,我什麼都不是，什麼都很差勁，不夠勇敢。每天總覺得自己犯錯，總覺得自己不夠善良。我知道，我知道自己很有能力，但是什麼時候我能讓自己相信,覺得,O,O,O,O,O,O,16
816,我什麼都不是，什麼都很差勁，不夠勇敢。每天總覺得自己犯錯，總覺得自己不夠善良。我知道，我知道自己很有能力，但是什麼時候我能讓自己相信,自己,O,O,O,O,O,O,17
816,我什麼都不是，什麼都很差勁，不夠勇敢。每天總覺得自己犯錯，總覺得自己不夠善良。我知道，我知道自己很有能力，但是什麼時候我能讓自己相信,犯錯,S-W,S-W,S-W,S-W,S-W,S-W,18
816,我什麼都不是，什麼都很差勁，不夠勇敢。每天總覺得自己犯錯，總覺得自己不夠善良。我知道，我知道自己很有能力，但是什麼時候我能讓自己相信,，,O,O,O,O,O,O,19
816,我什麼都不是，什麼都很差勁，不夠勇敢。每天總覺得自己犯錯，總覺得自己不夠善良。我知道，我知道自己很有能力，但是什麼時候我能讓自己相信,總,O,O,O,O,O,O,20
816,我什麼都不是，什麼都很差勁，不夠勇敢。每天總覺得自己犯錯，總覺得自己不夠善良。我知道，我知道自己很有能力，但是什麼時候我能讓自己相信,覺得,O,O,O,O,O,O,21
816,我什麼都不是，什麼都很差勁，不夠勇敢。每天總覺得自己犯錯，總覺得自己不夠善良。我知道，我知道自己很有能力，但是什麼時候我能讓自己相信,自己,O,O,O,O,O,O,22
816,我什麼都不是，什麼都很差勁，不夠勇敢。每天總覺得自己犯錯，總覺得自己不夠善良。我知道，我知道自己很有能力，但是什麼時候我能讓自己相信,不夠,B-W,O,B-W,O,O,B-W,23
816,我什麼都不是，什麼都很差勁，不夠勇敢。每天總覺得自己犯錯，總覺得自己不夠善良。我知道，我知道自己很有能力，但是什麼時候我能讓自己相信,善良,E-W,S-W,E-W,S-W,S-W,E-W,24
816,我什麼都不是，什麼都很差勁，不夠勇敢。每天總覺得自己犯錯，總覺得自己不夠善良。我知道，我知道自己很有能力，但是什麼時候我能讓自己相信,。,O,O,O,O,O,O,25
816,我什麼都不是，什麼都很差勁，不夠勇敢。每天總覺得自己犯錯，總覺得自己不夠善良。我知道，我知道自己很有能力，但是什麼時候我能讓自己相信,我,O,O,O,O,O,O,26
816,我什麼都不是，什麼都很差勁，不夠勇敢。每天總覺得自己犯錯，總覺得自己不夠善良。我知道，我知道自己很有能力，但是什麼時候我能讓自己相信,知道,O,O,O,O,O,O,27
816,我什麼都不是，什麼都很差勁，不夠勇敢。每天總覺得自己犯錯，總覺得自己不夠善良。我知道，我知道自己很有能力，但是什麼時候我能讓自己相信,，,O,O,O,O,O,O,28
816,我什麼都不是，什麼都很差勁，不夠勇敢。每天總覺得自己犯錯，總覺得自己不夠善良。我知道，我知道自己很有能力，但是什麼時候我能讓自己相信,我,O,O,O,O,O,O,29
816,我什麼都不是，什麼都很差勁，不夠勇敢。每天總覺得自己犯錯，總覺得自己不夠善良。我知道，我知道自己很有能力，但是什麼時候我能讓自己相信,知道,O,O,O,O,O,O,30
816,我什麼都不是，什麼都很差勁，不夠勇敢。每天總覺得自己犯錯，總覺得自己不夠善良。我知道，我知道自己很有能力，但是什麼時候我能讓自己相信,自己,O,O,O,O,O,O,31
816,我什麼都不是，什麼都很差勁，不夠勇敢。每天總覺得自己犯錯，總覺得自己不夠善良。我知道，我知道自己很有能力，但是什麼時候我能讓自己相信,很,O,O,O,O,O,O,32
816,我什麼都不是，什麼都很差勁，不夠勇敢。每天總覺得自己犯錯，總覺得自己不夠善良。我知道，我知道自己很有能力，但是什麼時候我能讓自己相信,有,O,O,O,O,O,O,33
816,我什麼都不是，什麼都很差勁，不夠勇敢。每天總覺得自己犯錯，總覺得自己不夠善良。我知道，我知道自己很有能力，但是什麼時候我能讓自己相信,能力,O,O,O,O,O,O,34
816,我什麼都不是，什麼都很差勁，不夠勇敢。每天總覺得自己犯錯，總覺得自己不夠善良。我知道，我知道自己很有能力，但是什麼時候我能讓自己相信,，,O,O,O,O,O,O,35
816,我什麼都不是，什麼都很差勁，不夠勇敢。每天總覺得自己犯錯，總覺得自己不夠善良。我知道，我知道自己很有能力，但是什麼時候我能讓自己相信,但是,O,O,O,O,O,O,36
816,我什麼都不是，什麼都很差勁，不夠勇敢。每天總覺得自己犯錯，總覺得自己不夠善良。我知道，我知道自己很有能力，但是什麼時候我能讓自己相信,什麼,O,O,O,O,O,O,37
816,我什麼都不是，什麼都很差勁，不夠勇敢。每天總覺得自己犯錯，總覺得自己不夠善良。我知道，我知道自己很有能力，但是什麼時候我能讓自己相信,時候,O,O,O,O,O,O,38
816,我什麼都不是，什麼都很差勁，不夠勇敢。每天總覺得自己犯錯，總覺得自己不夠善良。我知道，我知道自己很有能力，但是什麼時候我能讓自己相信,我,O,O,O,O,O,O,39
816,我什麼都不是，什麼都很差勁，不夠勇敢。每天總覺得自己犯錯，總覺得自己不夠善良。我知道，我知道自己很有能力，但是什麼時候我能讓自己相信,能,O,O,O,O,O,O,40
816,我什麼都不是，什麼都很差勁，不夠勇敢。每天總覺得自己犯錯，總覺得自己不夠善良。我知道，我知道自己很有能力，但是什麼時候我能讓自己相信,讓,O,O,O,O,O,O,41
816,我什麼都不是，什麼都很差勁，不夠勇敢。每天總覺得自己犯錯，總覺得自己不夠善良。我知道，我知道自己很有能力，但是什麼時候我能讓自己相信,自己,O,O,O,O,O,O,42
816,我什麼都不是，什麼都很差勁，不夠勇敢。每天總覺得自己犯錯，總覺得自己不夠善良。我知道，我知道自己很有能力，但是什麼時候我能讓自己相信,相信,O,O,O,S-W,O,O,43
817,我知道自己要做什麼，但做不出來 . 每天都這樣，像被困在一種自責的循環中 ️. 過去還是沒有好轉，我現在也不知道會更好 . 可能是因為我過去的錯誤，我現在正面著罪惡感的望遠鏡 . 在這種感受中，我們都很容易放棄自己.,我,O,O,O,O,O,O,1
817,我知道自己要做什麼，但做不出來 . 每天都這樣，像被困在一種自責的循環中 ️. 過去還是沒有好轉，我現在也不知道會更好 . 可能是因為我過去的錯誤，我現在正面著罪惡感的望遠鏡 . 在這種感受中，我們都很容易放棄自己.,知道,O,O,O,O,O,O,2
817,我知道自己要做什麼，但做不出來 . 每天都這樣，像被困在一種自責的循環中 ️. 過去還是沒有好轉，我現在也不知道會更好 . 可能是因為我過去的錯誤，我現在正面著罪惡感的望遠鏡 . 在這種感受中，我們都很容易放棄自己.,自己,O,O,O,O,O,O,3
817,我知道自己要做什麼，但做不出來 . 每天都這樣，像被困在一種自責的循環中 ️. 過去還是沒有好轉，我現在也不知道會更好 . 可能是因為我過去的錯誤，我現在正面著罪惡感的望遠鏡 . 在這種感受中，我們都很容易放棄自己.,要,O,O,O,O,O,O,4
817,我知道自己要做什麼，但做不出來 . 每天都這樣，像被困在一種自責的循環中 ️. 過去還是沒有好轉，我現在也不知道會更好 . 可能是因為我過去的錯誤，我現在正面著罪惡感的望遠鏡 . 在這種感受中，我們都很容易放棄自己.,做,O,O,O,O,O,O,5
817,我知道自己要做什麼，但做不出來 . 每天都這樣，像被困在一種自責的循環中 ️. 過去還是沒有好轉，我現在也不知道會更好 . 可能是因為我過去的錯誤，我現在正面著罪惡感的望遠鏡 . 在這種感受中，我們都很容易放棄自己.,什麼,O,O,O,O,O,O,6
817,我知道自己要做什麼，但做不出來 . 每天都這樣，像被困在一種自責的循環中 ️. 過去還是沒有好轉，我現在也不知道會更好 . 可能是因為我過去的錯誤，我現在正面著罪惡感的望遠鏡 . 在這種感受中，我們都很容易放棄自己.,，,O,O,O,O,O,O,7
817,我知道自己要做什麼，但做不出來 . 每天都這樣，像被困在一種自責的循環中 ️. 過去還是沒有好轉，我現在也不知道會更好 . 可能是因為我過去的錯誤，我現在正面著罪惡感的望遠鏡 . 在這種感受中，我們都很容易放棄自己.,但,O,O,O,O,O,O,8
817,我知道自己要做什麼，但做不出來 . 每天都這樣，像被困在一種自責的循環中 ️. 過去還是沒有好轉，我現在也不知道會更好 . 可能是因為我過去的錯誤，我現在正面著罪惡感的望遠鏡 . 在這種感受中，我們都很容易放棄自己.,做,O,O,O,O,O,O,9
817,我知道自己要做什麼，但做不出來 . 每天都這樣，像被困在一種自責的循環中 ️. 過去還是沒有好轉，我現在也不知道會更好 . 可能是因為我過去的錯誤，我現在正面著罪惡感的望遠鏡 . 在這種感受中，我們都很容易放棄自己.,不,O,O,O,O,O,O,10
817,我知道自己要做什麼，但做不出來 . 每天都這樣，像被困在一種自責的循環中 ️. 過去還是沒有好轉，我現在也不知道會更好 . 可能是因為我過去的錯誤，我現在正面著罪惡感的望遠鏡 . 在這種感受中，我們都很容易放棄自己.,出來,O,O,O,O,O,O,11
817,我知道自己要做什麼，但做不出來 . 每天都這樣，像被困在一種自責的循環中 ️. 過去還是沒有好轉，我現在也不知道會更好 . 可能是因為我過去的錯誤，我現在正面著罪惡感的望遠鏡 . 在這種感受中，我們都很容易放棄自己.,.,O,O,O,O,O,O,12
817,我知道自己要做什麼，但做不出來 . 每天都這樣，像被困在一種自責的循環中 ️. 過去還是沒有好轉，我現在也不知道會更好 . 可能是因為我過去的錯誤，我現在正面著罪惡感的望遠鏡 . 在這種感受中，我們都很容易放棄自己.,每天,O,O,O,O,O,O,13
817,我知道自己要做什麼，但做不出來 . 每天都這樣，像被困在一種自責的循環中 ️. 過去還是沒有好轉，我現在也不知道會更好 . 可能是因為我過去的錯誤，我現在正面著罪惡感的望遠鏡 . 在這種感受中，我們都很容易放棄自己.,都,O,O,O,O,O,O,14
817,我知道自己要做什麼，但做不出來 . 每天都這樣，像被困在一種自責的循環中 ️. 過去還是沒有好轉，我現在也不知道會更好 . 可能是因為我過去的錯誤，我現在正面著罪惡感的望遠鏡 . 在這種感受中，我們都很容易放棄自己.,這樣,O,O,O,O,O,O,15
817,我知道自己要做什麼，但做不出來 . 每天都這樣，像被困在一種自責的循環中 ️. 過去還是沒有好轉，我現在也不知道會更好 . 可能是因為我過去的錯誤，我現在正面著罪惡感的望遠鏡 . 在這種感受中，我們都很容易放棄自己.,，,O,O,O,O,O,O,16
817,我知道自己要做什麼，但做不出來 . 每天都這樣，像被困在一種自責的循環中 ️. 過去還是沒有好轉，我現在也不知道會更好 . 可能是因為我過去的錯誤，我現在正面著罪惡感的望遠鏡 . 在這種感受中，我們都很容易放棄自己.,像,O,O,O,O,O,O,17
817,我知道自己要做什麼，但做不出來 . 每天都這樣，像被困在一種自責的循環中 ️. 過去還是沒有好轉，我現在也不知道會更好 . 可能是因為我過去的錯誤，我現在正面著罪惡感的望遠鏡 . 在這種感受中，我們都很容易放棄自己.,被,O,O,O,O,O,O,18
817,我知道自己要做什麼，但做不出來 . 每天都這樣，像被困在一種自責的循環中 ️. 過去還是沒有好轉，我現在也不知道會更好 . 可能是因為我過去的錯誤，我現在正面著罪惡感的望遠鏡 . 在這種感受中，我們都很容易放棄自己.,困,O,O,O,O,O,O,19
817,我知道自己要做什麼，但做不出來 . 每天都這樣，像被困在一種自責的循環中 ️. 過去還是沒有好轉，我現在也不知道會更好 . 可能是因為我過去的錯誤，我現在正面著罪惡感的望遠鏡 . 在這種感受中，我們都很容易放棄自己.,在,O,O,O,O,O,O,20
817,我知道自己要做什麼，但做不出來 . 每天都這樣，像被困在一種自責的循環中 ️. 過去還是沒有好轉，我現在也不知道會更好 . 可能是因為我過去的錯誤，我現在正面著罪惡感的望遠鏡 . 在這種感受中，我們都很容易放棄自己.,一種,O,O,O,O,O,O,21
817,我知道自己要做什麼，但做不出來 . 每天都這樣，像被困在一種自責的循環中 ️. 過去還是沒有好轉，我現在也不知道會更好 . 可能是因為我過去的錯誤，我現在正面著罪惡感的望遠鏡 . 在這種感受中，我們都很容易放棄自己.,自責,S-W,S-W,S-W,S-W,S-W,S-W,22
817,我知道自己要做什麼，但做不出來 . 每天都這樣，像被困在一種自責的循環中 ️. 過去還是沒有好轉，我現在也不知道會更好 . 可能是因為我過去的錯誤，我現在正面著罪惡感的望遠鏡 . 在這種感受中，我們都很容易放棄自己.,的,O,O,O,O,O,O,23
817,我知道自己要做什麼，但做不出來 . 每天都這樣，像被困在一種自責的循環中 ️. 過去還是沒有好轉，我現在也不知道會更好 . 可能是因為我過去的錯誤，我現在正面著罪惡感的望遠鏡 . 在這種感受中，我們都很容易放棄自己.,循環,O,O,O,O,O,O,24
817,我知道自己要做什麼，但做不出來 . 每天都這樣，像被困在一種自責的循環中 ️. 過去還是沒有好轉，我現在也不知道會更好 . 可能是因為我過去的錯誤，我現在正面著罪惡感的望遠鏡 . 在這種感受中，我們都很容易放棄自己.,中,O,O,O,O,O,O,25
817,我知道自己要做什麼，但做不出來 . 每天都這樣，像被困在一種自責的循環中 ️. 過去還是沒有好轉，我現在也不知道會更好 . 可能是因為我過去的錯誤，我現在正面著罪惡感的望遠鏡 . 在這種感受中，我們都很容易放棄自己.,️,O,O,O,O,O,O,26
817,我知道自己要做什麼，但做不出來 . 每天都這樣，像被困在一種自責的循環中 ️. 過去還是沒有好轉，我現在也不知道會更好 . 可能是因為我過去的錯誤，我現在正面著罪惡感的望遠鏡 . 在這種感受中，我們都很容易放棄自己.,.,O,O,O,O,O,O,27
817,我知道自己要做什麼，但做不出來 . 每天都這樣，像被困在一種自責的循環中 ️. 過去還是沒有好轉，我現在也不知道會更好 . 可能是因為我過去的錯誤，我現在正面著罪惡感的望遠鏡 . 在這種感受中，我們都很容易放棄自己.,過去,O,O,O,O,O,O,28
817,我知道自己要做什麼，但做不出來 . 每天都這樣，像被困在一種自責的循環中 ️. 過去還是沒有好轉，我現在也不知道會更好 . 可能是因為我過去的錯誤，我現在正面著罪惡感的望遠鏡 . 在這種感受中，我們都很容易放棄自己.,還是,O,O,O,O,O,O,29
817,我知道自己要做什麼，但做不出來 . 每天都這樣，像被困在一種自責的循環中 ️. 過去還是沒有好轉，我現在也不知道會更好 . 可能是因為我過去的錯誤，我現在正面著罪惡感的望遠鏡 . 在這種感受中，我們都很容易放棄自己.,沒有,O,O,O,O,O,O,30
817,我知道自己要做什麼，但做不出來 . 每天都這樣，像被困在一種自責的循環中 ️. 過去還是沒有好轉，我現在也不知道會更好 . 可能是因為我過去的錯誤，我現在正面著罪惡感的望遠鏡 . 在這種感受中，我們都很容易放棄自己.,好轉,O,O,O,O,O,O,31
817,我知道自己要做什麼，但做不出來 . 每天都這樣，像被困在一種自責的循環中 ️. 過去還是沒有好轉，我現在也不知道會更好 . 可能是因為我過去的錯誤，我現在正面著罪惡感的望遠鏡 . 在這種感受中，我們都很容易放棄自己.,，,O,O,O,O,O,O,32
817,我知道自己要做什麼，但做不出來 . 每天都這樣，像被困在一種自責的循環中 ️. 過去還是沒有好轉，我現在也不知道會更好 . 可能是因為我過去的錯誤，我現在正面著罪惡感的望遠鏡 . 在這種感受中，我們都很容易放棄自己.,我,O,O,O,O,O,O,33
817,我知道自己要做什麼，但做不出來 . 每天都這樣，像被困在一種自責的循環中 ️. 過去還是沒有好轉，我現在也不知道會更好 . 可能是因為我過去的錯誤，我現在正面著罪惡感的望遠鏡 . 在這種感受中，我們都很容易放棄自己.,現在,O,O,O,O,O,O,34
817,我知道自己要做什麼，但做不出來 . 每天都這樣，像被困在一種自責的循環中 ️. 過去還是沒有好轉，我現在也不知道會更好 . 可能是因為我過去的錯誤，我現在正面著罪惡感的望遠鏡 . 在這種感受中，我們都很容易放棄自己.,也,O,O,O,O,O,O,35
817,我知道自己要做什麼，但做不出來 . 每天都這樣，像被困在一種自責的循環中 ️. 過去還是沒有好轉，我現在也不知道會更好 . 可能是因為我過去的錯誤，我現在正面著罪惡感的望遠鏡 . 在這種感受中，我們都很容易放棄自己.,不知道,O,O,O,O,O,O,36
817,我知道自己要做什麼，但做不出來 . 每天都這樣，像被困在一種自責的循環中 ️. 過去還是沒有好轉，我現在也不知道會更好 . 可能是因為我過去的錯誤，我現在正面著罪惡感的望遠鏡 . 在這種感受中，我們都很容易放棄自己.,會,O,O,O,O,O,O,37
817,我知道自己要做什麼，但做不出來 . 每天都這樣，像被困在一種自責的循環中 ️. 過去還是沒有好轉，我現在也不知道會更好 . 可能是因為我過去的錯誤，我現在正面著罪惡感的望遠鏡 . 在這種感受中，我們都很容易放棄自己.,更,O,O,O,O,O,O,38
817,我知道自己要做什麼，但做不出來 . 每天都這樣，像被困在一種自責的循環中 ️. 過去還是沒有好轉，我現在也不知道會更好 . 可能是因為我過去的錯誤，我現在正面著罪惡感的望遠鏡 . 在這種感受中，我們都很容易放棄自己.,好,O,O,O,O,O,O,39
817,我知道自己要做什麼，但做不出來 . 每天都這樣，像被困在一種自責的循環中 ️. 過去還是沒有好轉，我現在也不知道會更好 . 可能是因為我過去的錯誤，我現在正面著罪惡感的望遠鏡 . 在這種感受中，我們都很容易放棄自己.,.,O,O,O,O,O,O,40
817,我知道自己要做什麼，但做不出來 . 每天都這樣，像被困在一種自責的循環中 ️. 過去還是沒有好轉，我現在也不知道會更好 . 可能是因為我過去的錯誤，我現在正面著罪惡感的望遠鏡 . 在這種感受中，我們都很容易放棄自己.,可能,O,O,O,O,O,O,41
817,我知道自己要做什麼，但做不出來 . 每天都這樣，像被困在一種自責的循環中 ️. 過去還是沒有好轉，我現在也不知道會更好 . 可能是因為我過去的錯誤，我現在正面著罪惡感的望遠鏡 . 在這種感受中，我們都很容易放棄自己.,是,O,O,O,O,O,O,42
817,我知道自己要做什麼，但做不出來 . 每天都這樣，像被困在一種自責的循環中 ️. 過去還是沒有好轉，我現在也不知道會更好 . 可能是因為我過去的錯誤，我現在正面著罪惡感的望遠鏡 . 在這種感受中，我們都很容易放棄自己.,因為,O,O,O,O,O,O,43
817,我知道自己要做什麼，但做不出來 . 每天都這樣，像被困在一種自責的循環中 ️. 過去還是沒有好轉，我現在也不知道會更好 . 可能是因為我過去的錯誤，我現在正面著罪惡感的望遠鏡 . 在這種感受中，我們都很容易放棄自己.,我,O,O,O,O,O,O,44
817,我知道自己要做什麼，但做不出來 . 每天都這樣，像被困在一種自責的循環中 ️. 過去還是沒有好轉，我現在也不知道會更好 . 可能是因為我過去的錯誤，我現在正面著罪惡感的望遠鏡 . 在這種感受中，我們都很容易放棄自己.,過去,O,O,O,O,O,O,45
817,我知道自己要做什麼，但做不出來 . 每天都這樣，像被困在一種自責的循環中 ️. 過去還是沒有好轉，我現在也不知道會更好 . 可能是因為我過去的錯誤，我現在正面著罪惡感的望遠鏡 . 在這種感受中，我們都很容易放棄自己.,的,O,O,O,O,O,O,46
817,我知道自己要做什麼，但做不出來 . 每天都這樣，像被困在一種自責的循環中 ️. 過去還是沒有好轉，我現在也不知道會更好 . 可能是因為我過去的錯誤，我現在正面著罪惡感的望遠鏡 . 在這種感受中，我們都很容易放棄自己.,錯誤,O,O,O,O,O,O,47
817,我知道自己要做什麼，但做不出來 . 每天都這樣，像被困在一種自責的循環中 ️. 過去還是沒有好轉，我現在也不知道會更好 . 可能是因為我過去的錯誤，我現在正面著罪惡感的望遠鏡 . 在這種感受中，我們都很容易放棄自己.,，,O,O,O,O,O,O,48
817,我知道自己要做什麼，但做不出來 . 每天都這樣，像被困在一種自責的循環中 ️. 過去還是沒有好轉，我現在也不知道會更好 . 可能是因為我過去的錯誤，我現在正面著罪惡感的望遠鏡 . 在這種感受中，我們都很容易放棄自己.,我,O,O,O,O,O,O,49
817,我知道自己要做什麼，但做不出來 . 每天都這樣，像被困在一種自責的循環中 ️. 過去還是沒有好轉，我現在也不知道會更好 . 可能是因為我過去的錯誤，我現在正面著罪惡感的望遠鏡 . 在這種感受中，我們都很容易放棄自己.,現在,O,O,O,O,O,O,50
817,我知道自己要做什麼，但做不出來 . 每天都這樣，像被困在一種自責的循環中 ️. 過去還是沒有好轉，我現在也不知道會更好 . 可能是因為我過去的錯誤，我現在正面著罪惡感的望遠鏡 . 在這種感受中，我們都很容易放棄自己.,正面,O,O,O,O,O,O,51
817,我知道自己要做什麼，但做不出來 . 每天都這樣，像被困在一種自責的循環中 ️. 過去還是沒有好轉，我現在也不知道會更好 . 可能是因為我過去的錯誤，我現在正面著罪惡感的望遠鏡 . 在這種感受中，我們都很容易放棄自己.,著,O,O,O,O,O,O,52
817,我知道自己要做什麼，但做不出來 . 每天都這樣，像被困在一種自責的循環中 ️. 過去還是沒有好轉，我現在也不知道會更好 . 可能是因為我過去的錯誤，我現在正面著罪惡感的望遠鏡 . 在這種感受中，我們都很容易放棄自己.,罪惡感,S-W,S-W,O,S-W,S-W,S-W,53
817,我知道自己要做什麼，但做不出來 . 每天都這樣，像被困在一種自責的循環中 ️. 過去還是沒有好轉，我現在也不知道會更好 . 可能是因為我過去的錯誤，我現在正面著罪惡感的望遠鏡 . 在這種感受中，我們都很容易放棄自己.,的,O,O,S-W,O,O,O,54
817,我知道自己要做什麼，但做不出來 . 每天都這樣，像被困在一種自責的循環中 ️. 過去還是沒有好轉，我現在也不知道會更好 . 可能是因為我過去的錯誤，我現在正面著罪惡感的望遠鏡 . 在這種感受中，我們都很容易放棄自己.,望遠鏡,O,O,O,O,O,O,55
817,我知道自己要做什麼，但做不出來 . 每天都這樣，像被困在一種自責的循環中 ️. 過去還是沒有好轉，我現在也不知道會更好 . 可能是因為我過去的錯誤，我現在正面著罪惡感的望遠鏡 . 在這種感受中，我們都很容易放棄自己.,.,O,O,O,O,O,O,56
817,我知道自己要做什麼，但做不出來 . 每天都這樣，像被困在一種自責的循環中 ️. 過去還是沒有好轉，我現在也不知道會更好 . 可能是因為我過去的錯誤，我現在正面著罪惡感的望遠鏡 . 在這種感受中，我們都很容易放棄自己.,在,O,O,O,O,O,O,57
817,我知道自己要做什麼，但做不出來 . 每天都這樣，像被困在一種自責的循環中 ️. 過去還是沒有好轉，我現在也不知道會更好 . 可能是因為我過去的錯誤，我現在正面著罪惡感的望遠鏡 . 在這種感受中，我們都很容易放棄自己.,這種,O,O,O,O,O,O,58
817,我知道自己要做什麼，但做不出來 . 每天都這樣，像被困在一種自責的循環中 ️. 過去還是沒有好轉，我現在也不知道會更好 . 可能是因為我過去的錯誤，我現在正面著罪惡感的望遠鏡 . 在這種感受中，我們都很容易放棄自己.,感受,O,O,O,O,O,O,59
817,我知道自己要做什麼，但做不出來 . 每天都這樣，像被困在一種自責的循環中 ️. 過去還是沒有好轉，我現在也不知道會更好 . 可能是因為我過去的錯誤，我現在正面著罪惡感的望遠鏡 . 在這種感受中，我們都很容易放棄自己.,中,O,O,O,O,O,O,60
817,我知道自己要做什麼，但做不出來 . 每天都這樣，像被困在一種自責的循環中 ️. 過去還是沒有好轉，我現在也不知道會更好 . 可能是因為我過去的錯誤，我現在正面著罪惡感的望遠鏡 . 在這種感受中，我們都很容易放棄自己.,，,O,O,O,O,O,O,61
817,我知道自己要做什麼，但做不出來 . 每天都這樣，像被困在一種自責的循環中 ️. 過去還是沒有好轉，我現在也不知道會更好 . 可能是因為我過去的錯誤，我現在正面著罪惡感的望遠鏡 . 在這種感受中，我們都很容易放棄自己.,我們,O,O,O,O,O,O,62
817,我知道自己要做什麼，但做不出來 . 每天都這樣，像被困在一種自責的循環中 ️. 過去還是沒有好轉，我現在也不知道會更好 . 可能是因為我過去的錯誤，我現在正面著罪惡感的望遠鏡 . 在這種感受中，我們都很容易放棄自己.,都,O,O,O,O,O,O,63
817,我知道自己要做什麼，但做不出來 . 每天都這樣，像被困在一種自責的循環中 ️. 過去還是沒有好轉，我現在也不知道會更好 . 可能是因為我過去的錯誤，我現在正面著罪惡感的望遠鏡 . 在這種感受中，我們都很容易放棄自己.,很,O,O,O,O,O,O,64
817,我知道自己要做什麼，但做不出來 . 每天都這樣，像被困在一種自責的循環中 ️. 過去還是沒有好轉，我現在也不知道會更好 . 可能是因為我過去的錯誤，我現在正面著罪惡感的望遠鏡 . 在這種感受中，我們都很容易放棄自己.,容易,O,O,O,O,O,O,65
817,我知道自己要做什麼，但做不出來 . 每天都這樣，像被困在一種自責的循環中 ️. 過去還是沒有好轉，我現在也不知道會更好 . 可能是因為我過去的錯誤，我現在正面著罪惡感的望遠鏡 . 在這種感受中，我們都很容易放棄自己.,放棄,O,O,O,O,O,O,66
817,我知道自己要做什麼，但做不出來 . 每天都這樣，像被困在一種自責的循環中 ️. 過去還是沒有好轉，我現在也不知道會更好 . 可能是因為我過去的錯誤，我現在正面著罪惡感的望遠鏡 . 在這種感受中，我們都很容易放棄自己.,自己,O,O,O,O,O,O,67
817,我知道自己要做什麼，但做不出來 . 每天都這樣，像被困在一種自責的循環中 ️. 過去還是沒有好轉，我現在也不知道會更好 . 可能是因為我過去的錯誤，我現在正面著罪惡感的望遠鏡 . 在這種感受中，我們都很容易放棄自己.,.,O,O,O,O,O,O,68
818,我真的開始對一切都感覺不到什麼喜悅了。  每天都還是跟原来的程式走，實在沒有興趣了。 不過我知道自己還是有可能恢復得來的。,我,O,O,O,O,O,O,1
818,我真的開始對一切都感覺不到什麼喜悅了。  每天都還是跟原来的程式走，實在沒有興趣了。 不過我知道自己還是有可能恢復得來的。,真的,O,O,O,O,O,O,2
818,我真的開始對一切都感覺不到什麼喜悅了。  每天都還是跟原来的程式走，實在沒有興趣了。 不過我知道自己還是有可能恢復得來的。,開始,O,O,O,O,O,O,3
818,我真的開始對一切都感覺不到什麼喜悅了。  每天都還是跟原来的程式走，實在沒有興趣了。 不過我知道自己還是有可能恢復得來的。,對,O,O,O,O,O,O,4
818,我真的開始對一切都感覺不到什麼喜悅了。  每天都還是跟原来的程式走，實在沒有興趣了。 不過我知道自己還是有可能恢復得來的。,一切,O,O,O,O,O,O,5
818,我真的開始對一切都感覺不到什麼喜悅了。  每天都還是跟原来的程式走，實在沒有興趣了。 不過我知道自己還是有可能恢復得來的。,都,O,O,O,O,O,O,6
818,我真的開始對一切都感覺不到什麼喜悅了。  每天都還是跟原来的程式走，實在沒有興趣了。 不過我知道自己還是有可能恢復得來的。,感覺,B-A,O,O,O,O,O,7
818,我真的開始對一切都感覺不到什麼喜悅了。  每天都還是跟原来的程式走，實在沒有興趣了。 不過我知道自己還是有可能恢復得來的。,不到,M-A,O,O,O,O,O,8
818,我真的開始對一切都感覺不到什麼喜悅了。  每天都還是跟原来的程式走，實在沒有興趣了。 不過我知道自己還是有可能恢復得來的。,什麼,M-A,O,O,O,O,O,9
818,我真的開始對一切都感覺不到什麼喜悅了。  每天都還是跟原来的程式走，實在沒有興趣了。 不過我知道自己還是有可能恢復得來的。,喜悅,E-A,S-A,S-A,S-A,S-A,S-A,10
818,我真的開始對一切都感覺不到什麼喜悅了。  每天都還是跟原来的程式走，實在沒有興趣了。 不過我知道自己還是有可能恢復得來的。,了,O,O,O,O,O,O,11
818,我真的開始對一切都感覺不到什麼喜悅了。  每天都還是跟原来的程式走，實在沒有興趣了。 不過我知道自己還是有可能恢復得來的。,。,O,O,O,O,O,O,12
818,我真的開始對一切都感覺不到什麼喜悅了。  每天都還是跟原来的程式走，實在沒有興趣了。 不過我知道自己還是有可能恢復得來的。,每天,O,O,O,O,O,O,13
818,我真的開始對一切都感覺不到什麼喜悅了。  每天都還是跟原来的程式走，實在沒有興趣了。 不過我知道自己還是有可能恢復得來的。,都,O,O,O,O,O,O,14
818,我真的開始對一切都感覺不到什麼喜悅了。  每天都還是跟原来的程式走，實在沒有興趣了。 不過我知道自己還是有可能恢復得來的。,還是,O,O,O,O,O,O,15
818,我真的開始對一切都感覺不到什麼喜悅了。  每天都還是跟原来的程式走，實在沒有興趣了。 不過我知道自己還是有可能恢復得來的。,跟,O,O,O,O,O,O,16
818,我真的開始對一切都感覺不到什麼喜悅了。  每天都還是跟原来的程式走，實在沒有興趣了。 不過我知道自己還是有可能恢復得來的。,原來,O,O,O,O,O,O,17
818,我真的開始對一切都感覺不到什麼喜悅了。  每天都還是跟原来的程式走，實在沒有興趣了。 不過我知道自己還是有可能恢復得來的。,的,O,O,O,O,O,O,18
818,我真的開始對一切都感覺不到什麼喜悅了。  每天都還是跟原来的程式走，實在沒有興趣了。 不過我知道自己還是有可能恢復得來的。,程式,O,O,O,O,O,O,19
818,我真的開始對一切都感覺不到什麼喜悅了。  每天都還是跟原来的程式走，實在沒有興趣了。 不過我知道自己還是有可能恢復得來的。,走,O,O,O,O,O,O,20
818,我真的開始對一切都感覺不到什麼喜悅了。  每天都還是跟原来的程式走，實在沒有興趣了。 不過我知道自己還是有可能恢復得來的。,，,O,O,O,O,O,O,21
818,我真的開始對一切都感覺不到什麼喜悅了。  每天都還是跟原来的程式走，實在沒有興趣了。 不過我知道自己還是有可能恢復得來的。,實在,O,O,O,O,O,O,22
818,我真的開始對一切都感覺不到什麼喜悅了。  每天都還是跟原来的程式走，實在沒有興趣了。 不過我知道自己還是有可能恢復得來的。,沒有,B-A,B-A,B-D,B-D,B-A,B-A,23
818,我真的開始對一切都感覺不到什麼喜悅了。  每天都還是跟原来的程式走，實在沒有興趣了。 不過我知道自己還是有可能恢復得來的。,興趣,E-A,E-A,E-D,E-D,E-A,E-A,24
818,我真的開始對一切都感覺不到什麼喜悅了。  每天都還是跟原来的程式走，實在沒有興趣了。 不過我知道自己還是有可能恢復得來的。,了,O,O,O,O,O,O,25
818,我真的開始對一切都感覺不到什麼喜悅了。  每天都還是跟原来的程式走，實在沒有興趣了。 不過我知道自己還是有可能恢復得來的。,。,O,O,O,O,O,O,26
818,我真的開始對一切都感覺不到什麼喜悅了。  每天都還是跟原来的程式走，實在沒有興趣了。 不過我知道自己還是有可能恢復得來的。,不過,O,O,O,O,O,O,27
818,我真的開始對一切都感覺不到什麼喜悅了。  每天都還是跟原来的程式走，實在沒有興趣了。 不過我知道自己還是有可能恢復得來的。,我,O,O,O,O,O,O,28
818,我真的開始對一切都感覺不到什麼喜悅了。  每天都還是跟原来的程式走，實在沒有興趣了。 不過我知道自己還是有可能恢復得來的。,知道,O,O,O,O,O,O,29
818,我真的開始對一切都感覺不到什麼喜悅了。  每天都還是跟原来的程式走，實在沒有興趣了。 不過我知道自己還是有可能恢復得來的。,自己,O,O,O,O,O,O,30
818,我真的開始對一切都感覺不到什麼喜悅了。  每天都還是跟原来的程式走，實在沒有興趣了。 不過我知道自己還是有可能恢復得來的。,還是,O,O,O,O,O,O,31
818,我真的開始對一切都感覺不到什麼喜悅了。  每天都還是跟原来的程式走，實在沒有興趣了。 不過我知道自己還是有可能恢復得來的。,有,O,O,O,O,O,O,32
818,我真的開始對一切都感覺不到什麼喜悅了。  每天都還是跟原来的程式走，實在沒有興趣了。 不過我知道自己還是有可能恢復得來的。,可能,O,O,O,O,O,O,33
818,我真的開始對一切都感覺不到什麼喜悅了。  每天都還是跟原来的程式走，實在沒有興趣了。 不過我知道自己還是有可能恢復得來的。,恢復,O,O,O,O,O,O,34
818,我真的開始對一切都感覺不到什麼喜悅了。  每天都還是跟原来的程式走，實在沒有興趣了。 不過我知道自己還是有可能恢復得來的。,得,O,O,O,O,O,O,35
818,我真的開始對一切都感覺不到什麼喜悅了。  每天都還是跟原来的程式走，實在沒有興趣了。 不過我知道自己還是有可能恢復得來的。,來,O,O,O,O,O,O,36
818,我真的開始對一切都感覺不到什麼喜悅了。  每天都還是跟原来的程式走，實在沒有興趣了。 不過我知道自己還是有可能恢復得來的。,的,O,O,O,O,O,O,37
818,我真的開始對一切都感覺不到什麼喜悅了。  每天都還是跟原来的程式走，實在沒有興趣了。 不過我知道自己還是有可能恢復得來的。,。,O,O,O,O,O,O,38
819,今天就像沒有陽光一樣。移民過程，無論如何，我們都難得把來往的時間花在一些什麼事上。 今天沒有興趣，沒有熱情。 😔 這樣子，我們又回去那個未知的世界了？,今天,O,O,O,O,O,O,1
819,今天就像沒有陽光一樣。移民過程，無論如何，我們都難得把來往的時間花在一些什麼事上。 今天沒有興趣，沒有熱情。 😔 這樣子，我們又回去那個未知的世界了？,就,O,O,O,O,O,O,2
819,今天就像沒有陽光一樣。移民過程，無論如何，我們都難得把來往的時間花在一些什麼事上。 今天沒有興趣，沒有熱情。 😔 這樣子，我們又回去那個未知的世界了？,像,O,O,O,O,O,O,3
819,今天就像沒有陽光一樣。移民過程，無論如何，我們都難得把來往的時間花在一些什麼事上。 今天沒有興趣，沒有熱情。 😔 這樣子，我們又回去那個未知的世界了？,沒有,B-D,B-D,B-D,B-D,B-D,B-D,4
819,今天就像沒有陽光一樣。移民過程，無論如何，我們都難得把來往的時間花在一些什麼事上。 今天沒有興趣，沒有熱情。 😔 這樣子，我們又回去那個未知的世界了？,陽光,E-D,E-D,E-D,E-D,E-D,E-D,5
819,今天就像沒有陽光一樣。移民過程，無論如何，我們都難得把來往的時間花在一些什麼事上。 今天沒有興趣，沒有熱情。 😔 這樣子，我們又回去那個未知的世界了？,一樣,O,O,O,O,O,O,6
819,今天就像沒有陽光一樣。移民過程，無論如何，我們都難得把來往的時間花在一些什麼事上。 今天沒有興趣，沒有熱情。 😔 這樣子，我們又回去那個未知的世界了？,。,O,O,O,O,O,O,7
819,今天就像沒有陽光一樣。移民過程，無論如何，我們都難得把來往的時間花在一些什麼事上。 今天沒有興趣，沒有熱情。 😔 這樣子，我們又回去那個未知的世界了？,移民,O,O,O,O,O,O,8
819,今天就像沒有陽光一樣。移民過程，無論如何，我們都難得把來往的時間花在一些什麼事上。 今天沒有興趣，沒有熱情。 😔 這樣子，我們又回去那個未知的世界了？,過程,O,O,O,O,O,O,9
819,今天就像沒有陽光一樣。移民過程，無論如何，我們都難得把來往的時間花在一些什麼事上。 今天沒有興趣，沒有熱情。 😔 這樣子，我們又回去那個未知的世界了？,，,O,O,O,O,O,O,10
819,今天就像沒有陽光一樣。移民過程，無論如何，我們都難得把來往的時間花在一些什麼事上。 今天沒有興趣，沒有熱情。 😔 這樣子，我們又回去那個未知的世界了？,無論,O,O,O,O,O,O,11
819,今天就像沒有陽光一樣。移民過程，無論如何，我們都難得把來往的時間花在一些什麼事上。 今天沒有興趣，沒有熱情。 😔 這樣子，我們又回去那個未知的世界了？,如何,O,O,O,O,O,O,12
819,今天就像沒有陽光一樣。移民過程，無論如何，我們都難得把來往的時間花在一些什麼事上。 今天沒有興趣，沒有熱情。 😔 這樣子，我們又回去那個未知的世界了？,，,O,O,O,O,O,O,13
819,今天就像沒有陽光一樣。移民過程，無論如何，我們都難得把來往的時間花在一些什麼事上。 今天沒有興趣，沒有熱情。 😔 這樣子，我們又回去那個未知的世界了？,我們,O,O,O,O,O,O,14
819,今天就像沒有陽光一樣。移民過程，無論如何，我們都難得把來往的時間花在一些什麼事上。 今天沒有興趣，沒有熱情。 😔 這樣子，我們又回去那個未知的世界了？,都,O,O,O,O,O,O,15
819,今天就像沒有陽光一樣。移民過程，無論如何，我們都難得把來往的時間花在一些什麼事上。 今天沒有興趣，沒有熱情。 😔 這樣子，我們又回去那個未知的世界了？,難得,O,O,O,O,O,O,16
819,今天就像沒有陽光一樣。移民過程，無論如何，我們都難得把來往的時間花在一些什麼事上。 今天沒有興趣，沒有熱情。 😔 這樣子，我們又回去那個未知的世界了？,把,O,O,O,O,O,O,17
819,今天就像沒有陽光一樣。移民過程，無論如何，我們都難得把來往的時間花在一些什麼事上。 今天沒有興趣，沒有熱情。 😔 這樣子，我們又回去那個未知的世界了？,來往,O,O,O,O,O,O,18
819,今天就像沒有陽光一樣。移民過程，無論如何，我們都難得把來往的時間花在一些什麼事上。 今天沒有興趣，沒有熱情。 😔 這樣子，我們又回去那個未知的世界了？,的,O,O,O,O,O,O,19
819,今天就像沒有陽光一樣。移民過程，無論如何，我們都難得把來往的時間花在一些什麼事上。 今天沒有興趣，沒有熱情。 😔 這樣子，我們又回去那個未知的世界了？,時間,O,O,O,O,O,O,20
819,今天就像沒有陽光一樣。移民過程，無論如何，我們都難得把來往的時間花在一些什麼事上。 今天沒有興趣，沒有熱情。 😔 這樣子，我們又回去那個未知的世界了？,花,O,O,O,O,O,O,21
819,今天就像沒有陽光一樣。移民過程，無論如何，我們都難得把來往的時間花在一些什麼事上。 今天沒有興趣，沒有熱情。 😔 這樣子，我們又回去那個未知的世界了？,在,O,O,O,O,O,O,22
819,今天就像沒有陽光一樣。移民過程，無論如何，我們都難得把來往的時間花在一些什麼事上。 今天沒有興趣，沒有熱情。 😔 這樣子，我們又回去那個未知的世界了？,一些,O,O,O,O,O,O,23
819,今天就像沒有陽光一樣。移民過程，無論如何，我們都難得把來往的時間花在一些什麼事上。 今天沒有興趣，沒有熱情。 😔 這樣子，我們又回去那個未知的世界了？,什麼,O,O,O,O,O,O,24
819,今天就像沒有陽光一樣。移民過程，無論如何，我們都難得把來往的時間花在一些什麼事上。 今天沒有興趣，沒有熱情。 😔 這樣子，我們又回去那個未知的世界了？,事,O,O,O,O,O,O,25
819,今天就像沒有陽光一樣。移民過程，無論如何，我們都難得把來往的時間花在一些什麼事上。 今天沒有興趣，沒有熱情。 😔 這樣子，我們又回去那個未知的世界了？,上,O,O,O,O,O,O,26
819,今天就像沒有陽光一樣。移民過程，無論如何，我們都難得把來往的時間花在一些什麼事上。 今天沒有興趣，沒有熱情。 😔 這樣子，我們又回去那個未知的世界了？,。,O,O,O,O,O,O,27
819,今天就像沒有陽光一樣。移民過程，無論如何，我們都難得把來往的時間花在一些什麼事上。 今天沒有興趣，沒有熱情。 😔 這樣子，我們又回去那個未知的世界了？,今天,O,O,O,O,O,O,28
819,今天就像沒有陽光一樣。移民過程，無論如何，我們都難得把來往的時間花在一些什麼事上。 今天沒有興趣，沒有熱情。 😔 這樣子，我們又回去那個未知的世界了？,沒有,B-A,B-A,B-A,B-A,B-A,B-A,29
819,今天就像沒有陽光一樣。移民過程，無論如何，我們都難得把來往的時間花在一些什麼事上。 今天沒有興趣，沒有熱情。 😔 這樣子，我們又回去那個未知的世界了？,興趣,E-A,E-A,E-A,E-A,E-A,E-A,30
819,今天就像沒有陽光一樣。移民過程，無論如何，我們都難得把來往的時間花在一些什麼事上。 今天沒有興趣，沒有熱情。 😔 這樣子，我們又回去那個未知的世界了？,，,O,O,O,O,O,O,31
819,今天就像沒有陽光一樣。移民過程，無論如何，我們都難得把來往的時間花在一些什麼事上。 今天沒有興趣，沒有熱情。 😔 這樣子，我們又回去那個未知的世界了？,沒有,B-A,B-A,B-A,B-A,B-A,B-A,32
819,今天就像沒有陽光一樣。移民過程，無論如何，我們都難得把來往的時間花在一些什麼事上。 今天沒有興趣，沒有熱情。 😔 這樣子，我們又回去那個未知的世界了？,熱情,E-A,E-A,E-A,E-A,E-A,E-A,33
819,今天就像沒有陽光一樣。移民過程，無論如何，我們都難得把來往的時間花在一些什麼事上。 今天沒有興趣，沒有熱情。 😔 這樣子，我們又回去那個未知的世界了？,。,O,O,O,O,O,O,34
819,今天就像沒有陽光一樣。移民過程，無論如何，我們都難得把來往的時間花在一些什麼事上。 今天沒有興趣，沒有熱情。 😔 這樣子，我們又回去那個未知的世界了？,😔,O,O,O,O,O,O,35
819,今天就像沒有陽光一樣。移民過程，無論如何，我們都難得把來往的時間花在一些什麼事上。 今天沒有興趣，沒有熱情。 😔 這樣子，我們又回去那個未知的世界了？,這樣子,O,O,O,O,O,O,36
819,今天就像沒有陽光一樣。移民過程，無論如何，我們都難得把來往的時間花在一些什麼事上。 今天沒有興趣，沒有熱情。 😔 這樣子，我們又回去那個未知的世界了？,，,O,O,O,O,O,O,37
819,今天就像沒有陽光一樣。移民過程，無論如何，我們都難得把來往的時間花在一些什麼事上。 今天沒有興趣，沒有熱情。 😔 這樣子，我們又回去那個未知的世界了？,我們,O,O,O,O,O,O,38
819,今天就像沒有陽光一樣。移民過程，無論如何，我們都難得把來往的時間花在一些什麼事上。 今天沒有興趣，沒有熱情。 😔 這樣子，我們又回去那個未知的世界了？,又,O,O,O,O,O,O,39
819,今天就像沒有陽光一樣。移民過程，無論如何，我們都難得把來往的時間花在一些什麼事上。 今天沒有興趣，沒有熱情。 😔 這樣子，我們又回去那個未知的世界了？,回去,O,O,O,O,O,O,40
819,今天就像沒有陽光一樣。移民過程，無論如何，我們都難得把來往的時間花在一些什麼事上。 今天沒有興趣，沒有熱情。 😔 這樣子，我們又回去那個未知的世界了？,那個,O,O,O,O,O,O,41
819,今天就像沒有陽光一樣。移民過程，無論如何，我們都難得把來往的時間花在一些什麼事上。 今天沒有興趣，沒有熱情。 😔 這樣子，我們又回去那個未知的世界了？,未知,S-D,S-D,S-D,S-D,S-D,S-D,42
819,今天就像沒有陽光一樣。移民過程，無論如何，我們都難得把來往的時間花在一些什麼事上。 今天沒有興趣，沒有熱情。 😔 這樣子，我們又回去那個未知的世界了？,的,O,O,O,O,O,O,43
819,今天就像沒有陽光一樣。移民過程，無論如何，我們都難得把來往的時間花在一些什麼事上。 今天沒有興趣，沒有熱情。 😔 這樣子，我們又回去那個未知的世界了？,世界,O,O,O,O,O,O,44
819,今天就像沒有陽光一樣。移民過程，無論如何，我們都難得把來往的時間花在一些什麼事上。 今天沒有興趣，沒有熱情。 😔 這樣子，我們又回去那個未知的世界了？,了,O,O,O,O,O,O,45
819,今天就像沒有陽光一樣。移民過程，無論如何，我們都難得把來往的時間花在一些什麼事上。 今天沒有興趣，沒有熱情。 😔 這樣子，我們又回去那個未知的世界了？,？,O,O,O,O,O,O,46
820,這些天來，我們在這個新土地，我們的生活變得一片空白 這個世界似乎過了我的期限,這些,O,O,O,O,O,O,1
820,這些天來，我們在這個新土地，我們的生活變得一片空白 這個世界似乎過了我的期限,天,O,O,O,O,O,O,2
820,這些天來，我們在這個新土地，我們的生活變得一片空白 這個世界似乎過了我的期限,來,O,O,O,O,O,O,3
820,這些天來，我們在這個新土地，我們的生活變得一片空白 這個世界似乎過了我的期限,，,O,O,O,O,O,O,4
820,這些天來，我們在這個新土地，我們的生活變得一片空白 這個世界似乎過了我的期限,我們,O,O,O,O,O,O,5
820,這些天來，我們在這個新土地，我們的生活變得一片空白 這個世界似乎過了我的期限,在,O,O,O,O,O,O,6
820,這些天來，我們在這個新土地，我們的生活變得一片空白 這個世界似乎過了我的期限,這個,O,O,O,O,O,O,7
820,這些天來，我們在這個新土地，我們的生活變得一片空白 這個世界似乎過了我的期限,新,O,O,O,O,O,O,8
820,這些天來，我們在這個新土地，我們的生活變得一片空白 這個世界似乎過了我的期限,土地,O,O,O,O,O,O,9
820,這些天來，我們在這個新土地，我們的生活變得一片空白 這個世界似乎過了我的期限,，,O,O,O,O,O,O,10
820,這些天來，我們在這個新土地，我們的生活變得一片空白 這個世界似乎過了我的期限,我們,O,O,O,O,O,O,11
820,這些天來，我們在這個新土地，我們的生活變得一片空白 這個世界似乎過了我的期限,的,O,O,O,O,O,O,12
820,這些天來，我們在這個新土地，我們的生活變得一片空白 這個世界似乎過了我的期限,生活,O,O,O,O,O,O,13
820,這些天來，我們在這個新土地，我們的生活變得一片空白 這個世界似乎過了我的期限,變得,O,O,O,O,O,O,14
820,這些天來，我們在這個新土地，我們的生活變得一片空白 這個世界似乎過了我的期限,一片,O,O,O,O,O,O,15
820,這些天來，我們在這個新土地，我們的生活變得一片空白 這個世界似乎過了我的期限,空白,S-D,S-D,S-D,S-D,S-D,S-D,16
820,這些天來，我們在這個新土地，我們的生活變得一片空白 這個世界似乎過了我的期限,O,O,O,O,O,O,O,17
820,這些天來，我們在這個新土地，我們的生活變得一片空白 這個世界似乎過了我的期限,這個,O,O,O,O,O,O,18
820,這些天來，我們在這個新土地，我們的生活變得一片空白 這個世界似乎過了我的期限,世界,O,O,O,O,O,O,19
820,這些天來，我們在這個新土地，我們的生活變得一片空白 這個世界似乎過了我的期限,似乎,O,O,O,O,O,O,20
820,這些天來，我們在這個新土地，我們的生活變得一片空白 這個世界似乎過了我的期限,過了,O,O,O,O,O,O,21
820,這些天來，我們在這個新土地，我們的生活變得一片空白 這個世界似乎過了我的期限,我,O,O,O,O,O,O,22
820,這些天來，我們在這個新土地，我們的生活變得一片空白 這個世界似乎過了我的期限,的,O,O,O,O,O,O,23
820,這些天來，我們在這個新土地，我們的生活變得一片空白 這個世界似乎過了我的期限,期限,S-D,S-D,S-D,S-D,S-D,S-D,24
821,從哪兒來，我也不知道。就像每天一次，走在這個路上，走不出來。,從,O,O,O,O,O,O,1
821,從哪兒來，我也不知道。就像每天一次，走在這個路上，走不出來。,哪兒,O,O,O,O,O,O,2
821,從哪兒來，我也不知道。就像每天一次，走在這個路上，走不出來。,來,O,O,O,O,O,O,3
821,從哪兒來，我也不知道。就像每天一次，走在這個路上，走不出來。,，,O,O,O,O,O,O,4
821,從哪兒來，我也不知道。就像每天一次，走在這個路上，走不出來。,我,O,O,O,O,O,O,5
821,從哪兒來，我也不知道。就像每天一次，走在這個路上，走不出來。,也,O,O,O,O,O,O,6
821,從哪兒來，我也不知道。就像每天一次，走在這個路上，走不出來。,不知道,O,S-D,O,O,S-D,O,7
821,從哪兒來，我也不知道。就像每天一次，走在這個路上，走不出來。,。,O,O,O,O,O,O,8
821,從哪兒來，我也不知道。就像每天一次，走在這個路上，走不出來。,就,O,O,O,O,O,O,9
821,從哪兒來，我也不知道。就像每天一次，走在這個路上，走不出來。,像,O,O,O,O,O,O,10
821,從哪兒來，我也不知道。就像每天一次，走在這個路上，走不出來。,每天,O,O,O,O,O,O,11
821,從哪兒來，我也不知道。就像每天一次，走在這個路上，走不出來。,一次,O,O,O,O,O,O,12
821,從哪兒來，我也不知道。就像每天一次，走在這個路上，走不出來。,，,O,O,O,O,O,O,13
821,從哪兒來，我也不知道。就像每天一次，走在這個路上，走不出來。,走,O,O,O,O,O,O,14
821,從哪兒來，我也不知道。就像每天一次，走在這個路上，走不出來。,在,O,O,O,O,O,O,15
821,從哪兒來，我也不知道。就像每天一次，走在這個路上，走不出來。,這個,O,O,O,O,O,O,16
821,從哪兒來，我也不知道。就像每天一次，走在這個路上，走不出來。,路上,O,O,O,O,O,O,17
821,從哪兒來，我也不知道。就像每天一次，走在這個路上，走不出來。,，,O,O,O,O,O,O,18
821,從哪兒來，我也不知道。就像每天一次，走在這個路上，走不出來。,走不出來,S-D,S-D,S-D,S-D,S-D,S-D,19
821,從哪兒來，我也不知道。就像每天一次，走在這個路上，走不出來。,。,O,O,O,O,O,O,20
822,晚上，似乎世界都在睡著，我在這裡醒著  我很無助，無力感，我不知道要開始哪一步 我需要一個朋友 ️‍ ️一個耳朵，讓我把心聲對你說 ️ \,晚上,O,O,O,O,O,O,1
822,晚上，似乎世界都在睡著，我在這裡醒著  我很無助，無力感，我不知道要開始哪一步 我需要一個朋友 ️‍ ️一個耳朵，讓我把心聲對你說 ️ \,，,O,O,O,O,O,O,2
822,晚上，似乎世界都在睡著，我在這裡醒著  我很無助，無力感，我不知道要開始哪一步 我需要一個朋友 ️‍ ️一個耳朵，讓我把心聲對你說 ️ \,似乎,O,O,O,O,O,O,3
822,晚上，似乎世界都在睡著，我在這裡醒著  我很無助，無力感，我不知道要開始哪一步 我需要一個朋友 ️‍ ️一個耳朵，讓我把心聲對你說 ️ \,世界,O,O,O,O,O,O,4
822,晚上，似乎世界都在睡著，我在這裡醒著  我很無助，無力感，我不知道要開始哪一步 我需要一個朋友 ️‍ ️一個耳朵，讓我把心聲對你說 ️ \,都,O,O,O,O,O,O,5
822,晚上，似乎世界都在睡著，我在這裡醒著  我很無助，無力感，我不知道要開始哪一步 我需要一個朋友 ️‍ ️一個耳朵，讓我把心聲對你說 ️ \,在,O,O,O,O,O,O,6
822,晚上，似乎世界都在睡著，我在這裡醒著  我很無助，無力感，我不知道要開始哪一步 我需要一個朋友 ️‍ ️一個耳朵，讓我把心聲對你說 ️ \,睡著,O,O,O,O,O,O,7
822,晚上，似乎世界都在睡著，我在這裡醒著  我很無助，無力感，我不知道要開始哪一步 我需要一個朋友 ️‍ ️一個耳朵，讓我把心聲對你說 ️ \,，,O,O,O,O,O,O,8
822,晚上，似乎世界都在睡著，我在這裡醒著  我很無助，無力感，我不知道要開始哪一步 我需要一個朋友 ️‍ ️一個耳朵，讓我把心聲對你說 ️ \,我,O,O,O,O,O,O,9
822,晚上，似乎世界都在睡著，我在這裡醒著  我很無助，無力感，我不知道要開始哪一步 我需要一個朋友 ️‍ ️一個耳朵，讓我把心聲對你說 ️ \,在,O,O,O,O,O,O,10
822,晚上，似乎世界都在睡著，我在這裡醒著  我很無助，無力感，我不知道要開始哪一步 我需要一個朋友 ️‍ ️一個耳朵，讓我把心聲對你說 ️ \,這裡,O,O,O,O,O,O,11
822,晚上，似乎世界都在睡著，我在這裡醒著  我很無助，無力感，我不知道要開始哪一步 我需要一個朋友 ️‍ ️一個耳朵，讓我把心聲對你說 ️ \,醒著,O,O,O,O,O,O,12
822,晚上，似乎世界都在睡著，我在這裡醒著  我很無助，無力感，我不知道要開始哪一步 我需要一個朋友 ️‍ ️一個耳朵，讓我把心聲對你說 ️ \,O,O,O,O,O,O,O,13
822,晚上，似乎世界都在睡著，我在這裡醒著  我很無助，無力感，我不知道要開始哪一步 我需要一個朋友 ️‍ ️一個耳朵，讓我把心聲對你說 ️ \,我,O,O,O,O,O,O,14
822,晚上，似乎世界都在睡著，我在這裡醒著  我很無助，無力感，我不知道要開始哪一步 我需要一個朋友 ️‍ ️一個耳朵，讓我把心聲對你說 ️ \,很,O,O,O,O,O,O,15
822,晚上，似乎世界都在睡著，我在這裡醒著  我很無助，無力感，我不知道要開始哪一步 我需要一個朋友 ️‍ ️一個耳朵，讓我把心聲對你說 ️ \,無助,S-W,S-W,S-W,S-W,S-W,S-W,16
822,晚上，似乎世界都在睡著，我在這裡醒著  我很無助，無力感，我不知道要開始哪一步 我需要一個朋友 ️‍ ️一個耳朵，讓我把心聲對你說 ️ \,，,O,O,O,O,O,O,17
822,晚上，似乎世界都在睡著，我在這裡醒著  我很無助，無力感，我不知道要開始哪一步 我需要一個朋友 ️‍ ️一個耳朵，讓我把心聲對你說 ️ \,無力感,S-W,S-W,S-W,S-W,S-W,S-W,18
822,晚上，似乎世界都在睡著，我在這裡醒著  我很無助，無力感，我不知道要開始哪一步 我需要一個朋友 ️‍ ️一個耳朵，讓我把心聲對你說 ️ \,，,O,O,O,O,O,O,19
822,晚上，似乎世界都在睡著，我在這裡醒著  我很無助，無力感，我不知道要開始哪一步 我需要一個朋友 ️‍ ️一個耳朵，讓我把心聲對你說 ️ \,我,O,O,O,O,O,O,20
822,晚上，似乎世界都在睡著，我在這裡醒著  我很無助，無力感，我不知道要開始哪一步 我需要一個朋友 ️‍ ️一個耳朵，讓我把心聲對你說 ️ \,不知道,O,O,O,O,O,O,21
822,晚上，似乎世界都在睡著，我在這裡醒著  我很無助，無力感，我不知道要開始哪一步 我需要一個朋友 ️‍ ️一個耳朵，讓我把心聲對你說 ️ \,要,O,O,O,O,O,O,22
822,晚上，似乎世界都在睡著，我在這裡醒著  我很無助，無力感，我不知道要開始哪一步 我需要一個朋友 ️‍ ️一個耳朵，讓我把心聲對你說 ️ \,開始,O,O,O,O,O,O,23
822,晚上，似乎世界都在睡著，我在這裡醒著  我很無助，無力感，我不知道要開始哪一步 我需要一個朋友 ️‍ ️一個耳朵，讓我把心聲對你說 ️ \,哪,O,O,O,O,O,O,24
822,晚上，似乎世界都在睡著，我在這裡醒著  我很無助，無力感，我不知道要開始哪一步 我需要一個朋友 ️‍ ️一個耳朵，讓我把心聲對你說 ️ \,一步,O,O,O,O,O,O,25
822,晚上，似乎世界都在睡著，我在這裡醒著  我很無助，無力感，我不知道要開始哪一步 我需要一個朋友 ️‍ ️一個耳朵，讓我把心聲對你說 ️ \,O,O,O,O,O,O,O,26
822,晚上，似乎世界都在睡著，我在這裡醒著  我很無助，無力感，我不知道要開始哪一步 我需要一個朋友 ️‍ ️一個耳朵，讓我把心聲對你說 ️ \,我,O,O,O,O,O,O,27
822,晚上，似乎世界都在睡著，我在這裡醒著  我很無助，無力感，我不知道要開始哪一步 我需要一個朋友 ️‍ ️一個耳朵，讓我把心聲對你說 ️ \,需要,O,O,O,O,O,O,28
822,晚上，似乎世界都在睡著，我在這裡醒著  我很無助，無力感，我不知道要開始哪一步 我需要一個朋友 ️‍ ️一個耳朵，讓我把心聲對你說 ️ \,一個,O,O,O,O,O,O,29
822,晚上，似乎世界都在睡著，我在這裡醒著  我很無助，無力感，我不知道要開始哪一步 我需要一個朋友 ️‍ ️一個耳朵，讓我把心聲對你說 ️ \,朋友,O,O,O,O,O,O,30
822,晚上，似乎世界都在睡著，我在這裡醒著  我很無助，無力感，我不知道要開始哪一步 我需要一個朋友 ️‍ ️一個耳朵，讓我把心聲對你說 ️ \,O,O,O,O,O,O,O,31
822,晚上，似乎世界都在睡著，我在這裡醒著  我很無助，無力感，我不知道要開始哪一步 我需要一個朋友 ️‍ ️一個耳朵，讓我把心聲對你說 ️ \,️‍,O,O,O,O,O,O,32
822,晚上，似乎世界都在睡著，我在這裡醒著  我很無助，無力感，我不知道要開始哪一步 我需要一個朋友 ️‍ ️一個耳朵，讓我把心聲對你說 ️ \,O,O,O,O,O,O,O,33
822,晚上，似乎世界都在睡著，我在這裡醒著  我很無助，無力感，我不知道要開始哪一步 我需要一個朋友 ️‍ ️一個耳朵，讓我把心聲對你說 ️ \,一個,O,O,O,O,O,O,34
822,晚上，似乎世界都在睡著，我在這裡醒著  我很無助，無力感，我不知道要開始哪一步 我需要一個朋友 ️‍ ️一個耳朵，讓我把心聲對你說 ️ \,耳朵,O,O,O,O,O,O,35
822,晚上，似乎世界都在睡著，我在這裡醒著  我很無助，無力感，我不知道要開始哪一步 我需要一個朋友 ️‍ ️一個耳朵，讓我把心聲對你說 ️ \,，,O,O,O,O,O,O,36
822,晚上，似乎世界都在睡著，我在這裡醒著  我很無助，無力感，我不知道要開始哪一步 我需要一個朋友 ️‍ ️一個耳朵，讓我把心聲對你說 ️ \,讓,O,O,O,O,O,O,37
822,晚上，似乎世界都在睡著，我在這裡醒著  我很無助，無力感，我不知道要開始哪一步 我需要一個朋友 ️‍ ️一個耳朵，讓我把心聲對你說 ️ \,我,O,O,O,O,O,O,38
822,晚上，似乎世界都在睡著，我在這裡醒著  我很無助，無力感，我不知道要開始哪一步 我需要一個朋友 ️‍ ️一個耳朵，讓我把心聲對你說 ️ \,把,O,O,O,O,O,O,39
822,晚上，似乎世界都在睡著，我在這裡醒著  我很無助，無力感，我不知道要開始哪一步 我需要一個朋友 ️‍ ️一個耳朵，讓我把心聲對你說 ️ \,心聲,O,O,O,O,O,O,40
822,晚上，似乎世界都在睡著，我在這裡醒著  我很無助，無力感，我不知道要開始哪一步 我需要一個朋友 ️‍ ️一個耳朵，讓我把心聲對你說 ️ \,對,O,O,O,O,O,O,41
822,晚上，似乎世界都在睡著，我在這裡醒著  我很無助，無力感，我不知道要開始哪一步 我需要一個朋友 ️‍ ️一個耳朵，讓我把心聲對你說 ️ \,你,O,O,O,O,O,O,42
822,晚上，似乎世界都在睡著，我在這裡醒著  我很無助，無力感，我不知道要開始哪一步 我需要一個朋友 ️‍ ️一個耳朵，讓我把心聲對你說 ️ \,說,O,O,O,O,O,O,43
822,晚上，似乎世界都在睡著，我在這裡醒著  我很無助，無力感，我不知道要開始哪一步 我需要一個朋友 ️‍ ️一個耳朵，讓我把心聲對你說 ️ \,O,O,O,O,O,O,O,44
822,晚上，似乎世界都在睡著，我在這裡醒著  我很無助，無力感，我不知道要開始哪一步 我需要一個朋友 ️‍ ️一個耳朵，讓我把心聲對你說 ️ \,️,O,O,O,O,O,O,45
823,我在今天醒來後就感覺到自己很差勁。這幾天來，我的每天生活都像是一個被遺棄的城市：毫無方向、毫無意義，失業的打擊似乎讓我的所有自信都跟著走丟。這讓我在這個時候，對自己很自責。,我,O,O,O,O,O,O,1
823,我在今天醒來後就感覺到自己很差勁。這幾天來，我的每天生活都像是一個被遺棄的城市：毫無方向、毫無意義，失業的打擊似乎讓我的所有自信都跟著走丟。這讓我在這個時候，對自己很自責。,在,O,O,O,O,O,O,2
823,我在今天醒來後就感覺到自己很差勁。這幾天來，我的每天生活都像是一個被遺棄的城市：毫無方向、毫無意義，失業的打擊似乎讓我的所有自信都跟著走丟。這讓我在這個時候，對自己很自責。,今天,O,O,O,O,O,O,3
823,我在今天醒來後就感覺到自己很差勁。這幾天來，我的每天生活都像是一個被遺棄的城市：毫無方向、毫無意義，失業的打擊似乎讓我的所有自信都跟著走丟。這讓我在這個時候，對自己很自責。,醒來,O,O,O,O,O,O,4
823,我在今天醒來後就感覺到自己很差勁。這幾天來，我的每天生活都像是一個被遺棄的城市：毫無方向、毫無意義，失業的打擊似乎讓我的所有自信都跟著走丟。這讓我在這個時候，對自己很自責。,後,O,O,O,O,O,O,5
823,我在今天醒來後就感覺到自己很差勁。這幾天來，我的每天生活都像是一個被遺棄的城市：毫無方向、毫無意義，失業的打擊似乎讓我的所有自信都跟著走丟。這讓我在這個時候，對自己很自責。,就,O,O,O,O,O,O,6
823,我在今天醒來後就感覺到自己很差勁。這幾天來，我的每天生活都像是一個被遺棄的城市：毫無方向、毫無意義，失業的打擊似乎讓我的所有自信都跟著走丟。這讓我在這個時候，對自己很自責。,感覺,O,O,O,O,O,O,7
823,我在今天醒來後就感覺到自己很差勁。這幾天來，我的每天生活都像是一個被遺棄的城市：毫無方向、毫無意義，失業的打擊似乎讓我的所有自信都跟著走丟。這讓我在這個時候，對自己很自責。,到,O,O,O,O,O,O,8
823,我在今天醒來後就感覺到自己很差勁。這幾天來，我的每天生活都像是一個被遺棄的城市：毫無方向、毫無意義，失業的打擊似乎讓我的所有自信都跟著走丟。這讓我在這個時候，對自己很自責。,自己,O,O,O,O,O,O,9
823,我在今天醒來後就感覺到自己很差勁。這幾天來，我的每天生活都像是一個被遺棄的城市：毫無方向、毫無意義，失業的打擊似乎讓我的所有自信都跟著走丟。這讓我在這個時候，對自己很自責。,很,M-W,M-W,M-W,M-W,M-W,M-W,10
823,我在今天醒來後就感覺到自己很差勁。這幾天來，我的每天生活都像是一個被遺棄的城市：毫無方向、毫無意義，失業的打擊似乎讓我的所有自信都跟著走丟。這讓我在這個時候，對自己很自責。,差勁,E-W,E-W,E-W,E-W,E-W,E-W,11
823,我在今天醒來後就感覺到自己很差勁。這幾天來，我的每天生活都像是一個被遺棄的城市：毫無方向、毫無意義，失業的打擊似乎讓我的所有自信都跟著走丟。這讓我在這個時候，對自己很自責。,。,O,O,O,O,O,O,12
823,我在今天醒來後就感覺到自己很差勁。這幾天來，我的每天生活都像是一個被遺棄的城市：毫無方向、毫無意義，失業的打擊似乎讓我的所有自信都跟著走丟。這讓我在這個時候，對自己很自責。,這,O,O,O,O,O,O,13
823,我在今天醒來後就感覺到自己很差勁。這幾天來，我的每天生活都像是一個被遺棄的城市：毫無方向、毫無意義，失業的打擊似乎讓我的所有自信都跟著走丟。這讓我在這個時候，對自己很自責。,幾,O,O,O,O,O,O,14
823,我在今天醒來後就感覺到自己很差勁。這幾天來，我的每天生活都像是一個被遺棄的城市：毫無方向、毫無意義，失業的打擊似乎讓我的所有自信都跟著走丟。這讓我在這個時候，對自己很自責。,天,O,O,O,O,O,O,15
823,我在今天醒來後就感覺到自己很差勁。這幾天來，我的每天生活都像是一個被遺棄的城市：毫無方向、毫無意義，失業的打擊似乎讓我的所有自信都跟著走丟。這讓我在這個時候，對自己很自責。,來,O,O,O,O,O,O,16
823,我在今天醒來後就感覺到自己很差勁。這幾天來，我的每天生活都像是一個被遺棄的城市：毫無方向、毫無意義，失業的打擊似乎讓我的所有自信都跟著走丟。這讓我在這個時候，對自己很自責。,，,O,O,O,O,O,O,17
823,我在今天醒來後就感覺到自己很差勁。這幾天來，我的每天生活都像是一個被遺棄的城市：毫無方向、毫無意義，失業的打擊似乎讓我的所有自信都跟著走丟。這讓我在這個時候，對自己很自責。,我,O,O,O,O,O,O,18
823,我在今天醒來後就感覺到自己很差勁。這幾天來，我的每天生活都像是一個被遺棄的城市：毫無方向、毫無意義，失業的打擊似乎讓我的所有自信都跟著走丟。這讓我在這個時候，對自己很自責。,的,O,O,O,O,O,O,19
823,我在今天醒來後就感覺到自己很差勁。這幾天來，我的每天生活都像是一個被遺棄的城市：毫無方向、毫無意義，失業的打擊似乎讓我的所有自信都跟著走丟。這讓我在這個時候，對自己很自責。,每天,O,O,O,O,O,O,20
823,我在今天醒來後就感覺到自己很差勁。這幾天來，我的每天生活都像是一個被遺棄的城市：毫無方向、毫無意義，失業的打擊似乎讓我的所有自信都跟著走丟。這讓我在這個時候，對自己很自責。,生活,O,O,O,O,O,O,21
823,我在今天醒來後就感覺到自己很差勁。這幾天來，我的每天生活都像是一個被遺棄的城市：毫無方向、毫無意義，失業的打擊似乎讓我的所有自信都跟著走丟。這讓我在這個時候，對自己很自責。,都,O,O,O,O,O,O,22
823,我在今天醒來後就感覺到自己很差勁。這幾天來，我的每天生活都像是一個被遺棄的城市：毫無方向、毫無意義，失業的打擊似乎讓我的所有自信都跟著走丟。這讓我在這個時候，對自己很自責。,像是,O,O,O,O,O,O,23
823,我在今天醒來後就感覺到自己很差勁。這幾天來，我的每天生活都像是一個被遺棄的城市：毫無方向、毫無意義，失業的打擊似乎讓我的所有自信都跟著走丟。這讓我在這個時候，對自己很自責。,一個,O,O,O,O,O,O,24
823,我在今天醒來後就感覺到自己很差勁。這幾天來，我的每天生活都像是一個被遺棄的城市：毫無方向、毫無意義，失業的打擊似乎讓我的所有自信都跟著走丟。這讓我在這個時候，對自己很自責。,被,O,O,O,O,O,O,25
823,我在今天醒來後就感覺到自己很差勁。這幾天來，我的每天生活都像是一個被遺棄的城市：毫無方向、毫無意義，失業的打擊似乎讓我的所有自信都跟著走丟。這讓我在這個時候，對自己很自責。,遺棄,O,O,O,O,O,O,26
823,我在今天醒來後就感覺到自己很差勁。這幾天來，我的每天生活都像是一個被遺棄的城市：毫無方向、毫無意義，失業的打擊似乎讓我的所有自信都跟著走丟。這讓我在這個時候，對自己很自責。,的,O,O,O,O,O,O,27
823,我在今天醒來後就感覺到自己很差勁。這幾天來，我的每天生活都像是一個被遺棄的城市：毫無方向、毫無意義，失業的打擊似乎讓我的所有自信都跟著走丟。這讓我在這個時候，對自己很自責。,城市,O,O,O,O,O,O,28
823,我在今天醒來後就感覺到自己很差勁。這幾天來，我的每天生活都像是一個被遺棄的城市：毫無方向、毫無意義，失業的打擊似乎讓我的所有自信都跟著走丟。這讓我在這個時候，對自己很自責。,：,O,O,O,O,O,O,29
823,我在今天醒來後就感覺到自己很差勁。這幾天來，我的每天生活都像是一個被遺棄的城市：毫無方向、毫無意義，失業的打擊似乎讓我的所有自信都跟著走丟。這讓我在這個時候，對自己很自責。,毫無,O,O,O,O,O,O,30
823,我在今天醒來後就感覺到自己很差勁。這幾天來，我的每天生活都像是一個被遺棄的城市：毫無方向、毫無意義，失業的打擊似乎讓我的所有自信都跟著走丟。這讓我在這個時候，對自己很自責。,方向,O,O,O,O,O,O,31
823,我在今天醒來後就感覺到自己很差勁。這幾天來，我的每天生活都像是一個被遺棄的城市：毫無方向、毫無意義，失業的打擊似乎讓我的所有自信都跟著走丟。這讓我在這個時候，對自己很自責。,、,O,O,O,O,O,O,32
823,我在今天醒來後就感覺到自己很差勁。這幾天來，我的每天生活都像是一個被遺棄的城市：毫無方向、毫無意義，失業的打擊似乎讓我的所有自信都跟著走丟。這讓我在這個時候，對自己很自責。,毫無,O,O,O,O,O,O,33
823,我在今天醒來後就感覺到自己很差勁。這幾天來，我的每天生活都像是一個被遺棄的城市：毫無方向、毫無意義，失業的打擊似乎讓我的所有自信都跟著走丟。這讓我在這個時候，對自己很自責。,意義,O,O,O,O,O,O,34
823,我在今天醒來後就感覺到自己很差勁。這幾天來，我的每天生活都像是一個被遺棄的城市：毫無方向、毫無意義，失業的打擊似乎讓我的所有自信都跟著走丟。這讓我在這個時候，對自己很自責。,，,O,O,O,O,O,O,35
823,我在今天醒來後就感覺到自己很差勁。這幾天來，我的每天生活都像是一個被遺棄的城市：毫無方向、毫無意義，失業的打擊似乎讓我的所有自信都跟著走丟。這讓我在這個時候，對自己很自責。,失業,O,O,O,O,O,O,36
823,我在今天醒來後就感覺到自己很差勁。這幾天來，我的每天生活都像是一個被遺棄的城市：毫無方向、毫無意義，失業的打擊似乎讓我的所有自信都跟著走丟。這讓我在這個時候，對自己很自責。,的,O,O,O,O,O,O,37
823,我在今天醒來後就感覺到自己很差勁。這幾天來，我的每天生活都像是一個被遺棄的城市：毫無方向、毫無意義，失業的打擊似乎讓我的所有自信都跟著走丟。這讓我在這個時候，對自己很自責。,打擊,O,O,O,O,O,O,38
823,我在今天醒來後就感覺到自己很差勁。這幾天來，我的每天生活都像是一個被遺棄的城市：毫無方向、毫無意義，失業的打擊似乎讓我的所有自信都跟著走丟。這讓我在這個時候，對自己很自責。,似乎,O,O,O,O,O,O,39
823,我在今天醒來後就感覺到自己很差勁。這幾天來，我的每天生活都像是一個被遺棄的城市：毫無方向、毫無意義，失業的打擊似乎讓我的所有自信都跟著走丟。這讓我在這個時候，對自己很自責。,讓,O,O,O,O,O,O,40
823,我在今天醒來後就感覺到自己很差勁。這幾天來，我的每天生活都像是一個被遺棄的城市：毫無方向、毫無意義，失業的打擊似乎讓我的所有自信都跟著走丟。這讓我在這個時候，對自己很自責。,我,O,O,O,O,O,O,41
823,我在今天醒來後就感覺到自己很差勁。這幾天來，我的每天生活都像是一個被遺棄的城市：毫無方向、毫無意義，失業的打擊似乎讓我的所有自信都跟著走丟。這讓我在這個時候，對自己很自責。,的,O,O,O,O,O,O,42
823,我在今天醒來後就感覺到自己很差勁。這幾天來，我的每天生活都像是一個被遺棄的城市：毫無方向、毫無意義，失業的打擊似乎讓我的所有自信都跟著走丟。這讓我在這個時候，對自己很自責。,所有,O,O,O,O,O,O,43
823,我在今天醒來後就感覺到自己很差勁。這幾天來，我的每天生活都像是一個被遺棄的城市：毫無方向、毫無意義，失業的打擊似乎讓我的所有自信都跟著走丟。這讓我在這個時候，對自己很自責。,自信,O,O,O,O,O,O,44
823,我在今天醒來後就感覺到自己很差勁。這幾天來，我的每天生活都像是一個被遺棄的城市：毫無方向、毫無意義，失業的打擊似乎讓我的所有自信都跟著走丟。這讓我在這個時候，對自己很自責。,都,O,O,O,O,O,O,45
823,我在今天醒來後就感覺到自己很差勁。這幾天來，我的每天生活都像是一個被遺棄的城市：毫無方向、毫無意義，失業的打擊似乎讓我的所有自信都跟著走丟。這讓我在這個時候，對自己很自責。,跟著,O,O,O,O,O,O,46
823,我在今天醒來後就感覺到自己很差勁。這幾天來，我的每天生活都像是一個被遺棄的城市：毫無方向、毫無意義，失業的打擊似乎讓我的所有自信都跟著走丟。這讓我在這個時候，對自己很自責。,走丟,O,O,O,O,O,O,47
823,我在今天醒來後就感覺到自己很差勁。這幾天來，我的每天生活都像是一個被遺棄的城市：毫無方向、毫無意義，失業的打擊似乎讓我的所有自信都跟著走丟。這讓我在這個時候，對自己很自責。,。,O,O,O,O,O,O,48
823,我在今天醒來後就感覺到自己很差勁。這幾天來，我的每天生活都像是一個被遺棄的城市：毫無方向、毫無意義，失業的打擊似乎讓我的所有自信都跟著走丟。這讓我在這個時候，對自己很自責。,這,O,O,O,O,O,O,49
823,我在今天醒來後就感覺到自己很差勁。這幾天來，我的每天生活都像是一個被遺棄的城市：毫無方向、毫無意義，失業的打擊似乎讓我的所有自信都跟著走丟。這讓我在這個時候，對自己很自責。,讓,O,O,O,O,O,O,50
823,我在今天醒來後就感覺到自己很差勁。這幾天來，我的每天生活都像是一個被遺棄的城市：毫無方向、毫無意義，失業的打擊似乎讓我的所有自信都跟著走丟。這讓我在這個時候，對自己很自責。,我,O,O,O,O,O,O,51
823,我在今天醒來後就感覺到自己很差勁。這幾天來，我的每天生活都像是一個被遺棄的城市：毫無方向、毫無意義，失業的打擊似乎讓我的所有自信都跟著走丟。這讓我在這個時候，對自己很自責。,在,O,O,O,O,O,O,52
823,我在今天醒來後就感覺到自己很差勁。這幾天來，我的每天生活都像是一個被遺棄的城市：毫無方向、毫無意義，失業的打擊似乎讓我的所有自信都跟著走丟。這讓我在這個時候，對自己很自責。,這,O,O,O,O,O,O,53
823,我在今天醒來後就感覺到自己很差勁。這幾天來，我的每天生活都像是一個被遺棄的城市：毫無方向、毫無意義，失業的打擊似乎讓我的所有自信都跟著走丟。這讓我在這個時候，對自己很自責。,個,O,O,O,O,O,O,54
823,我在今天醒來後就感覺到自己很差勁。這幾天來，我的每天生活都像是一個被遺棄的城市：毫無方向、毫無意義，失業的打擊似乎讓我的所有自信都跟著走丟。這讓我在這個時候，對自己很自責。,時候,O,O,O,O,O,O,55
823,我在今天醒來後就感覺到自己很差勁。這幾天來，我的每天生活都像是一個被遺棄的城市：毫無方向、毫無意義，失業的打擊似乎讓我的所有自信都跟著走丟。這讓我在這個時候，對自己很自責。,，,O,O,O,O,O,O,56
823,我在今天醒來後就感覺到自己很差勁。這幾天來，我的每天生活都像是一個被遺棄的城市：毫無方向、毫無意義，失業的打擊似乎讓我的所有自信都跟著走丟。這讓我在這個時候，對自己很自責。,對,O,O,O,O,M-W,O,57
823,我在今天醒來後就感覺到自己很差勁。這幾天來，我的每天生活都像是一個被遺棄的城市：毫無方向、毫無意義，失業的打擊似乎讓我的所有自信都跟著走丟。這讓我在這個時候，對自己很自責。,自己,O,O,M-W,M-W,E-W,O,58
823,我在今天醒來後就感覺到自己很差勁。這幾天來，我的每天生活都像是一個被遺棄的城市：毫無方向、毫無意義，失業的打擊似乎讓我的所有自信都跟著走丟。這讓我在這個時候，對自己很自責。,很,B-W,M-W,E-W,E-W,O,M-W,59
823,我在今天醒來後就感覺到自己很差勁。這幾天來，我的每天生活都像是一個被遺棄的城市：毫無方向、毫無意義，失業的打擊似乎讓我的所有自信都跟著走丟。這讓我在這個時候，對自己很自責。,自責,E-W,E-W,O,O,缺失預測,E-W,60
823,我在今天醒來後就感覺到自己很差勁。這幾天來，我的每天生活都像是一個被遺棄的城市：毫無方向、毫無意義，失業的打擊似乎讓我的所有自信都跟著走丟。這讓我在這個時候，對自己很自責。,。,O,O,缺失預測,缺失預測,缺失預測,O,61
824,我每天都在被黑暗所圍繞，無法停住自己的想法，總覺得自己在思考什麼都會害怕不良的結果,我,O,O,O,O,O,O,1
824,我每天都在被黑暗所圍繞，無法停住自己的想法，總覺得自己在思考什麼都會害怕不良的結果,每天,O,O,O,O,O,O,2
824,我每天都在被黑暗所圍繞，無法停住自己的想法，總覺得自己在思考什麼都會害怕不良的結果,都,O,O,O,O,O,O,3
824,我每天都在被黑暗所圍繞，無法停住自己的想法，總覺得自己在思考什麼都會害怕不良的結果,在,O,O,O,O,O,O,4
824,我每天都在被黑暗所圍繞，無法停住自己的想法，總覺得自己在思考什麼都會害怕不良的結果,被,O,O,O,O,O,O,5
824,我每天都在被黑暗所圍繞，無法停住自己的想法，總覺得自己在思考什麼都會害怕不良的結果,黑暗,S-D,S-D,S-D,S-D,S-D,S-D,6
824,我每天都在被黑暗所圍繞，無法停住自己的想法，總覺得自己在思考什麼都會害怕不良的結果,所,O,O,O,O,O,O,7
824,我每天都在被黑暗所圍繞，無法停住自己的想法，總覺得自己在思考什麼都會害怕不良的結果,圍繞,O,O,O,O,O,O,8
824,我每天都在被黑暗所圍繞，無法停住自己的想法，總覺得自己在思考什麼都會害怕不良的結果,，,O,O,O,O,O,O,9
824,我每天都在被黑暗所圍繞，無法停住自己的想法，總覺得自己在思考什麼都會害怕不良的結果,無法,B-D,B-D,B-D,B-D,B-D,B-D,10
824,我每天都在被黑暗所圍繞，無法停住自己的想法，總覺得自己在思考什麼都會害怕不良的結果,停住,E-D,E-D,E-D,E-D,E-D,E-D,11
824,我每天都在被黑暗所圍繞，無法停住自己的想法，總覺得自己在思考什麼都會害怕不良的結果,自己,O,O,O,O,O,O,12
824,我每天都在被黑暗所圍繞，無法停住自己的想法，總覺得自己在思考什麼都會害怕不良的結果,的,O,O,O,O,O,O,13
824,我每天都在被黑暗所圍繞，無法停住自己的想法，總覺得自己在思考什麼都會害怕不良的結果,想法,O,O,O,O,O,O,14
824,我每天都在被黑暗所圍繞，無法停住自己的想法，總覺得自己在思考什麼都會害怕不良的結果,，,O,O,O,O,O,O,15
824,我每天都在被黑暗所圍繞，無法停住自己的想法，總覺得自己在思考什麼都會害怕不良的結果,總,O,O,O,O,O,O,16
824,我每天都在被黑暗所圍繞，無法停住自己的想法，總覺得自己在思考什麼都會害怕不良的結果,覺得,O,O,O,O,O,O,17
824,我每天都在被黑暗所圍繞，無法停住自己的想法，總覺得自己在思考什麼都會害怕不良的結果,自己,O,O,O,O,O,O,18
824,我每天都在被黑暗所圍繞，無法停住自己的想法，總覺得自己在思考什麼都會害怕不良的結果,在,O,O,O,O,O,O,19
824,我每天都在被黑暗所圍繞，無法停住自己的想法，總覺得自己在思考什麼都會害怕不良的結果,思考,O,O,O,O,O,O,20
824,我每天都在被黑暗所圍繞，無法停住自己的想法，總覺得自己在思考什麼都會害怕不良的結果,什麼,O,O,O,O,O,O,21
824,我每天都在被黑暗所圍繞，無法停住自己的想法，總覺得自己在思考什麼都會害怕不良的結果,都,O,O,O,O,O,O,22
824,我每天都在被黑暗所圍繞，無法停住自己的想法，總覺得自己在思考什麼都會害怕不良的結果,會,O,O,O,O,O,O,23
824,我每天都在被黑暗所圍繞，無法停住自己的想法，總覺得自己在思考什麼都會害怕不良的結果,害怕,S-D,S-D,S-D,S-D,S-D,S-D,24
824,我每天都在被黑暗所圍繞，無法停住自己的想法，總覺得自己在思考什麼都會害怕不良的結果,不良,O,O,O,O,O,O,25
824,我每天都在被黑暗所圍繞，無法停住自己的想法，總覺得自己在思考什麼都會害怕不良的結果,的,O,O,O,O,O,O,26
824,我每天都在被黑暗所圍繞，無法停住自己的想法，總覺得自己在思考什麼都會害怕不良的結果,結果,O,O,O,O,O,O,27
825,因為一段時間了，我已經什麼事也無意識地忽略了，簡單地說，我這段時間似乎什麼事都無法在腦海中留下印象 😔🤔 這一切似乎在無法找到興趣的途徑時，才會出現什麼事？  不過，我知道，我能夠找到,因為,O,O,O,O,O,O,1
825,因為一段時間了，我已經什麼事也無意識地忽略了，簡單地說，我這段時間似乎什麼事都無法在腦海中留下印象 😔🤔 這一切似乎在無法找到興趣的途徑時，才會出現什麼事？  不過，我知道，我能夠找到,一段,O,O,O,O,O,O,2
825,因為一段時間了，我已經什麼事也無意識地忽略了，簡單地說，我這段時間似乎什麼事都無法在腦海中留下印象 😔🤔 這一切似乎在無法找到興趣的途徑時，才會出現什麼事？  不過，我知道，我能夠找到,時間,O,O,O,O,O,O,3
825,因為一段時間了，我已經什麼事也無意識地忽略了，簡單地說，我這段時間似乎什麼事都無法在腦海中留下印象 😔🤔 這一切似乎在無法找到興趣的途徑時，才會出現什麼事？  不過，我知道，我能夠找到,了,O,O,O,O,O,O,4
825,因為一段時間了，我已經什麼事也無意識地忽略了，簡單地說，我這段時間似乎什麼事都無法在腦海中留下印象 😔🤔 這一切似乎在無法找到興趣的途徑時，才會出現什麼事？  不過，我知道，我能夠找到,，,O,O,O,O,O,O,5
825,因為一段時間了，我已經什麼事也無意識地忽略了，簡單地說，我這段時間似乎什麼事都無法在腦海中留下印象 😔🤔 這一切似乎在無法找到興趣的途徑時，才會出現什麼事？  不過，我知道，我能夠找到,我,O,O,O,O,O,O,6
825,因為一段時間了，我已經什麼事也無意識地忽略了，簡單地說，我這段時間似乎什麼事都無法在腦海中留下印象 😔🤔 這一切似乎在無法找到興趣的途徑時，才會出現什麼事？  不過，我知道，我能夠找到,已經,O,O,O,O,O,O,7
825,因為一段時間了，我已經什麼事也無意識地忽略了，簡單地說，我這段時間似乎什麼事都無法在腦海中留下印象 😔🤔 這一切似乎在無法找到興趣的途徑時，才會出現什麼事？  不過，我知道，我能夠找到,什麼,O,O,O,O,O,O,8
825,因為一段時間了，我已經什麼事也無意識地忽略了，簡單地說，我這段時間似乎什麼事都無法在腦海中留下印象 😔🤔 這一切似乎在無法找到興趣的途徑時，才會出現什麼事？  不過，我知道，我能夠找到,事,O,O,O,O,O,O,9
825,因為一段時間了，我已經什麼事也無意識地忽略了，簡單地說，我這段時間似乎什麼事都無法在腦海中留下印象 😔🤔 這一切似乎在無法找到興趣的途徑時，才會出現什麼事？  不過，我知道，我能夠找到,也,O,O,O,O,O,O,10
825,因為一段時間了，我已經什麼事也無意識地忽略了，簡單地說，我這段時間似乎什麼事都無法在腦海中留下印象 😔🤔 這一切似乎在無法找到興趣的途徑時，才會出現什麼事？  不過，我知道，我能夠找到,無意識,O,O,O,O,O,O,11
825,因為一段時間了，我已經什麼事也無意識地忽略了，簡單地說，我這段時間似乎什麼事都無法在腦海中留下印象 😔🤔 這一切似乎在無法找到興趣的途徑時，才會出現什麼事？  不過，我知道，我能夠找到,地,O,O,O,O,O,O,12
825,因為一段時間了，我已經什麼事也無意識地忽略了，簡單地說，我這段時間似乎什麼事都無法在腦海中留下印象 😔🤔 這一切似乎在無法找到興趣的途徑時，才會出現什麼事？  不過，我知道，我能夠找到,忽略,O,O,O,O,O,O,13
825,因為一段時間了，我已經什麼事也無意識地忽略了，簡單地說，我這段時間似乎什麼事都無法在腦海中留下印象 😔🤔 這一切似乎在無法找到興趣的途徑時，才會出現什麼事？  不過，我知道，我能夠找到,了,O,O,O,O,O,O,14
825,因為一段時間了，我已經什麼事也無意識地忽略了，簡單地說，我這段時間似乎什麼事都無法在腦海中留下印象 😔🤔 這一切似乎在無法找到興趣的途徑時，才會出現什麼事？  不過，我知道，我能夠找到,，,O,O,O,O,O,O,15
825,因為一段時間了，我已經什麼事也無意識地忽略了，簡單地說，我這段時間似乎什麼事都無法在腦海中留下印象 😔🤔 這一切似乎在無法找到興趣的途徑時，才會出現什麼事？  不過，我知道，我能夠找到,簡單,O,O,O,O,O,O,16
825,因為一段時間了，我已經什麼事也無意識地忽略了，簡單地說，我這段時間似乎什麼事都無法在腦海中留下印象 😔🤔 這一切似乎在無法找到興趣的途徑時，才會出現什麼事？  不過，我知道，我能夠找到,地,O,O,O,O,O,O,17
825,因為一段時間了，我已經什麼事也無意識地忽略了，簡單地說，我這段時間似乎什麼事都無法在腦海中留下印象 😔🤔 這一切似乎在無法找到興趣的途徑時，才會出現什麼事？  不過，我知道，我能夠找到,說,O,O,O,O,O,O,18
825,因為一段時間了，我已經什麼事也無意識地忽略了，簡單地說，我這段時間似乎什麼事都無法在腦海中留下印象 😔🤔 這一切似乎在無法找到興趣的途徑時，才會出現什麼事？  不過，我知道，我能夠找到,，,O,O,O,O,O,O,19
825,因為一段時間了，我已經什麼事也無意識地忽略了，簡單地說，我這段時間似乎什麼事都無法在腦海中留下印象 😔🤔 這一切似乎在無法找到興趣的途徑時，才會出現什麼事？  不過，我知道，我能夠找到,我,O,O,O,O,O,O,20
825,因為一段時間了，我已經什麼事也無意識地忽略了，簡單地說，我這段時間似乎什麼事都無法在腦海中留下印象 😔🤔 這一切似乎在無法找到興趣的途徑時，才會出現什麼事？  不過，我知道，我能夠找到,這段,O,O,O,O,O,O,21
825,因為一段時間了，我已經什麼事也無意識地忽略了，簡單地說，我這段時間似乎什麼事都無法在腦海中留下印象 😔🤔 這一切似乎在無法找到興趣的途徑時，才會出現什麼事？  不過，我知道，我能夠找到,時間,O,O,O,O,O,O,22
825,因為一段時間了，我已經什麼事也無意識地忽略了，簡單地說，我這段時間似乎什麼事都無法在腦海中留下印象 😔🤔 這一切似乎在無法找到興趣的途徑時，才會出現什麼事？  不過，我知道，我能夠找到,似乎,O,O,O,O,O,O,23
825,因為一段時間了，我已經什麼事也無意識地忽略了，簡單地說，我這段時間似乎什麼事都無法在腦海中留下印象 😔🤔 這一切似乎在無法找到興趣的途徑時，才會出現什麼事？  不過，我知道，我能夠找到,什麼,O,O,O,O,O,O,24
825,因為一段時間了，我已經什麼事也無意識地忽略了，簡單地說，我這段時間似乎什麼事都無法在腦海中留下印象 😔🤔 這一切似乎在無法找到興趣的途徑時，才會出現什麼事？  不過，我知道，我能夠找到,事,O,O,O,O,O,O,25
825,因為一段時間了，我已經什麼事也無意識地忽略了，簡單地說，我這段時間似乎什麼事都無法在腦海中留下印象 😔🤔 這一切似乎在無法找到興趣的途徑時，才會出現什麼事？  不過，我知道，我能夠找到,都,O,O,O,O,O,O,26
825,因為一段時間了，我已經什麼事也無意識地忽略了，簡單地說，我這段時間似乎什麼事都無法在腦海中留下印象 😔🤔 這一切似乎在無法找到興趣的途徑時，才會出現什麼事？  不過，我知道，我能夠找到,無法,O,B-D,B-D,B-D,B-D,B-D,27
825,因為一段時間了，我已經什麼事也無意識地忽略了，簡單地說，我這段時間似乎什麼事都無法在腦海中留下印象 😔🤔 這一切似乎在無法找到興趣的途徑時，才會出現什麼事？  不過，我知道，我能夠找到,在,O,O,O,O,O,O,28
825,因為一段時間了，我已經什麼事也無意識地忽略了，簡單地說，我這段時間似乎什麼事都無法在腦海中留下印象 😔🤔 這一切似乎在無法找到興趣的途徑時，才會出現什麼事？  不過，我知道，我能夠找到,腦海,O,O,O,O,O,O,29
825,因為一段時間了，我已經什麼事也無意識地忽略了，簡單地說，我這段時間似乎什麼事都無法在腦海中留下印象 😔🤔 這一切似乎在無法找到興趣的途徑時，才會出現什麼事？  不過，我知道，我能夠找到,中,O,O,O,O,O,O,30
825,因為一段時間了，我已經什麼事也無意識地忽略了，簡單地說，我這段時間似乎什麼事都無法在腦海中留下印象 😔🤔 這一切似乎在無法找到興趣的途徑時，才會出現什麼事？  不過，我知道，我能夠找到,留下,O,O,O,O,O,O,31
825,因為一段時間了，我已經什麼事也無意識地忽略了，簡單地說，我這段時間似乎什麼事都無法在腦海中留下印象 😔🤔 這一切似乎在無法找到興趣的途徑時，才會出現什麼事？  不過，我知道，我能夠找到,印象,O,S-D,S-D,S-D,S-D,S-D,32
825,因為一段時間了，我已經什麼事也無意識地忽略了，簡單地說，我這段時間似乎什麼事都無法在腦海中留下印象 😔🤔 這一切似乎在無法找到興趣的途徑時，才會出現什麼事？  不過，我知道，我能夠找到,😔,O,O,O,O,O,O,33
825,因為一段時間了，我已經什麼事也無意識地忽略了，簡單地說，我這段時間似乎什麼事都無法在腦海中留下印象 😔🤔 這一切似乎在無法找到興趣的途徑時，才會出現什麼事？  不過，我知道，我能夠找到,🤔,O,O,O,O,O,O,34
825,因為一段時間了，我已經什麼事也無意識地忽略了，簡單地說，我這段時間似乎什麼事都無法在腦海中留下印象 😔🤔 這一切似乎在無法找到興趣的途徑時，才會出現什麼事？  不過，我知道，我能夠找到,這,O,O,O,O,O,O,35
825,因為一段時間了，我已經什麼事也無意識地忽略了，簡單地說，我這段時間似乎什麼事都無法在腦海中留下印象 😔🤔 這一切似乎在無法找到興趣的途徑時，才會出現什麼事？  不過，我知道，我能夠找到,一切,O,O,O,O,O,O,36
825,因為一段時間了，我已經什麼事也無意識地忽略了，簡單地說，我這段時間似乎什麼事都無法在腦海中留下印象 😔🤔 這一切似乎在無法找到興趣的途徑時，才會出現什麼事？  不過，我知道，我能夠找到,似乎,O,O,O,O,O,O,37
825,因為一段時間了，我已經什麼事也無意識地忽略了，簡單地說，我這段時間似乎什麼事都無法在腦海中留下印象 😔🤔 這一切似乎在無法找到興趣的途徑時，才會出現什麼事？  不過，我知道，我能夠找到,在,O,O,O,O,O,O,38
825,因為一段時間了，我已經什麼事也無意識地忽略了，簡單地說，我這段時間似乎什麼事都無法在腦海中留下印象 😔🤔 這一切似乎在無法找到興趣的途徑時，才會出現什麼事？  不過，我知道，我能夠找到,無法,B-A,O,O,O,O,O,39
825,因為一段時間了，我已經什麼事也無意識地忽略了，簡單地說，我這段時間似乎什麼事都無法在腦海中留下印象 😔🤔 這一切似乎在無法找到興趣的途徑時，才會出現什麼事？  不過，我知道，我能夠找到,找到,M-A,O,O,O,O,O,40
825,因為一段時間了，我已經什麼事也無意識地忽略了，簡單地說，我這段時間似乎什麼事都無法在腦海中留下印象 😔🤔 這一切似乎在無法找到興趣的途徑時，才會出現什麼事？  不過，我知道，我能夠找到,興趣,E-A,O,O,O,O,O,41
825,因為一段時間了，我已經什麼事也無意識地忽略了，簡單地說，我這段時間似乎什麼事都無法在腦海中留下印象 😔🤔 這一切似乎在無法找到興趣的途徑時，才會出現什麼事？  不過，我知道，我能夠找到,的,O,O,O,O,O,O,42
825,因為一段時間了，我已經什麼事也無意識地忽略了，簡單地說，我這段時間似乎什麼事都無法在腦海中留下印象 😔🤔 這一切似乎在無法找到興趣的途徑時，才會出現什麼事？  不過，我知道，我能夠找到,途徑,O,O,O,O,O,O,43
825,因為一段時間了，我已經什麼事也無意識地忽略了，簡單地說，我這段時間似乎什麼事都無法在腦海中留下印象 😔🤔 這一切似乎在無法找到興趣的途徑時，才會出現什麼事？  不過，我知道，我能夠找到,時,O,O,O,O,O,O,44
825,因為一段時間了，我已經什麼事也無意識地忽略了，簡單地說，我這段時間似乎什麼事都無法在腦海中留下印象 😔🤔 這一切似乎在無法找到興趣的途徑時，才會出現什麼事？  不過，我知道，我能夠找到,，,O,O,O,O,O,O,45
825,因為一段時間了，我已經什麼事也無意識地忽略了，簡單地說，我這段時間似乎什麼事都無法在腦海中留下印象 😔🤔 這一切似乎在無法找到興趣的途徑時，才會出現什麼事？  不過，我知道，我能夠找到,才,O,O,O,O,O,O,46
825,因為一段時間了，我已經什麼事也無意識地忽略了，簡單地說，我這段時間似乎什麼事都無法在腦海中留下印象 😔🤔 這一切似乎在無法找到興趣的途徑時，才會出現什麼事？  不過，我知道，我能夠找到,會,O,O,O,O,O,O,47
825,因為一段時間了，我已經什麼事也無意識地忽略了，簡單地說，我這段時間似乎什麼事都無法在腦海中留下印象 😔🤔 這一切似乎在無法找到興趣的途徑時，才會出現什麼事？  不過，我知道，我能夠找到,出現,O,O,O,O,O,O,48
825,因為一段時間了，我已經什麼事也無意識地忽略了，簡單地說，我這段時間似乎什麼事都無法在腦海中留下印象 😔🤔 這一切似乎在無法找到興趣的途徑時，才會出現什麼事？  不過，我知道，我能夠找到,什麼,O,O,O,O,O,O,49
825,因為一段時間了，我已經什麼事也無意識地忽略了，簡單地說，我這段時間似乎什麼事都無法在腦海中留下印象 😔🤔 這一切似乎在無法找到興趣的途徑時，才會出現什麼事？  不過，我知道，我能夠找到,事,O,O,O,O,O,O,50
825,因為一段時間了，我已經什麼事也無意識地忽略了，簡單地說，我這段時間似乎什麼事都無法在腦海中留下印象 😔🤔 這一切似乎在無法找到興趣的途徑時，才會出現什麼事？  不過，我知道，我能夠找到,？,O,O,O,O,O,O,51
825,因為一段時間了，我已經什麼事也無意識地忽略了，簡單地說，我這段時間似乎什麼事都無法在腦海中留下印象 😔🤔 這一切似乎在無法找到興趣的途徑時，才會出現什麼事？  不過，我知道，我能夠找到,不過,O,O,O,O,O,O,52
825,因為一段時間了，我已經什麼事也無意識地忽略了，簡單地說，我這段時間似乎什麼事都無法在腦海中留下印象 😔🤔 這一切似乎在無法找到興趣的途徑時，才會出現什麼事？  不過，我知道，我能夠找到,，,O,O,O,O,O,O,53
825,因為一段時間了，我已經什麼事也無意識地忽略了，簡單地說，我這段時間似乎什麼事都無法在腦海中留下印象 😔🤔 這一切似乎在無法找到興趣的途徑時，才會出現什麼事？  不過，我知道，我能夠找到,我,O,O,O,O,O,O,54
825,因為一段時間了，我已經什麼事也無意識地忽略了，簡單地說，我這段時間似乎什麼事都無法在腦海中留下印象 😔🤔 這一切似乎在無法找到興趣的途徑時，才會出現什麼事？  不過，我知道，我能夠找到,知道,O,O,O,O,O,O,55
825,因為一段時間了，我已經什麼事也無意識地忽略了，簡單地說，我這段時間似乎什麼事都無法在腦海中留下印象 😔🤔 這一切似乎在無法找到興趣的途徑時，才會出現什麼事？  不過，我知道，我能夠找到,，,O,O,O,O,O,O,56
825,因為一段時間了，我已經什麼事也無意識地忽略了，簡單地說，我這段時間似乎什麼事都無法在腦海中留下印象 😔🤔 這一切似乎在無法找到興趣的途徑時，才會出現什麼事？  不過，我知道，我能夠找到,我,O,O,O,O,O,O,57
825,因為一段時間了，我已經什麼事也無意識地忽略了，簡單地說，我這段時間似乎什麼事都無法在腦海中留下印象 😔🤔 這一切似乎在無法找到興趣的途徑時，才會出現什麼事？  不過，我知道，我能夠找到,能夠,O,O,O,O,O,O,58
825,因為一段時間了，我已經什麼事也無意識地忽略了，簡單地說，我這段時間似乎什麼事都無法在腦海中留下印象 😔🤔 這一切似乎在無法找到興趣的途徑時，才會出現什麼事？  不過，我知道，我能夠找到,找到,O,O,缺失預測,O,O,O,59
826,你好，朋友們。 我現在整天都感受到絕望的感覺，心中一直在思索：要不要再活著？,你好,O,O,O,O,O,O,1
826,你好，朋友們。 我現在整天都感受到絕望的感覺，心中一直在思索：要不要再活著？,，,O,O,O,O,O,O,2
826,你好，朋友們。 我現在整天都感受到絕望的感覺，心中一直在思索：要不要再活著？,朋友們,O,O,O,O,O,O,3
826,你好，朋友們。 我現在整天都感受到絕望的感覺，心中一直在思索：要不要再活著？,。,O,O,O,O,O,O,4
826,你好，朋友們。 我現在整天都感受到絕望的感覺，心中一直在思索：要不要再活著？,我,O,O,O,O,O,O,5
826,你好，朋友們。 我現在整天都感受到絕望的感覺，心中一直在思索：要不要再活著？,現在,O,O,O,O,O,O,6
826,你好，朋友們。 我現在整天都感受到絕望的感覺，心中一直在思索：要不要再活著？,整天,O,O,O,O,O,O,7
826,你好，朋友們。 我現在整天都感受到絕望的感覺，心中一直在思索：要不要再活著？,都,O,O,O,O,O,O,8
826,你好，朋友們。 我現在整天都感受到絕望的感覺，心中一直在思索：要不要再活著？,感受到,B-D,B-D,B-D,B-D,B-D,B-D,9
826,你好，朋友們。 我現在整天都感受到絕望的感覺，心中一直在思索：要不要再活著？,絕望,E-D,M-D,M-D,M-D,M-D,M-D,10
826,你好，朋友們。 我現在整天都感受到絕望的感覺，心中一直在思索：要不要再活著？,的,O,E-D,E-D,E-D,E-D,E-D,11
826,你好，朋友們。 我現在整天都感受到絕望的感覺，心中一直在思索：要不要再活著？,感覺,O,O,O,O,O,O,12
826,你好，朋友們。 我現在整天都感受到絕望的感覺，心中一直在思索：要不要再活著？,，,O,O,O,O,O,O,13
826,你好，朋友們。 我現在整天都感受到絕望的感覺，心中一直在思索：要不要再活著？,心中,O,O,O,O,O,O,14
826,你好，朋友們。 我現在整天都感受到絕望的感覺，心中一直在思索：要不要再活著？,一直,O,O,O,O,O,O,15
826,你好，朋友們。 我現在整天都感受到絕望的感覺，心中一直在思索：要不要再活著？,在,O,O,O,O,O,O,16
826,你好，朋友們。 我現在整天都感受到絕望的感覺，心中一直在思索：要不要再活著？,思索,O,O,O,O,O,O,17
826,你好，朋友們。 我現在整天都感受到絕望的感覺，心中一直在思索：要不要再活著？,：,O,O,O,O,O,O,18
826,你好，朋友們。 我現在整天都感受到絕望的感覺，心中一直在思索：要不要再活著？,要,O,O,O,O,O,O,19
826,你好，朋友們。 我現在整天都感受到絕望的感覺，心中一直在思索：要不要再活著？,不要,B-U,O,O,O,O,O,20
826,你好，朋友們。 我現在整天都感受到絕望的感覺，心中一直在思索：要不要再活著？,再,M-U,O,O,O,O,O,21
826,你好，朋友們。 我現在整天都感受到絕望的感覺，心中一直在思索：要不要再活著？,活著,E-U,S-U,S-U,S-U,S-U,S-U,22
826,你好，朋友們。 我現在整天都感受到絕望的感覺，心中一直在思索：要不要再活著？,？,O,O,O,O,O,O,23
827,當我被霸凌時，我發現自己被剝光光的，連夠惡心的也沒有了。 😤 我們被告知，無論哪樣苦恥，我們都應該繼續前進，只是不能說出真心的，因為怕影響評論。,當,O,O,O,O,O,O,1
827,當我被霸凌時，我發現自己被剝光光的，連夠惡心的也沒有了。 😤 我們被告知，無論哪樣苦恥，我們都應該繼續前進，只是不能說出真心的，因為怕影響評論。,我,O,O,O,O,O,O,2
827,當我被霸凌時，我發現自己被剝光光的，連夠惡心的也沒有了。 😤 我們被告知，無論哪樣苦恥，我們都應該繼續前進，只是不能說出真心的，因為怕影響評論。,被,O,O,O,O,O,O,3
827,當我被霸凌時，我發現自己被剝光光的，連夠惡心的也沒有了。 😤 我們被告知，無論哪樣苦恥，我們都應該繼續前進，只是不能說出真心的，因為怕影響評論。,霸凌,O,O,O,O,O,O,4
827,當我被霸凌時，我發現自己被剝光光的，連夠惡心的也沒有了。 😤 我們被告知，無論哪樣苦恥，我們都應該繼續前進，只是不能說出真心的，因為怕影響評論。,時,O,O,O,O,O,O,5
827,當我被霸凌時，我發現自己被剝光光的，連夠惡心的也沒有了。 😤 我們被告知，無論哪樣苦恥，我們都應該繼續前進，只是不能說出真心的，因為怕影響評論。,，,O,O,O,O,O,O,6
827,當我被霸凌時，我發現自己被剝光光的，連夠惡心的也沒有了。 😤 我們被告知，無論哪樣苦恥，我們都應該繼續前進，只是不能說出真心的，因為怕影響評論。,我,O,O,O,O,O,O,7
827,當我被霸凌時，我發現自己被剝光光的，連夠惡心的也沒有了。 😤 我們被告知，無論哪樣苦恥，我們都應該繼續前進，只是不能說出真心的，因為怕影響評論。,發現,O,O,O,O,O,O,8
827,當我被霸凌時，我發現自己被剝光光的，連夠惡心的也沒有了。 😤 我們被告知，無論哪樣苦恥，我們都應該繼續前進，只是不能說出真心的，因為怕影響評論。,自己,O,O,O,O,O,O,9
827,當我被霸凌時，我發現自己被剝光光的，連夠惡心的也沒有了。 😤 我們被告知，無論哪樣苦恥，我們都應該繼續前進，只是不能說出真心的，因為怕影響評論。,被,O,O,O,O,O,O,10
827,當我被霸凌時，我發現自己被剝光光的，連夠惡心的也沒有了。 😤 我們被告知，無論哪樣苦恥，我們都應該繼續前進，只是不能說出真心的，因為怕影響評論。,剝光光,S-W,S-W,S-W,S-W,S-W,S-W,11
827,當我被霸凌時，我發現自己被剝光光的，連夠惡心的也沒有了。 😤 我們被告知，無論哪樣苦恥，我們都應該繼續前進，只是不能說出真心的，因為怕影響評論。,的,O,O,O,O,O,O,12
827,當我被霸凌時，我發現自己被剝光光的，連夠惡心的也沒有了。 😤 我們被告知，無論哪樣苦恥，我們都應該繼續前進，只是不能說出真心的，因為怕影響評論。,，,O,O,O,O,O,O,13
827,當我被霸凌時，我發現自己被剝光光的，連夠惡心的也沒有了。 😤 我們被告知，無論哪樣苦恥，我們都應該繼續前進，只是不能說出真心的，因為怕影響評論。,連,O,O,O,O,O,O,14
827,當我被霸凌時，我發現自己被剝光光的，連夠惡心的也沒有了。 😤 我們被告知，無論哪樣苦恥，我們都應該繼續前進，只是不能說出真心的，因為怕影響評論。,夠,O,O,O,O,O,O,15
827,當我被霸凌時，我發現自己被剝光光的，連夠惡心的也沒有了。 😤 我們被告知，無論哪樣苦恥，我們都應該繼續前進，只是不能說出真心的，因為怕影響評論。,惡心,O,O,O,O,O,O,16
827,當我被霸凌時，我發現自己被剝光光的，連夠惡心的也沒有了。 😤 我們被告知，無論哪樣苦恥，我們都應該繼續前進，只是不能說出真心的，因為怕影響評論。,的,O,O,O,O,O,O,17
827,當我被霸凌時，我發現自己被剝光光的，連夠惡心的也沒有了。 😤 我們被告知，無論哪樣苦恥，我們都應該繼續前進，只是不能說出真心的，因為怕影響評論。,也,O,O,O,O,O,O,18
827,當我被霸凌時，我發現自己被剝光光的，連夠惡心的也沒有了。 😤 我們被告知，無論哪樣苦恥，我們都應該繼續前進，只是不能說出真心的，因為怕影響評論。,沒有,O,O,O,O,O,O,19
827,當我被霸凌時，我發現自己被剝光光的，連夠惡心的也沒有了。 😤 我們被告知，無論哪樣苦恥，我們都應該繼續前進，只是不能說出真心的，因為怕影響評論。,了,O,O,O,O,O,O,20
827,當我被霸凌時，我發現自己被剝光光的，連夠惡心的也沒有了。 😤 我們被告知，無論哪樣苦恥，我們都應該繼續前進，只是不能說出真心的，因為怕影響評論。,。,O,O,O,O,O,O,21
827,當我被霸凌時，我發現自己被剝光光的，連夠惡心的也沒有了。 😤 我們被告知，無論哪樣苦恥，我們都應該繼續前進，只是不能說出真心的，因為怕影響評論。,😤,O,O,O,O,O,O,22
827,當我被霸凌時，我發現自己被剝光光的，連夠惡心的也沒有了。 😤 我們被告知，無論哪樣苦恥，我們都應該繼續前進，只是不能說出真心的，因為怕影響評論。,我們,O,O,O,O,O,O,23
827,當我被霸凌時，我發現自己被剝光光的，連夠惡心的也沒有了。 😤 我們被告知，無論哪樣苦恥，我們都應該繼續前進，只是不能說出真心的，因為怕影響評論。,被,O,O,O,O,O,O,24
827,當我被霸凌時，我發現自己被剝光光的，連夠惡心的也沒有了。 😤 我們被告知，無論哪樣苦恥，我們都應該繼續前進，只是不能說出真心的，因為怕影響評論。,告知,O,O,O,O,O,O,25
827,當我被霸凌時，我發現自己被剝光光的，連夠惡心的也沒有了。 😤 我們被告知，無論哪樣苦恥，我們都應該繼續前進，只是不能說出真心的，因為怕影響評論。,，,O,O,O,O,O,O,26
827,當我被霸凌時，我發現自己被剝光光的，連夠惡心的也沒有了。 😤 我們被告知，無論哪樣苦恥，我們都應該繼續前進，只是不能說出真心的，因為怕影響評論。,無論,O,O,O,O,O,O,27
827,當我被霸凌時，我發現自己被剝光光的，連夠惡心的也沒有了。 😤 我們被告知，無論哪樣苦恥，我們都應該繼續前進，只是不能說出真心的，因為怕影響評論。,哪樣,O,O,O,O,O,O,28
827,當我被霸凌時，我發現自己被剝光光的，連夠惡心的也沒有了。 😤 我們被告知，無論哪樣苦恥，我們都應該繼續前進，只是不能說出真心的，因為怕影響評論。,苦恥,O,O,O,O,O,O,29
827,當我被霸凌時，我發現自己被剝光光的，連夠惡心的也沒有了。 😤 我們被告知，無論哪樣苦恥，我們都應該繼續前進，只是不能說出真心的，因為怕影響評論。,，,O,O,O,O,O,O,30
827,當我被霸凌時，我發現自己被剝光光的，連夠惡心的也沒有了。 😤 我們被告知，無論哪樣苦恥，我們都應該繼續前進，只是不能說出真心的，因為怕影響評論。,我們,O,O,O,O,O,O,31
827,當我被霸凌時，我發現自己被剝光光的，連夠惡心的也沒有了。 😤 我們被告知，無論哪樣苦恥，我們都應該繼續前進，只是不能說出真心的，因為怕影響評論。,都,O,O,O,O,O,O,32
827,當我被霸凌時，我發現自己被剝光光的，連夠惡心的也沒有了。 😤 我們被告知，無論哪樣苦恥，我們都應該繼續前進，只是不能說出真心的，因為怕影響評論。,應該,O,O,O,O,O,O,33
827,當我被霸凌時，我發現自己被剝光光的，連夠惡心的也沒有了。 😤 我們被告知，無論哪樣苦恥，我們都應該繼續前進，只是不能說出真心的，因為怕影響評論。,繼續,O,O,O,O,O,O,34
827,當我被霸凌時，我發現自己被剝光光的，連夠惡心的也沒有了。 😤 我們被告知，無論哪樣苦恥，我們都應該繼續前進，只是不能說出真心的，因為怕影響評論。,前進,O,O,O,O,O,O,35
827,當我被霸凌時，我發現自己被剝光光的，連夠惡心的也沒有了。 😤 我們被告知，無論哪樣苦恥，我們都應該繼續前進，只是不能說出真心的，因為怕影響評論。,，,O,O,O,O,O,O,36
827,當我被霸凌時，我發現自己被剝光光的，連夠惡心的也沒有了。 😤 我們被告知，無論哪樣苦恥，我們都應該繼續前進，只是不能說出真心的，因為怕影響評論。,只是,O,O,O,O,O,O,37
827,當我被霸凌時，我發現自己被剝光光的，連夠惡心的也沒有了。 😤 我們被告知，無論哪樣苦恥，我們都應該繼續前進，只是不能說出真心的，因為怕影響評論。,不能,O,O,O,O,O,O,38
827,當我被霸凌時，我發現自己被剝光光的，連夠惡心的也沒有了。 😤 我們被告知，無論哪樣苦恥，我們都應該繼續前進，只是不能說出真心的，因為怕影響評論。,說出,O,O,O,O,O,O,39
827,當我被霸凌時，我發現自己被剝光光的，連夠惡心的也沒有了。 😤 我們被告知，無論哪樣苦恥，我們都應該繼續前進，只是不能說出真心的，因為怕影響評論。,真心,O,O,O,O,O,O,40
827,當我被霸凌時，我發現自己被剝光光的，連夠惡心的也沒有了。 😤 我們被告知，無論哪樣苦恥，我們都應該繼續前進，只是不能說出真心的，因為怕影響評論。,的,O,O,O,O,O,O,41
827,當我被霸凌時，我發現自己被剝光光的，連夠惡心的也沒有了。 😤 我們被告知，無論哪樣苦恥，我們都應該繼續前進，只是不能說出真心的，因為怕影響評論。,，,O,O,O,O,O,O,42
827,當我被霸凌時，我發現自己被剝光光的，連夠惡心的也沒有了。 😤 我們被告知，無論哪樣苦恥，我們都應該繼續前進，只是不能說出真心的，因為怕影響評論。,因為,O,O,O,O,O,O,43
827,當我被霸凌時，我發現自己被剝光光的，連夠惡心的也沒有了。 😤 我們被告知，無論哪樣苦恥，我們都應該繼續前進，只是不能說出真心的，因為怕影響評論。,怕,O,O,O,O,O,O,44
827,當我被霸凌時，我發現自己被剝光光的，連夠惡心的也沒有了。 😤 我們被告知，無論哪樣苦恥，我們都應該繼續前進，只是不能說出真心的，因為怕影響評論。,影響,O,O,O,O,O,O,45
827,當我被霸凌時，我發現自己被剝光光的，連夠惡心的也沒有了。 😤 我們被告知，無論哪樣苦恥，我們都應該繼續前進，只是不能說出真心的，因為怕影響評論。,評論,O,O,O,O,O,O,46
827,當我被霸凌時，我發現自己被剝光光的，連夠惡心的也沒有了。 😤 我們被告知，無論哪樣苦恥，我們都應該繼續前進，只是不能說出真心的，因為怕影響評論。,。,O,O,O,O,O,O,47
828,不想活了；這種想法像是無法穿過一張門，硬是要面對著無情的生活。 你知道有多少人在面對著相同的情況，卻無法把心情說出來？,不想,B-U,O,O,O,B-U,O,1
828,不想活了；這種想法像是無法穿過一張門，硬是要面對著無情的生活。 你知道有多少人在面對著相同的情況，卻無法把心情說出來？,活了,E-U,S-U,O,S-U,E-U,O,2
828,不想活了；這種想法像是無法穿過一張門，硬是要面對著無情的生活。 你知道有多少人在面對著相同的情況，卻無法把心情說出來？,；,O,O,S-U,O,O,S-U,3
828,不想活了；這種想法像是無法穿過一張門，硬是要面對著無情的生活。 你知道有多少人在面對著相同的情況，卻無法把心情說出來？,這種,O,O,O,O,O,O,4
828,不想活了；這種想法像是無法穿過一張門，硬是要面對著無情的生活。 你知道有多少人在面對著相同的情況，卻無法把心情說出來？,想法,O,O,O,O,O,O,5
828,不想活了；這種想法像是無法穿過一張門，硬是要面對著無情的生活。 你知道有多少人在面對著相同的情況，卻無法把心情說出來？,像是,O,O,O,O,O,O,6
828,不想活了；這種想法像是無法穿過一張門，硬是要面對著無情的生活。 你知道有多少人在面對著相同的情況，卻無法把心情說出來？,無法,O,B-U,O,B-U,B-D,O,7
828,不想活了；這種想法像是無法穿過一張門，硬是要面對著無情的生活。 你知道有多少人在面對著相同的情況，卻無法把心情說出來？,穿過,O,E-U,B-D,E-U,E-D,O,8
828,不想活了；這種想法像是無法穿過一張門，硬是要面對著無情的生活。 你知道有多少人在面對著相同的情況，卻無法把心情說出來？,一張,O,O,E-D,O,O,B-D,9
828,不想活了；這種想法像是無法穿過一張門，硬是要面對著無情的生活。 你知道有多少人在面對著相同的情況，卻無法把心情說出來？,門,O,O,O,O,O,E-D,10
828,不想活了；這種想法像是無法穿過一張門，硬是要面對著無情的生活。 你知道有多少人在面對著相同的情況，卻無法把心情說出來？,，,O,O,O,O,O,O,11
828,不想活了；這種想法像是無法穿過一張門，硬是要面對著無情的生活。 你知道有多少人在面對著相同的情況，卻無法把心情說出來？,硬是,O,O,O,O,O,O,12
828,不想活了；這種想法像是無法穿過一張門，硬是要面對著無情的生活。 你知道有多少人在面對著相同的情況，卻無法把心情說出來？,要,O,O,O,O,O,O,13
828,不想活了；這種想法像是無法穿過一張門，硬是要面對著無情的生活。 你知道有多少人在面對著相同的情況，卻無法把心情說出來？,面對,O,O,O,O,O,O,14
828,不想活了；這種想法像是無法穿過一張門，硬是要面對著無情的生活。 你知道有多少人在面對著相同的情況，卻無法把心情說出來？,著,O,O,O,O,O,O,15
828,不想活了；這種想法像是無法穿過一張門，硬是要面對著無情的生活。 你知道有多少人在面對著相同的情況，卻無法把心情說出來？,無情,O,S-D,O,S-D,S-D,O,16
828,不想活了；這種想法像是無法穿過一張門，硬是要面對著無情的生活。 你知道有多少人在面對著相同的情況，卻無法把心情說出來？,的,O,O,S-D,O,O,O,17
828,不想活了；這種想法像是無法穿過一張門，硬是要面對著無情的生活。 你知道有多少人在面對著相同的情況，卻無法把心情說出來？,生活,O,O,O,O,O,S-D,18
828,不想活了；這種想法像是無法穿過一張門，硬是要面對著無情的生活。 你知道有多少人在面對著相同的情況，卻無法把心情說出來？,。,O,O,O,O,O,O,19
828,不想活了；這種想法像是無法穿過一張門，硬是要面對著無情的生活。 你知道有多少人在面對著相同的情況，卻無法把心情說出來？,你,O,O,O,O,O,O,20
828,不想活了；這種想法像是無法穿過一張門，硬是要面對著無情的生活。 你知道有多少人在面對著相同的情況，卻無法把心情說出來？,知道,O,O,O,O,O,O,21
828,不想活了；這種想法像是無法穿過一張門，硬是要面對著無情的生活。 你知道有多少人在面對著相同的情況，卻無法把心情說出來？,有,O,O,O,O,O,O,22
828,不想活了；這種想法像是無法穿過一張門，硬是要面對著無情的生活。 你知道有多少人在面對著相同的情況，卻無法把心情說出來？,多少,O,O,O,O,O,O,23
828,不想活了；這種想法像是無法穿過一張門，硬是要面對著無情的生活。 你知道有多少人在面對著相同的情況，卻無法把心情說出來？,人在,O,O,O,O,O,O,24
828,不想活了；這種想法像是無法穿過一張門，硬是要面對著無情的生活。 你知道有多少人在面對著相同的情況，卻無法把心情說出來？,面對,O,O,O,O,O,O,25
828,不想活了；這種想法像是無法穿過一張門，硬是要面對著無情的生活。 你知道有多少人在面對著相同的情況，卻無法把心情說出來？,著,O,O,O,O,O,O,26
828,不想活了；這種想法像是無法穿過一張門，硬是要面對著無情的生活。 你知道有多少人在面對著相同的情況，卻無法把心情說出來？,相同,O,O,O,O,O,O,27
828,不想活了；這種想法像是無法穿過一張門，硬是要面對著無情的生活。 你知道有多少人在面對著相同的情況，卻無法把心情說出來？,的,O,O,O,O,O,O,28
828,不想活了；這種想法像是無法穿過一張門，硬是要面對著無情的生活。 你知道有多少人在面對著相同的情況，卻無法把心情說出來？,情況,O,O,O,O,O,O,29
828,不想活了；這種想法像是無法穿過一張門，硬是要面對著無情的生活。 你知道有多少人在面對著相同的情況，卻無法把心情說出來？,，,O,O,O,O,O,O,30
828,不想活了；這種想法像是無法穿過一張門，硬是要面對著無情的生活。 你知道有多少人在面對著相同的情況，卻無法把心情說出來？,卻,O,O,O,O,O,O,31
828,不想活了；這種想法像是無法穿過一張門，硬是要面對著無情的生活。 你知道有多少人在面對著相同的情況，卻無法把心情說出來？,無法,O,B-D,O,O,B-D,O,32
828,不想活了；這種想法像是無法穿過一張門，硬是要面對著無情的生活。 你知道有多少人在面對著相同的情況，卻無法把心情說出來？,把,O,O,O,B-D,O,O,33
828,不想活了；這種想法像是無法穿過一張門，硬是要面對著無情的生活。 你知道有多少人在面對著相同的情況，卻無法把心情說出來？,心情,O,O,B-W,O,O,B-D,34
828,不想活了；這種想法像是無法穿過一張門，硬是要面對著無情的生活。 你知道有多少人在面對著相同的情況，卻無法把心情說出來？,說出來,O,S-D,O,O,O,O,35
828,不想活了；這種想法像是無法穿過一張門，硬是要面對著無情的生活。 你知道有多少人在面對著相同的情況，卻無法把心情說出來？,？,O,O,O,O,O,O,36
829,我這麼疲勞了，無法有效地照顧家人，無法讓家人感到安全、溫暖... 我的愛人也在我身旁，但是我們幾乎所有的時候都不能一起享受每日生活。家人開始對我有所懷疑，認為我是不是在消耗自己...我試過想要把這些問題解決,我,O,O,O,O,O,O,1
829,我這麼疲勞了，無法有效地照顧家人，無法讓家人感到安全、溫暖... 我的愛人也在我身旁，但是我們幾乎所有的時候都不能一起享受每日生活。家人開始對我有所懷疑，認為我是不是在消耗自己...我試過想要把這些問題解決,這麼,O,O,O,O,O,O,2
829,我這麼疲勞了，無法有效地照顧家人，無法讓家人感到安全、溫暖... 我的愛人也在我身旁，但是我們幾乎所有的時候都不能一起享受每日生活。家人開始對我有所懷疑，認為我是不是在消耗自己...我試過想要把這些問題解決,疲勞,S-D,S-W,S-W,S-W,S-W,S-W,3
829,我這麼疲勞了，無法有效地照顧家人，無法讓家人感到安全、溫暖... 我的愛人也在我身旁，但是我們幾乎所有的時候都不能一起享受每日生活。家人開始對我有所懷疑，認為我是不是在消耗自己...我試過想要把這些問題解決,了,O,O,O,O,O,O,4
829,我這麼疲勞了，無法有效地照顧家人，無法讓家人感到安全、溫暖... 我的愛人也在我身旁，但是我們幾乎所有的時候都不能一起享受每日生活。家人開始對我有所懷疑，認為我是不是在消耗自己...我試過想要把這些問題解決,，,O,O,O,O,O,O,5
829,我這麼疲勞了，無法有效地照顧家人，無法讓家人感到安全、溫暖... 我的愛人也在我身旁，但是我們幾乎所有的時候都不能一起享受每日生活。家人開始對我有所懷疑，認為我是不是在消耗自己...我試過想要把這些問題解決,無法,B-W,B-W,B-W,B-W,B-W,B-W,6
829,我這麼疲勞了，無法有效地照顧家人，無法讓家人感到安全、溫暖... 我的愛人也在我身旁，但是我們幾乎所有的時候都不能一起享受每日生活。家人開始對我有所懷疑，認為我是不是在消耗自己...我試過想要把這些問題解決,有效,M-W,M-W,M-W,M-W,M-W,M-W,7
829,我這麼疲勞了，無法有效地照顧家人，無法讓家人感到安全、溫暖... 我的愛人也在我身旁，但是我們幾乎所有的時候都不能一起享受每日生活。家人開始對我有所懷疑，認為我是不是在消耗自己...我試過想要把這些問題解決,地,E-W,E-W,E-W,E-W,E-W,E-W,8
829,我這麼疲勞了，無法有效地照顧家人，無法讓家人感到安全、溫暖... 我的愛人也在我身旁，但是我們幾乎所有的時候都不能一起享受每日生活。家人開始對我有所懷疑，認為我是不是在消耗自己...我試過想要把這些問題解決,照顧,O,O,O,O,O,O,9
829,我這麼疲勞了，無法有效地照顧家人，無法讓家人感到安全、溫暖... 我的愛人也在我身旁，但是我們幾乎所有的時候都不能一起享受每日生活。家人開始對我有所懷疑，認為我是不是在消耗自己...我試過想要把這些問題解決,家人,O,O,O,O,O,O,10
829,我這麼疲勞了，無法有效地照顧家人，無法讓家人感到安全、溫暖... 我的愛人也在我身旁，但是我們幾乎所有的時候都不能一起享受每日生活。家人開始對我有所懷疑，認為我是不是在消耗自己...我試過想要把這些問題解決,，,O,O,B-W,O,O,O,11
829,我這麼疲勞了，無法有效地照顧家人，無法讓家人感到安全、溫暖... 我的愛人也在我身旁，但是我們幾乎所有的時候都不能一起享受每日生活。家人開始對我有所懷疑，認為我是不是在消耗自己...我試過想要把這些問題解決,無法,O,B-W,E-W,B-W,B-W,B-W,12
829,我這麼疲勞了，無法有效地照顧家人，無法讓家人感到安全、溫暖... 我的愛人也在我身旁，但是我們幾乎所有的時候都不能一起享受每日生活。家人開始對我有所懷疑，認為我是不是在消耗自己...我試過想要把這些問題解決,讓,O,E-W,O,E-W,E-W,E-W,13
829,我這麼疲勞了，無法有效地照顧家人，無法讓家人感到安全、溫暖... 我的愛人也在我身旁，但是我們幾乎所有的時候都不能一起享受每日生活。家人開始對我有所懷疑，認為我是不是在消耗自己...我試過想要把這些問題解決,家人,O,O,O,O,O,O,14
829,我這麼疲勞了，無法有效地照顧家人，無法讓家人感到安全、溫暖... 我的愛人也在我身旁，但是我們幾乎所有的時候都不能一起享受每日生活。家人開始對我有所懷疑，認為我是不是在消耗自己...我試過想要把這些問題解決,感到,O,O,O,O,O,O,15
829,我這麼疲勞了，無法有效地照顧家人，無法讓家人感到安全、溫暖... 我的愛人也在我身旁，但是我們幾乎所有的時候都不能一起享受每日生活。家人開始對我有所懷疑，認為我是不是在消耗自己...我試過想要把這些問題解決,安全,O,O,O,O,O,O,16
829,我這麼疲勞了，無法有效地照顧家人，無法讓家人感到安全、溫暖... 我的愛人也在我身旁，但是我們幾乎所有的時候都不能一起享受每日生活。家人開始對我有所懷疑，認為我是不是在消耗自己...我試過想要把這些問題解決,、,O,O,O,O,O,O,17
829,我這麼疲勞了，無法有效地照顧家人，無法讓家人感到安全、溫暖... 我的愛人也在我身旁，但是我們幾乎所有的時候都不能一起享受每日生活。家人開始對我有所懷疑，認為我是不是在消耗自己...我試過想要把這些問題解決,溫暖,O,O,O,O,O,O,18
829,我這麼疲勞了，無法有效地照顧家人，無法讓家人感到安全、溫暖... 我的愛人也在我身旁，但是我們幾乎所有的時候都不能一起享受每日生活。家人開始對我有所懷疑，認為我是不是在消耗自己...我試過想要把這些問題解決,...,O,O,O,O,O,O,19
829,我這麼疲勞了，無法有效地照顧家人，無法讓家人感到安全、溫暖... 我的愛人也在我身旁，但是我們幾乎所有的時候都不能一起享受每日生活。家人開始對我有所懷疑，認為我是不是在消耗自己...我試過想要把這些問題解決,我的,O,O,O,O,O,O,20
829,我這麼疲勞了，無法有效地照顧家人，無法讓家人感到安全、溫暖... 我的愛人也在我身旁，但是我們幾乎所有的時候都不能一起享受每日生活。家人開始對我有所懷疑，認為我是不是在消耗自己...我試過想要把這些問題解決,愛人,O,O,O,O,O,O,21
829,我這麼疲勞了，無法有效地照顧家人，無法讓家人感到安全、溫暖... 我的愛人也在我身旁，但是我們幾乎所有的時候都不能一起享受每日生活。家人開始對我有所懷疑，認為我是不是在消耗自己...我試過想要把這些問題解決,也,O,O,O,O,O,O,22
829,我這麼疲勞了，無法有效地照顧家人，無法讓家人感到安全、溫暖... 我的愛人也在我身旁，但是我們幾乎所有的時候都不能一起享受每日生活。家人開始對我有所懷疑，認為我是不是在消耗自己...我試過想要把這些問題解決,在,O,O,O,O,O,O,23
829,我這麼疲勞了，無法有效地照顧家人，無法讓家人感到安全、溫暖... 我的愛人也在我身旁，但是我們幾乎所有的時候都不能一起享受每日生活。家人開始對我有所懷疑，認為我是不是在消耗自己...我試過想要把這些問題解決,我,O,O,O,O,O,O,24
829,我這麼疲勞了，無法有效地照顧家人，無法讓家人感到安全、溫暖... 我的愛人也在我身旁，但是我們幾乎所有的時候都不能一起享受每日生活。家人開始對我有所懷疑，認為我是不是在消耗自己...我試過想要把這些問題解決,身旁,O,O,O,O,O,O,25
829,我這麼疲勞了，無法有效地照顧家人，無法讓家人感到安全、溫暖... 我的愛人也在我身旁，但是我們幾乎所有的時候都不能一起享受每日生活。家人開始對我有所懷疑，認為我是不是在消耗自己...我試過想要把這些問題解決,，,O,O,O,O,O,O,26
829,我這麼疲勞了，無法有效地照顧家人，無法讓家人感到安全、溫暖... 我的愛人也在我身旁，但是我們幾乎所有的時候都不能一起享受每日生活。家人開始對我有所懷疑，認為我是不是在消耗自己...我試過想要把這些問題解決,但是,O,O,O,O,O,O,27
829,我這麼疲勞了，無法有效地照顧家人，無法讓家人感到安全、溫暖... 我的愛人也在我身旁，但是我們幾乎所有的時候都不能一起享受每日生活。家人開始對我有所懷疑，認為我是不是在消耗自己...我試過想要把這些問題解決,我們,O,O,O,O,O,O,28
829,我這麼疲勞了，無法有效地照顧家人，無法讓家人感到安全、溫暖... 我的愛人也在我身旁，但是我們幾乎所有的時候都不能一起享受每日生活。家人開始對我有所懷疑，認為我是不是在消耗自己...我試過想要把這些問題解決,幾乎,O,O,O,O,O,O,29
829,我這麼疲勞了，無法有效地照顧家人，無法讓家人感到安全、溫暖... 我的愛人也在我身旁，但是我們幾乎所有的時候都不能一起享受每日生活。家人開始對我有所懷疑，認為我是不是在消耗自己...我試過想要把這些問題解決,所有,O,O,O,O,O,O,30
829,我這麼疲勞了，無法有效地照顧家人，無法讓家人感到安全、溫暖... 我的愛人也在我身旁，但是我們幾乎所有的時候都不能一起享受每日生活。家人開始對我有所懷疑，認為我是不是在消耗自己...我試過想要把這些問題解決,的,O,O,O,O,O,O,31
829,我這麼疲勞了，無法有效地照顧家人，無法讓家人感到安全、溫暖... 我的愛人也在我身旁，但是我們幾乎所有的時候都不能一起享受每日生活。家人開始對我有所懷疑，認為我是不是在消耗自己...我試過想要把這些問題解決,時候,O,O,O,O,O,O,32
829,我這麼疲勞了，無法有效地照顧家人，無法讓家人感到安全、溫暖... 我的愛人也在我身旁，但是我們幾乎所有的時候都不能一起享受每日生活。家人開始對我有所懷疑，認為我是不是在消耗自己...我試過想要把這些問題解決,都,O,O,B-D,O,O,O,33
829,我這麼疲勞了，無法有效地照顧家人，無法讓家人感到安全、溫暖... 我的愛人也在我身旁，但是我們幾乎所有的時候都不能一起享受每日生活。家人開始對我有所懷疑，認為我是不是在消耗自己...我試過想要把這些問題解決,不能,B-A,O,E-D,O,O,O,34
829,我這麼疲勞了，無法有效地照顧家人，無法讓家人感到安全、溫暖... 我的愛人也在我身旁，但是我們幾乎所有的時候都不能一起享受每日生活。家人開始對我有所懷疑，認為我是不是在消耗自己...我試過想要把這些問題解決,一起,M-A,O,O,O,O,O,35
829,我這麼疲勞了，無法有效地照顧家人，無法讓家人感到安全、溫暖... 我的愛人也在我身旁，但是我們幾乎所有的時候都不能一起享受每日生活。家人開始對我有所懷疑，認為我是不是在消耗自己...我試過想要把這些問題解決,享受,E-A,O,O,O,O,O,36
829,我這麼疲勞了，無法有效地照顧家人，無法讓家人感到安全、溫暖... 我的愛人也在我身旁，但是我們幾乎所有的時候都不能一起享受每日生活。家人開始對我有所懷疑，認為我是不是在消耗自己...我試過想要把這些問題解決,每日,O,O,O,O,O,O,37
829,我這麼疲勞了，無法有效地照顧家人，無法讓家人感到安全、溫暖... 我的愛人也在我身旁，但是我們幾乎所有的時候都不能一起享受每日生活。家人開始對我有所懷疑，認為我是不是在消耗自己...我試過想要把這些問題解決,生活,O,O,O,O,O,O,38
829,我這麼疲勞了，無法有效地照顧家人，無法讓家人感到安全、溫暖... 我的愛人也在我身旁，但是我們幾乎所有的時候都不能一起享受每日生活。家人開始對我有所懷疑，認為我是不是在消耗自己...我試過想要把這些問題解決,。,O,O,O,O,O,O,39
829,我這麼疲勞了，無法有效地照顧家人，無法讓家人感到安全、溫暖... 我的愛人也在我身旁，但是我們幾乎所有的時候都不能一起享受每日生活。家人開始對我有所懷疑，認為我是不是在消耗自己...我試過想要把這些問題解決,家人,O,O,O,O,O,O,40
829,我這麼疲勞了，無法有效地照顧家人，無法讓家人感到安全、溫暖... 我的愛人也在我身旁，但是我們幾乎所有的時候都不能一起享受每日生活。家人開始對我有所懷疑，認為我是不是在消耗自己...我試過想要把這些問題解決,開始,O,O,O,O,O,O,41
829,我這麼疲勞了，無法有效地照顧家人，無法讓家人感到安全、溫暖... 我的愛人也在我身旁，但是我們幾乎所有的時候都不能一起享受每日生活。家人開始對我有所懷疑，認為我是不是在消耗自己...我試過想要把這些問題解決,對,O,O,O,O,O,O,42
829,我這麼疲勞了，無法有效地照顧家人，無法讓家人感到安全、溫暖... 我的愛人也在我身旁，但是我們幾乎所有的時候都不能一起享受每日生活。家人開始對我有所懷疑，認為我是不是在消耗自己...我試過想要把這些問題解決,我,O,O,O,O,O,O,43
829,我這麼疲勞了，無法有效地照顧家人，無法讓家人感到安全、溫暖... 我的愛人也在我身旁，但是我們幾乎所有的時候都不能一起享受每日生活。家人開始對我有所懷疑，認為我是不是在消耗自己...我試過想要把這些問題解決,有所,O,O,O,O,O,O,44
829,我這麼疲勞了，無法有效地照顧家人，無法讓家人感到安全、溫暖... 我的愛人也在我身旁，但是我們幾乎所有的時候都不能一起享受每日生活。家人開始對我有所懷疑，認為我是不是在消耗自己...我試過想要把這些問題解決,懷疑,O,O,O,O,O,O,45
829,我這麼疲勞了，無法有效地照顧家人，無法讓家人感到安全、溫暖... 我的愛人也在我身旁，但是我們幾乎所有的時候都不能一起享受每日生活。家人開始對我有所懷疑，認為我是不是在消耗自己...我試過想要把這些問題解決,，,O,O,O,O,O,O,46
829,我這麼疲勞了，無法有效地照顧家人，無法讓家人感到安全、溫暖... 我的愛人也在我身旁，但是我們幾乎所有的時候都不能一起享受每日生活。家人開始對我有所懷疑，認為我是不是在消耗自己...我試過想要把這些問題解決,認為,O,O,O,O,O,O,47
829,我這麼疲勞了，無法有效地照顧家人，無法讓家人感到安全、溫暖... 我的愛人也在我身旁，但是我們幾乎所有的時候都不能一起享受每日生活。家人開始對我有所懷疑，認為我是不是在消耗自己...我試過想要把這些問題解決,我,O,O,O,O,O,O,48
829,我這麼疲勞了，無法有效地照顧家人，無法讓家人感到安全、溫暖... 我的愛人也在我身旁，但是我們幾乎所有的時候都不能一起享受每日生活。家人開始對我有所懷疑，認為我是不是在消耗自己...我試過想要把這些問題解決,是不是,O,O,O,O,O,O,49
829,我這麼疲勞了，無法有效地照顧家人，無法讓家人感到安全、溫暖... 我的愛人也在我身旁，但是我們幾乎所有的時候都不能一起享受每日生活。家人開始對我有所懷疑，認為我是不是在消耗自己...我試過想要把這些問題解決,在,O,O,O,O,O,O,50
829,我這麼疲勞了，無法有效地照顧家人，無法讓家人感到安全、溫暖... 我的愛人也在我身旁，但是我們幾乎所有的時候都不能一起享受每日生活。家人開始對我有所懷疑，認為我是不是在消耗自己...我試過想要把這些問題解決,消耗,B-W,O,O,O,O,O,51
829,我這麼疲勞了，無法有效地照顧家人，無法讓家人感到安全、溫暖... 我的愛人也在我身旁，但是我們幾乎所有的時候都不能一起享受每日生活。家人開始對我有所懷疑，認為我是不是在消耗自己...我試過想要把這些問題解決,自己,E-W,O,O,O,O,O,52
829,我這麼疲勞了，無法有效地照顧家人，無法讓家人感到安全、溫暖... 我的愛人也在我身旁，但是我們幾乎所有的時候都不能一起享受每日生活。家人開始對我有所懷疑，認為我是不是在消耗自己...我試過想要把這些問題解決,...,O,O,O,O,O,O,53
829,我這麼疲勞了，無法有效地照顧家人，無法讓家人感到安全、溫暖... 我的愛人也在我身旁，但是我們幾乎所有的時候都不能一起享受每日生活。家人開始對我有所懷疑，認為我是不是在消耗自己...我試過想要把這些問題解決,我,O,O,O,O,O,O,54
829,我這麼疲勞了，無法有效地照顧家人，無法讓家人感到安全、溫暖... 我的愛人也在我身旁，但是我們幾乎所有的時候都不能一起享受每日生活。家人開始對我有所懷疑，認為我是不是在消耗自己...我試過想要把這些問題解決,試過,O,O,O,O,O,O,55
829,我這麼疲勞了，無法有效地照顧家人，無法讓家人感到安全、溫暖... 我的愛人也在我身旁，但是我們幾乎所有的時候都不能一起享受每日生活。家人開始對我有所懷疑，認為我是不是在消耗自己...我試過想要把這些問題解決,想要,O,O,O,O,O,O,56
829,我這麼疲勞了，無法有效地照顧家人，無法讓家人感到安全、溫暖... 我的愛人也在我身旁，但是我們幾乎所有的時候都不能一起享受每日生活。家人開始對我有所懷疑，認為我是不是在消耗自己...我試過想要把這些問題解決,把,O,O,O,O,O,O,57
829,我這麼疲勞了，無法有效地照顧家人，無法讓家人感到安全、溫暖... 我的愛人也在我身旁，但是我們幾乎所有的時候都不能一起享受每日生活。家人開始對我有所懷疑，認為我是不是在消耗自己...我試過想要把這些問題解決,這些,O,O,O,O,O,O,58
829,我這麼疲勞了，無法有效地照顧家人，無法讓家人感到安全、溫暖... 我的愛人也在我身旁，但是我們幾乎所有的時候都不能一起享受每日生活。家人開始對我有所懷疑，認為我是不是在消耗自己...我試過想要把這些問題解決,問題,O,O,O,O,O,O,59
829,我這麼疲勞了，無法有效地照顧家人，無法讓家人感到安全、溫暖... 我的愛人也在我身旁，但是我們幾乎所有的時候都不能一起享受每日生活。家人開始對我有所懷疑，認為我是不是在消耗自己...我試過想要把這些問題解決,解決,O,O,缺失預測,O,O,O,60
830,今天，我們都在想著未來的未來了 這間時間裡，我已經完成了我要完成的所有事情 但是，無論我做了多少，我總覺得那還不足夠,今天,O,O,O,O,O,O,1
830,今天，我們都在想著未來的未來了 這間時間裡，我已經完成了我要完成的所有事情 但是，無論我做了多少，我總覺得那還不足夠,，,O,O,O,O,O,O,2
830,今天，我們都在想著未來的未來了 這間時間裡，我已經完成了我要完成的所有事情 但是，無論我做了多少，我總覺得那還不足夠,我們,O,O,O,O,O,O,3
830,今天，我們都在想著未來的未來了 這間時間裡，我已經完成了我要完成的所有事情 但是，無論我做了多少，我總覺得那還不足夠,都,O,O,O,O,O,O,4
830,今天，我們都在想著未來的未來了 這間時間裡，我已經完成了我要完成的所有事情 但是，無論我做了多少，我總覺得那還不足夠,在,O,O,O,O,O,O,5
830,今天，我們都在想著未來的未來了 這間時間裡，我已經完成了我要完成的所有事情 但是，無論我做了多少，我總覺得那還不足夠,想著,O,O,O,O,O,O,6
830,今天，我們都在想著未來的未來了 這間時間裡，我已經完成了我要完成的所有事情 但是，無論我做了多少，我總覺得那還不足夠,未來,O,O,O,O,O,O,7
830,今天，我們都在想著未來的未來了 這間時間裡，我已經完成了我要完成的所有事情 但是，無論我做了多少，我總覺得那還不足夠,的,O,O,O,O,O,O,8
830,今天，我們都在想著未來的未來了 這間時間裡，我已經完成了我要完成的所有事情 但是，無論我做了多少，我總覺得那還不足夠,未來,O,O,O,O,O,O,9
830,今天，我們都在想著未來的未來了 這間時間裡，我已經完成了我要完成的所有事情 但是，無論我做了多少，我總覺得那還不足夠,了,O,O,O,O,O,O,10
830,今天，我們都在想著未來的未來了 這間時間裡，我已經完成了我要完成的所有事情 但是，無論我做了多少，我總覺得那還不足夠,O,O,O,O,O,O,O,11
830,今天，我們都在想著未來的未來了 這間時間裡，我已經完成了我要完成的所有事情 但是，無論我做了多少，我總覺得那還不足夠,這間,O,O,O,O,O,O,12
830,今天，我們都在想著未來的未來了 這間時間裡，我已經完成了我要完成的所有事情 但是，無論我做了多少，我總覺得那還不足夠,時間,O,O,O,O,O,O,13
830,今天，我們都在想著未來的未來了 這間時間裡，我已經完成了我要完成的所有事情 但是，無論我做了多少，我總覺得那還不足夠,裡,O,O,O,O,O,O,14
830,今天，我們都在想著未來的未來了 這間時間裡，我已經完成了我要完成的所有事情 但是，無論我做了多少，我總覺得那還不足夠,，,O,O,O,O,O,O,15
830,今天，我們都在想著未來的未來了 這間時間裡，我已經完成了我要完成的所有事情 但是，無論我做了多少，我總覺得那還不足夠,我,O,O,O,O,O,O,16
830,今天，我們都在想著未來的未來了 這間時間裡，我已經完成了我要完成的所有事情 但是，無論我做了多少，我總覺得那還不足夠,已經,O,O,O,O,O,O,17
830,今天，我們都在想著未來的未來了 這間時間裡，我已經完成了我要完成的所有事情 但是，無論我做了多少，我總覺得那還不足夠,完成,O,O,O,O,O,O,18
830,今天，我們都在想著未來的未來了 這間時間裡，我已經完成了我要完成的所有事情 但是，無論我做了多少，我總覺得那還不足夠,了,O,O,O,O,O,O,19
830,今天，我們都在想著未來的未來了 這間時間裡，我已經完成了我要完成的所有事情 但是，無論我做了多少，我總覺得那還不足夠,我要,O,O,O,O,O,O,20
830,今天，我們都在想著未來的未來了 這間時間裡，我已經完成了我要完成的所有事情 但是，無論我做了多少，我總覺得那還不足夠,完成,O,O,O,O,O,O,21
830,今天，我們都在想著未來的未來了 這間時間裡，我已經完成了我要完成的所有事情 但是，無論我做了多少，我總覺得那還不足夠,的,O,O,O,O,O,O,22
830,今天，我們都在想著未來的未來了 這間時間裡，我已經完成了我要完成的所有事情 但是，無論我做了多少，我總覺得那還不足夠,所有,O,O,O,O,O,O,23
830,今天，我們都在想著未來的未來了 這間時間裡，我已經完成了我要完成的所有事情 但是，無論我做了多少，我總覺得那還不足夠,事情,O,O,O,O,O,O,24
830,今天，我們都在想著未來的未來了 這間時間裡，我已經完成了我要完成的所有事情 但是，無論我做了多少，我總覺得那還不足夠,O,O,O,O,O,O,O,25
830,今天，我們都在想著未來的未來了 這間時間裡，我已經完成了我要完成的所有事情 但是，無論我做了多少，我總覺得那還不足夠,但是,O,O,O,O,O,O,26
830,今天，我們都在想著未來的未來了 這間時間裡，我已經完成了我要完成的所有事情 但是，無論我做了多少，我總覺得那還不足夠,，,O,O,O,O,O,O,27
830,今天，我們都在想著未來的未來了 這間時間裡，我已經完成了我要完成的所有事情 但是，無論我做了多少，我總覺得那還不足夠,無論,O,O,O,O,O,O,28
830,今天，我們都在想著未來的未來了 這間時間裡，我已經完成了我要完成的所有事情 但是，無論我做了多少，我總覺得那還不足夠,我,O,O,O,O,O,O,29
830,今天，我們都在想著未來的未來了 這間時間裡，我已經完成了我要完成的所有事情 但是，無論我做了多少，我總覺得那還不足夠,做,O,O,O,O,O,O,30
830,今天，我們都在想著未來的未來了 這間時間裡，我已經完成了我要完成的所有事情 但是，無論我做了多少，我總覺得那還不足夠,了,O,O,O,O,O,O,31
830,今天，我們都在想著未來的未來了 這間時間裡，我已經完成了我要完成的所有事情 但是，無論我做了多少，我總覺得那還不足夠,多少,O,O,O,O,O,O,32
830,今天，我們都在想著未來的未來了 這間時間裡，我已經完成了我要完成的所有事情 但是，無論我做了多少，我總覺得那還不足夠,，,O,O,O,O,O,O,33
830,今天，我們都在想著未來的未來了 這間時間裡，我已經完成了我要完成的所有事情 但是，無論我做了多少，我總覺得那還不足夠,我,O,O,O,O,O,O,34
830,今天，我們都在想著未來的未來了 這間時間裡，我已經完成了我要完成的所有事情 但是，無論我做了多少，我總覺得那還不足夠,總,O,O,O,O,O,O,35
830,今天，我們都在想著未來的未來了 這間時間裡，我已經完成了我要完成的所有事情 但是，無論我做了多少，我總覺得那還不足夠,覺得,O,O,O,O,O,O,36
830,今天，我們都在想著未來的未來了 這間時間裡，我已經完成了我要完成的所有事情 但是，無論我做了多少，我總覺得那還不足夠,那,O,O,O,O,O,O,37
830,今天，我們都在想著未來的未來了 這間時間裡，我已經完成了我要完成的所有事情 但是，無論我做了多少，我總覺得那還不足夠,還,O,O,O,O,O,O,38
830,今天，我們都在想著未來的未來了 這間時間裡，我已經完成了我要完成的所有事情 但是，無論我做了多少，我總覺得那還不足夠,不足夠,S-W,S-W,S-W,S-W,S-W,S-W,39
831,在黑暗中，我們會遇到自己的憂鬱 那些無法控制的想法 那些無法釋放的感受 那些無法與外界的人交談的孤單 我不想活了,在,O,O,O,O,O,O,1
831,在黑暗中，我們會遇到自己的憂鬱 那些無法控制的想法 那些無法釋放的感受 那些無法與外界的人交談的孤單 我不想活了,黑暗,S-D,S-D,S-D,S-D,S-D,S-D,2
831,在黑暗中，我們會遇到自己的憂鬱 那些無法控制的想法 那些無法釋放的感受 那些無法與外界的人交談的孤單 我不想活了,中,O,O,O,O,O,O,3
831,在黑暗中，我們會遇到自己的憂鬱 那些無法控制的想法 那些無法釋放的感受 那些無法與外界的人交談的孤單 我不想活了,，,O,O,O,O,O,O,4
831,在黑暗中，我們會遇到自己的憂鬱 那些無法控制的想法 那些無法釋放的感受 那些無法與外界的人交談的孤單 我不想活了,我們,O,O,O,O,O,O,5
831,在黑暗中，我們會遇到自己的憂鬱 那些無法控制的想法 那些無法釋放的感受 那些無法與外界的人交談的孤單 我不想活了,會,O,O,O,O,O,O,6
831,在黑暗中，我們會遇到自己的憂鬱 那些無法控制的想法 那些無法釋放的感受 那些無法與外界的人交談的孤單 我不想活了,遇到,O,O,O,O,O,O,7
831,在黑暗中，我們會遇到自己的憂鬱 那些無法控制的想法 那些無法釋放的感受 那些無法與外界的人交談的孤單 我不想活了,自己,O,O,O,O,O,O,8
831,在黑暗中，我們會遇到自己的憂鬱 那些無法控制的想法 那些無法釋放的感受 那些無法與外界的人交談的孤單 我不想活了,的,O,O,O,O,O,O,9
831,在黑暗中，我們會遇到自己的憂鬱 那些無法控制的想法 那些無法釋放的感受 那些無法與外界的人交談的孤單 我不想活了,憂鬱,S-D,S-D,S-D,S-D,S-D,S-D,10
831,在黑暗中，我們會遇到自己的憂鬱 那些無法控制的想法 那些無法釋放的感受 那些無法與外界的人交談的孤單 我不想活了,那些,O,O,O,O,O,O,11
831,在黑暗中，我們會遇到自己的憂鬱 那些無法控制的想法 那些無法釋放的感受 那些無法與外界的人交談的孤單 我不想活了,無法,B-D,O,B-D,B-D,B-D,B-D,12
831,在黑暗中，我們會遇到自己的憂鬱 那些無法控制的想法 那些無法釋放的感受 那些無法與外界的人交談的孤單 我不想活了,控制,E-D,O,M-D,M-D,M-D,M-D,13
831,在黑暗中，我們會遇到自己的憂鬱 那些無法控制的想法 那些無法釋放的感受 那些無法與外界的人交談的孤單 我不想活了,的,O,O,M-D,M-D,M-D,M-D,14
831,在黑暗中，我們會遇到自己的憂鬱 那些無法控制的想法 那些無法釋放的感受 那些無法與外界的人交談的孤單 我不想活了,想法,O,O,E-D,E-D,E-D,E-D,15
831,在黑暗中，我們會遇到自己的憂鬱 那些無法控制的想法 那些無法釋放的感受 那些無法與外界的人交談的孤單 我不想活了,那些,O,O,O,O,O,O,16
831,在黑暗中，我們會遇到自己的憂鬱 那些無法控制的想法 那些無法釋放的感受 那些無法與外界的人交談的孤單 我不想活了,無法,B-D,O,B-D,B-D,B-D,B-D,17
831,在黑暗中，我們會遇到自己的憂鬱 那些無法控制的想法 那些無法釋放的感受 那些無法與外界的人交談的孤單 我不想活了,釋放,E-D,O,M-D,M-D,M-D,M-D,18
831,在黑暗中，我們會遇到自己的憂鬱 那些無法控制的想法 那些無法釋放的感受 那些無法與外界的人交談的孤單 我不想活了,的,O,O,M-D,M-D,M-D,M-D,19
831,在黑暗中，我們會遇到自己的憂鬱 那些無法控制的想法 那些無法釋放的感受 那些無法與外界的人交談的孤單 我不想活了,感受,O,O,E-D,E-D,E-D,E-D,20
831,在黑暗中，我們會遇到自己的憂鬱 那些無法控制的想法 那些無法釋放的感受 那些無法與外界的人交談的孤單 我不想活了,那些,O,O,O,O,O,O,21
831,在黑暗中，我們會遇到自己的憂鬱 那些無法控制的想法 那些無法釋放的感受 那些無法與外界的人交談的孤單 我不想活了,無法,O,O,B-D,B-D,B-D,B-D,22
831,在黑暗中，我們會遇到自己的憂鬱 那些無法控制的想法 那些無法釋放的感受 那些無法與外界的人交談的孤單 我不想活了,與,O,O,M-D,M-D,M-D,M-D,23
831,在黑暗中，我們會遇到自己的憂鬱 那些無法控制的想法 那些無法釋放的感受 那些無法與外界的人交談的孤單 我不想活了,外界,O,O,M-D,M-D,E-D,O,24
831,在黑暗中，我們會遇到自己的憂鬱 那些無法控制的想法 那些無法釋放的感受 那些無法與外界的人交談的孤單 我不想活了,的,O,O,M-D,M-D,O,O,25
831,在黑暗中，我們會遇到自己的憂鬱 那些無法控制的想法 那些無法釋放的感受 那些無法與外界的人交談的孤單 我不想活了,人,O,O,E-D,E-D,O,O,26
831,在黑暗中，我們會遇到自己的憂鬱 那些無法控制的想法 那些無法釋放的感受 那些無法與外界的人交談的孤單 我不想活了,交談,O,O,O,O,O,O,27
831,在黑暗中，我們會遇到自己的憂鬱 那些無法控制的想法 那些無法釋放的感受 那些無法與外界的人交談的孤單 我不想活了,的,O,O,O,O,O,O,28
831,在黑暗中，我們會遇到自己的憂鬱 那些無法控制的想法 那些無法釋放的感受 那些無法與外界的人交談的孤單 我不想活了,孤單,S-D,S-D,S-D,S-D,S-D,S-D,29
831,在黑暗中，我們會遇到自己的憂鬱 那些無法控制的想法 那些無法釋放的感受 那些無法與外界的人交談的孤單 我不想活了,我,O,O,O,O,O,O,30
831,在黑暗中，我們會遇到自己的憂鬱 那些無法控制的想法 那些無法釋放的感受 那些無法與外界的人交談的孤單 我不想活了,不,O,O,O,O,O,O,31
831,在黑暗中，我們會遇到自己的憂鬱 那些無法控制的想法 那些無法釋放的感受 那些無法與外界的人交談的孤單 我不想活了,想,O,O,O,O,O,O,32
831,在黑暗中，我們會遇到自己的憂鬱 那些無法控制的想法 那些無法釋放的感受 那些無法與外界的人交談的孤單 我不想活了,活了,S-U,S-U,S-U,S-U,S-U,S-U,33
832,這段時間來，我們都在努力為自己爭取理想的生活境界，可是有時還是會被忽略、被不信任。 有時我會覺得自己根本沒有能力，無法克服那些無法克服的困難。我自責，我覺得自己很差,這段,O,O,O,O,O,O,1
832,這段時間來，我們都在努力為自己爭取理想的生活境界，可是有時還是會被忽略、被不信任。 有時我會覺得自己根本沒有能力，無法克服那些無法克服的困難。我自責，我覺得自己很差,時間,O,O,O,O,O,O,2
832,這段時間來，我們都在努力為自己爭取理想的生活境界，可是有時還是會被忽略、被不信任。 有時我會覺得自己根本沒有能力，無法克服那些無法克服的困難。我自責，我覺得自己很差,來,O,O,O,O,O,O,3
832,這段時間來，我們都在努力為自己爭取理想的生活境界，可是有時還是會被忽略、被不信任。 有時我會覺得自己根本沒有能力，無法克服那些無法克服的困難。我自責，我覺得自己很差,，,O,O,O,O,O,O,4
832,這段時間來，我們都在努力為自己爭取理想的生活境界，可是有時還是會被忽略、被不信任。 有時我會覺得自己根本沒有能力，無法克服那些無法克服的困難。我自責，我覺得自己很差,我們,O,O,O,O,O,O,5
832,這段時間來，我們都在努力為自己爭取理想的生活境界，可是有時還是會被忽略、被不信任。 有時我會覺得自己根本沒有能力，無法克服那些無法克服的困難。我自責，我覺得自己很差,都,O,O,O,O,O,O,6
832,這段時間來，我們都在努力為自己爭取理想的生活境界，可是有時還是會被忽略、被不信任。 有時我會覺得自己根本沒有能力，無法克服那些無法克服的困難。我自責，我覺得自己很差,在,O,O,O,O,O,O,7
832,這段時間來，我們都在努力為自己爭取理想的生活境界，可是有時還是會被忽略、被不信任。 有時我會覺得自己根本沒有能力，無法克服那些無法克服的困難。我自責，我覺得自己很差,努力,O,O,O,O,O,O,8
832,這段時間來，我們都在努力為自己爭取理想的生活境界，可是有時還是會被忽略、被不信任。 有時我會覺得自己根本沒有能力，無法克服那些無法克服的困難。我自責，我覺得自己很差,為,O,O,O,O,O,O,9
832,這段時間來，我們都在努力為自己爭取理想的生活境界，可是有時還是會被忽略、被不信任。 有時我會覺得自己根本沒有能力，無法克服那些無法克服的困難。我自責，我覺得自己很差,自己,O,O,O,O,O,O,10
832,這段時間來，我們都在努力為自己爭取理想的生活境界，可是有時還是會被忽略、被不信任。 有時我會覺得自己根本沒有能力，無法克服那些無法克服的困難。我自責，我覺得自己很差,爭取,O,O,O,O,O,O,11
832,這段時間來，我們都在努力為自己爭取理想的生活境界，可是有時還是會被忽略、被不信任。 有時我會覺得自己根本沒有能力，無法克服那些無法克服的困難。我自責，我覺得自己很差,理想,O,O,O,O,O,O,12
832,這段時間來，我們都在努力為自己爭取理想的生活境界，可是有時還是會被忽略、被不信任。 有時我會覺得自己根本沒有能力，無法克服那些無法克服的困難。我自責，我覺得自己很差,的,O,O,O,O,O,O,13
832,這段時間來，我們都在努力為自己爭取理想的生活境界，可是有時還是會被忽略、被不信任。 有時我會覺得自己根本沒有能力，無法克服那些無法克服的困難。我自責，我覺得自己很差,生活,O,O,O,O,O,O,14
832,這段時間來，我們都在努力為自己爭取理想的生活境界，可是有時還是會被忽略、被不信任。 有時我會覺得自己根本沒有能力，無法克服那些無法克服的困難。我自責，我覺得自己很差,境界,O,O,O,O,O,O,15
832,這段時間來，我們都在努力為自己爭取理想的生活境界，可是有時還是會被忽略、被不信任。 有時我會覺得自己根本沒有能力，無法克服那些無法克服的困難。我自責，我覺得自己很差,，,O,O,O,O,O,O,16
832,這段時間來，我們都在努力為自己爭取理想的生活境界，可是有時還是會被忽略、被不信任。 有時我會覺得自己根本沒有能力，無法克服那些無法克服的困難。我自責，我覺得自己很差,可是,O,O,O,O,O,O,17
832,這段時間來，我們都在努力為自己爭取理想的生活境界，可是有時還是會被忽略、被不信任。 有時我會覺得自己根本沒有能力，無法克服那些無法克服的困難。我自責，我覺得自己很差,有,O,O,O,O,O,O,18
832,這段時間來，我們都在努力為自己爭取理想的生活境界，可是有時還是會被忽略、被不信任。 有時我會覺得自己根本沒有能力，無法克服那些無法克服的困難。我自責，我覺得自己很差,時,O,O,O,O,O,O,19
832,這段時間來，我們都在努力為自己爭取理想的生活境界，可是有時還是會被忽略、被不信任。 有時我會覺得自己根本沒有能力，無法克服那些無法克服的困難。我自責，我覺得自己很差,還是,O,O,O,O,O,O,20
832,這段時間來，我們都在努力為自己爭取理想的生活境界，可是有時還是會被忽略、被不信任。 有時我會覺得自己根本沒有能力，無法克服那些無法克服的困難。我自責，我覺得自己很差,會,O,O,O,O,O,O,21
832,這段時間來，我們都在努力為自己爭取理想的生活境界，可是有時還是會被忽略、被不信任。 有時我會覺得自己根本沒有能力，無法克服那些無法克服的困難。我自責，我覺得自己很差,被,B-D,O,O,O,O,O,22
832,這段時間來，我們都在努力為自己爭取理想的生活境界，可是有時還是會被忽略、被不信任。 有時我會覺得自己根本沒有能力，無法克服那些無法克服的困難。我自責，我覺得自己很差,忽略,E-D,S-W,O,O,O,O,23
832,這段時間來，我們都在努力為自己爭取理想的生活境界，可是有時還是會被忽略、被不信任。 有時我會覺得自己根本沒有能力，無法克服那些無法克服的困難。我自責，我覺得自己很差,、,O,O,O,O,O,O,24
832,這段時間來，我們都在努力為自己爭取理想的生活境界，可是有時還是會被忽略、被不信任。 有時我會覺得自己根本沒有能力，無法克服那些無法克服的困難。我自責，我覺得自己很差,被,B-D,O,O,O,O,O,25
832,這段時間來，我們都在努力為自己爭取理想的生活境界，可是有時還是會被忽略、被不信任。 有時我會覺得自己根本沒有能力，無法克服那些無法克服的困難。我自責，我覺得自己很差,不,M-D,O,O,O,O,O,26
832,這段時間來，我們都在努力為自己爭取理想的生活境界，可是有時還是會被忽略、被不信任。 有時我會覺得自己根本沒有能力，無法克服那些無法克服的困難。我自責，我覺得自己很差,信任,E-D,O,O,O,O,O,27
832,這段時間來，我們都在努力為自己爭取理想的生活境界，可是有時還是會被忽略、被不信任。 有時我會覺得自己根本沒有能力，無法克服那些無法克服的困難。我自責，我覺得自己很差,。,O,O,O,O,O,O,28
832,這段時間來，我們都在努力為自己爭取理想的生活境界，可是有時還是會被忽略、被不信任。 有時我會覺得自己根本沒有能力，無法克服那些無法克服的困難。我自責，我覺得自己很差,有,O,O,O,O,O,O,29
832,這段時間來，我們都在努力為自己爭取理想的生活境界，可是有時還是會被忽略、被不信任。 有時我會覺得自己根本沒有能力，無法克服那些無法克服的困難。我自責，我覺得自己很差,時,O,O,O,O,O,O,30
832,這段時間來，我們都在努力為自己爭取理想的生活境界，可是有時還是會被忽略、被不信任。 有時我會覺得自己根本沒有能力，無法克服那些無法克服的困難。我自責，我覺得自己很差,我,O,O,O,O,O,O,31
832,這段時間來，我們都在努力為自己爭取理想的生活境界，可是有時還是會被忽略、被不信任。 有時我會覺得自己根本沒有能力，無法克服那些無法克服的困難。我自責，我覺得自己很差,會,O,O,O,O,O,O,32
832,這段時間來，我們都在努力為自己爭取理想的生活境界，可是有時還是會被忽略、被不信任。 有時我會覺得自己根本沒有能力，無法克服那些無法克服的困難。我自責，我覺得自己很差,覺得,O,O,O,O,O,O,33
832,這段時間來，我們都在努力為自己爭取理想的生活境界，可是有時還是會被忽略、被不信任。 有時我會覺得自己根本沒有能力，無法克服那些無法克服的困難。我自責，我覺得自己很差,自己,O,O,O,O,O,O,34
832,這段時間來，我們都在努力為自己爭取理想的生活境界，可是有時還是會被忽略、被不信任。 有時我會覺得自己根本沒有能力，無法克服那些無法克服的困難。我自責，我覺得自己很差,根本,O,O,O,O,O,O,35
832,這段時間來，我們都在努力為自己爭取理想的生活境界，可是有時還是會被忽略、被不信任。 有時我會覺得自己根本沒有能力，無法克服那些無法克服的困難。我自責，我覺得自己很差,沒有,B-W,O,S-W,O,O,S-W,36
832,這段時間來，我們都在努力為自己爭取理想的生活境界，可是有時還是會被忽略、被不信任。 有時我會覺得自己根本沒有能力，無法克服那些無法克服的困難。我自責，我覺得自己很差,能力,E-W,S-W,O,O,S-W,O,37
832,這段時間來，我們都在努力為自己爭取理想的生活境界，可是有時還是會被忽略、被不信任。 有時我會覺得自己根本沒有能力，無法克服那些無法克服的困難。我自責，我覺得自己很差,，,O,O,B-D,O,O,O,38
832,這段時間來，我們都在努力為自己爭取理想的生活境界，可是有時還是會被忽略、被不信任。 有時我會覺得自己根本沒有能力，無法克服那些無法克服的困難。我自責，我覺得自己很差,無法,B-D,B-D,M-D,B-D,O,O,39
832,這段時間來，我們都在努力為自己爭取理想的生活境界，可是有時還是會被忽略、被不信任。 有時我會覺得自己根本沒有能力，無法克服那些無法克服的困難。我自責，我覺得自己很差,克服,E-D,M-D,M-D,E-D,O,O,40
832,這段時間來，我們都在努力為自己爭取理想的生活境界，可是有時還是會被忽略、被不信任。 有時我會覺得自己根本沒有能力，無法克服那些無法克服的困難。我自責，我覺得自己很差,那些,O,M-D,E-D,O,O,O,41
832,這段時間來，我們都在努力為自己爭取理想的生活境界，可是有時還是會被忽略、被不信任。 有時我會覺得自己根本沒有能力，無法克服那些無法克服的困難。我自責，我覺得自己很差,無法,B-D,E-D,E-D,O,O,O,42
832,這段時間來，我們都在努力為自己爭取理想的生活境界，可是有時還是會被忽略、被不信任。 有時我會覺得自己根本沒有能力，無法克服那些無法克服的困難。我自責，我覺得自己很差,克服,E-D,E-D,O,O,O,O,43
832,這段時間來，我們都在努力為自己爭取理想的生活境界，可是有時還是會被忽略、被不信任。 有時我會覺得自己根本沒有能力，無法克服那些無法克服的困難。我自責，我覺得自己很差,的,O,O,O,O,O,O,44
832,這段時間來，我們都在努力為自己爭取理想的生活境界，可是有時還是會被忽略、被不信任。 有時我會覺得自己根本沒有能力，無法克服那些無法克服的困難。我自責，我覺得自己很差,困難,O,O,O,O,O,O,45
832,這段時間來，我們都在努力為自己爭取理想的生活境界，可是有時還是會被忽略、被不信任。 有時我會覺得自己根本沒有能力，無法克服那些無法克服的困難。我自責，我覺得自己很差,。,O,O,O,O,O,O,46
832,這段時間來，我們都在努力為自己爭取理想的生活境界，可是有時還是會被忽略、被不信任。 有時我會覺得自己根本沒有能力，無法克服那些無法克服的困難。我自責，我覺得自己很差,我,O,O,S-W,O,O,S-W,47
832,這段時間來，我們都在努力為自己爭取理想的生活境界，可是有時還是會被忽略、被不信任。 有時我會覺得自己根本沒有能力，無法克服那些無法克服的困難。我自責，我覺得自己很差,自責,S-W,S-W,O,S-W,S-W,O,48
832,這段時間來，我們都在努力為自己爭取理想的生活境界，可是有時還是會被忽略、被不信任。 有時我會覺得自己根本沒有能力，無法克服那些無法克服的困難。我自責，我覺得自己很差,，,O,O,O,O,O,O,49
832,這段時間來，我們都在努力為自己爭取理想的生活境界，可是有時還是會被忽略、被不信任。 有時我會覺得自己根本沒有能力，無法克服那些無法克服的困難。我自責，我覺得自己很差,我,O,O,O,O,O,O,50
832,這段時間來，我們都在努力為自己爭取理想的生活境界，可是有時還是會被忽略、被不信任。 有時我會覺得自己根本沒有能力，無法克服那些無法克服的困難。我自責，我覺得自己很差,覺得,O,O,O,O,O,O,51
832,這段時間來，我們都在努力為自己爭取理想的生活境界，可是有時還是會被忽略、被不信任。 有時我會覺得自己根本沒有能力，無法克服那些無法克服的困難。我自責，我覺得自己很差,自己,O,O,M-W,O,O,O,52
832,這段時間來，我們都在努力為自己爭取理想的生活境界，可是有時還是會被忽略、被不信任。 有時我會覺得自己根本沒有能力，無法克服那些無法克服的困難。我自責，我覺得自己很差,很,B-W,O,E-W,O,O,S-W,53
832,這段時間來，我們都在努力為自己爭取理想的生活境界，可是有時還是會被忽略、被不信任。 有時我會覺得自己根本沒有能力，無法克服那些無法克服的困難。我自責，我覺得自己很差,差,E-W,S-W,缺失預測,S-W,S-W,O,54
832,這段時間來，我們都在努力為自己爭取理想的生活境界，可是有時還是會被忽略、被不信任。 有時我會覺得自己根本沒有能力，無法克服那些無法克服的困難。我自責，我覺得自己很差,。,O,O,缺失預測,缺失預測,O,缺失預測,55
833,"當你整天都沒有興趣，仍能過著日子，它是你最強的力量 "" 我們的支持不是「我想你好」。它是你能繼續努力的理由 我們一直在努力幫你找到新發現的感覺和享受",當,O,O,O,O,O,O,1
833,"當你整天都沒有興趣，仍能過著日子，它是你最強的力量 "" 我們的支持不是「我想你好」。它是你能繼續努力的理由 我們一直在努力幫你找到新發現的感覺和享受",你,O,O,O,O,O,O,2
833,"當你整天都沒有興趣，仍能過著日子，它是你最強的力量 "" 我們的支持不是「我想你好」。它是你能繼續努力的理由 我們一直在努力幫你找到新發現的感覺和享受",整天,O,O,O,O,O,O,3
833,"當你整天都沒有興趣，仍能過著日子，它是你最強的力量 "" 我們的支持不是「我想你好」。它是你能繼續努力的理由 我們一直在努力幫你找到新發現的感覺和享受",都,O,O,O,O,O,O,4
833,"當你整天都沒有興趣，仍能過著日子，它是你最強的力量 "" 我們的支持不是「我想你好」。它是你能繼續努力的理由 我們一直在努力幫你找到新發現的感覺和享受",沒有,B-A,O,B-A,B-A,O,B-A,5
833,"當你整天都沒有興趣，仍能過著日子，它是你最強的力量 "" 我們的支持不是「我想你好」。它是你能繼續努力的理由 我們一直在努力幫你找到新發現的感覺和享受",興趣,E-A,O,E-A,E-A,O,E-A,6
833,"當你整天都沒有興趣，仍能過著日子，它是你最強的力量 "" 我們的支持不是「我想你好」。它是你能繼續努力的理由 我們一直在努力幫你找到新發現的感覺和享受",，,O,O,O,O,O,O,7
833,"當你整天都沒有興趣，仍能過著日子，它是你最強的力量 "" 我們的支持不是「我想你好」。它是你能繼續努力的理由 我們一直在努力幫你找到新發現的感覺和享受",仍,O,O,O,O,O,O,8
833,"當你整天都沒有興趣，仍能過著日子，它是你最強的力量 "" 我們的支持不是「我想你好」。它是你能繼續努力的理由 我們一直在努力幫你找到新發現的感覺和享受",能,O,O,O,O,O,O,9
833,"當你整天都沒有興趣，仍能過著日子，它是你最強的力量 "" 我們的支持不是「我想你好」。它是你能繼續努力的理由 我們一直在努力幫你找到新發現的感覺和享受",過著,O,O,O,O,O,O,10
833,"當你整天都沒有興趣，仍能過著日子，它是你最強的力量 "" 我們的支持不是「我想你好」。它是你能繼續努力的理由 我們一直在努力幫你找到新發現的感覺和享受",日子,O,O,O,O,O,O,11
833,"當你整天都沒有興趣，仍能過著日子，它是你最強的力量 "" 我們的支持不是「我想你好」。它是你能繼續努力的理由 我們一直在努力幫你找到新發現的感覺和享受",，,O,O,O,O,O,O,12
833,"當你整天都沒有興趣，仍能過著日子，它是你最強的力量 "" 我們的支持不是「我想你好」。它是你能繼續努力的理由 我們一直在努力幫你找到新發現的感覺和享受",它,O,O,O,O,O,O,13
833,"當你整天都沒有興趣，仍能過著日子，它是你最強的力量 "" 我們的支持不是「我想你好」。它是你能繼續努力的理由 我們一直在努力幫你找到新發現的感覺和享受",是,O,O,O,O,O,O,14
833,"當你整天都沒有興趣，仍能過著日子，它是你最強的力量 "" 我們的支持不是「我想你好」。它是你能繼續努力的理由 我們一直在努力幫你找到新發現的感覺和享受",你,O,O,O,O,O,O,15
833,"當你整天都沒有興趣，仍能過著日子，它是你最強的力量 "" 我們的支持不是「我想你好」。它是你能繼續努力的理由 我們一直在努力幫你找到新發現的感覺和享受",最,O,O,O,O,O,O,16
833,"當你整天都沒有興趣，仍能過著日子，它是你最強的力量 "" 我們的支持不是「我想你好」。它是你能繼續努力的理由 我們一直在努力幫你找到新發現的感覺和享受",強,O,O,O,O,O,O,17
833,"當你整天都沒有興趣，仍能過著日子，它是你最強的力量 "" 我們的支持不是「我想你好」。它是你能繼續努力的理由 我們一直在努力幫你找到新發現的感覺和享受",的,O,O,O,O,O,O,18
833,"當你整天都沒有興趣，仍能過著日子，它是你最強的力量 "" 我們的支持不是「我想你好」。它是你能繼續努力的理由 我們一直在努力幫你找到新發現的感覺和享受",力量,O,O,O,O,O,O,19
833,"當你整天都沒有興趣，仍能過著日子，它是你最強的力量 "" 我們的支持不是「我想你好」。它是你能繼續努力的理由 我們一直在努力幫你找到新發現的感覺和享受","""",O,O,O,O,O,O,20
833,"當你整天都沒有興趣，仍能過著日子，它是你最強的力量 "" 我們的支持不是「我想你好」。它是你能繼續努力的理由 我們一直在努力幫你找到新發現的感覺和享受",我們,O,O,O,O,O,O,21
833,"當你整天都沒有興趣，仍能過著日子，它是你最強的力量 "" 我們的支持不是「我想你好」。它是你能繼續努力的理由 我們一直在努力幫你找到新發現的感覺和享受",的,O,O,O,O,O,O,22
833,"當你整天都沒有興趣，仍能過著日子，它是你最強的力量 "" 我們的支持不是「我想你好」。它是你能繼續努力的理由 我們一直在努力幫你找到新發現的感覺和享受",支持,O,O,O,O,O,O,23
833,"當你整天都沒有興趣，仍能過著日子，它是你最強的力量 "" 我們的支持不是「我想你好」。它是你能繼續努力的理由 我們一直在努力幫你找到新發現的感覺和享受",不是,O,O,O,O,O,O,24
833,"當你整天都沒有興趣，仍能過著日子，它是你最強的力量 "" 我們的支持不是「我想你好」。它是你能繼續努力的理由 我們一直在努力幫你找到新發現的感覺和享受",「,O,O,O,O,O,O,25
833,"當你整天都沒有興趣，仍能過著日子，它是你最強的力量 "" 我們的支持不是「我想你好」。它是你能繼續努力的理由 我們一直在努力幫你找到新發現的感覺和享受",我,O,O,O,O,O,O,26
833,"當你整天都沒有興趣，仍能過著日子，它是你最強的力量 "" 我們的支持不是「我想你好」。它是你能繼續努力的理由 我們一直在努力幫你找到新發現的感覺和享受",想,O,O,O,O,O,O,27
833,"當你整天都沒有興趣，仍能過著日子，它是你最強的力量 "" 我們的支持不是「我想你好」。它是你能繼續努力的理由 我們一直在努力幫你找到新發現的感覺和享受",你好,O,O,O,O,O,O,28
833,"當你整天都沒有興趣，仍能過著日子，它是你最強的力量 "" 我們的支持不是「我想你好」。它是你能繼續努力的理由 我們一直在努力幫你找到新發現的感覺和享受",」,O,O,O,O,O,O,29
833,"當你整天都沒有興趣，仍能過著日子，它是你最強的力量 "" 我們的支持不是「我想你好」。它是你能繼續努力的理由 我們一直在努力幫你找到新發現的感覺和享受",。,O,O,O,O,O,O,30
833,"當你整天都沒有興趣，仍能過著日子，它是你最強的力量 "" 我們的支持不是「我想你好」。它是你能繼續努力的理由 我們一直在努力幫你找到新發現的感覺和享受",它,O,O,O,O,O,O,31
833,"當你整天都沒有興趣，仍能過著日子，它是你最強的力量 "" 我們的支持不是「我想你好」。它是你能繼續努力的理由 我們一直在努力幫你找到新發現的感覺和享受",是,O,O,O,O,O,O,32
833,"當你整天都沒有興趣，仍能過著日子，它是你最強的力量 "" 我們的支持不是「我想你好」。它是你能繼續努力的理由 我們一直在努力幫你找到新發現的感覺和享受",你,O,O,O,O,O,O,33
833,"當你整天都沒有興趣，仍能過著日子，它是你最強的力量 "" 我們的支持不是「我想你好」。它是你能繼續努力的理由 我們一直在努力幫你找到新發現的感覺和享受",能,O,O,O,O,O,O,34
833,"當你整天都沒有興趣，仍能過著日子，它是你最強的力量 "" 我們的支持不是「我想你好」。它是你能繼續努力的理由 我們一直在努力幫你找到新發現的感覺和享受",繼續,O,O,O,O,O,O,35
833,"當你整天都沒有興趣，仍能過著日子，它是你最強的力量 "" 我們的支持不是「我想你好」。它是你能繼續努力的理由 我們一直在努力幫你找到新發現的感覺和享受",努力,O,O,O,O,O,O,36
833,"當你整天都沒有興趣，仍能過著日子，它是你最強的力量 "" 我們的支持不是「我想你好」。它是你能繼續努力的理由 我們一直在努力幫你找到新發現的感覺和享受",的,O,O,O,O,O,O,37
833,"當你整天都沒有興趣，仍能過著日子，它是你最強的力量 "" 我們的支持不是「我想你好」。它是你能繼續努力的理由 我們一直在努力幫你找到新發現的感覺和享受",理由,O,O,O,O,O,O,38
833,"當你整天都沒有興趣，仍能過著日子，它是你最強的力量 "" 我們的支持不是「我想你好」。它是你能繼續努力的理由 我們一直在努力幫你找到新發現的感覺和享受",我們,O,O,O,O,O,O,39
833,"當你整天都沒有興趣，仍能過著日子，它是你最強的力量 "" 我們的支持不是「我想你好」。它是你能繼續努力的理由 我們一直在努力幫你找到新發現的感覺和享受",一直,O,O,O,O,O,O,40
833,"當你整天都沒有興趣，仍能過著日子，它是你最強的力量 "" 我們的支持不是「我想你好」。它是你能繼續努力的理由 我們一直在努力幫你找到新發現的感覺和享受",在,O,O,O,O,O,O,41
833,"當你整天都沒有興趣，仍能過著日子，它是你最強的力量 "" 我們的支持不是「我想你好」。它是你能繼續努力的理由 我們一直在努力幫你找到新發現的感覺和享受",努力,O,O,O,O,O,O,42
833,"當你整天都沒有興趣，仍能過著日子，它是你最強的力量 "" 我們的支持不是「我想你好」。它是你能繼續努力的理由 我們一直在努力幫你找到新發現的感覺和享受",幫,O,O,O,O,O,O,43
833,"當你整天都沒有興趣，仍能過著日子，它是你最強的力量 "" 我們的支持不是「我想你好」。它是你能繼續努力的理由 我們一直在努力幫你找到新發現的感覺和享受",你,O,O,O,O,O,O,44
833,"當你整天都沒有興趣，仍能過著日子，它是你最強的力量 "" 我們的支持不是「我想你好」。它是你能繼續努力的理由 我們一直在努力幫你找到新發現的感覺和享受",找到,O,O,O,O,O,O,45
833,"當你整天都沒有興趣，仍能過著日子，它是你最強的力量 "" 我們的支持不是「我想你好」。它是你能繼續努力的理由 我們一直在努力幫你找到新發現的感覺和享受",新,O,O,O,O,O,O,46
833,"當你整天都沒有興趣，仍能過著日子，它是你最強的力量 "" 我們的支持不是「我想你好」。它是你能繼續努力的理由 我們一直在努力幫你找到新發現的感覺和享受",發現,O,O,O,O,O,O,47
833,"當你整天都沒有興趣，仍能過著日子，它是你最強的力量 "" 我們的支持不是「我想你好」。它是你能繼續努力的理由 我們一直在努力幫你找到新發現的感覺和享受",的,O,O,O,O,O,O,48
833,"當你整天都沒有興趣，仍能過著日子，它是你最強的力量 "" 我們的支持不是「我想你好」。它是你能繼續努力的理由 我們一直在努力幫你找到新發現的感覺和享受",感覺,O,O,O,O,O,O,49
833,"當你整天都沒有興趣，仍能過著日子，它是你最強的力量 "" 我們的支持不是「我想你好」。它是你能繼續努力的理由 我們一直在努力幫你找到新發現的感覺和享受",和,O,O,O,O,O,O,50
833,"當你整天都沒有興趣，仍能過著日子，它是你最強的力量 "" 我們的支持不是「我想你好」。它是你能繼續努力的理由 我們一直在努力幫你找到新發現的感覺和享受",享受,O,O,O,缺失預測,O,O,51
834,最近的財務問題讓我無法看待未來，無精氣力就不去工作了，看起來無法逃離。沒有力氣，無法做出任何動作,最近,O,O,O,O,O,O,1
834,最近的財務問題讓我無法看待未來，無精氣力就不去工作了，看起來無法逃離。沒有力氣，無法做出任何動作,的,O,O,O,O,O,O,2
834,最近的財務問題讓我無法看待未來，無精氣力就不去工作了，看起來無法逃離。沒有力氣，無法做出任何動作,財務,O,O,O,O,O,O,3
834,最近的財務問題讓我無法看待未來，無精氣力就不去工作了，看起來無法逃離。沒有力氣，無法做出任何動作,問題,O,O,O,O,O,O,4
834,最近的財務問題讓我無法看待未來，無精氣力就不去工作了，看起來無法逃離。沒有力氣，無法做出任何動作,讓,O,O,O,O,O,O,5
834,最近的財務問題讓我無法看待未來，無精氣力就不去工作了，看起來無法逃離。沒有力氣，無法做出任何動作,我,O,O,O,O,O,O,6
834,最近的財務問題讓我無法看待未來，無精氣力就不去工作了，看起來無法逃離。沒有力氣，無法做出任何動作,無法,B-D,B-D,B-D,B-D,B-D,B-D,7
834,最近的財務問題讓我無法看待未來，無精氣力就不去工作了，看起來無法逃離。沒有力氣，無法做出任何動作,看待,E-D,E-D,E-D,E-D,E-D,E-D,8
834,最近的財務問題讓我無法看待未來，無精氣力就不去工作了，看起來無法逃離。沒有力氣，無法做出任何動作,未來,O,O,O,O,O,O,9
834,最近的財務問題讓我無法看待未來，無精氣力就不去工作了，看起來無法逃離。沒有力氣，無法做出任何動作,，,O,O,O,O,O,O,10
834,最近的財務問題讓我無法看待未來，無精氣力就不去工作了，看起來無法逃離。沒有力氣，無法做出任何動作,無精氣力,S-D,S-D,S-D,S-D,S-D,S-D,11
834,最近的財務問題讓我無法看待未來，無精氣力就不去工作了，看起來無法逃離。沒有力氣，無法做出任何動作,就,O,O,O,O,O,O,12
834,最近的財務問題讓我無法看待未來，無精氣力就不去工作了，看起來無法逃離。沒有力氣，無法做出任何動作,不,O,O,O,O,O,O,13
834,最近的財務問題讓我無法看待未來，無精氣力就不去工作了，看起來無法逃離。沒有力氣，無法做出任何動作,去,O,O,O,O,O,O,14
834,最近的財務問題讓我無法看待未來，無精氣力就不去工作了，看起來無法逃離。沒有力氣，無法做出任何動作,工作,O,O,O,O,O,O,15
834,最近的財務問題讓我無法看待未來，無精氣力就不去工作了，看起來無法逃離。沒有力氣，無法做出任何動作,了,O,O,O,O,O,O,16
834,最近的財務問題讓我無法看待未來，無精氣力就不去工作了，看起來無法逃離。沒有力氣，無法做出任何動作,，,O,O,O,O,O,O,17
834,最近的財務問題讓我無法看待未來，無精氣力就不去工作了，看起來無法逃離。沒有力氣，無法做出任何動作,看起來,O,O,O,O,O,O,18
834,最近的財務問題讓我無法看待未來，無精氣力就不去工作了，看起來無法逃離。沒有力氣，無法做出任何動作,無法,B-D,B-D,B-D,B-D,B-D,B-D,19
834,最近的財務問題讓我無法看待未來，無精氣力就不去工作了，看起來無法逃離。沒有力氣，無法做出任何動作,逃離,E-D,E-D,E-D,E-D,E-D,E-D,20
834,最近的財務問題讓我無法看待未來，無精氣力就不去工作了，看起來無法逃離。沒有力氣，無法做出任何動作,。,O,O,O,O,O,O,21
834,最近的財務問題讓我無法看待未來，無精氣力就不去工作了，看起來無法逃離。沒有力氣，無法做出任何動作,沒有,O,O,O,O,O,O,22
834,最近的財務問題讓我無法看待未來，無精氣力就不去工作了，看起來無法逃離。沒有力氣，無法做出任何動作,力氣,S-W,S-W,S-W,S-W,S-W,S-W,23
834,最近的財務問題讓我無法看待未來，無精氣力就不去工作了，看起來無法逃離。沒有力氣，無法做出任何動作,，,O,O,O,O,O,O,24
834,最近的財務問題讓我無法看待未來，無精氣力就不去工作了，看起來無法逃離。沒有力氣，無法做出任何動作,無法,B-D,B-D,B-D,B-D,B-D,B-D,25
834,最近的財務問題讓我無法看待未來，無精氣力就不去工作了，看起來無法逃離。沒有力氣，無法做出任何動作,做出,M-D,M-D,M-D,M-D,M-D,M-D,26
834,最近的財務問題讓我無法看待未來，無精氣力就不去工作了，看起來無法逃離。沒有力氣，無法做出任何動作,任何,E-D,E-D,E-D,E-D,E-D,E-D,27
834,最近的財務問題讓我無法看待未來，無精氣力就不去工作了，看起來無法逃離。沒有力氣，無法做出任何動作,動作,O,O,O,O,O,O,28
835,今天又是這樣一個無聊的日子，我一直都無力完成任務，標準越來越高，但自己卻難以達到那些標準。我不再享受事物，感覺自己只是拖著疲勞的身體和心中一點光芒。,今天,O,O,O,O,O,O,1
835,今天又是這樣一個無聊的日子，我一直都無力完成任務，標準越來越高，但自己卻難以達到那些標準。我不再享受事物，感覺自己只是拖著疲勞的身體和心中一點光芒。,又,O,O,O,O,O,O,2
835,今天又是這樣一個無聊的日子，我一直都無力完成任務，標準越來越高，但自己卻難以達到那些標準。我不再享受事物，感覺自己只是拖著疲勞的身體和心中一點光芒。,是,O,O,O,O,O,O,3
835,今天又是這樣一個無聊的日子，我一直都無力完成任務，標準越來越高，但自己卻難以達到那些標準。我不再享受事物，感覺自己只是拖著疲勞的身體和心中一點光芒。,這樣,O,O,O,O,O,O,4
835,今天又是這樣一個無聊的日子，我一直都無力完成任務，標準越來越高，但自己卻難以達到那些標準。我不再享受事物，感覺自己只是拖著疲勞的身體和心中一點光芒。,一個,O,O,O,O,O,O,5
835,今天又是這樣一個無聊的日子，我一直都無力完成任務，標準越來越高，但自己卻難以達到那些標準。我不再享受事物，感覺自己只是拖著疲勞的身體和心中一點光芒。,無聊,S-D,S-D,S-D,S-D,S-D,S-D,6
835,今天又是這樣一個無聊的日子，我一直都無力完成任務，標準越來越高，但自己卻難以達到那些標準。我不再享受事物，感覺自己只是拖著疲勞的身體和心中一點光芒。,的,O,O,O,O,O,O,7
835,今天又是這樣一個無聊的日子，我一直都無力完成任務，標準越來越高，但自己卻難以達到那些標準。我不再享受事物，感覺自己只是拖著疲勞的身體和心中一點光芒。,日子,O,O,O,O,O,O,8
835,今天又是這樣一個無聊的日子，我一直都無力完成任務，標準越來越高，但自己卻難以達到那些標準。我不再享受事物，感覺自己只是拖著疲勞的身體和心中一點光芒。,，,O,O,O,O,O,O,9
835,今天又是這樣一個無聊的日子，我一直都無力完成任務，標準越來越高，但自己卻難以達到那些標準。我不再享受事物，感覺自己只是拖著疲勞的身體和心中一點光芒。,我,O,O,O,O,O,O,10
835,今天又是這樣一個無聊的日子，我一直都無力完成任務，標準越來越高，但自己卻難以達到那些標準。我不再享受事物，感覺自己只是拖著疲勞的身體和心中一點光芒。,一直,O,O,O,O,O,O,11
835,今天又是這樣一個無聊的日子，我一直都無力完成任務，標準越來越高，但自己卻難以達到那些標準。我不再享受事物，感覺自己只是拖著疲勞的身體和心中一點光芒。,都,O,O,O,O,O,O,12
835,今天又是這樣一個無聊的日子，我一直都無力完成任務，標準越來越高，但自己卻難以達到那些標準。我不再享受事物，感覺自己只是拖著疲勞的身體和心中一點光芒。,無力,S-W,S-W,S-W,S-W,S-W,S-W,13
835,今天又是這樣一個無聊的日子，我一直都無力完成任務，標準越來越高，但自己卻難以達到那些標準。我不再享受事物，感覺自己只是拖著疲勞的身體和心中一點光芒。,完成,O,O,O,O,O,O,14
835,今天又是這樣一個無聊的日子，我一直都無力完成任務，標準越來越高，但自己卻難以達到那些標準。我不再享受事物，感覺自己只是拖著疲勞的身體和心中一點光芒。,任務,O,O,O,O,O,O,15
835,今天又是這樣一個無聊的日子，我一直都無力完成任務，標準越來越高，但自己卻難以達到那些標準。我不再享受事物，感覺自己只是拖著疲勞的身體和心中一點光芒。,，,O,O,O,O,O,O,16
835,今天又是這樣一個無聊的日子，我一直都無力完成任務，標準越來越高，但自己卻難以達到那些標準。我不再享受事物，感覺自己只是拖著疲勞的身體和心中一點光芒。,標準,O,O,O,O,O,O,17
835,今天又是這樣一個無聊的日子，我一直都無力完成任務，標準越來越高，但自己卻難以達到那些標準。我不再享受事物，感覺自己只是拖著疲勞的身體和心中一點光芒。,越,O,O,O,O,O,O,18
835,今天又是這樣一個無聊的日子，我一直都無力完成任務，標準越來越高，但自己卻難以達到那些標準。我不再享受事物，感覺自己只是拖著疲勞的身體和心中一點光芒。,來,O,O,O,O,O,O,19
835,今天又是這樣一個無聊的日子，我一直都無力完成任務，標準越來越高，但自己卻難以達到那些標準。我不再享受事物，感覺自己只是拖著疲勞的身體和心中一點光芒。,越,O,O,O,O,O,O,20
835,今天又是這樣一個無聊的日子，我一直都無力完成任務，標準越來越高，但自己卻難以達到那些標準。我不再享受事物，感覺自己只是拖著疲勞的身體和心中一點光芒。,高,O,O,O,O,O,O,21
835,今天又是這樣一個無聊的日子，我一直都無力完成任務，標準越來越高，但自己卻難以達到那些標準。我不再享受事物，感覺自己只是拖著疲勞的身體和心中一點光芒。,，,O,O,O,O,O,O,22
835,今天又是這樣一個無聊的日子，我一直都無力完成任務，標準越來越高，但自己卻難以達到那些標準。我不再享受事物，感覺自己只是拖著疲勞的身體和心中一點光芒。,但,O,O,O,O,O,O,23
835,今天又是這樣一個無聊的日子，我一直都無力完成任務，標準越來越高，但自己卻難以達到那些標準。我不再享受事物，感覺自己只是拖著疲勞的身體和心中一點光芒。,自己,O,O,O,O,O,O,24
835,今天又是這樣一個無聊的日子，我一直都無力完成任務，標準越來越高，但自己卻難以達到那些標準。我不再享受事物，感覺自己只是拖著疲勞的身體和心中一點光芒。,卻,O,O,O,O,O,O,25
835,今天又是這樣一個無聊的日子，我一直都無力完成任務，標準越來越高，但自己卻難以達到那些標準。我不再享受事物，感覺自己只是拖著疲勞的身體和心中一點光芒。,難以,O,O,O,O,O,O,26
835,今天又是這樣一個無聊的日子，我一直都無力完成任務，標準越來越高，但自己卻難以達到那些標準。我不再享受事物，感覺自己只是拖著疲勞的身體和心中一點光芒。,達到,O,O,O,O,O,O,27
835,今天又是這樣一個無聊的日子，我一直都無力完成任務，標準越來越高，但自己卻難以達到那些標準。我不再享受事物，感覺自己只是拖著疲勞的身體和心中一點光芒。,那些,O,O,O,O,O,O,28
835,今天又是這樣一個無聊的日子，我一直都無力完成任務，標準越來越高，但自己卻難以達到那些標準。我不再享受事物，感覺自己只是拖著疲勞的身體和心中一點光芒。,標準,O,O,O,O,O,O,29
835,今天又是這樣一個無聊的日子，我一直都無力完成任務，標準越來越高，但自己卻難以達到那些標準。我不再享受事物，感覺自己只是拖著疲勞的身體和心中一點光芒。,。,O,O,O,O,O,O,30
835,今天又是這樣一個無聊的日子，我一直都無力完成任務，標準越來越高，但自己卻難以達到那些標準。我不再享受事物，感覺自己只是拖著疲勞的身體和心中一點光芒。,我,O,O,O,O,O,O,31
835,今天又是這樣一個無聊的日子，我一直都無力完成任務，標準越來越高，但自己卻難以達到那些標準。我不再享受事物，感覺自己只是拖著疲勞的身體和心中一點光芒。,不,O,O,O,O,O,O,32
835,今天又是這樣一個無聊的日子，我一直都無力完成任務，標準越來越高，但自己卻難以達到那些標準。我不再享受事物，感覺自己只是拖著疲勞的身體和心中一點光芒。,再,O,O,O,O,O,O,33
835,今天又是這樣一個無聊的日子，我一直都無力完成任務，標準越來越高，但自己卻難以達到那些標準。我不再享受事物，感覺自己只是拖著疲勞的身體和心中一點光芒。,享受,O,O,O,O,O,O,34
835,今天又是這樣一個無聊的日子，我一直都無力完成任務，標準越來越高，但自己卻難以達到那些標準。我不再享受事物，感覺自己只是拖著疲勞的身體和心中一點光芒。,事物,O,O,O,O,O,O,35
835,今天又是這樣一個無聊的日子，我一直都無力完成任務，標準越來越高，但自己卻難以達到那些標準。我不再享受事物，感覺自己只是拖著疲勞的身體和心中一點光芒。,，,O,O,O,O,O,O,36
835,今天又是這樣一個無聊的日子，我一直都無力完成任務，標準越來越高，但自己卻難以達到那些標準。我不再享受事物，感覺自己只是拖著疲勞的身體和心中一點光芒。,感覺,O,O,O,O,O,O,37
835,今天又是這樣一個無聊的日子，我一直都無力完成任務，標準越來越高，但自己卻難以達到那些標準。我不再享受事物，感覺自己只是拖著疲勞的身體和心中一點光芒。,自己,O,O,O,O,O,O,38
835,今天又是這樣一個無聊的日子，我一直都無力完成任務，標準越來越高，但自己卻難以達到那些標準。我不再享受事物，感覺自己只是拖著疲勞的身體和心中一點光芒。,只是,O,O,O,S-D,O,O,39
835,今天又是這樣一個無聊的日子，我一直都無力完成任務，標準越來越高，但自己卻難以達到那些標準。我不再享受事物，感覺自己只是拖著疲勞的身體和心中一點光芒。,拖著,O,O,O,O,O,O,40
835,今天又是這樣一個無聊的日子，我一直都無力完成任務，標準越來越高，但自己卻難以達到那些標準。我不再享受事物，感覺自己只是拖著疲勞的身體和心中一點光芒。,疲勞,S-D,S-W,S-D,O,S-W,S-W,41
835,今天又是這樣一個無聊的日子，我一直都無力完成任務，標準越來越高，但自己卻難以達到那些標準。我不再享受事物，感覺自己只是拖著疲勞的身體和心中一點光芒。,的,O,O,O,O,O,O,42
835,今天又是這樣一個無聊的日子，我一直都無力完成任務，標準越來越高，但自己卻難以達到那些標準。我不再享受事物，感覺自己只是拖著疲勞的身體和心中一點光芒。,身體,O,O,O,O,O,O,43
835,今天又是這樣一個無聊的日子，我一直都無力完成任務，標準越來越高，但自己卻難以達到那些標準。我不再享受事物，感覺自己只是拖著疲勞的身體和心中一點光芒。,和,O,O,O,O,O,O,44
835,今天又是這樣一個無聊的日子，我一直都無力完成任務，標準越來越高，但自己卻難以達到那些標準。我不再享受事物，感覺自己只是拖著疲勞的身體和心中一點光芒。,心中,O,O,O,O,O,O,45
835,今天又是這樣一個無聊的日子，我一直都無力完成任務，標準越來越高，但自己卻難以達到那些標準。我不再享受事物，感覺自己只是拖著疲勞的身體和心中一點光芒。,一點,O,O,O,O,O,O,46
835,今天又是這樣一個無聊的日子，我一直都無力完成任務，標準越來越高，但自己卻難以達到那些標準。我不再享受事物，感覺自己只是拖著疲勞的身體和心中一點光芒。,光芒,O,O,O,缺失預測,O,O,47
835,今天又是這樣一個無聊的日子，我一直都無力完成任務，標準越來越高，但自己卻難以達到那些標準。我不再享受事物，感覺自己只是拖著疲勞的身體和心中一點光芒。,。,O,O,O,缺失預測,O,O,48
836,這兩天來，我每天早上醒來都沒有興趣，什麼事也不想做，每天都這樣。我一直以為自己是成功的人，但是，最近我正處於一種枯竭狀態，感覺每天都是相同的日子，什麼事都不興趣,這,O,O,O,O,O,O,1
836,這兩天來，我每天早上醒來都沒有興趣，什麼事也不想做，每天都這樣。我一直以為自己是成功的人，但是，最近我正處於一種枯竭狀態，感覺每天都是相同的日子，什麼事都不興趣,兩,O,O,O,O,O,O,2
836,這兩天來，我每天早上醒來都沒有興趣，什麼事也不想做，每天都這樣。我一直以為自己是成功的人，但是，最近我正處於一種枯竭狀態，感覺每天都是相同的日子，什麼事都不興趣,天,O,O,O,O,O,O,3
836,這兩天來，我每天早上醒來都沒有興趣，什麼事也不想做，每天都這樣。我一直以為自己是成功的人，但是，最近我正處於一種枯竭狀態，感覺每天都是相同的日子，什麼事都不興趣,來,O,O,O,O,O,O,4
836,這兩天來，我每天早上醒來都沒有興趣，什麼事也不想做，每天都這樣。我一直以為自己是成功的人，但是，最近我正處於一種枯竭狀態，感覺每天都是相同的日子，什麼事都不興趣,，,O,O,O,O,O,O,5
836,這兩天來，我每天早上醒來都沒有興趣，什麼事也不想做，每天都這樣。我一直以為自己是成功的人，但是，最近我正處於一種枯竭狀態，感覺每天都是相同的日子，什麼事都不興趣,我,O,O,O,O,O,O,6
836,這兩天來，我每天早上醒來都沒有興趣，什麼事也不想做，每天都這樣。我一直以為自己是成功的人，但是，最近我正處於一種枯竭狀態，感覺每天都是相同的日子，什麼事都不興趣,每天,O,O,O,O,O,O,7
836,這兩天來，我每天早上醒來都沒有興趣，什麼事也不想做，每天都這樣。我一直以為自己是成功的人，但是，最近我正處於一種枯竭狀態，感覺每天都是相同的日子，什麼事都不興趣,早上,O,O,O,O,O,O,8
836,這兩天來，我每天早上醒來都沒有興趣，什麼事也不想做，每天都這樣。我一直以為自己是成功的人，但是，最近我正處於一種枯竭狀態，感覺每天都是相同的日子，什麼事都不興趣,醒來,O,O,O,O,O,O,9
836,這兩天來，我每天早上醒來都沒有興趣，什麼事也不想做，每天都這樣。我一直以為自己是成功的人，但是，最近我正處於一種枯竭狀態，感覺每天都是相同的日子，什麼事都不興趣,都,O,O,O,O,O,O,10
836,這兩天來，我每天早上醒來都沒有興趣，什麼事也不想做，每天都這樣。我一直以為自己是成功的人，但是，最近我正處於一種枯竭狀態，感覺每天都是相同的日子，什麼事都不興趣,沒有,B-A,B-A,B-A,B-A,B-A,B-A,11
836,這兩天來，我每天早上醒來都沒有興趣，什麼事也不想做，每天都這樣。我一直以為自己是成功的人，但是，最近我正處於一種枯竭狀態，感覺每天都是相同的日子，什麼事都不興趣,興趣,E-A,E-A,E-A,E-A,E-A,E-A,12
836,這兩天來，我每天早上醒來都沒有興趣，什麼事也不想做，每天都這樣。我一直以為自己是成功的人，但是，最近我正處於一種枯竭狀態，感覺每天都是相同的日子，什麼事都不興趣,，,O,O,O,O,O,O,13
836,這兩天來，我每天早上醒來都沒有興趣，什麼事也不想做，每天都這樣。我一直以為自己是成功的人，但是，最近我正處於一種枯竭狀態，感覺每天都是相同的日子，什麼事都不興趣,什麼,O,O,O,O,O,O,14
836,這兩天來，我每天早上醒來都沒有興趣，什麼事也不想做，每天都這樣。我一直以為自己是成功的人，但是，最近我正處於一種枯竭狀態，感覺每天都是相同的日子，什麼事都不興趣,事,O,O,O,O,O,O,15
836,這兩天來，我每天早上醒來都沒有興趣，什麼事也不想做，每天都這樣。我一直以為自己是成功的人，但是，最近我正處於一種枯竭狀態，感覺每天都是相同的日子，什麼事都不興趣,也,O,O,O,O,O,O,16
836,這兩天來，我每天早上醒來都沒有興趣，什麼事也不想做，每天都這樣。我一直以為自己是成功的人，但是，最近我正處於一種枯竭狀態，感覺每天都是相同的日子，什麼事都不興趣,不,O,O,O,O,O,O,17
836,這兩天來，我每天早上醒來都沒有興趣，什麼事也不想做，每天都這樣。我一直以為自己是成功的人，但是，最近我正處於一種枯竭狀態，感覺每天都是相同的日子，什麼事都不興趣,想,O,O,O,O,O,O,18
836,這兩天來，我每天早上醒來都沒有興趣，什麼事也不想做，每天都這樣。我一直以為自己是成功的人，但是，最近我正處於一種枯竭狀態，感覺每天都是相同的日子，什麼事都不興趣,做,O,O,O,O,O,O,19
836,這兩天來，我每天早上醒來都沒有興趣，什麼事也不想做，每天都這樣。我一直以為自己是成功的人，但是，最近我正處於一種枯竭狀態，感覺每天都是相同的日子，什麼事都不興趣,，,O,O,O,O,O,O,20
836,這兩天來，我每天早上醒來都沒有興趣，什麼事也不想做，每天都這樣。我一直以為自己是成功的人，但是，最近我正處於一種枯竭狀態，感覺每天都是相同的日子，什麼事都不興趣,每天,O,O,O,O,O,O,21
836,這兩天來，我每天早上醒來都沒有興趣，什麼事也不想做，每天都這樣。我一直以為自己是成功的人，但是，最近我正處於一種枯竭狀態，感覺每天都是相同的日子，什麼事都不興趣,都,O,O,O,O,O,O,22
836,這兩天來，我每天早上醒來都沒有興趣，什麼事也不想做，每天都這樣。我一直以為自己是成功的人，但是，最近我正處於一種枯竭狀態，感覺每天都是相同的日子，什麼事都不興趣,這樣,O,O,O,O,O,O,23
836,這兩天來，我每天早上醒來都沒有興趣，什麼事也不想做，每天都這樣。我一直以為自己是成功的人，但是，最近我正處於一種枯竭狀態，感覺每天都是相同的日子，什麼事都不興趣,。,O,O,O,O,O,O,24
836,這兩天來，我每天早上醒來都沒有興趣，什麼事也不想做，每天都這樣。我一直以為自己是成功的人，但是，最近我正處於一種枯竭狀態，感覺每天都是相同的日子，什麼事都不興趣,我,O,O,O,O,O,O,25
836,這兩天來，我每天早上醒來都沒有興趣，什麼事也不想做，每天都這樣。我一直以為自己是成功的人，但是，最近我正處於一種枯竭狀態，感覺每天都是相同的日子，什麼事都不興趣,一直,O,O,O,O,O,O,26
836,這兩天來，我每天早上醒來都沒有興趣，什麼事也不想做，每天都這樣。我一直以為自己是成功的人，但是，最近我正處於一種枯竭狀態，感覺每天都是相同的日子，什麼事都不興趣,以為,O,O,O,O,O,O,27
836,這兩天來，我每天早上醒來都沒有興趣，什麼事也不想做，每天都這樣。我一直以為自己是成功的人，但是，最近我正處於一種枯竭狀態，感覺每天都是相同的日子，什麼事都不興趣,自己,O,O,O,O,O,O,28
836,這兩天來，我每天早上醒來都沒有興趣，什麼事也不想做，每天都這樣。我一直以為自己是成功的人，但是，最近我正處於一種枯竭狀態，感覺每天都是相同的日子，什麼事都不興趣,是,O,O,O,O,O,O,29
836,這兩天來，我每天早上醒來都沒有興趣，什麼事也不想做，每天都這樣。我一直以為自己是成功的人，但是，最近我正處於一種枯竭狀態，感覺每天都是相同的日子，什麼事都不興趣,成功,O,O,O,O,O,O,30
836,這兩天來，我每天早上醒來都沒有興趣，什麼事也不想做，每天都這樣。我一直以為自己是成功的人，但是，最近我正處於一種枯竭狀態，感覺每天都是相同的日子，什麼事都不興趣,的,O,O,O,O,O,O,31
836,這兩天來，我每天早上醒來都沒有興趣，什麼事也不想做，每天都這樣。我一直以為自己是成功的人，但是，最近我正處於一種枯竭狀態，感覺每天都是相同的日子，什麼事都不興趣,人,O,O,O,O,O,O,32
836,這兩天來，我每天早上醒來都沒有興趣，什麼事也不想做，每天都這樣。我一直以為自己是成功的人，但是，最近我正處於一種枯竭狀態，感覺每天都是相同的日子，什麼事都不興趣,，,O,O,O,O,O,O,33
836,這兩天來，我每天早上醒來都沒有興趣，什麼事也不想做，每天都這樣。我一直以為自己是成功的人，但是，最近我正處於一種枯竭狀態，感覺每天都是相同的日子，什麼事都不興趣,但是,O,O,O,O,O,O,34
836,這兩天來，我每天早上醒來都沒有興趣，什麼事也不想做，每天都這樣。我一直以為自己是成功的人，但是，最近我正處於一種枯竭狀態，感覺每天都是相同的日子，什麼事都不興趣,，,O,O,O,O,O,O,35
836,這兩天來，我每天早上醒來都沒有興趣，什麼事也不想做，每天都這樣。我一直以為自己是成功的人，但是，最近我正處於一種枯竭狀態，感覺每天都是相同的日子，什麼事都不興趣,最近,O,O,O,O,O,O,36
836,這兩天來，我每天早上醒來都沒有興趣，什麼事也不想做，每天都這樣。我一直以為自己是成功的人，但是，最近我正處於一種枯竭狀態，感覺每天都是相同的日子，什麼事都不興趣,我,O,O,O,O,O,O,37
836,這兩天來，我每天早上醒來都沒有興趣，什麼事也不想做，每天都這樣。我一直以為自己是成功的人，但是，最近我正處於一種枯竭狀態，感覺每天都是相同的日子，什麼事都不興趣,正,O,O,O,O,O,O,38
836,這兩天來，我每天早上醒來都沒有興趣，什麼事也不想做，每天都這樣。我一直以為自己是成功的人，但是，最近我正處於一種枯竭狀態，感覺每天都是相同的日子，什麼事都不興趣,處於,O,O,O,O,O,O,39
836,這兩天來，我每天早上醒來都沒有興趣，什麼事也不想做，每天都這樣。我一直以為自己是成功的人，但是，最近我正處於一種枯竭狀態，感覺每天都是相同的日子，什麼事都不興趣,一,O,O,O,O,O,O,40
836,這兩天來，我每天早上醒來都沒有興趣，什麼事也不想做，每天都這樣。我一直以為自己是成功的人，但是，最近我正處於一種枯竭狀態，感覺每天都是相同的日子，什麼事都不興趣,種,O,O,O,S-D,O,O,41
836,這兩天來，我每天早上醒來都沒有興趣，什麼事也不想做，每天都這樣。我一直以為自己是成功的人，但是，最近我正處於一種枯竭狀態，感覺每天都是相同的日子，什麼事都不興趣,枯竭,O,S-D,S-D,O,S-D,S-D,42
836,這兩天來，我每天早上醒來都沒有興趣，什麼事也不想做，每天都這樣。我一直以為自己是成功的人，但是，最近我正處於一種枯竭狀態，感覺每天都是相同的日子，什麼事都不興趣,狀態,O,O,O,O,O,O,43
836,這兩天來，我每天早上醒來都沒有興趣，什麼事也不想做，每天都這樣。我一直以為自己是成功的人，但是，最近我正處於一種枯竭狀態，感覺每天都是相同的日子，什麼事都不興趣,，,O,O,O,O,O,O,44
836,這兩天來，我每天早上醒來都沒有興趣，什麼事也不想做，每天都這樣。我一直以為自己是成功的人，但是，最近我正處於一種枯竭狀態，感覺每天都是相同的日子，什麼事都不興趣,感覺,O,O,O,O,O,O,45
836,這兩天來，我每天早上醒來都沒有興趣，什麼事也不想做，每天都這樣。我一直以為自己是成功的人，但是，最近我正處於一種枯竭狀態，感覺每天都是相同的日子，什麼事都不興趣,每天,O,O,O,O,O,O,46
836,這兩天來，我每天早上醒來都沒有興趣，什麼事也不想做，每天都這樣。我一直以為自己是成功的人，但是，最近我正處於一種枯竭狀態，感覺每天都是相同的日子，什麼事都不興趣,都,O,O,O,O,O,O,47
836,這兩天來，我每天早上醒來都沒有興趣，什麼事也不想做，每天都這樣。我一直以為自己是成功的人，但是，最近我正處於一種枯竭狀態，感覺每天都是相同的日子，什麼事都不興趣,是,O,O,O,O,O,O,48
836,這兩天來，我每天早上醒來都沒有興趣，什麼事也不想做，每天都這樣。我一直以為自己是成功的人，但是，最近我正處於一種枯竭狀態，感覺每天都是相同的日子，什麼事都不興趣,相同,O,O,O,O,O,O,49
836,這兩天來，我每天早上醒來都沒有興趣，什麼事也不想做，每天都這樣。我一直以為自己是成功的人，但是，最近我正處於一種枯竭狀態，感覺每天都是相同的日子，什麼事都不興趣,的,O,O,O,O,O,O,50
836,這兩天來，我每天早上醒來都沒有興趣，什麼事也不想做，每天都這樣。我一直以為自己是成功的人，但是，最近我正處於一種枯竭狀態，感覺每天都是相同的日子，什麼事都不興趣,日子,O,O,O,O,O,O,51
836,這兩天來，我每天早上醒來都沒有興趣，什麼事也不想做，每天都這樣。我一直以為自己是成功的人，但是，最近我正處於一種枯竭狀態，感覺每天都是相同的日子，什麼事都不興趣,，,O,O,O,O,O,O,52
836,這兩天來，我每天早上醒來都沒有興趣，什麼事也不想做，每天都這樣。我一直以為自己是成功的人，但是，最近我正處於一種枯竭狀態，感覺每天都是相同的日子，什麼事都不興趣,什麼,O,O,O,O,O,O,53
836,這兩天來，我每天早上醒來都沒有興趣，什麼事也不想做，每天都這樣。我一直以為自己是成功的人，但是，最近我正處於一種枯竭狀態，感覺每天都是相同的日子，什麼事都不興趣,事,O,O,O,O,O,O,54
836,這兩天來，我每天早上醒來都沒有興趣，什麼事也不想做，每天都這樣。我一直以為自己是成功的人，但是，最近我正處於一種枯竭狀態，感覺每天都是相同的日子，什麼事都不興趣,都,O,O,O,O,O,O,55
836,這兩天來，我每天早上醒來都沒有興趣，什麼事也不想做，每天都這樣。我一直以為自己是成功的人，但是，最近我正處於一種枯竭狀態，感覺每天都是相同的日子，什麼事都不興趣,不,B-A,O,O,S-A,O,O,56
836,這兩天來，我每天早上醒來都沒有興趣，什麼事也不想做，每天都這樣。我一直以為自己是成功的人，但是，最近我正處於一種枯竭狀態，感覺每天都是相同的日子，什麼事都不興趣,興趣,E-A,S-A,S-A,O,S-A,S-A,57
836,這兩天來，我每天早上醒來都沒有興趣，什麼事也不想做，每天都這樣。我一直以為自己是成功的人，但是，最近我正處於一種枯竭狀態，感覺每天都是相同的日子，什麼事都不興趣,。,O,O,O,缺失預測,O,O,58
837,這個世界已經過了，什麼都無所謂了。 不知道該寫些什麼了，今天就這樣，沒有什麼想法了。 可是在這個沉重的情緒中，我發現了個事實：沒有人來問我為什麼  我開始想，我這個人還會被忽略不見的嗎？什麼都無所謂了,這個,O,O,O,O,O,O,1
837,這個世界已經過了，什麼都無所謂了。 不知道該寫些什麼了，今天就這樣，沒有什麼想法了。 可是在這個沉重的情緒中，我發現了個事實：沒有人來問我為什麼  我開始想，我這個人還會被忽略不見的嗎？什麼都無所謂了,世界,O,O,O,O,O,O,2
837,這個世界已經過了，什麼都無所謂了。 不知道該寫些什麼了，今天就這樣，沒有什麼想法了。 可是在這個沉重的情緒中，我發現了個事實：沒有人來問我為什麼  我開始想，我這個人還會被忽略不見的嗎？什麼都無所謂了,已經,O,O,O,O,O,O,3
837,這個世界已經過了，什麼都無所謂了。 不知道該寫些什麼了，今天就這樣，沒有什麼想法了。 可是在這個沉重的情緒中，我發現了個事實：沒有人來問我為什麼  我開始想，我這個人還會被忽略不見的嗎？什麼都無所謂了,過了,O,O,O,O,O,O,4
837,這個世界已經過了，什麼都無所謂了。 不知道該寫些什麼了，今天就這樣，沒有什麼想法了。 可是在這個沉重的情緒中，我發現了個事實：沒有人來問我為什麼  我開始想，我這個人還會被忽略不見的嗎？什麼都無所謂了,，,O,O,O,O,O,O,5
837,這個世界已經過了，什麼都無所謂了。 不知道該寫些什麼了，今天就這樣，沒有什麼想法了。 可是在這個沉重的情緒中，我發現了個事實：沒有人來問我為什麼  我開始想，我這個人還會被忽略不見的嗎？什麼都無所謂了,什麼,O,O,O,O,O,O,6
837,這個世界已經過了，什麼都無所謂了。 不知道該寫些什麼了，今天就這樣，沒有什麼想法了。 可是在這個沉重的情緒中，我發現了個事實：沒有人來問我為什麼  我開始想，我這個人還會被忽略不見的嗎？什麼都無所謂了,都,O,O,O,O,O,O,7
837,這個世界已經過了，什麼都無所謂了。 不知道該寫些什麼了，今天就這樣，沒有什麼想法了。 可是在這個沉重的情緒中，我發現了個事實：沒有人來問我為什麼  我開始想，我這個人還會被忽略不見的嗎？什麼都無所謂了,無所謂,S-D,S-D,S-D,S-D,S-D,S-D,8
837,這個世界已經過了，什麼都無所謂了。 不知道該寫些什麼了，今天就這樣，沒有什麼想法了。 可是在這個沉重的情緒中，我發現了個事實：沒有人來問我為什麼  我開始想，我這個人還會被忽略不見的嗎？什麼都無所謂了,了,O,O,O,O,O,O,9
837,這個世界已經過了，什麼都無所謂了。 不知道該寫些什麼了，今天就這樣，沒有什麼想法了。 可是在這個沉重的情緒中，我發現了個事實：沒有人來問我為什麼  我開始想，我這個人還會被忽略不見的嗎？什麼都無所謂了,。,O,O,O,O,O,O,10
837,這個世界已經過了，什麼都無所謂了。 不知道該寫些什麼了，今天就這樣，沒有什麼想法了。 可是在這個沉重的情緒中，我發現了個事實：沒有人來問我為什麼  我開始想，我這個人還會被忽略不見的嗎？什麼都無所謂了,不知道,O,O,O,O,O,O,11
837,這個世界已經過了，什麼都無所謂了。 不知道該寫些什麼了，今天就這樣，沒有什麼想法了。 可是在這個沉重的情緒中，我發現了個事實：沒有人來問我為什麼  我開始想，我這個人還會被忽略不見的嗎？什麼都無所謂了,該,O,O,O,O,O,O,12
837,這個世界已經過了，什麼都無所謂了。 不知道該寫些什麼了，今天就這樣，沒有什麼想法了。 可是在這個沉重的情緒中，我發現了個事實：沒有人來問我為什麼  我開始想，我這個人還會被忽略不見的嗎？什麼都無所謂了,寫,O,O,O,O,O,O,13
837,這個世界已經過了，什麼都無所謂了。 不知道該寫些什麼了，今天就這樣，沒有什麼想法了。 可是在這個沉重的情緒中，我發現了個事實：沒有人來問我為什麼  我開始想，我這個人還會被忽略不見的嗎？什麼都無所謂了,些,O,O,O,O,O,O,14
837,這個世界已經過了，什麼都無所謂了。 不知道該寫些什麼了，今天就這樣，沒有什麼想法了。 可是在這個沉重的情緒中，我發現了個事實：沒有人來問我為什麼  我開始想，我這個人還會被忽略不見的嗎？什麼都無所謂了,什麼,O,O,O,O,O,O,15
837,這個世界已經過了，什麼都無所謂了。 不知道該寫些什麼了，今天就這樣，沒有什麼想法了。 可是在這個沉重的情緒中，我發現了個事實：沒有人來問我為什麼  我開始想，我這個人還會被忽略不見的嗎？什麼都無所謂了,了,O,O,O,O,O,O,16
837,這個世界已經過了，什麼都無所謂了。 不知道該寫些什麼了，今天就這樣，沒有什麼想法了。 可是在這個沉重的情緒中，我發現了個事實：沒有人來問我為什麼  我開始想，我這個人還會被忽略不見的嗎？什麼都無所謂了,，,O,O,O,O,O,O,17
837,這個世界已經過了，什麼都無所謂了。 不知道該寫些什麼了，今天就這樣，沒有什麼想法了。 可是在這個沉重的情緒中，我發現了個事實：沒有人來問我為什麼  我開始想，我這個人還會被忽略不見的嗎？什麼都無所謂了,今天,O,O,O,O,O,O,18
837,這個世界已經過了，什麼都無所謂了。 不知道該寫些什麼了，今天就這樣，沒有什麼想法了。 可是在這個沉重的情緒中，我發現了個事實：沒有人來問我為什麼  我開始想，我這個人還會被忽略不見的嗎？什麼都無所謂了,就,O,O,O,O,O,O,19
837,這個世界已經過了，什麼都無所謂了。 不知道該寫些什麼了，今天就這樣，沒有什麼想法了。 可是在這個沉重的情緒中，我發現了個事實：沒有人來問我為什麼  我開始想，我這個人還會被忽略不見的嗎？什麼都無所謂了,這樣,O,O,O,O,O,O,20
837,這個世界已經過了，什麼都無所謂了。 不知道該寫些什麼了，今天就這樣，沒有什麼想法了。 可是在這個沉重的情緒中，我發現了個事實：沒有人來問我為什麼  我開始想，我這個人還會被忽略不見的嗎？什麼都無所謂了,，,O,O,O,O,O,O,21
837,這個世界已經過了，什麼都無所謂了。 不知道該寫些什麼了，今天就這樣，沒有什麼想法了。 可是在這個沉重的情緒中，我發現了個事實：沒有人來問我為什麼  我開始想，我這個人還會被忽略不見的嗎？什麼都無所謂了,沒有,O,O,O,O,O,O,22
837,這個世界已經過了，什麼都無所謂了。 不知道該寫些什麼了，今天就這樣，沒有什麼想法了。 可是在這個沉重的情緒中，我發現了個事實：沒有人來問我為什麼  我開始想，我這個人還會被忽略不見的嗎？什麼都無所謂了,什麼,O,O,O,O,O,O,23
837,這個世界已經過了，什麼都無所謂了。 不知道該寫些什麼了，今天就這樣，沒有什麼想法了。 可是在這個沉重的情緒中，我發現了個事實：沒有人來問我為什麼  我開始想，我這個人還會被忽略不見的嗎？什麼都無所謂了,想法,O,S-D,S-D,S-D,S-D,O,24
837,這個世界已經過了，什麼都無所謂了。 不知道該寫些什麼了，今天就這樣，沒有什麼想法了。 可是在這個沉重的情緒中，我發現了個事實：沒有人來問我為什麼  我開始想，我這個人還會被忽略不見的嗎？什麼都無所謂了,了,O,O,O,O,O,O,25
837,這個世界已經過了，什麼都無所謂了。 不知道該寫些什麼了，今天就這樣，沒有什麼想法了。 可是在這個沉重的情緒中，我發現了個事實：沒有人來問我為什麼  我開始想，我這個人還會被忽略不見的嗎？什麼都無所謂了,。,O,O,O,O,O,O,26
837,這個世界已經過了，什麼都無所謂了。 不知道該寫些什麼了，今天就這樣，沒有什麼想法了。 可是在這個沉重的情緒中，我發現了個事實：沒有人來問我為什麼  我開始想，我這個人還會被忽略不見的嗎？什麼都無所謂了,可是在,O,O,O,O,O,O,27
837,這個世界已經過了，什麼都無所謂了。 不知道該寫些什麼了，今天就這樣，沒有什麼想法了。 可是在這個沉重的情緒中，我發現了個事實：沒有人來問我為什麼  我開始想，我這個人還會被忽略不見的嗎？什麼都無所謂了,這個,O,O,O,O,O,O,28
837,這個世界已經過了，什麼都無所謂了。 不知道該寫些什麼了，今天就這樣，沒有什麼想法了。 可是在這個沉重的情緒中，我發現了個事實：沒有人來問我為什麼  我開始想，我這個人還會被忽略不見的嗎？什麼都無所謂了,沉重,S-D,S-D,S-D,S-D,S-D,S-D,29
837,這個世界已經過了，什麼都無所謂了。 不知道該寫些什麼了，今天就這樣，沒有什麼想法了。 可是在這個沉重的情緒中，我發現了個事實：沒有人來問我為什麼  我開始想，我這個人還會被忽略不見的嗎？什麼都無所謂了,的,O,O,O,O,O,O,30
837,這個世界已經過了，什麼都無所謂了。 不知道該寫些什麼了，今天就這樣，沒有什麼想法了。 可是在這個沉重的情緒中，我發現了個事實：沒有人來問我為什麼  我開始想，我這個人還會被忽略不見的嗎？什麼都無所謂了,情緒,O,O,O,O,O,O,31
837,這個世界已經過了，什麼都無所謂了。 不知道該寫些什麼了，今天就這樣，沒有什麼想法了。 可是在這個沉重的情緒中，我發現了個事實：沒有人來問我為什麼  我開始想，我這個人還會被忽略不見的嗎？什麼都無所謂了,中,O,O,O,O,O,O,32
837,這個世界已經過了，什麼都無所謂了。 不知道該寫些什麼了，今天就這樣，沒有什麼想法了。 可是在這個沉重的情緒中，我發現了個事實：沒有人來問我為什麼  我開始想，我這個人還會被忽略不見的嗎？什麼都無所謂了,，,O,O,O,O,O,O,33
837,這個世界已經過了，什麼都無所謂了。 不知道該寫些什麼了，今天就這樣，沒有什麼想法了。 可是在這個沉重的情緒中，我發現了個事實：沒有人來問我為什麼  我開始想，我這個人還會被忽略不見的嗎？什麼都無所謂了,我,O,O,O,O,O,O,34
837,這個世界已經過了，什麼都無所謂了。 不知道該寫些什麼了，今天就這樣，沒有什麼想法了。 可是在這個沉重的情緒中，我發現了個事實：沒有人來問我為什麼  我開始想，我這個人還會被忽略不見的嗎？什麼都無所謂了,發現,O,O,O,O,O,O,35
837,這個世界已經過了，什麼都無所謂了。 不知道該寫些什麼了，今天就這樣，沒有什麼想法了。 可是在這個沉重的情緒中，我發現了個事實：沒有人來問我為什麼  我開始想，我這個人還會被忽略不見的嗎？什麼都無所謂了,了,O,O,O,O,O,O,36
837,這個世界已經過了，什麼都無所謂了。 不知道該寫些什麼了，今天就這樣，沒有什麼想法了。 可是在這個沉重的情緒中，我發現了個事實：沒有人來問我為什麼  我開始想，我這個人還會被忽略不見的嗎？什麼都無所謂了,個,O,O,O,O,O,O,37
837,這個世界已經過了，什麼都無所謂了。 不知道該寫些什麼了，今天就這樣，沒有什麼想法了。 可是在這個沉重的情緒中，我發現了個事實：沒有人來問我為什麼  我開始想，我這個人還會被忽略不見的嗎？什麼都無所謂了,事實,O,O,O,O,O,O,38
837,這個世界已經過了，什麼都無所謂了。 不知道該寫些什麼了，今天就這樣，沒有什麼想法了。 可是在這個沉重的情緒中，我發現了個事實：沒有人來問我為什麼  我開始想，我這個人還會被忽略不見的嗎？什麼都無所謂了,：,O,O,O,O,O,O,39
837,這個世界已經過了，什麼都無所謂了。 不知道該寫些什麼了，今天就這樣，沒有什麼想法了。 可是在這個沉重的情緒中，我發現了個事實：沒有人來問我為什麼  我開始想，我這個人還會被忽略不見的嗎？什麼都無所謂了,沒有人,O,O,O,O,O,O,40
837,這個世界已經過了，什麼都無所謂了。 不知道該寫些什麼了，今天就這樣，沒有什麼想法了。 可是在這個沉重的情緒中，我發現了個事實：沒有人來問我為什麼  我開始想，我這個人還會被忽略不見的嗎？什麼都無所謂了,來,O,O,O,O,O,O,41
837,這個世界已經過了，什麼都無所謂了。 不知道該寫些什麼了，今天就這樣，沒有什麼想法了。 可是在這個沉重的情緒中，我發現了個事實：沒有人來問我為什麼  我開始想，我這個人還會被忽略不見的嗎？什麼都無所謂了,問,O,O,O,O,O,O,42
837,這個世界已經過了，什麼都無所謂了。 不知道該寫些什麼了，今天就這樣，沒有什麼想法了。 可是在這個沉重的情緒中，我發現了個事實：沒有人來問我為什麼  我開始想，我這個人還會被忽略不見的嗎？什麼都無所謂了,我,O,O,O,O,O,O,43
837,這個世界已經過了，什麼都無所謂了。 不知道該寫些什麼了，今天就這樣，沒有什麼想法了。 可是在這個沉重的情緒中，我發現了個事實：沒有人來問我為什麼  我開始想，我這個人還會被忽略不見的嗎？什麼都無所謂了,為什麼,O,O,O,O,O,O,44
837,這個世界已經過了，什麼都無所謂了。 不知道該寫些什麼了，今天就這樣，沒有什麼想法了。 可是在這個沉重的情緒中，我發現了個事實：沒有人來問我為什麼  我開始想，我這個人還會被忽略不見的嗎？什麼都無所謂了,O,O,O,O,O,O,O,45
837,這個世界已經過了，什麼都無所謂了。 不知道該寫些什麼了，今天就這樣，沒有什麼想法了。 可是在這個沉重的情緒中，我發現了個事實：沒有人來問我為什麼  我開始想，我這個人還會被忽略不見的嗎？什麼都無所謂了,我,O,O,O,O,O,O,46
837,這個世界已經過了，什麼都無所謂了。 不知道該寫些什麼了，今天就這樣，沒有什麼想法了。 可是在這個沉重的情緒中，我發現了個事實：沒有人來問我為什麼  我開始想，我這個人還會被忽略不見的嗎？什麼都無所謂了,開始,O,O,O,O,O,O,47
837,這個世界已經過了，什麼都無所謂了。 不知道該寫些什麼了，今天就這樣，沒有什麼想法了。 可是在這個沉重的情緒中，我發現了個事實：沒有人來問我為什麼  我開始想，我這個人還會被忽略不見的嗎？什麼都無所謂了,想,O,O,O,O,O,O,48
837,這個世界已經過了，什麼都無所謂了。 不知道該寫些什麼了，今天就這樣，沒有什麼想法了。 可是在這個沉重的情緒中，我發現了個事實：沒有人來問我為什麼  我開始想，我這個人還會被忽略不見的嗎？什麼都無所謂了,，,O,O,O,O,O,O,49
837,這個世界已經過了，什麼都無所謂了。 不知道該寫些什麼了，今天就這樣，沒有什麼想法了。 可是在這個沉重的情緒中，我發現了個事實：沒有人來問我為什麼  我開始想，我這個人還會被忽略不見的嗎？什麼都無所謂了,我,O,O,O,O,O,O,50
837,這個世界已經過了，什麼都無所謂了。 不知道該寫些什麼了，今天就這樣，沒有什麼想法了。 可是在這個沉重的情緒中，我發現了個事實：沒有人來問我為什麼  我開始想，我這個人還會被忽略不見的嗎？什麼都無所謂了,這個,O,O,O,O,O,O,51
837,這個世界已經過了，什麼都無所謂了。 不知道該寫些什麼了，今天就這樣，沒有什麼想法了。 可是在這個沉重的情緒中，我發現了個事實：沒有人來問我為什麼  我開始想，我這個人還會被忽略不見的嗎？什麼都無所謂了,人,O,O,O,O,O,O,52
837,這個世界已經過了，什麼都無所謂了。 不知道該寫些什麼了，今天就這樣，沒有什麼想法了。 可是在這個沉重的情緒中，我發現了個事實：沒有人來問我為什麼  我開始想，我這個人還會被忽略不見的嗎？什麼都無所謂了,還會,O,O,O,O,O,O,53
837,這個世界已經過了，什麼都無所謂了。 不知道該寫些什麼了，今天就這樣，沒有什麼想法了。 可是在這個沉重的情緒中，我發現了個事實：沒有人來問我為什麼  我開始想，我這個人還會被忽略不見的嗎？什麼都無所謂了,被,O,O,O,O,O,O,54
837,這個世界已經過了，什麼都無所謂了。 不知道該寫些什麼了，今天就這樣，沒有什麼想法了。 可是在這個沉重的情緒中，我發現了個事實：沒有人來問我為什麼  我開始想，我這個人還會被忽略不見的嗎？什麼都無所謂了,忽略,O,O,O,O,O,O,55
837,這個世界已經過了，什麼都無所謂了。 不知道該寫些什麼了，今天就這樣，沒有什麼想法了。 可是在這個沉重的情緒中，我發現了個事實：沒有人來問我為什麼  我開始想，我這個人還會被忽略不見的嗎？什麼都無所謂了,不見,O,O,O,O,O,O,56
837,這個世界已經過了，什麼都無所謂了。 不知道該寫些什麼了，今天就這樣，沒有什麼想法了。 可是在這個沉重的情緒中，我發現了個事實：沒有人來問我為什麼  我開始想，我這個人還會被忽略不見的嗎？什麼都無所謂了,的,O,O,O,O,O,O,57
837,這個世界已經過了，什麼都無所謂了。 不知道該寫些什麼了，今天就這樣，沒有什麼想法了。 可是在這個沉重的情緒中，我發現了個事實：沒有人來問我為什麼  我開始想，我這個人還會被忽略不見的嗎？什麼都無所謂了,嗎,O,O,O,O,O,O,58
837,這個世界已經過了，什麼都無所謂了。 不知道該寫些什麼了，今天就這樣，沒有什麼想法了。 可是在這個沉重的情緒中，我發現了個事實：沒有人來問我為什麼  我開始想，我這個人還會被忽略不見的嗎？什麼都無所謂了,？,O,O,O,O,O,O,59
837,這個世界已經過了，什麼都無所謂了。 不知道該寫些什麼了，今天就這樣，沒有什麼想法了。 可是在這個沉重的情緒中，我發現了個事實：沒有人來問我為什麼  我開始想，我這個人還會被忽略不見的嗎？什麼都無所謂了,什麼,O,O,O,O,O,O,60
837,這個世界已經過了，什麼都無所謂了。 不知道該寫些什麼了，今天就這樣，沒有什麼想法了。 可是在這個沉重的情緒中，我發現了個事實：沒有人來問我為什麼  我開始想，我這個人還會被忽略不見的嗎？什麼都無所謂了,都,O,O,O,O,O,O,61
837,這個世界已經過了，什麼都無所謂了。 不知道該寫些什麼了，今天就這樣，沒有什麼想法了。 可是在這個沉重的情緒中，我發現了個事實：沒有人來問我為什麼  我開始想，我這個人還會被忽略不見的嗎？什麼都無所謂了,無所謂,S-D,S-D,S-D,S-D,S-D,S-D,62
837,這個世界已經過了，什麼都無所謂了。 不知道該寫些什麼了，今天就這樣，沒有什麼想法了。 可是在這個沉重的情緒中，我發現了個事實：沒有人來問我為什麼  我開始想，我這個人還會被忽略不見的嗎？什麼都無所謂了,了,O,O,O,O,O,O,63
838,當你每天都無所謂地走著，逐步變得像一名無目的的旅行者 當你在夢里想著什麼都無用  當你每天都感覺自己在步入黑夜,當,O,O,O,O,O,O,1
838,當你每天都無所謂地走著，逐步變得像一名無目的的旅行者 當你在夢里想著什麼都無用  當你每天都感覺自己在步入黑夜,你,O,O,O,O,O,O,2
838,當你每天都無所謂地走著，逐步變得像一名無目的的旅行者 當你在夢里想著什麼都無用  當你每天都感覺自己在步入黑夜,每天,O,O,O,O,O,O,3
838,當你每天都無所謂地走著，逐步變得像一名無目的的旅行者 當你在夢里想著什麼都無用  當你每天都感覺自己在步入黑夜,都,O,O,O,O,O,O,4
838,當你每天都無所謂地走著，逐步變得像一名無目的的旅行者 當你在夢里想著什麼都無用  當你每天都感覺自己在步入黑夜,無所謂地,S-A,O,S-D,B-D,B-D,B-D,5
838,當你每天都無所謂地走著，逐步變得像一名無目的的旅行者 當你在夢里想著什麼都無用  當你每天都感覺自己在步入黑夜,走著,O,O,O,M-D,E-D,E-D,6
838,當你每天都無所謂地走著，逐步變得像一名無目的的旅行者 當你在夢里想著什麼都無用  當你每天都感覺自己在步入黑夜,，,O,O,O,E-D,O,O,7
838,當你每天都無所謂地走著，逐步變得像一名無目的的旅行者 當你在夢里想著什麼都無用  當你每天都感覺自己在步入黑夜,逐步,O,O,O,O,O,O,8
838,當你每天都無所謂地走著，逐步變得像一名無目的的旅行者 當你在夢里想著什麼都無用  當你每天都感覺自己在步入黑夜,變得,O,O,O,O,O,O,9
838,當你每天都無所謂地走著，逐步變得像一名無目的的旅行者 當你在夢里想著什麼都無用  當你每天都感覺自己在步入黑夜,像,O,O,O,O,O,O,10
838,當你每天都無所謂地走著，逐步變得像一名無目的的旅行者 當你在夢里想著什麼都無用  當你每天都感覺自己在步入黑夜,一名,O,O,O,O,O,O,11
838,當你每天都無所謂地走著，逐步變得像一名無目的的旅行者 當你在夢里想著什麼都無用  當你每天都感覺自己在步入黑夜,無目的,O,O,O,O,O,O,12
838,當你每天都無所謂地走著，逐步變得像一名無目的的旅行者 當你在夢里想著什麼都無用  當你每天都感覺自己在步入黑夜,的,O,O,S-D,S-D,S-D,S-D,13
838,當你每天都無所謂地走著，逐步變得像一名無目的的旅行者 當你在夢里想著什麼都無用  當你每天都感覺自己在步入黑夜,旅行者,O,S-D,O,O,O,O,14
838,當你每天都無所謂地走著，逐步變得像一名無目的的旅行者 當你在夢里想著什麼都無用  當你每天都感覺自己在步入黑夜,當,O,O,O,O,O,O,15
838,當你每天都無所謂地走著，逐步變得像一名無目的的旅行者 當你在夢里想著什麼都無用  當你每天都感覺自己在步入黑夜,你,O,O,O,O,O,O,16
838,當你每天都無所謂地走著，逐步變得像一名無目的的旅行者 當你在夢里想著什麼都無用  當你每天都感覺自己在步入黑夜,在,O,O,O,O,O,O,17
838,當你每天都無所謂地走著，逐步變得像一名無目的的旅行者 當你在夢里想著什麼都無用  當你每天都感覺自己在步入黑夜,夢里,O,O,O,O,O,O,18
838,當你每天都無所謂地走著，逐步變得像一名無目的的旅行者 當你在夢里想著什麼都無用  當你每天都感覺自己在步入黑夜,想著,O,O,O,O,O,O,19
838,當你每天都無所謂地走著，逐步變得像一名無目的的旅行者 當你在夢里想著什麼都無用  當你每天都感覺自己在步入黑夜,什麼,O,O,O,O,O,O,20
838,當你每天都無所謂地走著，逐步變得像一名無目的的旅行者 當你在夢里想著什麼都無用  當你每天都感覺自己在步入黑夜,都,O,O,O,O,O,O,21
838,當你每天都無所謂地走著，逐步變得像一名無目的的旅行者 當你在夢里想著什麼都無用  當你每天都感覺自己在步入黑夜,無用,O,S-D,O,O,O,O,22
838,當你每天都無所謂地走著，逐步變得像一名無目的的旅行者 當你在夢里想著什麼都無用  當你每天都感覺自己在步入黑夜,O,O,O,S-D,S-D,S-D,O,23
838,當你每天都無所謂地走著，逐步變得像一名無目的的旅行者 當你在夢里想著什麼都無用  當你每天都感覺自己在步入黑夜,當,O,O,O,O,O,S-D,24
838,當你每天都無所謂地走著，逐步變得像一名無目的的旅行者 當你在夢里想著什麼都無用  當你每天都感覺自己在步入黑夜,你,O,O,O,O,O,O,25
838,當你每天都無所謂地走著，逐步變得像一名無目的的旅行者 當你在夢里想著什麼都無用  當你每天都感覺自己在步入黑夜,每天,O,O,O,O,O,O,26
838,當你每天都無所謂地走著，逐步變得像一名無目的的旅行者 當你在夢里想著什麼都無用  當你每天都感覺自己在步入黑夜,都,O,O,O,O,O,O,27
838,當你每天都無所謂地走著，逐步變得像一名無目的的旅行者 當你在夢里想著什麼都無用  當你每天都感覺自己在步入黑夜,感覺,O,O,O,O,O,O,28
838,當你每天都無所謂地走著，逐步變得像一名無目的的旅行者 當你在夢里想著什麼都無用  當你每天都感覺自己在步入黑夜,自己,O,O,O,O,O,O,29
838,當你每天都無所謂地走著，逐步變得像一名無目的的旅行者 當你在夢里想著什麼都無用  當你每天都感覺自己在步入黑夜,在,O,O,O,O,O,O,30
838,當你每天都無所謂地走著，逐步變得像一名無目的的旅行者 當你在夢里想著什麼都無用  當你每天都感覺自己在步入黑夜,步入,O,O,O,O,O,O,31
838,當你每天都無所謂地走著，逐步變得像一名無目的的旅行者 當你在夢里想著什麼都無用  當你每天都感覺自己在步入黑夜,黑夜,O,S-D,O,O,O,O,32
838,當你每天都無所謂地走著，逐步變得像一名無目的的旅行者 當你在夢里想著什麼都無用  當你每天都感覺自己在步入黑夜,。,O,O,S-D,S-D,S-D,O,33
839,我最近發現自己不再喜歡做事了。每天看著社會上的所有東西，覺得都不起作用。什麼都有這樣的想法，不知道自己發生了什麼事，感覺像要沉淸在一個黑暗的泡沫中 ️ 這個時候我只知道在黑暗裡慢慢流逝，什麼也不做，盡快過完一天。,我,O,O,O,O,O,O,1
839,我最近發現自己不再喜歡做事了。每天看著社會上的所有東西，覺得都不起作用。什麼都有這樣的想法，不知道自己發生了什麼事，感覺像要沉淸在一個黑暗的泡沫中 ️ 這個時候我只知道在黑暗裡慢慢流逝，什麼也不做，盡快過完一天。,最近,O,O,O,O,O,O,2
839,我最近發現自己不再喜歡做事了。每天看著社會上的所有東西，覺得都不起作用。什麼都有這樣的想法，不知道自己發生了什麼事，感覺像要沉淸在一個黑暗的泡沫中 ️ 這個時候我只知道在黑暗裡慢慢流逝，什麼也不做，盡快過完一天。,發現,O,O,O,O,O,O,3
839,我最近發現自己不再喜歡做事了。每天看著社會上的所有東西，覺得都不起作用。什麼都有這樣的想法，不知道自己發生了什麼事，感覺像要沉淸在一個黑暗的泡沫中 ️ 這個時候我只知道在黑暗裡慢慢流逝，什麼也不做，盡快過完一天。,自己,O,O,O,O,O,O,4
839,我最近發現自己不再喜歡做事了。每天看著社會上的所有東西，覺得都不起作用。什麼都有這樣的想法，不知道自己發生了什麼事，感覺像要沉淸在一個黑暗的泡沫中 ️ 這個時候我只知道在黑暗裡慢慢流逝，什麼也不做，盡快過完一天。,不,O,O,O,O,O,O,5
839,我最近發現自己不再喜歡做事了。每天看著社會上的所有東西，覺得都不起作用。什麼都有這樣的想法，不知道自己發生了什麼事，感覺像要沉淸在一個黑暗的泡沫中 ️ 這個時候我只知道在黑暗裡慢慢流逝，什麼也不做，盡快過完一天。,再,O,O,O,O,O,O,6
839,我最近發現自己不再喜歡做事了。每天看著社會上的所有東西，覺得都不起作用。什麼都有這樣的想法，不知道自己發生了什麼事，感覺像要沉淸在一個黑暗的泡沫中 ️ 這個時候我只知道在黑暗裡慢慢流逝，什麼也不做，盡快過完一天。,喜歡,O,O,O,O,O,O,7
839,我最近發現自己不再喜歡做事了。每天看著社會上的所有東西，覺得都不起作用。什麼都有這樣的想法，不知道自己發生了什麼事，感覺像要沉淸在一個黑暗的泡沫中 ️ 這個時候我只知道在黑暗裡慢慢流逝，什麼也不做，盡快過完一天。,做事,O,O,O,O,O,O,8
839,我最近發現自己不再喜歡做事了。每天看著社會上的所有東西，覺得都不起作用。什麼都有這樣的想法，不知道自己發生了什麼事，感覺像要沉淸在一個黑暗的泡沫中 ️ 這個時候我只知道在黑暗裡慢慢流逝，什麼也不做，盡快過完一天。,了,O,O,O,O,O,O,9
839,我最近發現自己不再喜歡做事了。每天看著社會上的所有東西，覺得都不起作用。什麼都有這樣的想法，不知道自己發生了什麼事，感覺像要沉淸在一個黑暗的泡沫中 ️ 這個時候我只知道在黑暗裡慢慢流逝，什麼也不做，盡快過完一天。,。,O,O,O,O,O,O,10
839,我最近發現自己不再喜歡做事了。每天看著社會上的所有東西，覺得都不起作用。什麼都有這樣的想法，不知道自己發生了什麼事，感覺像要沉淸在一個黑暗的泡沫中 ️ 這個時候我只知道在黑暗裡慢慢流逝，什麼也不做，盡快過完一天。,每天,O,O,O,O,O,O,11
839,我最近發現自己不再喜歡做事了。每天看著社會上的所有東西，覺得都不起作用。什麼都有這樣的想法，不知道自己發生了什麼事，感覺像要沉淸在一個黑暗的泡沫中 ️ 這個時候我只知道在黑暗裡慢慢流逝，什麼也不做，盡快過完一天。,看著,O,O,O,O,O,O,12
839,我最近發現自己不再喜歡做事了。每天看著社會上的所有東西，覺得都不起作用。什麼都有這樣的想法，不知道自己發生了什麼事，感覺像要沉淸在一個黑暗的泡沫中 ️ 這個時候我只知道在黑暗裡慢慢流逝，什麼也不做，盡快過完一天。,社會,O,O,O,O,O,O,13
839,我最近發現自己不再喜歡做事了。每天看著社會上的所有東西，覺得都不起作用。什麼都有這樣的想法，不知道自己發生了什麼事，感覺像要沉淸在一個黑暗的泡沫中 ️ 這個時候我只知道在黑暗裡慢慢流逝，什麼也不做，盡快過完一天。,上,O,O,O,O,O,O,14
839,我最近發現自己不再喜歡做事了。每天看著社會上的所有東西，覺得都不起作用。什麼都有這樣的想法，不知道自己發生了什麼事，感覺像要沉淸在一個黑暗的泡沫中 ️ 這個時候我只知道在黑暗裡慢慢流逝，什麼也不做，盡快過完一天。,的,O,O,O,O,O,O,15
839,我最近發現自己不再喜歡做事了。每天看著社會上的所有東西，覺得都不起作用。什麼都有這樣的想法，不知道自己發生了什麼事，感覺像要沉淸在一個黑暗的泡沫中 ️ 這個時候我只知道在黑暗裡慢慢流逝，什麼也不做，盡快過完一天。,所有,O,O,O,O,O,O,16
839,我最近發現自己不再喜歡做事了。每天看著社會上的所有東西，覺得都不起作用。什麼都有這樣的想法，不知道自己發生了什麼事，感覺像要沉淸在一個黑暗的泡沫中 ️ 這個時候我只知道在黑暗裡慢慢流逝，什麼也不做，盡快過完一天。,東西,O,O,O,O,O,O,17
839,我最近發現自己不再喜歡做事了。每天看著社會上的所有東西，覺得都不起作用。什麼都有這樣的想法，不知道自己發生了什麼事，感覺像要沉淸在一個黑暗的泡沫中 ️ 這個時候我只知道在黑暗裡慢慢流逝，什麼也不做，盡快過完一天。,，,O,O,O,O,O,O,18
839,我最近發現自己不再喜歡做事了。每天看著社會上的所有東西，覺得都不起作用。什麼都有這樣的想法，不知道自己發生了什麼事，感覺像要沉淸在一個黑暗的泡沫中 ️ 這個時候我只知道在黑暗裡慢慢流逝，什麼也不做，盡快過完一天。,覺得,O,O,O,O,O,O,19
839,我最近發現自己不再喜歡做事了。每天看著社會上的所有東西，覺得都不起作用。什麼都有這樣的想法，不知道自己發生了什麼事，感覺像要沉淸在一個黑暗的泡沫中 ️ 這個時候我只知道在黑暗裡慢慢流逝，什麼也不做，盡快過完一天。,都,O,O,O,O,O,O,20
839,我最近發現自己不再喜歡做事了。每天看著社會上的所有東西，覺得都不起作用。什麼都有這樣的想法，不知道自己發生了什麼事，感覺像要沉淸在一個黑暗的泡沫中 ️ 這個時候我只知道在黑暗裡慢慢流逝，什麼也不做，盡快過完一天。,不,O,O,O,O,O,O,21
839,我最近發現自己不再喜歡做事了。每天看著社會上的所有東西，覺得都不起作用。什麼都有這樣的想法，不知道自己發生了什麼事，感覺像要沉淸在一個黑暗的泡沫中 ️ 這個時候我只知道在黑暗裡慢慢流逝，什麼也不做，盡快過完一天。,起作用,S-D,S-D,S-D,S-D,S-D,S-D,22
839,我最近發現自己不再喜歡做事了。每天看著社會上的所有東西，覺得都不起作用。什麼都有這樣的想法，不知道自己發生了什麼事，感覺像要沉淸在一個黑暗的泡沫中 ️ 這個時候我只知道在黑暗裡慢慢流逝，什麼也不做，盡快過完一天。,。,O,O,O,O,O,O,23
839,我最近發現自己不再喜歡做事了。每天看著社會上的所有東西，覺得都不起作用。什麼都有這樣的想法，不知道自己發生了什麼事，感覺像要沉淸在一個黑暗的泡沫中 ️ 這個時候我只知道在黑暗裡慢慢流逝，什麼也不做，盡快過完一天。,什麼,O,O,O,O,O,O,24
839,我最近發現自己不再喜歡做事了。每天看著社會上的所有東西，覺得都不起作用。什麼都有這樣的想法，不知道自己發生了什麼事，感覺像要沉淸在一個黑暗的泡沫中 ️ 這個時候我只知道在黑暗裡慢慢流逝，什麼也不做，盡快過完一天。,都有,O,O,O,O,O,O,25
839,我最近發現自己不再喜歡做事了。每天看著社會上的所有東西，覺得都不起作用。什麼都有這樣的想法，不知道自己發生了什麼事，感覺像要沉淸在一個黑暗的泡沫中 ️ 這個時候我只知道在黑暗裡慢慢流逝，什麼也不做，盡快過完一天。,這樣,O,O,O,O,O,O,26
839,我最近發現自己不再喜歡做事了。每天看著社會上的所有東西，覺得都不起作用。什麼都有這樣的想法，不知道自己發生了什麼事，感覺像要沉淸在一個黑暗的泡沫中 ️ 這個時候我只知道在黑暗裡慢慢流逝，什麼也不做，盡快過完一天。,的,O,O,O,O,O,O,27
839,我最近發現自己不再喜歡做事了。每天看著社會上的所有東西，覺得都不起作用。什麼都有這樣的想法，不知道自己發生了什麼事，感覺像要沉淸在一個黑暗的泡沫中 ️ 這個時候我只知道在黑暗裡慢慢流逝，什麼也不做，盡快過完一天。,想法,O,O,O,O,O,O,28
839,我最近發現自己不再喜歡做事了。每天看著社會上的所有東西，覺得都不起作用。什麼都有這樣的想法，不知道自己發生了什麼事，感覺像要沉淸在一個黑暗的泡沫中 ️ 這個時候我只知道在黑暗裡慢慢流逝，什麼也不做，盡快過完一天。,，,O,O,O,O,O,O,29
839,我最近發現自己不再喜歡做事了。每天看著社會上的所有東西，覺得都不起作用。什麼都有這樣的想法，不知道自己發生了什麼事，感覺像要沉淸在一個黑暗的泡沫中 ️ 這個時候我只知道在黑暗裡慢慢流逝，什麼也不做，盡快過完一天。,不知道,O,O,O,O,O,O,30
839,我最近發現自己不再喜歡做事了。每天看著社會上的所有東西，覺得都不起作用。什麼都有這樣的想法，不知道自己發生了什麼事，感覺像要沉淸在一個黑暗的泡沫中 ️ 這個時候我只知道在黑暗裡慢慢流逝，什麼也不做，盡快過完一天。,自己,O,O,O,O,O,O,31
839,我最近發現自己不再喜歡做事了。每天看著社會上的所有東西，覺得都不起作用。什麼都有這樣的想法，不知道自己發生了什麼事，感覺像要沉淸在一個黑暗的泡沫中 ️ 這個時候我只知道在黑暗裡慢慢流逝，什麼也不做，盡快過完一天。,發生,O,O,O,O,O,O,32
839,我最近發現自己不再喜歡做事了。每天看著社會上的所有東西，覺得都不起作用。什麼都有這樣的想法，不知道自己發生了什麼事，感覺像要沉淸在一個黑暗的泡沫中 ️ 這個時候我只知道在黑暗裡慢慢流逝，什麼也不做，盡快過完一天。,了,O,O,O,O,O,O,33
839,我最近發現自己不再喜歡做事了。每天看著社會上的所有東西，覺得都不起作用。什麼都有這樣的想法，不知道自己發生了什麼事，感覺像要沉淸在一個黑暗的泡沫中 ️ 這個時候我只知道在黑暗裡慢慢流逝，什麼也不做，盡快過完一天。,什麼,O,O,O,O,O,O,34
839,我最近發現自己不再喜歡做事了。每天看著社會上的所有東西，覺得都不起作用。什麼都有這樣的想法，不知道自己發生了什麼事，感覺像要沉淸在一個黑暗的泡沫中 ️ 這個時候我只知道在黑暗裡慢慢流逝，什麼也不做，盡快過完一天。,事,O,O,O,O,O,O,35
839,我最近發現自己不再喜歡做事了。每天看著社會上的所有東西，覺得都不起作用。什麼都有這樣的想法，不知道自己發生了什麼事，感覺像要沉淸在一個黑暗的泡沫中 ️ 這個時候我只知道在黑暗裡慢慢流逝，什麼也不做，盡快過完一天。,，,O,O,O,O,O,O,36
839,我最近發現自己不再喜歡做事了。每天看著社會上的所有東西，覺得都不起作用。什麼都有這樣的想法，不知道自己發生了什麼事，感覺像要沉淸在一個黑暗的泡沫中 ️ 這個時候我只知道在黑暗裡慢慢流逝，什麼也不做，盡快過完一天。,感覺,O,O,O,O,O,O,37
839,我最近發現自己不再喜歡做事了。每天看著社會上的所有東西，覺得都不起作用。什麼都有這樣的想法，不知道自己發生了什麼事，感覺像要沉淸在一個黑暗的泡沫中 ️ 這個時候我只知道在黑暗裡慢慢流逝，什麼也不做，盡快過完一天。,像要,O,O,O,O,O,O,38
839,我最近發現自己不再喜歡做事了。每天看著社會上的所有東西，覺得都不起作用。什麼都有這樣的想法，不知道自己發生了什麼事，感覺像要沉淸在一個黑暗的泡沫中 ️ 這個時候我只知道在黑暗裡慢慢流逝，什麼也不做，盡快過完一天。,沉,O,O,S-D,O,O,S-D,39
839,我最近發現自己不再喜歡做事了。每天看著社會上的所有東西，覺得都不起作用。什麼都有這樣的想法，不知道自己發生了什麼事，感覺像要沉淸在一個黑暗的泡沫中 ️ 這個時候我只知道在黑暗裡慢慢流逝，什麼也不做，盡快過完一天。,淸,O,O,O,O,O,O,40
839,我最近發現自己不再喜歡做事了。每天看著社會上的所有東西，覺得都不起作用。什麼都有這樣的想法，不知道自己發生了什麼事，感覺像要沉淸在一個黑暗的泡沫中 ️ 這個時候我只知道在黑暗裡慢慢流逝，什麼也不做，盡快過完一天。,在,O,O,O,O,O,O,41
839,我最近發現自己不再喜歡做事了。每天看著社會上的所有東西，覺得都不起作用。什麼都有這樣的想法，不知道自己發生了什麼事，感覺像要沉淸在一個黑暗的泡沫中 ️ 這個時候我只知道在黑暗裡慢慢流逝，什麼也不做，盡快過完一天。,一個,O,O,S-D,S-D,S-D,S-D,42
839,我最近發現自己不再喜歡做事了。每天看著社會上的所有東西，覺得都不起作用。什麼都有這樣的想法，不知道自己發生了什麼事，感覺像要沉淸在一個黑暗的泡沫中 ️ 這個時候我只知道在黑暗裡慢慢流逝，什麼也不做，盡快過完一天。,黑暗,O,S-D,O,O,O,O,43
839,我最近發現自己不再喜歡做事了。每天看著社會上的所有東西，覺得都不起作用。什麼都有這樣的想法，不知道自己發生了什麼事，感覺像要沉淸在一個黑暗的泡沫中 ️ 這個時候我只知道在黑暗裡慢慢流逝，什麼也不做，盡快過完一天。,的,O,O,O,O,O,O,44
839,我最近發現自己不再喜歡做事了。每天看著社會上的所有東西，覺得都不起作用。什麼都有這樣的想法，不知道自己發生了什麼事，感覺像要沉淸在一個黑暗的泡沫中 ️ 這個時候我只知道在黑暗裡慢慢流逝，什麼也不做，盡快過完一天。,泡沫,O,O,O,O,O,O,45
839,我最近發現自己不再喜歡做事了。每天看著社會上的所有東西，覺得都不起作用。什麼都有這樣的想法，不知道自己發生了什麼事，感覺像要沉淸在一個黑暗的泡沫中 ️ 這個時候我只知道在黑暗裡慢慢流逝，什麼也不做，盡快過完一天。,中,O,O,O,O,O,O,46
839,我最近發現自己不再喜歡做事了。每天看著社會上的所有東西，覺得都不起作用。什麼都有這樣的想法，不知道自己發生了什麼事，感覺像要沉淸在一個黑暗的泡沫中 ️ 這個時候我只知道在黑暗裡慢慢流逝，什麼也不做，盡快過完一天。,️,O,O,O,O,O,O,47
839,我最近發現自己不再喜歡做事了。每天看著社會上的所有東西，覺得都不起作用。什麼都有這樣的想法，不知道自己發生了什麼事，感覺像要沉淸在一個黑暗的泡沫中 ️ 這個時候我只知道在黑暗裡慢慢流逝，什麼也不做，盡快過完一天。,這個,O,O,O,O,O,O,48
839,我最近發現自己不再喜歡做事了。每天看著社會上的所有東西，覺得都不起作用。什麼都有這樣的想法，不知道自己發生了什麼事，感覺像要沉淸在一個黑暗的泡沫中 ️ 這個時候我只知道在黑暗裡慢慢流逝，什麼也不做，盡快過完一天。,時候,O,O,O,O,O,O,49
839,我最近發現自己不再喜歡做事了。每天看著社會上的所有東西，覺得都不起作用。什麼都有這樣的想法，不知道自己發生了什麼事，感覺像要沉淸在一個黑暗的泡沫中 ️ 這個時候我只知道在黑暗裡慢慢流逝，什麼也不做，盡快過完一天。,我,O,O,O,O,O,O,50
839,我最近發現自己不再喜歡做事了。每天看著社會上的所有東西，覺得都不起作用。什麼都有這樣的想法，不知道自己發生了什麼事，感覺像要沉淸在一個黑暗的泡沫中 ️ 這個時候我只知道在黑暗裡慢慢流逝，什麼也不做，盡快過完一天。,只,O,O,O,O,O,O,51
839,我最近發現自己不再喜歡做事了。每天看著社會上的所有東西，覺得都不起作用。什麼都有這樣的想法，不知道自己發生了什麼事，感覺像要沉淸在一個黑暗的泡沫中 ️ 這個時候我只知道在黑暗裡慢慢流逝，什麼也不做，盡快過完一天。,知道,O,O,O,O,O,O,52
839,我最近發現自己不再喜歡做事了。每天看著社會上的所有東西，覺得都不起作用。什麼都有這樣的想法，不知道自己發生了什麼事，感覺像要沉淸在一個黑暗的泡沫中 ️ 這個時候我只知道在黑暗裡慢慢流逝，什麼也不做，盡快過完一天。,在,O,O,O,O,O,O,53
839,我最近發現自己不再喜歡做事了。每天看著社會上的所有東西，覺得都不起作用。什麼都有這樣的想法，不知道自己發生了什麼事，感覺像要沉淸在一個黑暗的泡沫中 ️ 這個時候我只知道在黑暗裡慢慢流逝，什麼也不做，盡快過完一天。,黑暗,O,O,O,O,O,O,54
839,我最近發現自己不再喜歡做事了。每天看著社會上的所有東西，覺得都不起作用。什麼都有這樣的想法，不知道自己發生了什麼事，感覺像要沉淸在一個黑暗的泡沫中 ️ 這個時候我只知道在黑暗裡慢慢流逝，什麼也不做，盡快過完一天。,裡,O,O,O,O,O,O,55
839,我最近發現自己不再喜歡做事了。每天看著社會上的所有東西，覺得都不起作用。什麼都有這樣的想法，不知道自己發生了什麼事，感覺像要沉淸在一個黑暗的泡沫中 ️ 這個時候我只知道在黑暗裡慢慢流逝，什麼也不做，盡快過完一天。,慢慢,O,O,O,O,O,O,56
839,我最近發現自己不再喜歡做事了。每天看著社會上的所有東西，覺得都不起作用。什麼都有這樣的想法，不知道自己發生了什麼事，感覺像要沉淸在一個黑暗的泡沫中 ️ 這個時候我只知道在黑暗裡慢慢流逝，什麼也不做，盡快過完一天。,流逝,O,O,O,O,O,O,57
839,我最近發現自己不再喜歡做事了。每天看著社會上的所有東西，覺得都不起作用。什麼都有這樣的想法，不知道自己發生了什麼事，感覺像要沉淸在一個黑暗的泡沫中 ️ 這個時候我只知道在黑暗裡慢慢流逝，什麼也不做，盡快過完一天。,，,O,O,O,O,O,O,58
839,我最近發現自己不再喜歡做事了。每天看著社會上的所有東西，覺得都不起作用。什麼都有這樣的想法，不知道自己發生了什麼事，感覺像要沉淸在一個黑暗的泡沫中 ️ 這個時候我只知道在黑暗裡慢慢流逝，什麼也不做，盡快過完一天。,什麼,O,O,O,O,O,O,59
839,我最近發現自己不再喜歡做事了。每天看著社會上的所有東西，覺得都不起作用。什麼都有這樣的想法，不知道自己發生了什麼事，感覺像要沉淸在一個黑暗的泡沫中 ️ 這個時候我只知道在黑暗裡慢慢流逝，什麼也不做，盡快過完一天。,也,O,O,O,O,O,O,60
839,我最近發現自己不再喜歡做事了。每天看著社會上的所有東西，覺得都不起作用。什麼都有這樣的想法，不知道自己發生了什麼事，感覺像要沉淸在一個黑暗的泡沫中 ️ 這個時候我只知道在黑暗裡慢慢流逝，什麼也不做，盡快過完一天。,不,O,O,O,O,O,O,61
839,我最近發現自己不再喜歡做事了。每天看著社會上的所有東西，覺得都不起作用。什麼都有這樣的想法，不知道自己發生了什麼事，感覺像要沉淸在一個黑暗的泡沫中 ️ 這個時候我只知道在黑暗裡慢慢流逝，什麼也不做，盡快過完一天。,做,O,O,O,O,O,O,62
839,我最近發現自己不再喜歡做事了。每天看著社會上的所有東西，覺得都不起作用。什麼都有這樣的想法，不知道自己發生了什麼事，感覺像要沉淸在一個黑暗的泡沫中 ️ 這個時候我只知道在黑暗裡慢慢流逝，什麼也不做，盡快過完一天。,，,O,O,O,O,O,O,63
839,我最近發現自己不再喜歡做事了。每天看著社會上的所有東西，覺得都不起作用。什麼都有這樣的想法，不知道自己發生了什麼事，感覺像要沉淸在一個黑暗的泡沫中 ️ 這個時候我只知道在黑暗裡慢慢流逝，什麼也不做，盡快過完一天。,盡快,O,O,O,O,O,O,64
839,我最近發現自己不再喜歡做事了。每天看著社會上的所有東西，覺得都不起作用。什麼都有這樣的想法，不知道自己發生了什麼事，感覺像要沉淸在一個黑暗的泡沫中 ️ 這個時候我只知道在黑暗裡慢慢流逝，什麼也不做，盡快過完一天。,過完,O,O,O,O,O,O,65
839,我最近發現自己不再喜歡做事了。每天看著社會上的所有東西，覺得都不起作用。什麼都有這樣的想法，不知道自己發生了什麼事，感覺像要沉淸在一個黑暗的泡沫中 ️ 這個時候我只知道在黑暗裡慢慢流逝，什麼也不做，盡快過完一天。,一天,O,O,O,O,O,O,66
839,我最近發現自己不再喜歡做事了。每天看著社會上的所有東西，覺得都不起作用。什麼都有這樣的想法，不知道自己發生了什麼事，感覺像要沉淸在一個黑暗的泡沫中 ️ 這個時候我只知道在黑暗裡慢慢流逝，什麼也不做，盡快過完一天。,。,O,O,缺失預測,缺失預測,缺失預測,缺失預測,67
840,我開始感覺自己和世界都很冷漠 沒有什麼話要說，只是我很灰暗,我,O,O,O,O,O,O,1
840,我開始感覺自己和世界都很冷漠 沒有什麼話要說，只是我很灰暗,開始,O,O,O,O,O,O,2
840,我開始感覺自己和世界都很冷漠 沒有什麼話要說，只是我很灰暗,感覺,O,O,O,O,O,O,3
840,我開始感覺自己和世界都很冷漠 沒有什麼話要說，只是我很灰暗,自己,O,O,O,O,O,O,4
840,我開始感覺自己和世界都很冷漠 沒有什麼話要說，只是我很灰暗,和,O,O,O,O,O,O,5
840,我開始感覺自己和世界都很冷漠 沒有什麼話要說，只是我很灰暗,世界,O,O,O,O,O,O,6
840,我開始感覺自己和世界都很冷漠 沒有什麼話要說，只是我很灰暗,都,O,O,O,O,O,O,7
840,我開始感覺自己和世界都很冷漠 沒有什麼話要說，只是我很灰暗,很,O,O,O,O,O,O,8
840,我開始感覺自己和世界都很冷漠 沒有什麼話要說，只是我很灰暗,冷漠,S-D,S-D,S-D,S-D,S-D,S-D,9
840,我開始感覺自己和世界都很冷漠 沒有什麼話要說，只是我很灰暗,沒有,O,O,O,O,O,O,10
840,我開始感覺自己和世界都很冷漠 沒有什麼話要說，只是我很灰暗,什麼,O,O,O,O,O,O,11
840,我開始感覺自己和世界都很冷漠 沒有什麼話要說，只是我很灰暗,話,O,O,O,O,O,O,12
840,我開始感覺自己和世界都很冷漠 沒有什麼話要說，只是我很灰暗,要,O,O,O,O,O,O,13
840,我開始感覺自己和世界都很冷漠 沒有什麼話要說，只是我很灰暗,說,O,O,O,O,O,O,14
840,我開始感覺自己和世界都很冷漠 沒有什麼話要說，只是我很灰暗,，,O,O,O,O,O,O,15
840,我開始感覺自己和世界都很冷漠 沒有什麼話要說，只是我很灰暗,只是,O,O,O,O,O,O,16
840,我開始感覺自己和世界都很冷漠 沒有什麼話要說，只是我很灰暗,我,O,O,O,O,O,O,17
840,我開始感覺自己和世界都很冷漠 沒有什麼話要說，只是我很灰暗,很,O,O,O,O,O,O,18
840,我開始感覺自己和世界都很冷漠 沒有什麼話要說，只是我很灰暗,灰暗,S-D,S-D,S-D,S-D,S-D,S-D,19
841,雖然雨天讓我感覺不太好，但我仍然決定要學著好好應對。雖然過去我工作中遇到困難時，總是會感受到一點絕望，但這次我還是選擇了繼續前行。因為失業導致我現在沒有任何工作前景，但我不希望失去對未來的希望。😔 我知道有些人可能會把失業視為是終身失業的,雖然,O,O,O,O,O,O,1
841,雖然雨天讓我感覺不太好，但我仍然決定要學著好好應對。雖然過去我工作中遇到困難時，總是會感受到一點絕望，但這次我還是選擇了繼續前行。因為失業導致我現在沒有任何工作前景，但我不希望失去對未來的希望。😔 我知道有些人可能會把失業視為是終身失業的,雨天,O,O,O,O,O,O,2
841,雖然雨天讓我感覺不太好，但我仍然決定要學著好好應對。雖然過去我工作中遇到困難時，總是會感受到一點絕望，但這次我還是選擇了繼續前行。因為失業導致我現在沒有任何工作前景，但我不希望失去對未來的希望。😔 我知道有些人可能會把失業視為是終身失業的,讓,O,O,O,O,O,O,3
841,雖然雨天讓我感覺不太好，但我仍然決定要學著好好應對。雖然過去我工作中遇到困難時，總是會感受到一點絕望，但這次我還是選擇了繼續前行。因為失業導致我現在沒有任何工作前景，但我不希望失去對未來的希望。😔 我知道有些人可能會把失業視為是終身失業的,我,O,O,O,O,O,O,4
841,雖然雨天讓我感覺不太好，但我仍然決定要學著好好應對。雖然過去我工作中遇到困難時，總是會感受到一點絕望，但這次我還是選擇了繼續前行。因為失業導致我現在沒有任何工作前景，但我不希望失去對未來的希望。😔 我知道有些人可能會把失業視為是終身失業的,感覺,O,O,O,O,O,O,5
841,雖然雨天讓我感覺不太好，但我仍然決定要學著好好應對。雖然過去我工作中遇到困難時，總是會感受到一點絕望，但這次我還是選擇了繼續前行。因為失業導致我現在沒有任何工作前景，但我不希望失去對未來的希望。😔 我知道有些人可能會把失業視為是終身失業的,不太,O,O,O,O,O,O,6
841,雖然雨天讓我感覺不太好，但我仍然決定要學著好好應對。雖然過去我工作中遇到困難時，總是會感受到一點絕望，但這次我還是選擇了繼續前行。因為失業導致我現在沒有任何工作前景，但我不希望失去對未來的希望。😔 我知道有些人可能會把失業視為是終身失業的,好,O,O,O,O,O,O,7
841,雖然雨天讓我感覺不太好，但我仍然決定要學著好好應對。雖然過去我工作中遇到困難時，總是會感受到一點絕望，但這次我還是選擇了繼續前行。因為失業導致我現在沒有任何工作前景，但我不希望失去對未來的希望。😔 我知道有些人可能會把失業視為是終身失業的,，,O,O,O,O,O,O,8
841,雖然雨天讓我感覺不太好，但我仍然決定要學著好好應對。雖然過去我工作中遇到困難時，總是會感受到一點絕望，但這次我還是選擇了繼續前行。因為失業導致我現在沒有任何工作前景，但我不希望失去對未來的希望。😔 我知道有些人可能會把失業視為是終身失業的,但,O,O,O,O,O,O,9
841,雖然雨天讓我感覺不太好，但我仍然決定要學著好好應對。雖然過去我工作中遇到困難時，總是會感受到一點絕望，但這次我還是選擇了繼續前行。因為失業導致我現在沒有任何工作前景，但我不希望失去對未來的希望。😔 我知道有些人可能會把失業視為是終身失業的,我,O,O,O,O,O,O,10
841,雖然雨天讓我感覺不太好，但我仍然決定要學著好好應對。雖然過去我工作中遇到困難時，總是會感受到一點絕望，但這次我還是選擇了繼續前行。因為失業導致我現在沒有任何工作前景，但我不希望失去對未來的希望。😔 我知道有些人可能會把失業視為是終身失業的,仍然,O,O,O,O,O,O,11
841,雖然雨天讓我感覺不太好，但我仍然決定要學著好好應對。雖然過去我工作中遇到困難時，總是會感受到一點絕望，但這次我還是選擇了繼續前行。因為失業導致我現在沒有任何工作前景，但我不希望失去對未來的希望。😔 我知道有些人可能會把失業視為是終身失業的,決定,O,O,O,O,O,O,12
841,雖然雨天讓我感覺不太好，但我仍然決定要學著好好應對。雖然過去我工作中遇到困難時，總是會感受到一點絕望，但這次我還是選擇了繼續前行。因為失業導致我現在沒有任何工作前景，但我不希望失去對未來的希望。😔 我知道有些人可能會把失業視為是終身失業的,要,O,O,O,O,O,O,13
841,雖然雨天讓我感覺不太好，但我仍然決定要學著好好應對。雖然過去我工作中遇到困難時，總是會感受到一點絕望，但這次我還是選擇了繼續前行。因為失業導致我現在沒有任何工作前景，但我不希望失去對未來的希望。😔 我知道有些人可能會把失業視為是終身失業的,學著,O,O,O,O,O,O,14
841,雖然雨天讓我感覺不太好，但我仍然決定要學著好好應對。雖然過去我工作中遇到困難時，總是會感受到一點絕望，但這次我還是選擇了繼續前行。因為失業導致我現在沒有任何工作前景，但我不希望失去對未來的希望。😔 我知道有些人可能會把失業視為是終身失業的,好好,O,O,O,O,O,O,15
841,雖然雨天讓我感覺不太好，但我仍然決定要學著好好應對。雖然過去我工作中遇到困難時，總是會感受到一點絕望，但這次我還是選擇了繼續前行。因為失業導致我現在沒有任何工作前景，但我不希望失去對未來的希望。😔 我知道有些人可能會把失業視為是終身失業的,應對,O,O,O,O,O,O,16
841,雖然雨天讓我感覺不太好，但我仍然決定要學著好好應對。雖然過去我工作中遇到困難時，總是會感受到一點絕望，但這次我還是選擇了繼續前行。因為失業導致我現在沒有任何工作前景，但我不希望失去對未來的希望。😔 我知道有些人可能會把失業視為是終身失業的,。,O,O,O,O,O,O,17
841,雖然雨天讓我感覺不太好，但我仍然決定要學著好好應對。雖然過去我工作中遇到困難時，總是會感受到一點絕望，但這次我還是選擇了繼續前行。因為失業導致我現在沒有任何工作前景，但我不希望失去對未來的希望。😔 我知道有些人可能會把失業視為是終身失業的,雖然,O,O,O,O,O,O,18
841,雖然雨天讓我感覺不太好，但我仍然決定要學著好好應對。雖然過去我工作中遇到困難時，總是會感受到一點絕望，但這次我還是選擇了繼續前行。因為失業導致我現在沒有任何工作前景，但我不希望失去對未來的希望。😔 我知道有些人可能會把失業視為是終身失業的,過去,O,O,O,O,O,O,19
841,雖然雨天讓我感覺不太好，但我仍然決定要學著好好應對。雖然過去我工作中遇到困難時，總是會感受到一點絕望，但這次我還是選擇了繼續前行。因為失業導致我現在沒有任何工作前景，但我不希望失去對未來的希望。😔 我知道有些人可能會把失業視為是終身失業的,我,O,O,O,O,O,O,20
841,雖然雨天讓我感覺不太好，但我仍然決定要學著好好應對。雖然過去我工作中遇到困難時，總是會感受到一點絕望，但這次我還是選擇了繼續前行。因為失業導致我現在沒有任何工作前景，但我不希望失去對未來的希望。😔 我知道有些人可能會把失業視為是終身失業的,工作,O,O,O,O,O,O,21
841,雖然雨天讓我感覺不太好，但我仍然決定要學著好好應對。雖然過去我工作中遇到困難時，總是會感受到一點絕望，但這次我還是選擇了繼續前行。因為失業導致我現在沒有任何工作前景，但我不希望失去對未來的希望。😔 我知道有些人可能會把失業視為是終身失業的,中,O,O,O,O,O,O,22
841,雖然雨天讓我感覺不太好，但我仍然決定要學著好好應對。雖然過去我工作中遇到困難時，總是會感受到一點絕望，但這次我還是選擇了繼續前行。因為失業導致我現在沒有任何工作前景，但我不希望失去對未來的希望。😔 我知道有些人可能會把失業視為是終身失業的,遇到,O,O,O,O,O,O,23
841,雖然雨天讓我感覺不太好，但我仍然決定要學著好好應對。雖然過去我工作中遇到困難時，總是會感受到一點絕望，但這次我還是選擇了繼續前行。因為失業導致我現在沒有任何工作前景，但我不希望失去對未來的希望。😔 我知道有些人可能會把失業視為是終身失業的,困難,O,O,O,O,O,O,24
841,雖然雨天讓我感覺不太好，但我仍然決定要學著好好應對。雖然過去我工作中遇到困難時，總是會感受到一點絕望，但這次我還是選擇了繼續前行。因為失業導致我現在沒有任何工作前景，但我不希望失去對未來的希望。😔 我知道有些人可能會把失業視為是終身失業的,時,O,O,O,O,O,O,25
841,雖然雨天讓我感覺不太好，但我仍然決定要學著好好應對。雖然過去我工作中遇到困難時，總是會感受到一點絕望，但這次我還是選擇了繼續前行。因為失業導致我現在沒有任何工作前景，但我不希望失去對未來的希望。😔 我知道有些人可能會把失業視為是終身失業的,，,O,O,O,O,O,O,26
841,雖然雨天讓我感覺不太好，但我仍然決定要學著好好應對。雖然過去我工作中遇到困難時，總是會感受到一點絕望，但這次我還是選擇了繼續前行。因為失業導致我現在沒有任何工作前景，但我不希望失去對未來的希望。😔 我知道有些人可能會把失業視為是終身失業的,總是,O,O,O,O,O,O,27
841,雖然雨天讓我感覺不太好，但我仍然決定要學著好好應對。雖然過去我工作中遇到困難時，總是會感受到一點絕望，但這次我還是選擇了繼續前行。因為失業導致我現在沒有任何工作前景，但我不希望失去對未來的希望。😔 我知道有些人可能會把失業視為是終身失業的,會,O,O,O,O,O,O,28
841,雖然雨天讓我感覺不太好，但我仍然決定要學著好好應對。雖然過去我工作中遇到困難時，總是會感受到一點絕望，但這次我還是選擇了繼續前行。因為失業導致我現在沒有任何工作前景，但我不希望失去對未來的希望。😔 我知道有些人可能會把失業視為是終身失業的,感受到,O,O,O,O,O,O,29
841,雖然雨天讓我感覺不太好，但我仍然決定要學著好好應對。雖然過去我工作中遇到困難時，總是會感受到一點絕望，但這次我還是選擇了繼續前行。因為失業導致我現在沒有任何工作前景，但我不希望失去對未來的希望。😔 我知道有些人可能會把失業視為是終身失業的,一點,O,O,O,O,O,O,30
841,雖然雨天讓我感覺不太好，但我仍然決定要學著好好應對。雖然過去我工作中遇到困難時，總是會感受到一點絕望，但這次我還是選擇了繼續前行。因為失業導致我現在沒有任何工作前景，但我不希望失去對未來的希望。😔 我知道有些人可能會把失業視為是終身失業的,絕望,S-D,S-D,S-D,S-D,S-D,S-D,31
841,雖然雨天讓我感覺不太好，但我仍然決定要學著好好應對。雖然過去我工作中遇到困難時，總是會感受到一點絕望，但這次我還是選擇了繼續前行。因為失業導致我現在沒有任何工作前景，但我不希望失去對未來的希望。😔 我知道有些人可能會把失業視為是終身失業的,，,O,O,O,O,O,O,32
841,雖然雨天讓我感覺不太好，但我仍然決定要學著好好應對。雖然過去我工作中遇到困難時，總是會感受到一點絕望，但這次我還是選擇了繼續前行。因為失業導致我現在沒有任何工作前景，但我不希望失去對未來的希望。😔 我知道有些人可能會把失業視為是終身失業的,但,O,O,O,O,O,O,33
841,雖然雨天讓我感覺不太好，但我仍然決定要學著好好應對。雖然過去我工作中遇到困難時，總是會感受到一點絕望，但這次我還是選擇了繼續前行。因為失業導致我現在沒有任何工作前景，但我不希望失去對未來的希望。😔 我知道有些人可能會把失業視為是終身失業的,這次,O,O,O,O,O,O,34
841,雖然雨天讓我感覺不太好，但我仍然決定要學著好好應對。雖然過去我工作中遇到困難時，總是會感受到一點絕望，但這次我還是選擇了繼續前行。因為失業導致我現在沒有任何工作前景，但我不希望失去對未來的希望。😔 我知道有些人可能會把失業視為是終身失業的,我,O,O,O,O,O,O,35
841,雖然雨天讓我感覺不太好，但我仍然決定要學著好好應對。雖然過去我工作中遇到困難時，總是會感受到一點絕望，但這次我還是選擇了繼續前行。因為失業導致我現在沒有任何工作前景，但我不希望失去對未來的希望。😔 我知道有些人可能會把失業視為是終身失業的,還是,O,O,O,O,O,O,36
841,雖然雨天讓我感覺不太好，但我仍然決定要學著好好應對。雖然過去我工作中遇到困難時，總是會感受到一點絕望，但這次我還是選擇了繼續前行。因為失業導致我現在沒有任何工作前景，但我不希望失去對未來的希望。😔 我知道有些人可能會把失業視為是終身失業的,選擇,O,O,O,O,O,O,37
841,雖然雨天讓我感覺不太好，但我仍然決定要學著好好應對。雖然過去我工作中遇到困難時，總是會感受到一點絕望，但這次我還是選擇了繼續前行。因為失業導致我現在沒有任何工作前景，但我不希望失去對未來的希望。😔 我知道有些人可能會把失業視為是終身失業的,了,O,O,O,O,O,O,38
841,雖然雨天讓我感覺不太好，但我仍然決定要學著好好應對。雖然過去我工作中遇到困難時，總是會感受到一點絕望，但這次我還是選擇了繼續前行。因為失業導致我現在沒有任何工作前景，但我不希望失去對未來的希望。😔 我知道有些人可能會把失業視為是終身失業的,繼續,O,O,O,O,O,O,39
841,雖然雨天讓我感覺不太好，但我仍然決定要學著好好應對。雖然過去我工作中遇到困難時，總是會感受到一點絕望，但這次我還是選擇了繼續前行。因為失業導致我現在沒有任何工作前景，但我不希望失去對未來的希望。😔 我知道有些人可能會把失業視為是終身失業的,前行,O,O,O,O,O,O,40
841,雖然雨天讓我感覺不太好，但我仍然決定要學著好好應對。雖然過去我工作中遇到困難時，總是會感受到一點絕望，但這次我還是選擇了繼續前行。因為失業導致我現在沒有任何工作前景，但我不希望失去對未來的希望。😔 我知道有些人可能會把失業視為是終身失業的,。,O,O,O,O,O,O,41
841,雖然雨天讓我感覺不太好，但我仍然決定要學著好好應對。雖然過去我工作中遇到困難時，總是會感受到一點絕望，但這次我還是選擇了繼續前行。因為失業導致我現在沒有任何工作前景，但我不希望失去對未來的希望。😔 我知道有些人可能會把失業視為是終身失業的,因為,O,O,O,O,O,O,42
841,雖然雨天讓我感覺不太好，但我仍然決定要學著好好應對。雖然過去我工作中遇到困難時，總是會感受到一點絕望，但這次我還是選擇了繼續前行。因為失業導致我現在沒有任何工作前景，但我不希望失去對未來的希望。😔 我知道有些人可能會把失業視為是終身失業的,失業,O,O,O,O,O,O,43
841,雖然雨天讓我感覺不太好，但我仍然決定要學著好好應對。雖然過去我工作中遇到困難時，總是會感受到一點絕望，但這次我還是選擇了繼續前行。因為失業導致我現在沒有任何工作前景，但我不希望失去對未來的希望。😔 我知道有些人可能會把失業視為是終身失業的,導致,O,O,O,O,O,O,44
841,雖然雨天讓我感覺不太好，但我仍然決定要學著好好應對。雖然過去我工作中遇到困難時，總是會感受到一點絕望，但這次我還是選擇了繼續前行。因為失業導致我現在沒有任何工作前景，但我不希望失去對未來的希望。😔 我知道有些人可能會把失業視為是終身失業的,我,O,O,O,O,O,O,45
841,雖然雨天讓我感覺不太好，但我仍然決定要學著好好應對。雖然過去我工作中遇到困難時，總是會感受到一點絕望，但這次我還是選擇了繼續前行。因為失業導致我現在沒有任何工作前景，但我不希望失去對未來的希望。😔 我知道有些人可能會把失業視為是終身失業的,現在,O,O,O,O,O,O,46
841,雖然雨天讓我感覺不太好，但我仍然決定要學著好好應對。雖然過去我工作中遇到困難時，總是會感受到一點絕望，但這次我還是選擇了繼續前行。因為失業導致我現在沒有任何工作前景，但我不希望失去對未來的希望。😔 我知道有些人可能會把失業視為是終身失業的,沒有,O,O,O,O,O,O,47
841,雖然雨天讓我感覺不太好，但我仍然決定要學著好好應對。雖然過去我工作中遇到困難時，總是會感受到一點絕望，但這次我還是選擇了繼續前行。因為失業導致我現在沒有任何工作前景，但我不希望失去對未來的希望。😔 我知道有些人可能會把失業視為是終身失業的,任何,O,O,O,O,O,O,48
841,雖然雨天讓我感覺不太好，但我仍然決定要學著好好應對。雖然過去我工作中遇到困難時，總是會感受到一點絕望，但這次我還是選擇了繼續前行。因為失業導致我現在沒有任何工作前景，但我不希望失去對未來的希望。😔 我知道有些人可能會把失業視為是終身失業的,工作,O,O,O,O,O,O,49
841,雖然雨天讓我感覺不太好，但我仍然決定要學著好好應對。雖然過去我工作中遇到困難時，總是會感受到一點絕望，但這次我還是選擇了繼續前行。因為失業導致我現在沒有任何工作前景，但我不希望失去對未來的希望。😔 我知道有些人可能會把失業視為是終身失業的,前景,O,O,O,O,O,O,50
841,雖然雨天讓我感覺不太好，但我仍然決定要學著好好應對。雖然過去我工作中遇到困難時，總是會感受到一點絕望，但這次我還是選擇了繼續前行。因為失業導致我現在沒有任何工作前景，但我不希望失去對未來的希望。😔 我知道有些人可能會把失業視為是終身失業的,，,O,O,O,O,O,O,51
841,雖然雨天讓我感覺不太好，但我仍然決定要學著好好應對。雖然過去我工作中遇到困難時，總是會感受到一點絕望，但這次我還是選擇了繼續前行。因為失業導致我現在沒有任何工作前景，但我不希望失去對未來的希望。😔 我知道有些人可能會把失業視為是終身失業的,但,O,O,O,O,O,O,52
841,雖然雨天讓我感覺不太好，但我仍然決定要學著好好應對。雖然過去我工作中遇到困難時，總是會感受到一點絕望，但這次我還是選擇了繼續前行。因為失業導致我現在沒有任何工作前景，但我不希望失去對未來的希望。😔 我知道有些人可能會把失業視為是終身失業的,我,O,O,O,O,O,O,53
841,雖然雨天讓我感覺不太好，但我仍然決定要學著好好應對。雖然過去我工作中遇到困難時，總是會感受到一點絕望，但這次我還是選擇了繼續前行。因為失業導致我現在沒有任何工作前景，但我不希望失去對未來的希望。😔 我知道有些人可能會把失業視為是終身失業的,不,O,O,O,O,O,O,54
841,雖然雨天讓我感覺不太好，但我仍然決定要學著好好應對。雖然過去我工作中遇到困難時，總是會感受到一點絕望，但這次我還是選擇了繼續前行。因為失業導致我現在沒有任何工作前景，但我不希望失去對未來的希望。😔 我知道有些人可能會把失業視為是終身失業的,希望,O,O,O,O,O,O,55
841,雖然雨天讓我感覺不太好，但我仍然決定要學著好好應對。雖然過去我工作中遇到困難時，總是會感受到一點絕望，但這次我還是選擇了繼續前行。因為失業導致我現在沒有任何工作前景，但我不希望失去對未來的希望。😔 我知道有些人可能會把失業視為是終身失業的,失去,O,O,O,O,O,O,56
841,雖然雨天讓我感覺不太好，但我仍然決定要學著好好應對。雖然過去我工作中遇到困難時，總是會感受到一點絕望，但這次我還是選擇了繼續前行。因為失業導致我現在沒有任何工作前景，但我不希望失去對未來的希望。😔 我知道有些人可能會把失業視為是終身失業的,對,O,O,O,O,O,O,57
841,雖然雨天讓我感覺不太好，但我仍然決定要學著好好應對。雖然過去我工作中遇到困難時，總是會感受到一點絕望，但這次我還是選擇了繼續前行。因為失業導致我現在沒有任何工作前景，但我不希望失去對未來的希望。😔 我知道有些人可能會把失業視為是終身失業的,未來,O,O,O,O,O,O,58
841,雖然雨天讓我感覺不太好，但我仍然決定要學著好好應對。雖然過去我工作中遇到困難時，總是會感受到一點絕望，但這次我還是選擇了繼續前行。因為失業導致我現在沒有任何工作前景，但我不希望失去對未來的希望。😔 我知道有些人可能會把失業視為是終身失業的,的,O,O,O,O,O,O,59
841,雖然雨天讓我感覺不太好，但我仍然決定要學著好好應對。雖然過去我工作中遇到困難時，總是會感受到一點絕望，但這次我還是選擇了繼續前行。因為失業導致我現在沒有任何工作前景，但我不希望失去對未來的希望。😔 我知道有些人可能會把失業視為是終身失業的,希望,S-A,S-A,S-A,S-A,S-A,S-A,60
841,雖然雨天讓我感覺不太好，但我仍然決定要學著好好應對。雖然過去我工作中遇到困難時，總是會感受到一點絕望，但這次我還是選擇了繼續前行。因為失業導致我現在沒有任何工作前景，但我不希望失去對未來的希望。😔 我知道有些人可能會把失業視為是終身失業的,。,O,O,O,O,O,O,61
841,雖然雨天讓我感覺不太好，但我仍然決定要學著好好應對。雖然過去我工作中遇到困難時，總是會感受到一點絕望，但這次我還是選擇了繼續前行。因為失業導致我現在沒有任何工作前景，但我不希望失去對未來的希望。😔 我知道有些人可能會把失業視為是終身失業的,😔,O,O,O,O,O,O,62
841,雖然雨天讓我感覺不太好，但我仍然決定要學著好好應對。雖然過去我工作中遇到困難時，總是會感受到一點絕望，但這次我還是選擇了繼續前行。因為失業導致我現在沒有任何工作前景，但我不希望失去對未來的希望。😔 我知道有些人可能會把失業視為是終身失業的,我,O,O,O,O,O,O,63
841,雖然雨天讓我感覺不太好，但我仍然決定要學著好好應對。雖然過去我工作中遇到困難時，總是會感受到一點絕望，但這次我還是選擇了繼續前行。因為失業導致我現在沒有任何工作前景，但我不希望失去對未來的希望。😔 我知道有些人可能會把失業視為是終身失業的,知道,O,O,O,O,O,O,64
841,雖然雨天讓我感覺不太好，但我仍然決定要學著好好應對。雖然過去我工作中遇到困難時，總是會感受到一點絕望，但這次我還是選擇了繼續前行。因為失業導致我現在沒有任何工作前景，但我不希望失去對未來的希望。😔 我知道有些人可能會把失業視為是終身失業的,有,O,O,O,O,O,O,65
841,雖然雨天讓我感覺不太好，但我仍然決定要學著好好應對。雖然過去我工作中遇到困難時，總是會感受到一點絕望，但這次我還是選擇了繼續前行。因為失業導致我現在沒有任何工作前景，但我不希望失去對未來的希望。😔 我知道有些人可能會把失業視為是終身失業的,些,O,O,O,O,O,O,66
841,雖然雨天讓我感覺不太好，但我仍然決定要學著好好應對。雖然過去我工作中遇到困難時，總是會感受到一點絕望，但這次我還是選擇了繼續前行。因為失業導致我現在沒有任何工作前景，但我不希望失去對未來的希望。😔 我知道有些人可能會把失業視為是終身失業的,人,O,O,O,O,O,O,67
841,雖然雨天讓我感覺不太好，但我仍然決定要學著好好應對。雖然過去我工作中遇到困難時，總是會感受到一點絕望，但這次我還是選擇了繼續前行。因為失業導致我現在沒有任何工作前景，但我不希望失去對未來的希望。😔 我知道有些人可能會把失業視為是終身失業的,可能,O,O,O,O,O,O,68
841,雖然雨天讓我感覺不太好，但我仍然決定要學著好好應對。雖然過去我工作中遇到困難時，總是會感受到一點絕望，但這次我還是選擇了繼續前行。因為失業導致我現在沒有任何工作前景，但我不希望失去對未來的希望。😔 我知道有些人可能會把失業視為是終身失業的,會,O,O,O,O,O,O,69
841,雖然雨天讓我感覺不太好，但我仍然決定要學著好好應對。雖然過去我工作中遇到困難時，總是會感受到一點絕望，但這次我還是選擇了繼續前行。因為失業導致我現在沒有任何工作前景，但我不希望失去對未來的希望。😔 我知道有些人可能會把失業視為是終身失業的,把,O,O,O,O,O,O,70
841,雖然雨天讓我感覺不太好，但我仍然決定要學著好好應對。雖然過去我工作中遇到困難時，總是會感受到一點絕望，但這次我還是選擇了繼續前行。因為失業導致我現在沒有任何工作前景，但我不希望失去對未來的希望。😔 我知道有些人可能會把失業視為是終身失業的,失業,O,O,O,O,O,O,71
841,雖然雨天讓我感覺不太好，但我仍然決定要學著好好應對。雖然過去我工作中遇到困難時，總是會感受到一點絕望，但這次我還是選擇了繼續前行。因為失業導致我現在沒有任何工作前景，但我不希望失去對未來的希望。😔 我知道有些人可能會把失業視為是終身失業的,視為,O,O,O,O,O,O,72
841,雖然雨天讓我感覺不太好，但我仍然決定要學著好好應對。雖然過去我工作中遇到困難時，總是會感受到一點絕望，但這次我還是選擇了繼續前行。因為失業導致我現在沒有任何工作前景，但我不希望失去對未來的希望。😔 我知道有些人可能會把失業視為是終身失業的,是,O,O,O,O,O,O,73
841,雖然雨天讓我感覺不太好，但我仍然決定要學著好好應對。雖然過去我工作中遇到困難時，總是會感受到一點絕望，但這次我還是選擇了繼續前行。因為失業導致我現在沒有任何工作前景，但我不希望失去對未來的希望。😔 我知道有些人可能會把失業視為是終身失業的,終身,O,O,O,O,O,O,74
841,雖然雨天讓我感覺不太好，但我仍然決定要學著好好應對。雖然過去我工作中遇到困難時，總是會感受到一點絕望，但這次我還是選擇了繼續前行。因為失業導致我現在沒有任何工作前景，但我不希望失去對未來的希望。😔 我知道有些人可能會把失業視為是終身失業的,失業,O,O,O,O,O,O,75
841,雖然雨天讓我感覺不太好，但我仍然決定要學著好好應對。雖然過去我工作中遇到困難時，總是會感受到一點絕望，但這次我還是選擇了繼續前行。因為失業導致我現在沒有任何工作前景，但我不希望失去對未來的希望。😔 我知道有些人可能會把失業視為是終身失業的,的,O,O,O,O,O,O,76
842,我整天都在這種濕潤感中掙扎，好像無論如何都無法逃離。 我想，我是一種完美主義者，總是要求自己做得更好。但我不知道自己該怎麼做，該繼續下來還是放棄?,我,O,O,O,O,O,O,1
842,我整天都在這種濕潤感中掙扎，好像無論如何都無法逃離。 我想，我是一種完美主義者，總是要求自己做得更好。但我不知道自己該怎麼做，該繼續下來還是放棄?,整天,O,O,O,O,O,O,2
842,我整天都在這種濕潤感中掙扎，好像無論如何都無法逃離。 我想，我是一種完美主義者，總是要求自己做得更好。但我不知道自己該怎麼做，該繼續下來還是放棄?,都,O,O,O,O,O,O,3
842,我整天都在這種濕潤感中掙扎，好像無論如何都無法逃離。 我想，我是一種完美主義者，總是要求自己做得更好。但我不知道自己該怎麼做，該繼續下來還是放棄?,在,O,O,O,O,O,O,4
842,我整天都在這種濕潤感中掙扎，好像無論如何都無法逃離。 我想，我是一種完美主義者，總是要求自己做得更好。但我不知道自己該怎麼做，該繼續下來還是放棄?,這種,O,O,O,O,O,O,5
842,我整天都在這種濕潤感中掙扎，好像無論如何都無法逃離。 我想，我是一種完美主義者，總是要求自己做得更好。但我不知道自己該怎麼做，該繼續下來還是放棄?,濕潤,S-D,S-D,S-D,S-D,S-D,S-D,6
842,我整天都在這種濕潤感中掙扎，好像無論如何都無法逃離。 我想，我是一種完美主義者，總是要求自己做得更好。但我不知道自己該怎麼做，該繼續下來還是放棄?,感,O,O,O,O,O,O,7
842,我整天都在這種濕潤感中掙扎，好像無論如何都無法逃離。 我想，我是一種完美主義者，總是要求自己做得更好。但我不知道自己該怎麼做，該繼續下來還是放棄?,中,O,O,O,O,O,O,8
842,我整天都在這種濕潤感中掙扎，好像無論如何都無法逃離。 我想，我是一種完美主義者，總是要求自己做得更好。但我不知道自己該怎麼做，該繼續下來還是放棄?,掙扎,S-D,S-D,S-D,S-D,S-D,S-D,9
842,我整天都在這種濕潤感中掙扎，好像無論如何都無法逃離。 我想，我是一種完美主義者，總是要求自己做得更好。但我不知道自己該怎麼做，該繼續下來還是放棄?,，,O,O,O,O,O,O,10
842,我整天都在這種濕潤感中掙扎，好像無論如何都無法逃離。 我想，我是一種完美主義者，總是要求自己做得更好。但我不知道自己該怎麼做，該繼續下來還是放棄?,好像,O,O,O,O,O,O,11
842,我整天都在這種濕潤感中掙扎，好像無論如何都無法逃離。 我想，我是一種完美主義者，總是要求自己做得更好。但我不知道自己該怎麼做，該繼續下來還是放棄?,無論,O,O,O,O,O,O,12
842,我整天都在這種濕潤感中掙扎，好像無論如何都無法逃離。 我想，我是一種完美主義者，總是要求自己做得更好。但我不知道自己該怎麼做，該繼續下來還是放棄?,如何,O,O,O,O,O,O,13
842,我整天都在這種濕潤感中掙扎，好像無論如何都無法逃離。 我想，我是一種完美主義者，總是要求自己做得更好。但我不知道自己該怎麼做，該繼續下來還是放棄?,都,O,O,O,O,O,O,14
842,我整天都在這種濕潤感中掙扎，好像無論如何都無法逃離。 我想，我是一種完美主義者，總是要求自己做得更好。但我不知道自己該怎麼做，該繼續下來還是放棄?,無法,B-D,B-D,B-D,B-D,B-D,B-D,15
842,我整天都在這種濕潤感中掙扎，好像無論如何都無法逃離。 我想，我是一種完美主義者，總是要求自己做得更好。但我不知道自己該怎麼做，該繼續下來還是放棄?,逃離,E-D,E-D,E-D,E-D,E-D,E-D,16
842,我整天都在這種濕潤感中掙扎，好像無論如何都無法逃離。 我想，我是一種完美主義者，總是要求自己做得更好。但我不知道自己該怎麼做，該繼續下來還是放棄?,。,O,O,O,O,O,O,17
842,我整天都在這種濕潤感中掙扎，好像無論如何都無法逃離。 我想，我是一種完美主義者，總是要求自己做得更好。但我不知道自己該怎麼做，該繼續下來還是放棄?,我,O,O,O,O,O,O,18
842,我整天都在這種濕潤感中掙扎，好像無論如何都無法逃離。 我想，我是一種完美主義者，總是要求自己做得更好。但我不知道自己該怎麼做，該繼續下來還是放棄?,想,O,O,O,O,O,O,19
842,我整天都在這種濕潤感中掙扎，好像無論如何都無法逃離。 我想，我是一種完美主義者，總是要求自己做得更好。但我不知道自己該怎麼做，該繼續下來還是放棄?,，,O,O,O,O,O,O,20
842,我整天都在這種濕潤感中掙扎，好像無論如何都無法逃離。 我想，我是一種完美主義者，總是要求自己做得更好。但我不知道自己該怎麼做，該繼續下來還是放棄?,我,O,O,O,O,O,O,21
842,我整天都在這種濕潤感中掙扎，好像無論如何都無法逃離。 我想，我是一種完美主義者，總是要求自己做得更好。但我不知道自己該怎麼做，該繼續下來還是放棄?,是,O,O,O,O,O,O,22
842,我整天都在這種濕潤感中掙扎，好像無論如何都無法逃離。 我想，我是一種完美主義者，總是要求自己做得更好。但我不知道自己該怎麼做，該繼續下來還是放棄?,一種,O,O,O,O,O,O,23
842,我整天都在這種濕潤感中掙扎，好像無論如何都無法逃離。 我想，我是一種完美主義者，總是要求自己做得更好。但我不知道自己該怎麼做，該繼續下來還是放棄?,完美主義者,S-W,S-W,S-W,S-W,S-W,S-W,24
842,我整天都在這種濕潤感中掙扎，好像無論如何都無法逃離。 我想，我是一種完美主義者，總是要求自己做得更好。但我不知道自己該怎麼做，該繼續下來還是放棄?,，,O,O,O,O,O,O,25
842,我整天都在這種濕潤感中掙扎，好像無論如何都無法逃離。 我想，我是一種完美主義者，總是要求自己做得更好。但我不知道自己該怎麼做，該繼續下來還是放棄?,總是,O,O,O,O,O,O,26
842,我整天都在這種濕潤感中掙扎，好像無論如何都無法逃離。 我想，我是一種完美主義者，總是要求自己做得更好。但我不知道自己該怎麼做，該繼續下來還是放棄?,要求,O,O,O,O,O,O,27
842,我整天都在這種濕潤感中掙扎，好像無論如何都無法逃離。 我想，我是一種完美主義者，總是要求自己做得更好。但我不知道自己該怎麼做，該繼續下來還是放棄?,自己,O,O,O,O,O,O,28
842,我整天都在這種濕潤感中掙扎，好像無論如何都無法逃離。 我想，我是一種完美主義者，總是要求自己做得更好。但我不知道自己該怎麼做，該繼續下來還是放棄?,做得,O,O,O,O,O,O,29
842,我整天都在這種濕潤感中掙扎，好像無論如何都無法逃離。 我想，我是一種完美主義者，總是要求自己做得更好。但我不知道自己該怎麼做，該繼續下來還是放棄?,更,O,O,O,O,O,O,30
842,我整天都在這種濕潤感中掙扎，好像無論如何都無法逃離。 我想，我是一種完美主義者，總是要求自己做得更好。但我不知道自己該怎麼做，該繼續下來還是放棄?,好,O,O,O,O,O,O,31
842,我整天都在這種濕潤感中掙扎，好像無論如何都無法逃離。 我想，我是一種完美主義者，總是要求自己做得更好。但我不知道自己該怎麼做，該繼續下來還是放棄?,。,O,O,O,O,O,O,32
842,我整天都在這種濕潤感中掙扎，好像無論如何都無法逃離。 我想，我是一種完美主義者，總是要求自己做得更好。但我不知道自己該怎麼做，該繼續下來還是放棄?,但,O,O,O,O,O,O,33
842,我整天都在這種濕潤感中掙扎，好像無論如何都無法逃離。 我想，我是一種完美主義者，總是要求自己做得更好。但我不知道自己該怎麼做，該繼續下來還是放棄?,我,O,O,O,O,O,O,34
842,我整天都在這種濕潤感中掙扎，好像無論如何都無法逃離。 我想，我是一種完美主義者，總是要求自己做得更好。但我不知道自己該怎麼做，該繼續下來還是放棄?,不知道,O,O,O,O,O,O,35
842,我整天都在這種濕潤感中掙扎，好像無論如何都無法逃離。 我想，我是一種完美主義者，總是要求自己做得更好。但我不知道自己該怎麼做，該繼續下來還是放棄?,自己,O,O,O,O,O,O,36
842,我整天都在這種濕潤感中掙扎，好像無論如何都無法逃離。 我想，我是一種完美主義者，總是要求自己做得更好。但我不知道自己該怎麼做，該繼續下來還是放棄?,該,O,O,O,O,O,O,37
842,我整天都在這種濕潤感中掙扎，好像無論如何都無法逃離。 我想，我是一種完美主義者，總是要求自己做得更好。但我不知道自己該怎麼做，該繼續下來還是放棄?,怎麼,O,O,O,O,O,O,38
842,我整天都在這種濕潤感中掙扎，好像無論如何都無法逃離。 我想，我是一種完美主義者，總是要求自己做得更好。但我不知道自己該怎麼做，該繼續下來還是放棄?,做,O,O,O,O,O,O,39
842,我整天都在這種濕潤感中掙扎，好像無論如何都無法逃離。 我想，我是一種完美主義者，總是要求自己做得更好。但我不知道自己該怎麼做，該繼續下來還是放棄?,，,O,O,O,O,O,O,40
842,我整天都在這種濕潤感中掙扎，好像無論如何都無法逃離。 我想，我是一種完美主義者，總是要求自己做得更好。但我不知道自己該怎麼做，該繼續下來還是放棄?,該,O,O,O,O,O,O,41
842,我整天都在這種濕潤感中掙扎，好像無論如何都無法逃離。 我想，我是一種完美主義者，總是要求自己做得更好。但我不知道自己該怎麼做，該繼續下來還是放棄?,繼續,O,O,O,O,O,O,42
842,我整天都在這種濕潤感中掙扎，好像無論如何都無法逃離。 我想，我是一種完美主義者，總是要求自己做得更好。但我不知道自己該怎麼做，該繼續下來還是放棄?,下來,O,O,O,O,O,O,43
842,我整天都在這種濕潤感中掙扎，好像無論如何都無法逃離。 我想，我是一種完美主義者，總是要求自己做得更好。但我不知道自己該怎麼做，該繼續下來還是放棄?,還是,O,O,O,O,O,O,44
842,我整天都在這種濕潤感中掙扎，好像無論如何都無法逃離。 我想，我是一種完美主義者，總是要求自己做得更好。但我不知道自己該怎麼做，該繼續下來還是放棄?,放棄,O,O,O,O,O,O,45
842,我整天都在這種濕潤感中掙扎，好像無論如何都無法逃離。 我想，我是一種完美主義者，總是要求自己做得更好。但我不知道自己該怎麼做，該繼續下來還是放棄?,?,O,O,O,O,O,O,46
843,就我而言，一天不如一天了。工作上的我這樣努力，不但無法完成就業考試的課題，也無法完成其餘的任務。 我不再像過去那樣感受到壓力，這裡我感受到的是輕微的壓力。  似乎過度完美主義的我，現在真的無法克服自己的差異。  就我而言，每天都是一場無勝負的戰役，沒有興趣；,就,O,O,O,O,O,O,1
843,就我而言，一天不如一天了。工作上的我這樣努力，不但無法完成就業考試的課題，也無法完成其餘的任務。 我不再像過去那樣感受到壓力，這裡我感受到的是輕微的壓力。  似乎過度完美主義的我，現在真的無法克服自己的差異。  就我而言，每天都是一場無勝負的戰役，沒有興趣；,我,O,O,O,O,O,O,2
843,就我而言，一天不如一天了。工作上的我這樣努力，不但無法完成就業考試的課題，也無法完成其餘的任務。 我不再像過去那樣感受到壓力，這裡我感受到的是輕微的壓力。  似乎過度完美主義的我，現在真的無法克服自己的差異。  就我而言，每天都是一場無勝負的戰役，沒有興趣；,而言,O,O,O,O,O,O,3
843,就我而言，一天不如一天了。工作上的我這樣努力，不但無法完成就業考試的課題，也無法完成其餘的任務。 我不再像過去那樣感受到壓力，這裡我感受到的是輕微的壓力。  似乎過度完美主義的我，現在真的無法克服自己的差異。  就我而言，每天都是一場無勝負的戰役，沒有興趣；,，,O,O,O,O,O,O,4
843,就我而言，一天不如一天了。工作上的我這樣努力，不但無法完成就業考試的課題，也無法完成其餘的任務。 我不再像過去那樣感受到壓力，這裡我感受到的是輕微的壓力。  似乎過度完美主義的我，現在真的無法克服自己的差異。  就我而言，每天都是一場無勝負的戰役，沒有興趣；,一天,O,O,O,O,O,O,5
843,就我而言，一天不如一天了。工作上的我這樣努力，不但無法完成就業考試的課題，也無法完成其餘的任務。 我不再像過去那樣感受到壓力，這裡我感受到的是輕微的壓力。  似乎過度完美主義的我，現在真的無法克服自己的差異。  就我而言，每天都是一場無勝負的戰役，沒有興趣；,不如,O,O,O,O,O,O,6
843,就我而言，一天不如一天了。工作上的我這樣努力，不但無法完成就業考試的課題，也無法完成其餘的任務。 我不再像過去那樣感受到壓力，這裡我感受到的是輕微的壓力。  似乎過度完美主義的我，現在真的無法克服自己的差異。  就我而言，每天都是一場無勝負的戰役，沒有興趣；,一天,O,O,O,O,O,O,7
843,就我而言，一天不如一天了。工作上的我這樣努力，不但無法完成就業考試的課題，也無法完成其餘的任務。 我不再像過去那樣感受到壓力，這裡我感受到的是輕微的壓力。  似乎過度完美主義的我，現在真的無法克服自己的差異。  就我而言，每天都是一場無勝負的戰役，沒有興趣；,了,O,O,O,O,O,O,8
843,就我而言，一天不如一天了。工作上的我這樣努力，不但無法完成就業考試的課題，也無法完成其餘的任務。 我不再像過去那樣感受到壓力，這裡我感受到的是輕微的壓力。  似乎過度完美主義的我，現在真的無法克服自己的差異。  就我而言，每天都是一場無勝負的戰役，沒有興趣；,。,O,O,O,O,O,O,9
843,就我而言，一天不如一天了。工作上的我這樣努力，不但無法完成就業考試的課題，也無法完成其餘的任務。 我不再像過去那樣感受到壓力，這裡我感受到的是輕微的壓力。  似乎過度完美主義的我，現在真的無法克服自己的差異。  就我而言，每天都是一場無勝負的戰役，沒有興趣；,工作,O,O,O,O,O,O,10
843,就我而言，一天不如一天了。工作上的我這樣努力，不但無法完成就業考試的課題，也無法完成其餘的任務。 我不再像過去那樣感受到壓力，這裡我感受到的是輕微的壓力。  似乎過度完美主義的我，現在真的無法克服自己的差異。  就我而言，每天都是一場無勝負的戰役，沒有興趣；,上,O,O,O,O,O,O,11
843,就我而言，一天不如一天了。工作上的我這樣努力，不但無法完成就業考試的課題，也無法完成其餘的任務。 我不再像過去那樣感受到壓力，這裡我感受到的是輕微的壓力。  似乎過度完美主義的我，現在真的無法克服自己的差異。  就我而言，每天都是一場無勝負的戰役，沒有興趣；,的,O,O,O,O,O,O,12
843,就我而言，一天不如一天了。工作上的我這樣努力，不但無法完成就業考試的課題，也無法完成其餘的任務。 我不再像過去那樣感受到壓力，這裡我感受到的是輕微的壓力。  似乎過度完美主義的我，現在真的無法克服自己的差異。  就我而言，每天都是一場無勝負的戰役，沒有興趣；,我,O,O,O,O,O,O,13
843,就我而言，一天不如一天了。工作上的我這樣努力，不但無法完成就業考試的課題，也無法完成其餘的任務。 我不再像過去那樣感受到壓力，這裡我感受到的是輕微的壓力。  似乎過度完美主義的我，現在真的無法克服自己的差異。  就我而言，每天都是一場無勝負的戰役，沒有興趣；,這樣,O,O,O,O,O,O,14
843,就我而言，一天不如一天了。工作上的我這樣努力，不但無法完成就業考試的課題，也無法完成其餘的任務。 我不再像過去那樣感受到壓力，這裡我感受到的是輕微的壓力。  似乎過度完美主義的我，現在真的無法克服自己的差異。  就我而言，每天都是一場無勝負的戰役，沒有興趣；,努力,O,O,O,O,O,O,15
843,就我而言，一天不如一天了。工作上的我這樣努力，不但無法完成就業考試的課題，也無法完成其餘的任務。 我不再像過去那樣感受到壓力，這裡我感受到的是輕微的壓力。  似乎過度完美主義的我，現在真的無法克服自己的差異。  就我而言，每天都是一場無勝負的戰役，沒有興趣；,，,O,O,O,O,O,O,16
843,就我而言，一天不如一天了。工作上的我這樣努力，不但無法完成就業考試的課題，也無法完成其餘的任務。 我不再像過去那樣感受到壓力，這裡我感受到的是輕微的壓力。  似乎過度完美主義的我，現在真的無法克服自己的差異。  就我而言，每天都是一場無勝負的戰役，沒有興趣；,不但,O,O,O,O,O,O,17
843,就我而言，一天不如一天了。工作上的我這樣努力，不但無法完成就業考試的課題，也無法完成其餘的任務。 我不再像過去那樣感受到壓力，這裡我感受到的是輕微的壓力。  似乎過度完美主義的我，現在真的無法克服自己的差異。  就我而言，每天都是一場無勝負的戰役，沒有興趣；,無法,B-W,B-W,B-D,B-D,B-D,B-D,18
843,就我而言，一天不如一天了。工作上的我這樣努力，不但無法完成就業考試的課題，也無法完成其餘的任務。 我不再像過去那樣感受到壓力，這裡我感受到的是輕微的壓力。  似乎過度完美主義的我，現在真的無法克服自己的差異。  就我而言，每天都是一場無勝負的戰役，沒有興趣；,完成,E-W,M-W,M-D,M-D,M-D,M-D,19
843,就我而言，一天不如一天了。工作上的我這樣努力，不但無法完成就業考試的課題，也無法完成其餘的任務。 我不再像過去那樣感受到壓力，這裡我感受到的是輕微的壓力。  似乎過度完美主義的我，現在真的無法克服自己的差異。  就我而言，每天都是一場無勝負的戰役，沒有興趣；,就業考試,O,O,E-D,E-D,E-D,E-D,20
843,就我而言，一天不如一天了。工作上的我這樣努力，不但無法完成就業考試的課題，也無法完成其餘的任務。 我不再像過去那樣感受到壓力，這裡我感受到的是輕微的壓力。  似乎過度完美主義的我，現在真的無法克服自己的差異。  就我而言，每天都是一場無勝負的戰役，沒有興趣；,的,O,O,O,O,O,O,21
843,就我而言，一天不如一天了。工作上的我這樣努力，不但無法完成就業考試的課題，也無法完成其餘的任務。 我不再像過去那樣感受到壓力，這裡我感受到的是輕微的壓力。  似乎過度完美主義的我，現在真的無法克服自己的差異。  就我而言，每天都是一場無勝負的戰役，沒有興趣；,課題,O,O,O,O,O,O,22
843,就我而言，一天不如一天了。工作上的我這樣努力，不但無法完成就業考試的課題，也無法完成其餘的任務。 我不再像過去那樣感受到壓力，這裡我感受到的是輕微的壓力。  似乎過度完美主義的我，現在真的無法克服自己的差異。  就我而言，每天都是一場無勝負的戰役，沒有興趣；,，,O,O,O,O,O,O,23
843,就我而言，一天不如一天了。工作上的我這樣努力，不但無法完成就業考試的課題，也無法完成其餘的任務。 我不再像過去那樣感受到壓力，這裡我感受到的是輕微的壓力。  似乎過度完美主義的我，現在真的無法克服自己的差異。  就我而言，每天都是一場無勝負的戰役，沒有興趣；,也,O,O,O,O,O,O,24
843,就我而言，一天不如一天了。工作上的我這樣努力，不但無法完成就業考試的課題，也無法完成其餘的任務。 我不再像過去那樣感受到壓力，這裡我感受到的是輕微的壓力。  似乎過度完美主義的我，現在真的無法克服自己的差異。  就我而言，每天都是一場無勝負的戰役，沒有興趣；,無法,B-W,B-W,B-D,B-D,B-D,B-D,25
843,就我而言，一天不如一天了。工作上的我這樣努力，不但無法完成就業考試的課題，也無法完成其餘的任務。 我不再像過去那樣感受到壓力，這裡我感受到的是輕微的壓力。  似乎過度完美主義的我，現在真的無法克服自己的差異。  就我而言，每天都是一場無勝負的戰役，沒有興趣；,完成,E-W,M-W,M-D,E-D,M-D,M-D,26
843,就我而言，一天不如一天了。工作上的我這樣努力，不但無法完成就業考試的課題，也無法完成其餘的任務。 我不再像過去那樣感受到壓力，這裡我感受到的是輕微的壓力。  似乎過度完美主義的我，現在真的無法克服自己的差異。  就我而言，每天都是一場無勝負的戰役，沒有興趣；,其餘,O,O,E-D,O,E-D,E-D,27
843,就我而言，一天不如一天了。工作上的我這樣努力，不但無法完成就業考試的課題，也無法完成其餘的任務。 我不再像過去那樣感受到壓力，這裡我感受到的是輕微的壓力。  似乎過度完美主義的我，現在真的無法克服自己的差異。  就我而言，每天都是一場無勝負的戰役，沒有興趣；,的,O,O,O,O,O,O,28
843,就我而言，一天不如一天了。工作上的我這樣努力，不但無法完成就業考試的課題，也無法完成其餘的任務。 我不再像過去那樣感受到壓力，這裡我感受到的是輕微的壓力。  似乎過度完美主義的我，現在真的無法克服自己的差異。  就我而言，每天都是一場無勝負的戰役，沒有興趣；,任務,O,O,O,O,O,O,29
843,就我而言，一天不如一天了。工作上的我這樣努力，不但無法完成就業考試的課題，也無法完成其餘的任務。 我不再像過去那樣感受到壓力，這裡我感受到的是輕微的壓力。  似乎過度完美主義的我，現在真的無法克服自己的差異。  就我而言，每天都是一場無勝負的戰役，沒有興趣；,。,O,O,O,O,O,O,30
843,就我而言，一天不如一天了。工作上的我這樣努力，不但無法完成就業考試的課題，也無法完成其餘的任務。 我不再像過去那樣感受到壓力，這裡我感受到的是輕微的壓力。  似乎過度完美主義的我，現在真的無法克服自己的差異。  就我而言，每天都是一場無勝負的戰役，沒有興趣；,我,O,O,O,O,O,O,31
843,就我而言，一天不如一天了。工作上的我這樣努力，不但無法完成就業考試的課題，也無法完成其餘的任務。 我不再像過去那樣感受到壓力，這裡我感受到的是輕微的壓力。  似乎過度完美主義的我，現在真的無法克服自己的差異。  就我而言，每天都是一場無勝負的戰役，沒有興趣；,不,O,O,O,O,O,O,32
843,就我而言，一天不如一天了。工作上的我這樣努力，不但無法完成就業考試的課題，也無法完成其餘的任務。 我不再像過去那樣感受到壓力，這裡我感受到的是輕微的壓力。  似乎過度完美主義的我，現在真的無法克服自己的差異。  就我而言，每天都是一場無勝負的戰役，沒有興趣；,再,O,O,O,O,O,O,33
843,就我而言，一天不如一天了。工作上的我這樣努力，不但無法完成就業考試的課題，也無法完成其餘的任務。 我不再像過去那樣感受到壓力，這裡我感受到的是輕微的壓力。  似乎過度完美主義的我，現在真的無法克服自己的差異。  就我而言，每天都是一場無勝負的戰役，沒有興趣；,像,O,O,O,O,O,O,34
843,就我而言，一天不如一天了。工作上的我這樣努力，不但無法完成就業考試的課題，也無法完成其餘的任務。 我不再像過去那樣感受到壓力，這裡我感受到的是輕微的壓力。  似乎過度完美主義的我，現在真的無法克服自己的差異。  就我而言，每天都是一場無勝負的戰役，沒有興趣；,過去,O,O,O,O,O,O,35
843,就我而言，一天不如一天了。工作上的我這樣努力，不但無法完成就業考試的課題，也無法完成其餘的任務。 我不再像過去那樣感受到壓力，這裡我感受到的是輕微的壓力。  似乎過度完美主義的我，現在真的無法克服自己的差異。  就我而言，每天都是一場無勝負的戰役，沒有興趣；,那樣,O,O,O,O,O,O,36
843,就我而言，一天不如一天了。工作上的我這樣努力，不但無法完成就業考試的課題，也無法完成其餘的任務。 我不再像過去那樣感受到壓力，這裡我感受到的是輕微的壓力。  似乎過度完美主義的我，現在真的無法克服自己的差異。  就我而言，每天都是一場無勝負的戰役，沒有興趣；,感受到,O,O,O,O,O,O,37
843,就我而言，一天不如一天了。工作上的我這樣努力，不但無法完成就業考試的課題，也無法完成其餘的任務。 我不再像過去那樣感受到壓力，這裡我感受到的是輕微的壓力。  似乎過度完美主義的我，現在真的無法克服自己的差異。  就我而言，每天都是一場無勝負的戰役，沒有興趣；,壓力,O,O,O,O,O,O,38
843,就我而言，一天不如一天了。工作上的我這樣努力，不但無法完成就業考試的課題，也無法完成其餘的任務。 我不再像過去那樣感受到壓力，這裡我感受到的是輕微的壓力。  似乎過度完美主義的我，現在真的無法克服自己的差異。  就我而言，每天都是一場無勝負的戰役，沒有興趣；,，,O,O,O,O,O,O,39
843,就我而言，一天不如一天了。工作上的我這樣努力，不但無法完成就業考試的課題，也無法完成其餘的任務。 我不再像過去那樣感受到壓力，這裡我感受到的是輕微的壓力。  似乎過度完美主義的我，現在真的無法克服自己的差異。  就我而言，每天都是一場無勝負的戰役，沒有興趣；,這裡,O,O,O,O,O,O,40
843,就我而言，一天不如一天了。工作上的我這樣努力，不但無法完成就業考試的課題，也無法完成其餘的任務。 我不再像過去那樣感受到壓力，這裡我感受到的是輕微的壓力。  似乎過度完美主義的我，現在真的無法克服自己的差異。  就我而言，每天都是一場無勝負的戰役，沒有興趣；,我,O,O,O,O,O,O,41
843,就我而言，一天不如一天了。工作上的我這樣努力，不但無法完成就業考試的課題，也無法完成其餘的任務。 我不再像過去那樣感受到壓力，這裡我感受到的是輕微的壓力。  似乎過度完美主義的我，現在真的無法克服自己的差異。  就我而言，每天都是一場無勝負的戰役，沒有興趣；,感受到,O,O,O,O,O,O,42
843,就我而言，一天不如一天了。工作上的我這樣努力，不但無法完成就業考試的課題，也無法完成其餘的任務。 我不再像過去那樣感受到壓力，這裡我感受到的是輕微的壓力。  似乎過度完美主義的我，現在真的無法克服自己的差異。  就我而言，每天都是一場無勝負的戰役，沒有興趣；,的,O,O,O,O,O,O,43
843,就我而言，一天不如一天了。工作上的我這樣努力，不但無法完成就業考試的課題，也無法完成其餘的任務。 我不再像過去那樣感受到壓力，這裡我感受到的是輕微的壓力。  似乎過度完美主義的我，現在真的無法克服自己的差異。  就我而言，每天都是一場無勝負的戰役，沒有興趣；,是,O,O,O,O,O,O,44
843,就我而言，一天不如一天了。工作上的我這樣努力，不但無法完成就業考試的課題，也無法完成其餘的任務。 我不再像過去那樣感受到壓力，這裡我感受到的是輕微的壓力。  似乎過度完美主義的我，現在真的無法克服自己的差異。  就我而言，每天都是一場無勝負的戰役，沒有興趣；,輕微,O,O,O,O,O,O,45
843,就我而言，一天不如一天了。工作上的我這樣努力，不但無法完成就業考試的課題，也無法完成其餘的任務。 我不再像過去那樣感受到壓力，這裡我感受到的是輕微的壓力。  似乎過度完美主義的我，現在真的無法克服自己的差異。  就我而言，每天都是一場無勝負的戰役，沒有興趣；,的,O,O,O,O,O,O,46
843,就我而言，一天不如一天了。工作上的我這樣努力，不但無法完成就業考試的課題，也無法完成其餘的任務。 我不再像過去那樣感受到壓力，這裡我感受到的是輕微的壓力。  似乎過度完美主義的我，現在真的無法克服自己的差異。  就我而言，每天都是一場無勝負的戰役，沒有興趣；,壓力,O,O,O,O,O,O,47
843,就我而言，一天不如一天了。工作上的我這樣努力，不但無法完成就業考試的課題，也無法完成其餘的任務。 我不再像過去那樣感受到壓力，這裡我感受到的是輕微的壓力。  似乎過度完美主義的我，現在真的無法克服自己的差異。  就我而言，每天都是一場無勝負的戰役，沒有興趣；,。,O,O,O,O,O,O,48
843,就我而言，一天不如一天了。工作上的我這樣努力，不但無法完成就業考試的課題，也無法完成其餘的任務。 我不再像過去那樣感受到壓力，這裡我感受到的是輕微的壓力。  似乎過度完美主義的我，現在真的無法克服自己的差異。  就我而言，每天都是一場無勝負的戰役，沒有興趣；,似乎,O,O,O,O,O,O,49
843,就我而言，一天不如一天了。工作上的我這樣努力，不但無法完成就業考試的課題，也無法完成其餘的任務。 我不再像過去那樣感受到壓力，這裡我感受到的是輕微的壓力。  似乎過度完美主義的我，現在真的無法克服自己的差異。  就我而言，每天都是一場無勝負的戰役，沒有興趣；,過度,O,O,O,O,O,O,50
843,就我而言，一天不如一天了。工作上的我這樣努力，不但無法完成就業考試的課題，也無法完成其餘的任務。 我不再像過去那樣感受到壓力，這裡我感受到的是輕微的壓力。  似乎過度完美主義的我，現在真的無法克服自己的差異。  就我而言，每天都是一場無勝負的戰役，沒有興趣；,完美主義,O,O,O,O,O,O,51
843,就我而言，一天不如一天了。工作上的我這樣努力，不但無法完成就業考試的課題，也無法完成其餘的任務。 我不再像過去那樣感受到壓力，這裡我感受到的是輕微的壓力。  似乎過度完美主義的我，現在真的無法克服自己的差異。  就我而言，每天都是一場無勝負的戰役，沒有興趣；,的,O,O,O,O,O,O,52
843,就我而言，一天不如一天了。工作上的我這樣努力，不但無法完成就業考試的課題，也無法完成其餘的任務。 我不再像過去那樣感受到壓力，這裡我感受到的是輕微的壓力。  似乎過度完美主義的我，現在真的無法克服自己的差異。  就我而言，每天都是一場無勝負的戰役，沒有興趣；,我,O,O,O,O,O,O,53
843,就我而言，一天不如一天了。工作上的我這樣努力，不但無法完成就業考試的課題，也無法完成其餘的任務。 我不再像過去那樣感受到壓力，這裡我感受到的是輕微的壓力。  似乎過度完美主義的我，現在真的無法克服自己的差異。  就我而言，每天都是一場無勝負的戰役，沒有興趣；,，,O,O,O,O,O,O,54
843,就我而言，一天不如一天了。工作上的我這樣努力，不但無法完成就業考試的課題，也無法完成其餘的任務。 我不再像過去那樣感受到壓力，這裡我感受到的是輕微的壓力。  似乎過度完美主義的我，現在真的無法克服自己的差異。  就我而言，每天都是一場無勝負的戰役，沒有興趣；,現在,O,O,O,O,O,O,55
843,就我而言，一天不如一天了。工作上的我這樣努力，不但無法完成就業考試的課題，也無法完成其餘的任務。 我不再像過去那樣感受到壓力，這裡我感受到的是輕微的壓力。  似乎過度完美主義的我，現在真的無法克服自己的差異。  就我而言，每天都是一場無勝負的戰役，沒有興趣；,真的,O,O,O,O,B-D,O,56
843,就我而言，一天不如一天了。工作上的我這樣努力，不但無法完成就業考試的課題，也無法完成其餘的任務。 我不再像過去那樣感受到壓力，這裡我感受到的是輕微的壓力。  似乎過度完美主義的我，現在真的無法克服自己的差異。  就我而言，每天都是一場無勝負的戰役，沒有興趣；,無法,B-D,B-W,B-D,B-D,M-D,B-D,57
843,就我而言，一天不如一天了。工作上的我這樣努力，不但無法完成就業考試的課題，也無法完成其餘的任務。 我不再像過去那樣感受到壓力，這裡我感受到的是輕微的壓力。  似乎過度完美主義的我，現在真的無法克服自己的差異。  就我而言，每天都是一場無勝負的戰役，沒有興趣；,克服,E-D,M-W,M-D,E-D,E-D,M-D,58
843,就我而言，一天不如一天了。工作上的我這樣努力，不但無法完成就業考試的課題，也無法完成其餘的任務。 我不再像過去那樣感受到壓力，這裡我感受到的是輕微的壓力。  似乎過度完美主義的我，現在真的無法克服自己的差異。  就我而言，每天都是一場無勝負的戰役，沒有興趣；,自己,O,O,E-D,O,O,E-D,59
843,就我而言，一天不如一天了。工作上的我這樣努力，不但無法完成就業考試的課題，也無法完成其餘的任務。 我不再像過去那樣感受到壓力，這裡我感受到的是輕微的壓力。  似乎過度完美主義的我，現在真的無法克服自己的差異。  就我而言，每天都是一場無勝負的戰役，沒有興趣；,的,O,O,O,O,O,O,60
843,就我而言，一天不如一天了。工作上的我這樣努力，不但無法完成就業考試的課題，也無法完成其餘的任務。 我不再像過去那樣感受到壓力，這裡我感受到的是輕微的壓力。  似乎過度完美主義的我，現在真的無法克服自己的差異。  就我而言，每天都是一場無勝負的戰役，沒有興趣；,差異,O,O,O,O,O,O,61
843,就我而言，一天不如一天了。工作上的我這樣努力，不但無法完成就業考試的課題，也無法完成其餘的任務。 我不再像過去那樣感受到壓力，這裡我感受到的是輕微的壓力。  似乎過度完美主義的我，現在真的無法克服自己的差異。  就我而言，每天都是一場無勝負的戰役，沒有興趣；,。,O,O,O,O,O,O,62
843,就我而言，一天不如一天了。工作上的我這樣努力，不但無法完成就業考試的課題，也無法完成其餘的任務。 我不再像過去那樣感受到壓力，這裡我感受到的是輕微的壓力。  似乎過度完美主義的我，現在真的無法克服自己的差異。  就我而言，每天都是一場無勝負的戰役，沒有興趣；,就,O,O,O,O,O,O,63
843,就我而言，一天不如一天了。工作上的我這樣努力，不但無法完成就業考試的課題，也無法完成其餘的任務。 我不再像過去那樣感受到壓力，這裡我感受到的是輕微的壓力。  似乎過度完美主義的我，現在真的無法克服自己的差異。  就我而言，每天都是一場無勝負的戰役，沒有興趣；,我,O,O,O,O,O,O,64
843,就我而言，一天不如一天了。工作上的我這樣努力，不但無法完成就業考試的課題，也無法完成其餘的任務。 我不再像過去那樣感受到壓力，這裡我感受到的是輕微的壓力。  似乎過度完美主義的我，現在真的無法克服自己的差異。  就我而言，每天都是一場無勝負的戰役，沒有興趣；,而言,O,O,O,O,O,O,65
843,就我而言，一天不如一天了。工作上的我這樣努力，不但無法完成就業考試的課題，也無法完成其餘的任務。 我不再像過去那樣感受到壓力，這裡我感受到的是輕微的壓力。  似乎過度完美主義的我，現在真的無法克服自己的差異。  就我而言，每天都是一場無勝負的戰役，沒有興趣；,，,O,O,O,O,O,O,66
843,就我而言，一天不如一天了。工作上的我這樣努力，不但無法完成就業考試的課題，也無法完成其餘的任務。 我不再像過去那樣感受到壓力，這裡我感受到的是輕微的壓力。  似乎過度完美主義的我，現在真的無法克服自己的差異。  就我而言，每天都是一場無勝負的戰役，沒有興趣；,每天,O,O,O,O,O,O,67
843,就我而言，一天不如一天了。工作上的我這樣努力，不但無法完成就業考試的課題，也無法完成其餘的任務。 我不再像過去那樣感受到壓力，這裡我感受到的是輕微的壓力。  似乎過度完美主義的我，現在真的無法克服自己的差異。  就我而言，每天都是一場無勝負的戰役，沒有興趣；,都,O,O,O,O,O,O,68
843,就我而言，一天不如一天了。工作上的我這樣努力，不但無法完成就業考試的課題，也無法完成其餘的任務。 我不再像過去那樣感受到壓力，這裡我感受到的是輕微的壓力。  似乎過度完美主義的我，現在真的無法克服自己的差異。  就我而言，每天都是一場無勝負的戰役，沒有興趣；,是,O,O,O,O,O,O,69
843,就我而言，一天不如一天了。工作上的我這樣努力，不但無法完成就業考試的課題，也無法完成其餘的任務。 我不再像過去那樣感受到壓力，這裡我感受到的是輕微的壓力。  似乎過度完美主義的我，現在真的無法克服自己的差異。  就我而言，每天都是一場無勝負的戰役，沒有興趣；,一場,O,O,O,O,O,O,70
843,就我而言，一天不如一天了。工作上的我這樣努力，不但無法完成就業考試的課題，也無法完成其餘的任務。 我不再像過去那樣感受到壓力，這裡我感受到的是輕微的壓力。  似乎過度完美主義的我，現在真的無法克服自己的差異。  就我而言，每天都是一場無勝負的戰役，沒有興趣；,無勝負,O,O,O,O,O,O,71
843,就我而言，一天不如一天了。工作上的我這樣努力，不但無法完成就業考試的課題，也無法完成其餘的任務。 我不再像過去那樣感受到壓力，這裡我感受到的是輕微的壓力。  似乎過度完美主義的我，現在真的無法克服自己的差異。  就我而言，每天都是一場無勝負的戰役，沒有興趣；,的,O,O,O,O,O,O,72
843,就我而言，一天不如一天了。工作上的我這樣努力，不但無法完成就業考試的課題，也無法完成其餘的任務。 我不再像過去那樣感受到壓力，這裡我感受到的是輕微的壓力。  似乎過度完美主義的我，現在真的無法克服自己的差異。  就我而言，每天都是一場無勝負的戰役，沒有興趣；,戰役,O,O,O,O,O,O,73
843,就我而言，一天不如一天了。工作上的我這樣努力，不但無法完成就業考試的課題，也無法完成其餘的任務。 我不再像過去那樣感受到壓力，這裡我感受到的是輕微的壓力。  似乎過度完美主義的我，現在真的無法克服自己的差異。  就我而言，每天都是一場無勝負的戰役，沒有興趣；,，,O,O,O,O,O,O,74
843,就我而言，一天不如一天了。工作上的我這樣努力，不但無法完成就業考試的課題，也無法完成其餘的任務。 我不再像過去那樣感受到壓力，這裡我感受到的是輕微的壓力。  似乎過度完美主義的我，現在真的無法克服自己的差異。  就我而言，每天都是一場無勝負的戰役，沒有興趣；,沒有,O,O,O,O,O,O,75
843,就我而言，一天不如一天了。工作上的我這樣努力，不但無法完成就業考試的課題，也無法完成其餘的任務。 我不再像過去那樣感受到壓力，這裡我感受到的是輕微的壓力。  似乎過度完美主義的我，現在真的無法克服自己的差異。  就我而言，每天都是一場無勝負的戰役，沒有興趣；,興趣,O,O,O,O,O,O,76
843,就我而言，一天不如一天了。工作上的我這樣努力，不但無法完成就業考試的課題，也無法完成其餘的任務。 我不再像過去那樣感受到壓力，這裡我感受到的是輕微的壓力。  似乎過度完美主義的我，現在真的無法克服自己的差異。  就我而言，每天都是一場無勝負的戰役，沒有興趣；,；,O,O,O,O,缺失預測,O,77
844,我的失落感來自於無力無力地向前，面對無數壓力，我們的身體和心力也在呼喚，我們的身體和心力在呼叫......  我不想活了，,我的,O,O,O,O,O,O,1
844,我的失落感來自於無力無力地向前，面對無數壓力，我們的身體和心力也在呼喚，我們的身體和心力在呼叫......  我不想活了，,失落感,S-D,S-W,S-W,S-D,S-D,S-D,2
844,我的失落感來自於無力無力地向前，面對無數壓力，我們的身體和心力也在呼喚，我們的身體和心力在呼叫......  我不想活了，,來自於,O,O,O,O,O,O,3
844,我的失落感來自於無力無力地向前，面對無數壓力，我們的身體和心力也在呼喚，我們的身體和心力在呼叫......  我不想活了，,無力,S-D,S-W,O,O,O,O,4
844,我的失落感來自於無力無力地向前，面對無數壓力，我們的身體和心力也在呼喚，我們的身體和心力在呼叫......  我不想活了，,無力地,O,O,O,O,O,O,5
844,我的失落感來自於無力無力地向前，面對無數壓力，我們的身體和心力也在呼喚，我們的身體和心力在呼叫......  我不想活了，,向前,O,O,O,O,O,O,6
844,我的失落感來自於無力無力地向前，面對無數壓力，我們的身體和心力也在呼喚，我們的身體和心力在呼叫......  我不想活了，,，,O,O,O,O,O,O,7
844,我的失落感來自於無力無力地向前，面對無數壓力，我們的身體和心力也在呼喚，我們的身體和心力在呼叫......  我不想活了，,面對,O,O,O,O,O,O,8
844,我的失落感來自於無力無力地向前，面對無數壓力，我們的身體和心力也在呼喚，我們的身體和心力在呼叫......  我不想活了，,無數,O,O,O,O,O,O,9
844,我的失落感來自於無力無力地向前，面對無數壓力，我們的身體和心力也在呼喚，我們的身體和心力在呼叫......  我不想活了，,壓力,S-W,S-W,S-W,S-W,S-W,S-W,10
844,我的失落感來自於無力無力地向前，面對無數壓力，我們的身體和心力也在呼喚，我們的身體和心力在呼叫......  我不想活了，,，,O,O,O,O,O,O,11
844,我的失落感來自於無力無力地向前，面對無數壓力，我們的身體和心力也在呼喚，我們的身體和心力在呼叫......  我不想活了，,我們的,O,O,O,O,O,O,12
844,我的失落感來自於無力無力地向前，面對無數壓力，我們的身體和心力也在呼喚，我們的身體和心力在呼叫......  我不想活了，,身體,O,O,O,O,O,O,13
844,我的失落感來自於無力無力地向前，面對無數壓力，我們的身體和心力也在呼喚，我們的身體和心力在呼叫......  我不想活了，,和,O,O,O,O,O,O,14
844,我的失落感來自於無力無力地向前，面對無數壓力，我們的身體和心力也在呼喚，我們的身體和心力在呼叫......  我不想活了，,心力,O,O,O,O,O,O,15
844,我的失落感來自於無力無力地向前，面對無數壓力，我們的身體和心力也在呼喚，我們的身體和心力在呼叫......  我不想活了，,也,O,O,O,O,O,O,16
844,我的失落感來自於無力無力地向前，面對無數壓力，我們的身體和心力也在呼喚，我們的身體和心力在呼叫......  我不想活了，,在,O,O,O,O,O,O,17
844,我的失落感來自於無力無力地向前，面對無數壓力，我們的身體和心力也在呼喚，我們的身體和心力在呼叫......  我不想活了，,呼喚,O,O,O,O,O,O,18
844,我的失落感來自於無力無力地向前，面對無數壓力，我們的身體和心力也在呼喚，我們的身體和心力在呼叫......  我不想活了，,，,O,O,O,O,O,O,19
844,我的失落感來自於無力無力地向前，面對無數壓力，我們的身體和心力也在呼喚，我們的身體和心力在呼叫......  我不想活了，,我們的,O,O,O,O,O,O,20
844,我的失落感來自於無力無力地向前，面對無數壓力，我們的身體和心力也在呼喚，我們的身體和心力在呼叫......  我不想活了，,身體,O,O,O,O,O,O,21
844,我的失落感來自於無力無力地向前，面對無數壓力，我們的身體和心力也在呼喚，我們的身體和心力在呼叫......  我不想活了，,和,O,O,O,O,O,O,22
844,我的失落感來自於無力無力地向前，面對無數壓力，我們的身體和心力也在呼喚，我們的身體和心力在呼叫......  我不想活了，,心力,O,O,O,O,O,O,23
844,我的失落感來自於無力無力地向前，面對無數壓力，我們的身體和心力也在呼喚，我們的身體和心力在呼叫......  我不想活了，,在,O,O,O,O,O,O,24
844,我的失落感來自於無力無力地向前，面對無數壓力，我們的身體和心力也在呼喚，我們的身體和心力在呼叫......  我不想活了，,呼叫,O,O,O,O,O,O,25
844,我的失落感來自於無力無力地向前，面對無數壓力，我們的身體和心力也在呼喚，我們的身體和心力在呼叫......  我不想活了，,......,O,O,O,O,O,O,26
844,我的失落感來自於無力無力地向前，面對無數壓力，我們的身體和心力也在呼喚，我們的身體和心力在呼叫......  我不想活了，,我,O,O,O,O,O,O,27
844,我的失落感來自於無力無力地向前，面對無數壓力，我們的身體和心力也在呼喚，我們的身體和心力在呼叫......  我不想活了，,不想,B-U,O,O,O,O,O,28
844,我的失落感來自於無力無力地向前，面對無數壓力，我們的身體和心力也在呼喚，我們的身體和心力在呼叫......  我不想活了，,活了,E-U,S-U,O,O,O,O,29
844,我的失落感來自於無力無力地向前，面對無數壓力，我們的身體和心力也在呼喚，我們的身體和心力在呼叫......  我不想活了，,，,O,O,O,S-U,O,O,30
845,我根本不知道自己想做什麼了。我整天都被沉重的絕望困擁，不知道什麼能夠讓我從中脫離。😩   ️,我,O,O,O,O,O,O,1
845,我根本不知道自己想做什麼了。我整天都被沉重的絕望困擁，不知道什麼能夠讓我從中脫離。😩   ️,根本,O,O,O,O,O,O,2
845,我根本不知道自己想做什麼了。我整天都被沉重的絕望困擁，不知道什麼能夠讓我從中脫離。😩   ️,不知道,O,O,O,O,O,O,3
845,我根本不知道自己想做什麼了。我整天都被沉重的絕望困擁，不知道什麼能夠讓我從中脫離。😩   ️,自己,O,O,O,O,O,O,4
845,我根本不知道自己想做什麼了。我整天都被沉重的絕望困擁，不知道什麼能夠讓我從中脫離。😩   ️,想,O,O,O,O,O,O,5
845,我根本不知道自己想做什麼了。我整天都被沉重的絕望困擁，不知道什麼能夠讓我從中脫離。😩   ️,做,O,O,O,O,O,O,6
845,我根本不知道自己想做什麼了。我整天都被沉重的絕望困擁，不知道什麼能夠讓我從中脫離。😩   ️,什麼,O,O,O,O,O,O,7
845,我根本不知道自己想做什麼了。我整天都被沉重的絕望困擁，不知道什麼能夠讓我從中脫離。😩   ️,了,O,O,O,O,O,O,8
845,我根本不知道自己想做什麼了。我整天都被沉重的絕望困擁，不知道什麼能夠讓我從中脫離。😩   ️,。,O,O,O,O,O,O,9
845,我根本不知道自己想做什麼了。我整天都被沉重的絕望困擁，不知道什麼能夠讓我從中脫離。😩   ️,我,O,O,O,O,O,O,10
845,我根本不知道自己想做什麼了。我整天都被沉重的絕望困擁，不知道什麼能夠讓我從中脫離。😩   ️,整天,O,O,O,O,O,O,11
845,我根本不知道自己想做什麼了。我整天都被沉重的絕望困擁，不知道什麼能夠讓我從中脫離。😩   ️,都,O,O,O,O,O,O,12
845,我根本不知道自己想做什麼了。我整天都被沉重的絕望困擁，不知道什麼能夠讓我從中脫離。😩   ️,被,O,O,O,O,O,O,13
845,我根本不知道自己想做什麼了。我整天都被沉重的絕望困擁，不知道什麼能夠讓我從中脫離。😩   ️,沉重,S-D,S-D,S-D,S-D,S-D,S-D,14
845,我根本不知道自己想做什麼了。我整天都被沉重的絕望困擁，不知道什麼能夠讓我從中脫離。😩   ️,的,O,O,O,O,O,O,15
845,我根本不知道自己想做什麼了。我整天都被沉重的絕望困擁，不知道什麼能夠讓我從中脫離。😩   ️,絕望,S-D,S-D,S-D,S-D,S-D,S-D,16
845,我根本不知道自己想做什麼了。我整天都被沉重的絕望困擁，不知道什麼能夠讓我從中脫離。😩   ️,困擁,O,O,O,O,O,O,17
845,我根本不知道自己想做什麼了。我整天都被沉重的絕望困擁，不知道什麼能夠讓我從中脫離。😩   ️,，,O,O,O,O,O,O,18
845,我根本不知道自己想做什麼了。我整天都被沉重的絕望困擁，不知道什麼能夠讓我從中脫離。😩   ️,不知道,O,O,O,O,O,O,19
845,我根本不知道自己想做什麼了。我整天都被沉重的絕望困擁，不知道什麼能夠讓我從中脫離。😩   ️,什麼,O,O,O,O,O,O,20
845,我根本不知道自己想做什麼了。我整天都被沉重的絕望困擁，不知道什麼能夠讓我從中脫離。😩   ️,能夠,O,O,O,O,O,O,21
845,我根本不知道自己想做什麼了。我整天都被沉重的絕望困擁，不知道什麼能夠讓我從中脫離。😩   ️,讓,O,O,O,O,O,O,22
845,我根本不知道自己想做什麼了。我整天都被沉重的絕望困擁，不知道什麼能夠讓我從中脫離。😩   ️,我,O,O,O,O,O,O,23
845,我根本不知道自己想做什麼了。我整天都被沉重的絕望困擁，不知道什麼能夠讓我從中脫離。😩   ️,從,O,O,O,O,O,O,24
845,我根本不知道自己想做什麼了。我整天都被沉重的絕望困擁，不知道什麼能夠讓我從中脫離。😩   ️,中,O,O,O,O,O,O,25
845,我根本不知道自己想做什麼了。我整天都被沉重的絕望困擁，不知道什麼能夠讓我從中脫離。😩   ️,脫離,O,O,O,O,O,O,26
845,我根本不知道自己想做什麼了。我整天都被沉重的絕望困擁，不知道什麼能夠讓我從中脫離。😩   ️,。,O,O,O,O,O,O,27
845,我根本不知道自己想做什麼了。我整天都被沉重的絕望困擁，不知道什麼能夠讓我從中脫離。😩   ️,😩,O,O,O,O,O,O,28
845,我根本不知道自己想做什麼了。我整天都被沉重的絕望困擁，不知道什麼能夠讓我從中脫離。😩   ️,O,O,O,O,O,O,O,29
845,我根本不知道自己想做什麼了。我整天都被沉重的絕望困擁，不知道什麼能夠讓我從中脫離。😩   ️,️,O,O,缺失預測,缺失預測,缺失預測,缺失預測,30
846,不想活了；每天無法努力地走完學期末的最後一天 😩😩；就像我一步一步地走向了自殺的道路 我不明白為什麼都無法有效地應對生活中的壓力,不想活了,S-U,S-U,S-U,O,S-U,S-U,1
846,不想活了；每天無法努力地走完學期末的最後一天 😩😩；就像我一步一步地走向了自殺的道路 我不明白為什麼都無法有效地應對生活中的壓力,；,O,O,O,O,O,O,2
846,不想活了；每天無法努力地走完學期末的最後一天 😩😩；就像我一步一步地走向了自殺的道路 我不明白為什麼都無法有效地應對生活中的壓力,每天,O,O,O,O,O,O,3
846,不想活了；每天無法努力地走完學期末的最後一天 😩😩；就像我一步一步地走向了自殺的道路 我不明白為什麼都無法有效地應對生活中的壓力,無法,B-D,B-D,B-D,O,B-D,B-D,4
846,不想活了；每天無法努力地走完學期末的最後一天 😩😩；就像我一步一步地走向了自殺的道路 我不明白為什麼都無法有效地應對生活中的壓力,努力,E-D,E-D,E-D,O,E-D,E-D,5
846,不想活了；每天無法努力地走完學期末的最後一天 😩😩；就像我一步一步地走向了自殺的道路 我不明白為什麼都無法有效地應對生活中的壓力,地,O,O,O,B-U,O,O,6
846,不想活了；每天無法努力地走完學期末的最後一天 😩😩；就像我一步一步地走向了自殺的道路 我不明白為什麼都無法有效地應對生活中的壓力,走,O,O,O,E-U,O,O,7
846,不想活了；每天無法努力地走完學期末的最後一天 😩😩；就像我一步一步地走向了自殺的道路 我不明白為什麼都無法有效地應對生活中的壓力,完,O,O,O,O,O,O,8
846,不想活了；每天無法努力地走完學期末的最後一天 😩😩；就像我一步一步地走向了自殺的道路 我不明白為什麼都無法有效地應對生活中的壓力,學期末,O,O,O,O,O,O,9
846,不想活了；每天無法努力地走完學期末的最後一天 😩😩；就像我一步一步地走向了自殺的道路 我不明白為什麼都無法有效地應對生活中的壓力,的,O,O,O,O,O,O,10
846,不想活了；每天無法努力地走完學期末的最後一天 😩😩；就像我一步一步地走向了自殺的道路 我不明白為什麼都無法有效地應對生活中的壓力,最後,O,O,O,O,O,O,11
846,不想活了；每天無法努力地走完學期末的最後一天 😩😩；就像我一步一步地走向了自殺的道路 我不明白為什麼都無法有效地應對生活中的壓力,一天,O,O,O,O,O,O,12
846,不想活了；每天無法努力地走完學期末的最後一天 😩😩；就像我一步一步地走向了自殺的道路 我不明白為什麼都無法有效地應對生活中的壓力,😩,O,O,O,O,O,O,13
846,不想活了；每天無法努力地走完學期末的最後一天 😩😩；就像我一步一步地走向了自殺的道路 我不明白為什麼都無法有效地應對生活中的壓力,😩,O,O,O,O,O,O,14
846,不想活了；每天無法努力地走完學期末的最後一天 😩😩；就像我一步一步地走向了自殺的道路 我不明白為什麼都無法有效地應對生活中的壓力,；,O,O,O,O,O,O,15
846,不想活了；每天無法努力地走完學期末的最後一天 😩😩；就像我一步一步地走向了自殺的道路 我不明白為什麼都無法有效地應對生活中的壓力,就,O,O,O,O,O,O,16
846,不想活了；每天無法努力地走完學期末的最後一天 😩😩；就像我一步一步地走向了自殺的道路 我不明白為什麼都無法有效地應對生活中的壓力,像,O,O,O,O,O,O,17
846,不想活了；每天無法努力地走完學期末的最後一天 😩😩；就像我一步一步地走向了自殺的道路 我不明白為什麼都無法有效地應對生活中的壓力,我,O,O,O,O,O,O,18
846,不想活了；每天無法努力地走完學期末的最後一天 😩😩；就像我一步一步地走向了自殺的道路 我不明白為什麼都無法有效地應對生活中的壓力,一步一步,O,O,O,O,O,O,19
846,不想活了；每天無法努力地走完學期末的最後一天 😩😩；就像我一步一步地走向了自殺的道路 我不明白為什麼都無法有效地應對生活中的壓力,地,O,O,O,O,O,O,20
846,不想活了；每天無法努力地走完學期末的最後一天 😩😩；就像我一步一步地走向了自殺的道路 我不明白為什麼都無法有效地應對生活中的壓力,走,O,O,O,O,O,O,21
846,不想活了；每天無法努力地走完學期末的最後一天 😩😩；就像我一步一步地走向了自殺的道路 我不明白為什麼都無法有效地應對生活中的壓力,向,O,O,O,O,O,O,22
846,不想活了；每天無法努力地走完學期末的最後一天 😩😩；就像我一步一步地走向了自殺的道路 我不明白為什麼都無法有效地應對生活中的壓力,了,O,O,O,O,O,O,23
846,不想活了；每天無法努力地走完學期末的最後一天 😩😩；就像我一步一步地走向了自殺的道路 我不明白為什麼都無法有效地應對生活中的壓力,自殺,S-U,O,O,O,O,S-U,24
846,不想活了；每天無法努力地走完學期末的最後一天 😩😩；就像我一步一步地走向了自殺的道路 我不明白為什麼都無法有效地應對生活中的壓力,的,O,O,S-U,O,S-U,O,25
846,不想活了；每天無法努力地走完學期末的最後一天 😩😩；就像我一步一步地走向了自殺的道路 我不明白為什麼都無法有效地應對生活中的壓力,道路,O,O,O,O,O,O,26
846,不想活了；每天無法努力地走完學期末的最後一天 😩😩；就像我一步一步地走向了自殺的道路 我不明白為什麼都無法有效地應對生活中的壓力,我,O,O,O,O,O,O,27
846,不想活了；每天無法努力地走完學期末的最後一天 😩😩；就像我一步一步地走向了自殺的道路 我不明白為什麼都無法有效地應對生活中的壓力,不,O,O,O,O,O,O,28
846,不想活了；每天無法努力地走完學期末的最後一天 😩😩；就像我一步一步地走向了自殺的道路 我不明白為什麼都無法有效地應對生活中的壓力,明白,O,O,O,O,O,O,29
846,不想活了；每天無法努力地走完學期末的最後一天 😩😩；就像我一步一步地走向了自殺的道路 我不明白為什麼都無法有效地應對生活中的壓力,為什麼,O,O,O,O,O,O,30
846,不想活了；每天無法努力地走完學期末的最後一天 😩😩；就像我一步一步地走向了自殺的道路 我不明白為什麼都無法有效地應對生活中的壓力,都,O,O,O,O,O,O,31
846,不想活了；每天無法努力地走完學期末的最後一天 😩😩；就像我一步一步地走向了自殺的道路 我不明白為什麼都無法有效地應對生活中的壓力,無法,O,B-D,O,O,O,B-D,32
846,不想活了；每天無法努力地走完學期末的最後一天 😩😩；就像我一步一步地走向了自殺的道路 我不明白為什麼都無法有效地應對生活中的壓力,有效,O,E-D,B-D,O,B-D,E-D,33
846,不想活了；每天無法努力地走完學期末的最後一天 😩😩；就像我一步一步地走向了自殺的道路 我不明白為什麼都無法有效地應對生活中的壓力,地,O,O,E-D,B-D,E-D,O,34
846,不想活了；每天無法努力地走完學期末的最後一天 😩😩；就像我一步一步地走向了自殺的道路 我不明白為什麼都無法有效地應對生活中的壓力,應對,O,O,O,E-D,O,O,35
846,不想活了；每天無法努力地走完學期末的最後一天 😩😩；就像我一步一步地走向了自殺的道路 我不明白為什麼都無法有效地應對生活中的壓力,生活,O,O,O,O,O,O,36
846,不想活了；每天無法努力地走完學期末的最後一天 😩😩；就像我一步一步地走向了自殺的道路 我不明白為什麼都無法有效地應對生活中的壓力,中,O,O,O,O,O,O,37
846,不想活了；每天無法努力地走完學期末的最後一天 😩😩；就像我一步一步地走向了自殺的道路 我不明白為什麼都無法有效地應對生活中的壓力,的,O,O,O,O,O,O,38
846,不想活了；每天無法努力地走完學期末的最後一天 😩😩；就像我一步一步地走向了自殺的道路 我不明白為什麼都無法有效地應對生活中的壓力,壓力,O,O,O,O,O,O,39
847,我從沒想過，我会会感到自己沒什么用處。我住在一个充滿希望的地方，陽光明媚，環境美麗，但我卻覺得自己不值得活着。💔 那些好友们的社交媒体照片，每天都像是一種痛苦。 每天都能看到他們的成功之路，好像他们所有事情都有意義。,我,O,O,O,O,O,O,1
847,我從沒想過，我会会感到自己沒什么用處。我住在一个充滿希望的地方，陽光明媚，環境美麗，但我卻覺得自己不值得活着。💔 那些好友们的社交媒体照片，每天都像是一種痛苦。 每天都能看到他們的成功之路，好像他们所有事情都有意義。,從,O,O,O,O,O,O,2
847,我從沒想過，我会会感到自己沒什么用處。我住在一个充滿希望的地方，陽光明媚，環境美麗，但我卻覺得自己不值得活着。💔 那些好友们的社交媒体照片，每天都像是一種痛苦。 每天都能看到他們的成功之路，好像他们所有事情都有意義。,沒,O,O,O,O,O,O,3
847,我從沒想過，我会会感到自己沒什么用處。我住在一个充滿希望的地方，陽光明媚，環境美麗，但我卻覺得自己不值得活着。💔 那些好友们的社交媒体照片，每天都像是一種痛苦。 每天都能看到他們的成功之路，好像他们所有事情都有意義。,想過,O,O,O,O,O,O,4
847,我從沒想過，我会会感到自己沒什么用處。我住在一个充滿希望的地方，陽光明媚，環境美麗，但我卻覺得自己不值得活着。💔 那些好友们的社交媒体照片，每天都像是一種痛苦。 每天都能看到他們的成功之路，好像他们所有事情都有意義。,，,O,O,O,O,O,O,5
847,我從沒想過，我会会感到自己沒什么用處。我住在一个充滿希望的地方，陽光明媚，環境美麗，但我卻覺得自己不值得活着。💔 那些好友们的社交媒体照片，每天都像是一種痛苦。 每天都能看到他們的成功之路，好像他们所有事情都有意義。,我,O,O,O,O,O,O,6
847,我從沒想過，我会会感到自己沒什么用處。我住在一个充滿希望的地方，陽光明媚，環境美麗，但我卻覺得自己不值得活着。💔 那些好友们的社交媒体照片，每天都像是一種痛苦。 每天都能看到他們的成功之路，好像他们所有事情都有意義。,会,O,O,O,O,O,O,7
847,我從沒想過，我会会感到自己沒什么用處。我住在一个充滿希望的地方，陽光明媚，環境美麗，但我卻覺得自己不值得活着。💔 那些好友们的社交媒体照片，每天都像是一種痛苦。 每天都能看到他們的成功之路，好像他们所有事情都有意義。,會,O,O,O,O,O,O,8
847,我從沒想過，我会会感到自己沒什么用處。我住在一个充滿希望的地方，陽光明媚，環境美麗，但我卻覺得自己不值得活着。💔 那些好友们的社交媒体照片，每天都像是一種痛苦。 每天都能看到他們的成功之路，好像他们所有事情都有意義。,感到,O,O,O,O,O,O,9
847,我從沒想過，我会会感到自己沒什么用處。我住在一个充滿希望的地方，陽光明媚，環境美麗，但我卻覺得自己不值得活着。💔 那些好友们的社交媒体照片，每天都像是一種痛苦。 每天都能看到他們的成功之路，好像他们所有事情都有意義。,自己,O,O,O,O,O,O,10
847,我從沒想過，我会会感到自己沒什么用處。我住在一个充滿希望的地方，陽光明媚，環境美麗，但我卻覺得自己不值得活着。💔 那些好友们的社交媒体照片，每天都像是一種痛苦。 每天都能看到他們的成功之路，好像他们所有事情都有意義。,沒,B-W,O,O,O,O,O,11
847,我從沒想過，我会会感到自己沒什么用處。我住在一个充滿希望的地方，陽光明媚，環境美麗，但我卻覺得自己不值得活着。💔 那些好友们的社交媒体照片，每天都像是一種痛苦。 每天都能看到他們的成功之路，好像他们所有事情都有意義。,什麼,M-W,O,O,O,O,O,12
847,我從沒想過，我会会感到自己沒什么用處。我住在一个充滿希望的地方，陽光明媚，環境美麗，但我卻覺得自己不值得活着。💔 那些好友们的社交媒体照片，每天都像是一種痛苦。 每天都能看到他們的成功之路，好像他们所有事情都有意義。,用處,E-W,S-W,O,O,S-W,S-W,13
847,我從沒想過，我会会感到自己沒什么用處。我住在一个充滿希望的地方，陽光明媚，環境美麗，但我卻覺得自己不值得活着。💔 那些好友们的社交媒体照片，每天都像是一種痛苦。 每天都能看到他們的成功之路，好像他们所有事情都有意義。,。,O,O,O,O,O,O,14
847,我從沒想過，我会会感到自己沒什么用處。我住在一个充滿希望的地方，陽光明媚，環境美麗，但我卻覺得自己不值得活着。💔 那些好友们的社交媒体照片，每天都像是一種痛苦。 每天都能看到他們的成功之路，好像他们所有事情都有意義。,我,O,O,O,O,O,O,15
847,我從沒想過，我会会感到自己沒什么用處。我住在一个充滿希望的地方，陽光明媚，環境美麗，但我卻覺得自己不值得活着。💔 那些好友们的社交媒体照片，每天都像是一種痛苦。 每天都能看到他們的成功之路，好像他们所有事情都有意義。,住,O,O,O,O,O,O,16
847,我從沒想過，我会会感到自己沒什么用處。我住在一个充滿希望的地方，陽光明媚，環境美麗，但我卻覺得自己不值得活着。💔 那些好友们的社交媒体照片，每天都像是一種痛苦。 每天都能看到他們的成功之路，好像他们所有事情都有意義。,在,O,O,O,O,O,O,17
847,我從沒想過，我会会感到自己沒什么用處。我住在一个充滿希望的地方，陽光明媚，環境美麗，但我卻覺得自己不值得活着。💔 那些好友们的社交媒体照片，每天都像是一種痛苦。 每天都能看到他們的成功之路，好像他们所有事情都有意義。,一個,O,O,O,O,O,O,18
847,我從沒想過，我会会感到自己沒什么用處。我住在一个充滿希望的地方，陽光明媚，環境美麗，但我卻覺得自己不值得活着。💔 那些好友们的社交媒体照片，每天都像是一種痛苦。 每天都能看到他們的成功之路，好像他们所有事情都有意義。,充滿,O,O,O,O,O,O,19
847,我從沒想過，我会会感到自己沒什么用處。我住在一个充滿希望的地方，陽光明媚，環境美麗，但我卻覺得自己不值得活着。💔 那些好友们的社交媒体照片，每天都像是一種痛苦。 每天都能看到他們的成功之路，好像他们所有事情都有意義。,希望,O,O,O,O,O,O,20
847,我從沒想過，我会会感到自己沒什么用處。我住在一个充滿希望的地方，陽光明媚，環境美麗，但我卻覺得自己不值得活着。💔 那些好友们的社交媒体照片，每天都像是一種痛苦。 每天都能看到他們的成功之路，好像他们所有事情都有意義。,的,O,O,O,O,O,O,21
847,我從沒想過，我会会感到自己沒什么用處。我住在一个充滿希望的地方，陽光明媚，環境美麗，但我卻覺得自己不值得活着。💔 那些好友们的社交媒体照片，每天都像是一種痛苦。 每天都能看到他們的成功之路，好像他们所有事情都有意義。,地方,O,O,O,O,O,O,22
847,我從沒想過，我会会感到自己沒什么用處。我住在一个充滿希望的地方，陽光明媚，環境美麗，但我卻覺得自己不值得活着。💔 那些好友们的社交媒体照片，每天都像是一種痛苦。 每天都能看到他們的成功之路，好像他们所有事情都有意義。,，,O,O,O,O,O,O,23
847,我從沒想過，我会会感到自己沒什么用處。我住在一个充滿希望的地方，陽光明媚，環境美麗，但我卻覺得自己不值得活着。💔 那些好友们的社交媒体照片，每天都像是一種痛苦。 每天都能看到他們的成功之路，好像他们所有事情都有意義。,陽光,O,O,O,O,O,O,24
847,我從沒想過，我会会感到自己沒什么用處。我住在一个充滿希望的地方，陽光明媚，環境美麗，但我卻覺得自己不值得活着。💔 那些好友们的社交媒体照片，每天都像是一種痛苦。 每天都能看到他們的成功之路，好像他们所有事情都有意義。,明媚,O,O,O,O,O,O,25
847,我從沒想過，我会会感到自己沒什么用處。我住在一个充滿希望的地方，陽光明媚，環境美麗，但我卻覺得自己不值得活着。💔 那些好友们的社交媒体照片，每天都像是一種痛苦。 每天都能看到他們的成功之路，好像他们所有事情都有意義。,，,O,O,O,O,O,O,26
847,我從沒想過，我会会感到自己沒什么用處。我住在一个充滿希望的地方，陽光明媚，環境美麗，但我卻覺得自己不值得活着。💔 那些好友们的社交媒体照片，每天都像是一種痛苦。 每天都能看到他們的成功之路，好像他们所有事情都有意義。,環境,O,O,O,O,O,O,27
847,我從沒想過，我会会感到自己沒什么用處。我住在一个充滿希望的地方，陽光明媚，環境美麗，但我卻覺得自己不值得活着。💔 那些好友们的社交媒体照片，每天都像是一種痛苦。 每天都能看到他們的成功之路，好像他们所有事情都有意義。,美麗,O,O,O,O,O,O,28
847,我從沒想過，我会会感到自己沒什么用處。我住在一个充滿希望的地方，陽光明媚，環境美麗，但我卻覺得自己不值得活着。💔 那些好友们的社交媒体照片，每天都像是一種痛苦。 每天都能看到他們的成功之路，好像他们所有事情都有意義。,，,O,O,O,O,O,O,29
847,我從沒想過，我会会感到自己沒什么用處。我住在一个充滿希望的地方，陽光明媚，環境美麗，但我卻覺得自己不值得活着。💔 那些好友们的社交媒体照片，每天都像是一種痛苦。 每天都能看到他們的成功之路，好像他们所有事情都有意義。,但,O,O,O,O,O,O,30
847,我從沒想過，我会会感到自己沒什么用處。我住在一个充滿希望的地方，陽光明媚，環境美麗，但我卻覺得自己不值得活着。💔 那些好友们的社交媒体照片，每天都像是一種痛苦。 每天都能看到他們的成功之路，好像他们所有事情都有意義。,我,O,O,O,O,O,O,31
847,我從沒想過，我会会感到自己沒什么用處。我住在一个充滿希望的地方，陽光明媚，環境美麗，但我卻覺得自己不值得活着。💔 那些好友们的社交媒体照片，每天都像是一種痛苦。 每天都能看到他們的成功之路，好像他们所有事情都有意義。,卻,O,O,O,O,O,O,32
847,我從沒想過，我会会感到自己沒什么用處。我住在一个充滿希望的地方，陽光明媚，環境美麗，但我卻覺得自己不值得活着。💔 那些好友们的社交媒体照片，每天都像是一種痛苦。 每天都能看到他們的成功之路，好像他们所有事情都有意義。,覺得,O,O,O,O,O,O,33
847,我從沒想過，我会会感到自己沒什么用處。我住在一个充滿希望的地方，陽光明媚，環境美麗，但我卻覺得自己不值得活着。💔 那些好友们的社交媒体照片，每天都像是一種痛苦。 每天都能看到他們的成功之路，好像他们所有事情都有意義。,自己,O,O,O,O,O,O,34
847,我從沒想過，我会会感到自己沒什么用處。我住在一个充滿希望的地方，陽光明媚，環境美麗，但我卻覺得自己不值得活着。💔 那些好友们的社交媒体照片，每天都像是一種痛苦。 每天都能看到他們的成功之路，好像他们所有事情都有意義。,不,B-U,O,O,O,O,O,35
847,我從沒想過，我会会感到自己沒什么用處。我住在一个充滿希望的地方，陽光明媚，環境美麗，但我卻覺得自己不值得活着。💔 那些好友们的社交媒体照片，每天都像是一種痛苦。 每天都能看到他們的成功之路，好像他们所有事情都有意義。,值得,M-U,B-W,O,O,B-W,B-W,36
847,我從沒想過，我会会感到自己沒什么用處。我住在一个充滿希望的地方，陽光明媚，環境美麗，但我卻覺得自己不值得活着。💔 那些好友们的社交媒体照片，每天都像是一種痛苦。 每天都能看到他們的成功之路，好像他们所有事情都有意義。,活著,E-U,E-W,S-U,S-U,E-W,E-W,37
847,我從沒想過，我会会感到自己沒什么用處。我住在一个充滿希望的地方，陽光明媚，環境美麗，但我卻覺得自己不值得活着。💔 那些好友们的社交媒体照片，每天都像是一種痛苦。 每天都能看到他們的成功之路，好像他们所有事情都有意義。,。,O,O,O,O,O,O,38
847,我從沒想過，我会会感到自己沒什么用處。我住在一个充滿希望的地方，陽光明媚，環境美麗，但我卻覺得自己不值得活着。💔 那些好友们的社交媒体照片，每天都像是一種痛苦。 每天都能看到他們的成功之路，好像他们所有事情都有意義。,💔,O,O,O,O,O,O,39
847,我從沒想過，我会会感到自己沒什么用處。我住在一个充滿希望的地方，陽光明媚，環境美麗，但我卻覺得自己不值得活着。💔 那些好友们的社交媒体照片，每天都像是一種痛苦。 每天都能看到他們的成功之路，好像他们所有事情都有意義。,那些,O,O,O,O,O,O,40
847,我從沒想過，我会会感到自己沒什么用處。我住在一个充滿希望的地方，陽光明媚，環境美麗，但我卻覺得自己不值得活着。💔 那些好友们的社交媒体照片，每天都像是一種痛苦。 每天都能看到他們的成功之路，好像他们所有事情都有意義。,好友们,O,O,O,O,O,O,41
847,我從沒想過，我会会感到自己沒什么用處。我住在一个充滿希望的地方，陽光明媚，環境美麗，但我卻覺得自己不值得活着。💔 那些好友们的社交媒体照片，每天都像是一種痛苦。 每天都能看到他們的成功之路，好像他们所有事情都有意義。,的,O,O,O,O,O,O,42
847,我從沒想過，我会会感到自己沒什么用處。我住在一个充滿希望的地方，陽光明媚，環境美麗，但我卻覺得自己不值得活着。💔 那些好友们的社交媒体照片，每天都像是一種痛苦。 每天都能看到他們的成功之路，好像他们所有事情都有意義。,社交,O,O,O,O,O,O,43
847,我從沒想過，我会会感到自己沒什么用處。我住在一个充滿希望的地方，陽光明媚，環境美麗，但我卻覺得自己不值得活着。💔 那些好友们的社交媒体照片，每天都像是一種痛苦。 每天都能看到他們的成功之路，好像他们所有事情都有意義。,媒體,O,O,O,O,O,O,44
847,我從沒想過，我会会感到自己沒什么用處。我住在一个充滿希望的地方，陽光明媚，環境美麗，但我卻覺得自己不值得活着。💔 那些好友们的社交媒体照片，每天都像是一種痛苦。 每天都能看到他們的成功之路，好像他们所有事情都有意義。,照片,O,O,O,O,O,O,45
847,我從沒想過，我会会感到自己沒什么用處。我住在一个充滿希望的地方，陽光明媚，環境美麗，但我卻覺得自己不值得活着。💔 那些好友们的社交媒体照片，每天都像是一種痛苦。 每天都能看到他們的成功之路，好像他们所有事情都有意義。,，,O,O,O,O,O,O,46
847,我從沒想過，我会会感到自己沒什么用處。我住在一个充滿希望的地方，陽光明媚，環境美麗，但我卻覺得自己不值得活着。💔 那些好友们的社交媒体照片，每天都像是一種痛苦。 每天都能看到他們的成功之路，好像他们所有事情都有意義。,每天,O,O,O,O,O,O,47
847,我從沒想過，我会会感到自己沒什么用處。我住在一个充滿希望的地方，陽光明媚，環境美麗，但我卻覺得自己不值得活着。💔 那些好友们的社交媒体照片，每天都像是一種痛苦。 每天都能看到他們的成功之路，好像他们所有事情都有意義。,都,O,O,O,O,O,O,48
847,我從沒想過，我会会感到自己沒什么用處。我住在一个充滿希望的地方，陽光明媚，環境美麗，但我卻覺得自己不值得活着。💔 那些好友们的社交媒体照片，每天都像是一種痛苦。 每天都能看到他們的成功之路，好像他们所有事情都有意義。,像是,O,O,O,O,O,O,49
847,我從沒想過，我会会感到自己沒什么用處。我住在一个充滿希望的地方，陽光明媚，環境美麗，但我卻覺得自己不值得活着。💔 那些好友们的社交媒体照片，每天都像是一種痛苦。 每天都能看到他們的成功之路，好像他们所有事情都有意義。,一種,O,O,O,O,O,O,50
847,我從沒想過，我会会感到自己沒什么用處。我住在一个充滿希望的地方，陽光明媚，環境美麗，但我卻覺得自己不值得活着。💔 那些好友们的社交媒体照片，每天都像是一種痛苦。 每天都能看到他們的成功之路，好像他们所有事情都有意義。,痛苦,S-D,S-D,S-D,S-D,S-D,S-D,51
847,我從沒想過，我会会感到自己沒什么用處。我住在一个充滿希望的地方，陽光明媚，環境美麗，但我卻覺得自己不值得活着。💔 那些好友们的社交媒体照片，每天都像是一種痛苦。 每天都能看到他們的成功之路，好像他们所有事情都有意義。,。,O,O,O,O,O,O,52
847,我從沒想過，我会会感到自己沒什么用處。我住在一个充滿希望的地方，陽光明媚，環境美麗，但我卻覺得自己不值得活着。💔 那些好友们的社交媒体照片，每天都像是一種痛苦。 每天都能看到他們的成功之路，好像他们所有事情都有意義。,每天,O,O,O,O,O,O,53
847,我從沒想過，我会会感到自己沒什么用處。我住在一个充滿希望的地方，陽光明媚，環境美麗，但我卻覺得自己不值得活着。💔 那些好友们的社交媒体照片，每天都像是一種痛苦。 每天都能看到他們的成功之路，好像他们所有事情都有意義。,都,O,O,O,O,O,O,54
847,我從沒想過，我会会感到自己沒什么用處。我住在一个充滿希望的地方，陽光明媚，環境美麗，但我卻覺得自己不值得活着。💔 那些好友们的社交媒体照片，每天都像是一種痛苦。 每天都能看到他們的成功之路，好像他们所有事情都有意義。,能,O,O,O,O,O,O,55
847,我從沒想過，我会会感到自己沒什么用處。我住在一个充滿希望的地方，陽光明媚，環境美麗，但我卻覺得自己不值得活着。💔 那些好友们的社交媒体照片，每天都像是一種痛苦。 每天都能看到他們的成功之路，好像他们所有事情都有意義。,看到,O,O,O,O,O,O,56
847,我從沒想過，我会会感到自己沒什么用處。我住在一个充滿希望的地方，陽光明媚，環境美麗，但我卻覺得自己不值得活着。💔 那些好友们的社交媒体照片，每天都像是一種痛苦。 每天都能看到他們的成功之路，好像他们所有事情都有意義。,他們,O,O,O,O,O,O,57
847,我從沒想過，我会会感到自己沒什么用處。我住在一个充滿希望的地方，陽光明媚，環境美麗，但我卻覺得自己不值得活着。💔 那些好友们的社交媒体照片，每天都像是一種痛苦。 每天都能看到他們的成功之路，好像他们所有事情都有意義。,的,O,O,O,O,O,O,58
847,我從沒想過，我会会感到自己沒什么用處。我住在一个充滿希望的地方，陽光明媚，環境美麗，但我卻覺得自己不值得活着。💔 那些好友们的社交媒体照片，每天都像是一種痛苦。 每天都能看到他們的成功之路，好像他们所有事情都有意義。,成功,O,O,O,O,O,O,59
847,我從沒想過，我会会感到自己沒什么用處。我住在一个充滿希望的地方，陽光明媚，環境美麗，但我卻覺得自己不值得活着。💔 那些好友们的社交媒体照片，每天都像是一種痛苦。 每天都能看到他們的成功之路，好像他们所有事情都有意義。,之,O,O,O,O,O,O,60
847,我從沒想過，我会会感到自己沒什么用處。我住在一个充滿希望的地方，陽光明媚，環境美麗，但我卻覺得自己不值得活着。💔 那些好友们的社交媒体照片，每天都像是一種痛苦。 每天都能看到他們的成功之路，好像他们所有事情都有意義。,路,O,O,O,O,O,O,61
847,我從沒想過，我会会感到自己沒什么用處。我住在一个充滿希望的地方，陽光明媚，環境美麗，但我卻覺得自己不值得活着。💔 那些好友们的社交媒体照片，每天都像是一種痛苦。 每天都能看到他們的成功之路，好像他们所有事情都有意義。,，,O,O,O,O,O,O,62
847,我從沒想過，我会会感到自己沒什么用處。我住在一个充滿希望的地方，陽光明媚，環境美麗，但我卻覺得自己不值得活着。💔 那些好友们的社交媒体照片，每天都像是一種痛苦。 每天都能看到他們的成功之路，好像他们所有事情都有意義。,好像,O,O,O,O,O,O,63
847,我從沒想過，我会会感到自己沒什么用處。我住在一个充滿希望的地方，陽光明媚，環境美麗，但我卻覺得自己不值得活着。💔 那些好友们的社交媒体照片，每天都像是一種痛苦。 每天都能看到他們的成功之路，好像他们所有事情都有意義。,他们,O,O,O,O,O,O,64
847,我從沒想過，我会会感到自己沒什么用處。我住在一个充滿希望的地方，陽光明媚，環境美麗，但我卻覺得自己不值得活着。💔 那些好友们的社交媒体照片，每天都像是一種痛苦。 每天都能看到他們的成功之路，好像他们所有事情都有意義。,所有,O,O,O,O,O,O,65
847,我從沒想過，我会会感到自己沒什么用處。我住在一个充滿希望的地方，陽光明媚，環境美麗，但我卻覺得自己不值得活着。💔 那些好友们的社交媒体照片，每天都像是一種痛苦。 每天都能看到他們的成功之路，好像他们所有事情都有意義。,事情,O,O,O,O,O,O,66
847,我從沒想過，我会会感到自己沒什么用處。我住在一个充滿希望的地方，陽光明媚，環境美麗，但我卻覺得自己不值得活着。💔 那些好友们的社交媒体照片，每天都像是一種痛苦。 每天都能看到他們的成功之路，好像他们所有事情都有意義。,都,O,O,O,O,O,O,67
847,我從沒想過，我会会感到自己沒什么用處。我住在一个充滿希望的地方，陽光明媚，環境美麗，但我卻覺得自己不值得活着。💔 那些好友们的社交媒体照片，每天都像是一種痛苦。 每天都能看到他們的成功之路，好像他们所有事情都有意義。,有,O,O,O,O,O,O,68
847,我從沒想過，我会会感到自己沒什么用處。我住在一个充滿希望的地方，陽光明媚，環境美麗，但我卻覺得自己不值得活着。💔 那些好友们的社交媒体照片，每天都像是一種痛苦。 每天都能看到他們的成功之路，好像他们所有事情都有意義。,意義,O,O,O,O,O,O,69
847,我從沒想過，我会会感到自己沒什么用處。我住在一个充滿希望的地方，陽光明媚，環境美麗，但我卻覺得自己不值得活着。💔 那些好友们的社交媒体照片，每天都像是一種痛苦。 每天都能看到他們的成功之路，好像他们所有事情都有意義。,。,O,O,O,缺失預測,O,缺失預測,70
848,我不想活了，我只想走在這個黑暗中，無法讓自己感受到什麼東西了。整天都像是一場無頭劇，無法從開始做起，也無法做出什麼有效的選擇。,我,O,O,O,O,O,O,1
848,我不想活了，我只想走在這個黑暗中，無法讓自己感受到什麼東西了。整天都像是一場無頭劇，無法從開始做起，也無法做出什麼有效的選擇。,不,B-U,O,O,O,O,O,2
848,我不想活了，我只想走在這個黑暗中，無法讓自己感受到什麼東西了。整天都像是一場無頭劇，無法從開始做起，也無法做出什麼有效的選擇。,想,M-U,O,O,O,O,O,3
848,我不想活了，我只想走在這個黑暗中，無法讓自己感受到什麼東西了。整天都像是一場無頭劇，無法從開始做起，也無法做出什麼有效的選擇。,活,E-U,S-U,S-U,S-U,S-U,S-U,4
848,我不想活了，我只想走在這個黑暗中，無法讓自己感受到什麼東西了。整天都像是一場無頭劇，無法從開始做起，也無法做出什麼有效的選擇。,了,O,O,O,O,O,O,5
848,我不想活了，我只想走在這個黑暗中，無法讓自己感受到什麼東西了。整天都像是一場無頭劇，無法從開始做起，也無法做出什麼有效的選擇。,，,O,O,O,O,O,O,6
848,我不想活了，我只想走在這個黑暗中，無法讓自己感受到什麼東西了。整天都像是一場無頭劇，無法從開始做起，也無法做出什麼有效的選擇。,我,O,O,O,O,O,O,7
848,我不想活了，我只想走在這個黑暗中，無法讓自己感受到什麼東西了。整天都像是一場無頭劇，無法從開始做起，也無法做出什麼有效的選擇。,只,O,O,O,O,O,O,8
848,我不想活了，我只想走在這個黑暗中，無法讓自己感受到什麼東西了。整天都像是一場無頭劇，無法從開始做起，也無法做出什麼有效的選擇。,想,O,O,O,O,O,O,9
848,我不想活了，我只想走在這個黑暗中，無法讓自己感受到什麼東西了。整天都像是一場無頭劇，無法從開始做起，也無法做出什麼有效的選擇。,走,O,O,O,O,O,O,10
848,我不想活了，我只想走在這個黑暗中，無法讓自己感受到什麼東西了。整天都像是一場無頭劇，無法從開始做起，也無法做出什麼有效的選擇。,在,O,O,O,O,O,O,11
848,我不想活了，我只想走在這個黑暗中，無法讓自己感受到什麼東西了。整天都像是一場無頭劇，無法從開始做起，也無法做出什麼有效的選擇。,這個,O,O,O,O,O,O,12
848,我不想活了，我只想走在這個黑暗中，無法讓自己感受到什麼東西了。整天都像是一場無頭劇，無法從開始做起，也無法做出什麼有效的選擇。,黑暗,S-D,S-D,S-D,S-D,S-D,S-D,13
848,我不想活了，我只想走在這個黑暗中，無法讓自己感受到什麼東西了。整天都像是一場無頭劇，無法從開始做起，也無法做出什麼有效的選擇。,中,O,O,O,O,O,O,14
848,我不想活了，我只想走在這個黑暗中，無法讓自己感受到什麼東西了。整天都像是一場無頭劇，無法從開始做起，也無法做出什麼有效的選擇。,，,O,O,O,O,O,O,15
848,我不想活了，我只想走在這個黑暗中，無法讓自己感受到什麼東西了。整天都像是一場無頭劇，無法從開始做起，也無法做出什麼有效的選擇。,無法,B-A,B-D,B-D,B-D,B-D,B-D,16
848,我不想活了，我只想走在這個黑暗中，無法讓自己感受到什麼東西了。整天都像是一場無頭劇，無法從開始做起，也無法做出什麼有效的選擇。,讓,M-A,M-D,M-D,M-D,M-D,M-D,17
848,我不想活了，我只想走在這個黑暗中，無法讓自己感受到什麼東西了。整天都像是一場無頭劇，無法從開始做起，也無法做出什麼有效的選擇。,自己,M-A,E-D,E-D,E-D,E-D,E-D,18
848,我不想活了，我只想走在這個黑暗中，無法讓自己感受到什麼東西了。整天都像是一場無頭劇，無法從開始做起，也無法做出什麼有效的選擇。,感受到,E-A,O,O,O,O,O,19
848,我不想活了，我只想走在這個黑暗中，無法讓自己感受到什麼東西了。整天都像是一場無頭劇，無法從開始做起，也無法做出什麼有效的選擇。,什麼,O,O,O,O,O,O,20
848,我不想活了，我只想走在這個黑暗中，無法讓自己感受到什麼東西了。整天都像是一場無頭劇，無法從開始做起，也無法做出什麼有效的選擇。,東西,O,O,O,O,O,O,21
848,我不想活了，我只想走在這個黑暗中，無法讓自己感受到什麼東西了。整天都像是一場無頭劇，無法從開始做起，也無法做出什麼有效的選擇。,了,O,O,O,O,O,O,22
848,我不想活了，我只想走在這個黑暗中，無法讓自己感受到什麼東西了。整天都像是一場無頭劇，無法從開始做起，也無法做出什麼有效的選擇。,。,O,O,O,O,O,O,23
848,我不想活了，我只想走在這個黑暗中，無法讓自己感受到什麼東西了。整天都像是一場無頭劇，無法從開始做起，也無法做出什麼有效的選擇。,整天,O,O,O,O,O,O,24
848,我不想活了，我只想走在這個黑暗中，無法讓自己感受到什麼東西了。整天都像是一場無頭劇，無法從開始做起，也無法做出什麼有效的選擇。,都,O,O,O,O,O,O,25
848,我不想活了，我只想走在這個黑暗中，無法讓自己感受到什麼東西了。整天都像是一場無頭劇，無法從開始做起，也無法做出什麼有效的選擇。,像是,O,O,O,O,O,O,26
848,我不想活了，我只想走在這個黑暗中，無法讓自己感受到什麼東西了。整天都像是一場無頭劇，無法從開始做起，也無法做出什麼有效的選擇。,一場,O,O,O,O,O,O,27
848,我不想活了，我只想走在這個黑暗中，無法讓自己感受到什麼東西了。整天都像是一場無頭劇，無法從開始做起，也無法做出什麼有效的選擇。,無頭劇,O,S-D,O,O,O,O,28
848,我不想活了，我只想走在這個黑暗中，無法讓自己感受到什麼東西了。整天都像是一場無頭劇，無法從開始做起，也無法做出什麼有效的選擇。,，,O,O,O,O,O,O,29
848,我不想活了，我只想走在這個黑暗中，無法讓自己感受到什麼東西了。整天都像是一場無頭劇，無法從開始做起，也無法做出什麼有效的選擇。,無法,O,B-D,O,O,O,O,30
848,我不想活了，我只想走在這個黑暗中，無法讓自己感受到什麼東西了。整天都像是一場無頭劇，無法從開始做起，也無法做出什麼有效的選擇。,從,O,O,B-D,B-D,B-D,B-D,31
848,我不想活了，我只想走在這個黑暗中，無法讓自己感受到什麼東西了。整天都像是一場無頭劇，無法從開始做起，也無法做出什麼有效的選擇。,開始,O,O,O,O,O,O,32
848,我不想活了，我只想走在這個黑暗中，無法讓自己感受到什麼東西了。整天都像是一場無頭劇，無法從開始做起，也無法做出什麼有效的選擇。,做,O,O,O,O,O,O,33
848,我不想活了，我只想走在這個黑暗中，無法讓自己感受到什麼東西了。整天都像是一場無頭劇，無法從開始做起，也無法做出什麼有效的選擇。,起,O,O,O,O,O,O,34
848,我不想活了，我只想走在這個黑暗中，無法讓自己感受到什麼東西了。整天都像是一場無頭劇，無法從開始做起，也無法做出什麼有效的選擇。,，,O,O,O,O,O,O,35
848,我不想活了，我只想走在這個黑暗中，無法讓自己感受到什麼東西了。整天都像是一場無頭劇，無法從開始做起，也無法做出什麼有效的選擇。,也,O,O,O,O,O,O,36
848,我不想活了，我只想走在這個黑暗中，無法讓自己感受到什麼東西了。整天都像是一場無頭劇，無法從開始做起，也無法做出什麼有效的選擇。,無法,O,B-D,O,O,O,O,37
848,我不想活了，我只想走在這個黑暗中，無法讓自己感受到什麼東西了。整天都像是一場無頭劇，無法從開始做起，也無法做出什麼有效的選擇。,做出,O,M-D,B-D,B-D,B-D,B-D,38
848,我不想活了，我只想走在這個黑暗中，無法讓自己感受到什麼東西了。整天都像是一場無頭劇，無法從開始做起，也無法做出什麼有效的選擇。,什麼,O,E-D,O,O,O,O,39
848,我不想活了，我只想走在這個黑暗中，無法讓自己感受到什麼東西了。整天都像是一場無頭劇，無法從開始做起，也無法做出什麼有效的選擇。,有效,O,O,O,O,O,O,40
848,我不想活了，我只想走在這個黑暗中，無法讓自己感受到什麼東西了。整天都像是一場無頭劇，無法從開始做起，也無法做出什麼有效的選擇。,的,O,O,O,O,O,O,41
848,我不想活了，我只想走在這個黑暗中，無法讓自己感受到什麼東西了。整天都像是一場無頭劇，無法從開始做起，也無法做出什麼有效的選擇。,選擇,O,O,O,O,O,O,42
848,我不想活了，我只想走在這個黑暗中，無法讓自己感受到什麼東西了。整天都像是一場無頭劇，無法從開始做起，也無法做出什麼有效的選擇。,。,O,O,O,O,O,O,43
849,我想我已經已經習慣了，只是無法抵抗。,我,O,O,O,O,O,O,1
849,我想我已經已經習慣了，只是無法抵抗。,想,O,O,O,O,O,O,2
849,我想我已經已經習慣了，只是無法抵抗。,我,O,O,O,O,O,O,3
849,我想我已經已經習慣了，只是無法抵抗。,已經,O,O,O,O,O,O,4
849,我想我已經已經習慣了，只是無法抵抗。,已經,O,O,O,O,O,O,5
849,我想我已經已經習慣了，只是無法抵抗。,習慣,O,S-W,O,S-W,B-W,S-W,6
849,我想我已經已經習慣了，只是無法抵抗。,了,O,O,O,O,E-W,O,7
849,我想我已經已經習慣了，只是無法抵抗。,，,O,O,O,O,O,O,8
849,我想我已經已經習慣了，只是無法抵抗。,只是,O,O,O,O,O,O,9
849,我想我已經已經習慣了，只是無法抵抗。,無法,B-D,B-D,B-D,B-D,B-D,B-D,10
849,我想我已經已經習慣了，只是無法抵抗。,抵抗,E-D,E-D,E-D,E-D,E-D,E-D,11
849,我想我已經已經習慣了，只是無法抵抗。,。,O,O,O,O,O,O,12
850,我是真的，從那天以來，我每天都這樣想：不想活了，想結束一切，完全沒有任何期待或希望，只是想消失。失去親人後，我身體和精神都變得徹底無力，難以應對這種悲慘的生活。每天都會覺得無法承受這種痛苦,我,O,O,O,O,O,O,1
850,我是真的，從那天以來，我每天都這樣想：不想活了，想結束一切，完全沒有任何期待或希望，只是想消失。失去親人後，我身體和精神都變得徹底無力，難以應對這種悲慘的生活。每天都會覺得無法承受這種痛苦,是,O,O,O,O,O,O,2
850,我是真的，從那天以來，我每天都這樣想：不想活了，想結束一切，完全沒有任何期待或希望，只是想消失。失去親人後，我身體和精神都變得徹底無力，難以應對這種悲慘的生活。每天都會覺得無法承受這種痛苦,真的,O,O,O,O,O,O,3
850,我是真的，從那天以來，我每天都這樣想：不想活了，想結束一切，完全沒有任何期待或希望，只是想消失。失去親人後，我身體和精神都變得徹底無力，難以應對這種悲慘的生活。每天都會覺得無法承受這種痛苦,，,O,O,O,O,O,O,4
850,我是真的，從那天以來，我每天都這樣想：不想活了，想結束一切，完全沒有任何期待或希望，只是想消失。失去親人後，我身體和精神都變得徹底無力，難以應對這種悲慘的生活。每天都會覺得無法承受這種痛苦,從,O,O,O,O,O,O,5
850,我是真的，從那天以來，我每天都這樣想：不想活了，想結束一切，完全沒有任何期待或希望，只是想消失。失去親人後，我身體和精神都變得徹底無力，難以應對這種悲慘的生活。每天都會覺得無法承受這種痛苦,那,O,O,O,O,O,O,6
850,我是真的，從那天以來，我每天都這樣想：不想活了，想結束一切，完全沒有任何期待或希望，只是想消失。失去親人後，我身體和精神都變得徹底無力，難以應對這種悲慘的生活。每天都會覺得無法承受這種痛苦,天,O,O,O,O,O,O,7
850,我是真的，從那天以來，我每天都這樣想：不想活了，想結束一切，完全沒有任何期待或希望，只是想消失。失去親人後，我身體和精神都變得徹底無力，難以應對這種悲慘的生活。每天都會覺得無法承受這種痛苦,以,O,O,O,O,O,O,8
850,我是真的，從那天以來，我每天都這樣想：不想活了，想結束一切，完全沒有任何期待或希望，只是想消失。失去親人後，我身體和精神都變得徹底無力，難以應對這種悲慘的生活。每天都會覺得無法承受這種痛苦,來,O,O,O,O,O,O,9
850,我是真的，從那天以來，我每天都這樣想：不想活了，想結束一切，完全沒有任何期待或希望，只是想消失。失去親人後，我身體和精神都變得徹底無力，難以應對這種悲慘的生活。每天都會覺得無法承受這種痛苦,，,O,O,O,O,O,O,10
850,我是真的，從那天以來，我每天都這樣想：不想活了，想結束一切，完全沒有任何期待或希望，只是想消失。失去親人後，我身體和精神都變得徹底無力，難以應對這種悲慘的生活。每天都會覺得無法承受這種痛苦,我,O,O,O,O,O,O,11
850,我是真的，從那天以來，我每天都這樣想：不想活了，想結束一切，完全沒有任何期待或希望，只是想消失。失去親人後，我身體和精神都變得徹底無力，難以應對這種悲慘的生活。每天都會覺得無法承受這種痛苦,每天,O,O,O,O,O,O,12
850,我是真的，從那天以來，我每天都這樣想：不想活了，想結束一切，完全沒有任何期待或希望，只是想消失。失去親人後，我身體和精神都變得徹底無力，難以應對這種悲慘的生活。每天都會覺得無法承受這種痛苦,都,O,O,O,O,O,O,13
850,我是真的，從那天以來，我每天都這樣想：不想活了，想結束一切，完全沒有任何期待或希望，只是想消失。失去親人後，我身體和精神都變得徹底無力，難以應對這種悲慘的生活。每天都會覺得無法承受這種痛苦,這樣,O,O,O,O,O,O,14
850,我是真的，從那天以來，我每天都這樣想：不想活了，想結束一切，完全沒有任何期待或希望，只是想消失。失去親人後，我身體和精神都變得徹底無力，難以應對這種悲慘的生活。每天都會覺得無法承受這種痛苦,想,O,O,O,O,O,O,15
850,我是真的，從那天以來，我每天都這樣想：不想活了，想結束一切，完全沒有任何期待或希望，只是想消失。失去親人後，我身體和精神都變得徹底無力，難以應對這種悲慘的生活。每天都會覺得無法承受這種痛苦,：,O,O,O,O,O,O,16
850,我是真的，從那天以來，我每天都這樣想：不想活了，想結束一切，完全沒有任何期待或希望，只是想消失。失去親人後，我身體和精神都變得徹底無力，難以應對這種悲慘的生活。每天都會覺得無法承受這種痛苦,不,B-U,O,O,S-U,O,O,17
850,我是真的，從那天以來，我每天都這樣想：不想活了，想結束一切，完全沒有任何期待或希望，只是想消失。失去親人後，我身體和精神都變得徹底無力，難以應對這種悲慘的生活。每天都會覺得無法承受這種痛苦,想,M-U,O,O,O,S-U,O,18
850,我是真的，從那天以來，我每天都這樣想：不想活了，想結束一切，完全沒有任何期待或希望，只是想消失。失去親人後，我身體和精神都變得徹底無力，難以應對這種悲慘的生活。每天都會覺得無法承受這種痛苦,活,E-U,O,O,O,O,O,19
850,我是真的，從那天以來，我每天都這樣想：不想活了，想結束一切，完全沒有任何期待或希望，只是想消失。失去親人後，我身體和精神都變得徹底無力，難以應對這種悲慘的生活。每天都會覺得無法承受這種痛苦,了,O,O,O,O,O,O,20
850,我是真的，從那天以來，我每天都這樣想：不想活了，想結束一切，完全沒有任何期待或希望，只是想消失。失去親人後，我身體和精神都變得徹底無力，難以應對這種悲慘的生活。每天都會覺得無法承受這種痛苦,，,O,O,O,O,O,O,21
850,我是真的，從那天以來，我每天都這樣想：不想活了，想結束一切，完全沒有任何期待或希望，只是想消失。失去親人後，我身體和精神都變得徹底無力，難以應對這種悲慘的生活。每天都會覺得無法承受這種痛苦,想,O,O,O,O,O,O,22
850,我是真的，從那天以來，我每天都這樣想：不想活了，想結束一切，完全沒有任何期待或希望，只是想消失。失去親人後，我身體和精神都變得徹底無力，難以應對這種悲慘的生活。每天都會覺得無法承受這種痛苦,結束,B-U,O,O,O,O,O,23
850,我是真的，從那天以來，我每天都這樣想：不想活了，想結束一切，完全沒有任何期待或希望，只是想消失。失去親人後，我身體和精神都變得徹底無力，難以應對這種悲慘的生活。每天都會覺得無法承受這種痛苦,一切,E-U,O,O,O,O,O,24
850,我是真的，從那天以來，我每天都這樣想：不想活了，想結束一切，完全沒有任何期待或希望，只是想消失。失去親人後，我身體和精神都變得徹底無力，難以應對這種悲慘的生活。每天都會覺得無法承受這種痛苦,，,O,O,O,O,O,O,25
850,我是真的，從那天以來，我每天都這樣想：不想活了，想結束一切，完全沒有任何期待或希望，只是想消失。失去親人後，我身體和精神都變得徹底無力，難以應對這種悲慘的生活。每天都會覺得無法承受這種痛苦,完全,O,O,O,O,O,O,26
850,我是真的，從那天以來，我每天都這樣想：不想活了，想結束一切，完全沒有任何期待或希望，只是想消失。失去親人後，我身體和精神都變得徹底無力，難以應對這種悲慘的生活。每天都會覺得無法承受這種痛苦,沒有,B-A,O,O,O,O,O,27
850,我是真的，從那天以來，我每天都這樣想：不想活了，想結束一切，完全沒有任何期待或希望，只是想消失。失去親人後，我身體和精神都變得徹底無力，難以應對這種悲慘的生活。每天都會覺得無法承受這種痛苦,任何,M-A,O,O,O,O,O,28
850,我是真的，從那天以來，我每天都這樣想：不想活了，想結束一切，完全沒有任何期待或希望，只是想消失。失去親人後，我身體和精神都變得徹底無力，難以應對這種悲慘的生活。每天都會覺得無法承受這種痛苦,期待,E-A,O,O,O,O,O,29
850,我是真的，從那天以來，我每天都這樣想：不想活了，想結束一切，完全沒有任何期待或希望，只是想消失。失去親人後，我身體和精神都變得徹底無力，難以應對這種悲慘的生活。每天都會覺得無法承受這種痛苦,或,O,O,O,O,O,O,30
850,我是真的，從那天以來，我每天都這樣想：不想活了，想結束一切，完全沒有任何期待或希望，只是想消失。失去親人後，我身體和精神都變得徹底無力，難以應對這種悲慘的生活。每天都會覺得無法承受這種痛苦,希望,O,O,O,O,O,O,31
850,我是真的，從那天以來，我每天都這樣想：不想活了，想結束一切，完全沒有任何期待或希望，只是想消失。失去親人後，我身體和精神都變得徹底無力，難以應對這種悲慘的生活。每天都會覺得無法承受這種痛苦,，,O,O,O,S-U,O,O,32
850,我是真的，從那天以來，我每天都這樣想：不想活了，想結束一切，完全沒有任何期待或希望，只是想消失。失去親人後，我身體和精神都變得徹底無力，難以應對這種悲慘的生活。每天都會覺得無法承受這種痛苦,只是,O,O,O,O,S-U,O,33
850,我是真的，從那天以來，我每天都這樣想：不想活了，想結束一切，完全沒有任何期待或希望，只是想消失。失去親人後，我身體和精神都變得徹底無力，難以應對這種悲慘的生活。每天都會覺得無法承受這種痛苦,想,B-U,O,S-U,O,O,O,34
850,我是真的，從那天以來，我每天都這樣想：不想活了，想結束一切，完全沒有任何期待或希望，只是想消失。失去親人後，我身體和精神都變得徹底無力，難以應對這種悲慘的生活。每天都會覺得無法承受這種痛苦,消失,E-U,O,O,O,O,O,35
850,我是真的，從那天以來，我每天都這樣想：不想活了，想結束一切，完全沒有任何期待或希望，只是想消失。失去親人後，我身體和精神都變得徹底無力，難以應對這種悲慘的生活。每天都會覺得無法承受這種痛苦,。,O,O,O,O,O,O,36
850,我是真的，從那天以來，我每天都這樣想：不想活了，想結束一切，完全沒有任何期待或希望，只是想消失。失去親人後，我身體和精神都變得徹底無力，難以應對這種悲慘的生活。每天都會覺得無法承受這種痛苦,失去,O,O,O,O,O,O,37
850,我是真的，從那天以來，我每天都這樣想：不想活了，想結束一切，完全沒有任何期待或希望，只是想消失。失去親人後，我身體和精神都變得徹底無力，難以應對這種悲慘的生活。每天都會覺得無法承受這種痛苦,親人,O,O,O,O,O,O,38
850,我是真的，從那天以來，我每天都這樣想：不想活了，想結束一切，完全沒有任何期待或希望，只是想消失。失去親人後，我身體和精神都變得徹底無力，難以應對這種悲慘的生活。每天都會覺得無法承受這種痛苦,後,O,O,O,O,O,O,39
850,我是真的，從那天以來，我每天都這樣想：不想活了，想結束一切，完全沒有任何期待或希望，只是想消失。失去親人後，我身體和精神都變得徹底無力，難以應對這種悲慘的生活。每天都會覺得無法承受這種痛苦,，,O,O,O,O,O,O,40
850,我是真的，從那天以來，我每天都這樣想：不想活了，想結束一切，完全沒有任何期待或希望，只是想消失。失去親人後，我身體和精神都變得徹底無力，難以應對這種悲慘的生活。每天都會覺得無法承受這種痛苦,我,O,O,O,O,O,O,41
850,我是真的，從那天以來，我每天都這樣想：不想活了，想結束一切，完全沒有任何期待或希望，只是想消失。失去親人後，我身體和精神都變得徹底無力，難以應對這種悲慘的生活。每天都會覺得無法承受這種痛苦,身體,O,O,O,O,O,O,42
850,我是真的，從那天以來，我每天都這樣想：不想活了，想結束一切，完全沒有任何期待或希望，只是想消失。失去親人後，我身體和精神都變得徹底無力，難以應對這種悲慘的生活。每天都會覺得無法承受這種痛苦,和,O,O,O,O,O,O,43
850,我是真的，從那天以來，我每天都這樣想：不想活了，想結束一切，完全沒有任何期待或希望，只是想消失。失去親人後，我身體和精神都變得徹底無力，難以應對這種悲慘的生活。每天都會覺得無法承受這種痛苦,精神,O,O,O,O,O,O,44
850,我是真的，從那天以來，我每天都這樣想：不想活了，想結束一切，完全沒有任何期待或希望，只是想消失。失去親人後，我身體和精神都變得徹底無力，難以應對這種悲慘的生活。每天都會覺得無法承受這種痛苦,都,O,O,O,S-W,O,O,45
850,我是真的，從那天以來，我每天都這樣想：不想活了，想結束一切，完全沒有任何期待或希望，只是想消失。失去親人後，我身體和精神都變得徹底無力，難以應對這種悲慘的生活。每天都會覺得無法承受這種痛苦,變得,O,O,O,O,S-W,O,46
850,我是真的，從那天以來，我每天都這樣想：不想活了，想結束一切，完全沒有任何期待或希望，只是想消失。失去親人後，我身體和精神都變得徹底無力，難以應對這種悲慘的生活。每天都會覺得無法承受這種痛苦,徹底,O,O,S-W,O,O,S-W,47
850,我是真的，從那天以來，我每天都這樣想：不想活了，想結束一切，完全沒有任何期待或希望，只是想消失。失去親人後，我身體和精神都變得徹底無力，難以應對這種悲慘的生活。每天都會覺得無法承受這種痛苦,無力,S-W,S-W,O,O,O,O,48
850,我是真的，從那天以來，我每天都這樣想：不想活了，想結束一切，完全沒有任何期待或希望，只是想消失。失去親人後，我身體和精神都變得徹底無力，難以應對這種悲慘的生活。每天都會覺得無法承受這種痛苦,，,O,O,O,O,O,O,49
850,我是真的，從那天以來，我每天都這樣想：不想活了，想結束一切，完全沒有任何期待或希望，只是想消失。失去親人後，我身體和精神都變得徹底無力，難以應對這種悲慘的生活。每天都會覺得無法承受這種痛苦,難以,O,O,O,O,O,O,50
850,我是真的，從那天以來，我每天都這樣想：不想活了，想結束一切，完全沒有任何期待或希望，只是想消失。失去親人後，我身體和精神都變得徹底無力，難以應對這種悲慘的生活。每天都會覺得無法承受這種痛苦,應對,O,O,O,O,O,O,51
850,我是真的，從那天以來，我每天都這樣想：不想活了，想結束一切，完全沒有任何期待或希望，只是想消失。失去親人後，我身體和精神都變得徹底無力，難以應對這種悲慘的生活。每天都會覺得無法承受這種痛苦,這種,O,O,O,O,O,S-D,52
850,我是真的，從那天以來，我每天都這樣想：不想活了，想結束一切，完全沒有任何期待或希望，只是想消失。失去親人後，我身體和精神都變得徹底無力，難以應對這種悲慘的生活。每天都會覺得無法承受這種痛苦,悲慘,S-D,S-D,O,O,O,O,53
850,我是真的，從那天以來，我每天都這樣想：不想活了，想結束一切，完全沒有任何期待或希望，只是想消失。失去親人後，我身體和精神都變得徹底無力，難以應對這種悲慘的生活。每天都會覺得無法承受這種痛苦,的,O,O,O,O,O,O,54
850,我是真的，從那天以來，我每天都這樣想：不想活了，想結束一切，完全沒有任何期待或希望，只是想消失。失去親人後，我身體和精神都變得徹底無力，難以應對這種悲慘的生活。每天都會覺得無法承受這種痛苦,生活,O,O,O,O,O,O,55
850,我是真的，從那天以來，我每天都這樣想：不想活了，想結束一切，完全沒有任何期待或希望，只是想消失。失去親人後，我身體和精神都變得徹底無力，難以應對這種悲慘的生活。每天都會覺得無法承受這種痛苦,。,O,O,O,O,O,O,56
850,我是真的，從那天以來，我每天都這樣想：不想活了，想結束一切，完全沒有任何期待或希望，只是想消失。失去親人後，我身體和精神都變得徹底無力，難以應對這種悲慘的生活。每天都會覺得無法承受這種痛苦,每天,O,O,O,O,O,O,57
850,我是真的，從那天以來，我每天都這樣想：不想活了，想結束一切，完全沒有任何期待或希望，只是想消失。失去親人後，我身體和精神都變得徹底無力，難以應對這種悲慘的生活。每天都會覺得無法承受這種痛苦,都,O,O,O,B-D,O,O,58
850,我是真的，從那天以來，我每天都這樣想：不想活了，想結束一切，完全沒有任何期待或希望，只是想消失。失去親人後，我身體和精神都變得徹底無力，難以應對這種悲慘的生活。每天都會覺得無法承受這種痛苦,會,O,O,O,M-D,B-D,O,59
850,我是真的，從那天以來，我每天都這樣想：不想活了，想結束一切，完全沒有任何期待或希望，只是想消失。失去親人後，我身體和精神都變得徹底無力，難以應對這種悲慘的生活。每天都會覺得無法承受這種痛苦,覺得,O,O,B-D,M-D,M-D,B-D,60
850,我是真的，從那天以來，我每天都這樣想：不想活了，想結束一切，完全沒有任何期待或希望，只是想消失。失去親人後，我身體和精神都變得徹底無力，難以應對這種悲慘的生活。每天都會覺得無法承受這種痛苦,無法,B-D,B-D,M-D,E-D,O,M-D,61
850,我是真的，從那天以來，我每天都這樣想：不想活了，想結束一切，完全沒有任何期待或希望，只是想消失。失去親人後，我身體和精神都變得徹底無力，難以應對這種悲慘的生活。每天都會覺得無法承受這種痛苦,承受,E-D,M-D,O,O,E-D,O,62
850,我是真的，從那天以來，我每天都這樣想：不想活了，想結束一切，完全沒有任何期待或希望，只是想消失。失去親人後，我身體和精神都變得徹底無力，難以應對這種悲慘的生活。每天都會覺得無法承受這種痛苦,這種,O,O,E-D,缺失預測,O,E-D,63
850,我是真的，從那天以來，我每天都這樣想：不想活了，想結束一切，完全沒有任何期待或希望，只是想消失。失去親人後，我身體和精神都變得徹底無力，難以應對這種悲慘的生活。每天都會覺得無法承受這種痛苦,痛苦,S-D,E-D,O,缺失預測,缺失預測,O,64
850,我是真的，從那天以來，我每天都這樣想：不想活了，想結束一切，完全沒有任何期待或希望，只是想消失。失去親人後，我身體和精神都變得徹底無力，難以應對這種悲慘的生活。每天都會覺得無法承受這種痛苦,。,O,O,缺失預測,缺失預測,缺失預測,缺失預測,65
851,這些幾個月來，每天都是這樣的感受：很自責，覺得自己很差勁，罪惡感,這些,O,O,O,O,O,O,1
851,這些幾個月來，每天都是這樣的感受：很自責，覺得自己很差勁，罪惡感,幾個,O,O,O,O,O,O,2
851,這些幾個月來，每天都是這樣的感受：很自責，覺得自己很差勁，罪惡感,月來,O,O,O,O,O,O,3
851,這些幾個月來，每天都是這樣的感受：很自責，覺得自己很差勁，罪惡感,，,O,O,O,O,O,O,4
851,這些幾個月來，每天都是這樣的感受：很自責，覺得自己很差勁，罪惡感,每天,O,O,O,O,O,O,5
851,這些幾個月來，每天都是這樣的感受：很自責，覺得自己很差勁，罪惡感,都,O,O,O,O,O,O,6
851,這些幾個月來，每天都是這樣的感受：很自責，覺得自己很差勁，罪惡感,是,O,O,O,O,O,O,7
851,這些幾個月來，每天都是這樣的感受：很自責，覺得自己很差勁，罪惡感,這樣,O,O,O,O,O,O,8
851,這些幾個月來，每天都是這樣的感受：很自責，覺得自己很差勁，罪惡感,的,O,O,O,O,O,O,9
851,這些幾個月來，每天都是這樣的感受：很自責，覺得自己很差勁，罪惡感,感受,O,O,O,O,O,O,10
851,這些幾個月來，每天都是這樣的感受：很自責，覺得自己很差勁，罪惡感,：,O,O,O,O,O,O,11
851,這些幾個月來，每天都是這樣的感受：很自責，覺得自己很差勁，罪惡感,很,B-W,B-W,B-W,B-W,B-W,B-W,12
851,這些幾個月來，每天都是這樣的感受：很自責，覺得自己很差勁，罪惡感,自責,E-W,E-W,E-W,E-W,E-W,E-W,13
851,這些幾個月來，每天都是這樣的感受：很自責，覺得自己很差勁，罪惡感,，,O,O,O,O,O,O,14
851,這些幾個月來，每天都是這樣的感受：很自責，覺得自己很差勁，罪惡感,覺得,O,O,O,O,O,O,15
851,這些幾個月來，每天都是這樣的感受：很自責，覺得自己很差勁，罪惡感,自己,O,O,O,O,O,O,16
851,這些幾個月來，每天都是這樣的感受：很自責，覺得自己很差勁，罪惡感,很,O,O,B-W,B-W,O,B-W,17
851,這些幾個月來，每天都是這樣的感受：很自責，覺得自己很差勁，罪惡感,差勁,S-W,S-W,E-W,E-W,S-W,E-W,18
851,這些幾個月來，每天都是這樣的感受：很自責，覺得自己很差勁，罪惡感,，,O,O,O,O,O,O,19
851,這些幾個月來，每天都是這樣的感受：很自責，覺得自己很差勁，罪惡感,罪惡感,S-W,S-W,S-W,S-W,S-W,S-W,20
852,很自責自己從小就一直被家庭和朋友疏遠了，每次想與家人溝通都會感到無法接受的孤立感 很難找到自己想說的話，於是一直無法與家人溝通,很,O,O,O,O,O,O,1
852,很自責自己從小就一直被家庭和朋友疏遠了，每次想與家人溝通都會感到無法接受的孤立感 很難找到自己想說的話，於是一直無法與家人溝通,自責,S-W,S-W,S-W,S-W,S-W,S-W,2
852,很自責自己從小就一直被家庭和朋友疏遠了，每次想與家人溝通都會感到無法接受的孤立感 很難找到自己想說的話，於是一直無法與家人溝通,自己,O,O,O,O,O,O,3
852,很自責自己從小就一直被家庭和朋友疏遠了，每次想與家人溝通都會感到無法接受的孤立感 很難找到自己想說的話，於是一直無法與家人溝通,從,O,O,O,O,O,O,4
852,很自責自己從小就一直被家庭和朋友疏遠了，每次想與家人溝通都會感到無法接受的孤立感 很難找到自己想說的話，於是一直無法與家人溝通,小,O,O,O,O,O,O,5
852,很自責自己從小就一直被家庭和朋友疏遠了，每次想與家人溝通都會感到無法接受的孤立感 很難找到自己想說的話，於是一直無法與家人溝通,就,O,O,O,O,O,O,6
852,很自責自己從小就一直被家庭和朋友疏遠了，每次想與家人溝通都會感到無法接受的孤立感 很難找到自己想說的話，於是一直無法與家人溝通,一直,O,O,O,O,O,O,7
852,很自責自己從小就一直被家庭和朋友疏遠了，每次想與家人溝通都會感到無法接受的孤立感 很難找到自己想說的話，於是一直無法與家人溝通,被,O,O,O,O,O,O,8
852,很自責自己從小就一直被家庭和朋友疏遠了，每次想與家人溝通都會感到無法接受的孤立感 很難找到自己想說的話，於是一直無法與家人溝通,家庭,O,O,O,O,O,O,9
852,很自責自己從小就一直被家庭和朋友疏遠了，每次想與家人溝通都會感到無法接受的孤立感 很難找到自己想說的話，於是一直無法與家人溝通,和,O,O,O,O,O,O,10
852,很自責自己從小就一直被家庭和朋友疏遠了，每次想與家人溝通都會感到無法接受的孤立感 很難找到自己想說的話，於是一直無法與家人溝通,朋友,O,O,O,O,O,O,11
852,很自責自己從小就一直被家庭和朋友疏遠了，每次想與家人溝通都會感到無法接受的孤立感 很難找到自己想說的話，於是一直無法與家人溝通,疏遠,O,O,O,O,O,O,12
852,很自責自己從小就一直被家庭和朋友疏遠了，每次想與家人溝通都會感到無法接受的孤立感 很難找到自己想說的話，於是一直無法與家人溝通,了,O,O,O,O,O,O,13
852,很自責自己從小就一直被家庭和朋友疏遠了，每次想與家人溝通都會感到無法接受的孤立感 很難找到自己想說的話，於是一直無法與家人溝通,，,O,O,O,O,O,O,14
852,很自責自己從小就一直被家庭和朋友疏遠了，每次想與家人溝通都會感到無法接受的孤立感 很難找到自己想說的話，於是一直無法與家人溝通,每次,O,O,O,O,O,O,15
852,很自責自己從小就一直被家庭和朋友疏遠了，每次想與家人溝通都會感到無法接受的孤立感 很難找到自己想說的話，於是一直無法與家人溝通,想,O,O,O,O,O,O,16
852,很自責自己從小就一直被家庭和朋友疏遠了，每次想與家人溝通都會感到無法接受的孤立感 很難找到自己想說的話，於是一直無法與家人溝通,與,O,O,O,O,O,O,17
852,很自責自己從小就一直被家庭和朋友疏遠了，每次想與家人溝通都會感到無法接受的孤立感 很難找到自己想說的話，於是一直無法與家人溝通,家人,O,O,O,O,O,O,18
852,很自責自己從小就一直被家庭和朋友疏遠了，每次想與家人溝通都會感到無法接受的孤立感 很難找到自己想說的話，於是一直無法與家人溝通,溝通,O,O,O,O,O,O,19
852,很自責自己從小就一直被家庭和朋友疏遠了，每次想與家人溝通都會感到無法接受的孤立感 很難找到自己想說的話，於是一直無法與家人溝通,都,O,O,O,O,O,O,20
852,很自責自己從小就一直被家庭和朋友疏遠了，每次想與家人溝通都會感到無法接受的孤立感 很難找到自己想說的話，於是一直無法與家人溝通,會,O,O,O,O,O,O,21
852,很自責自己從小就一直被家庭和朋友疏遠了，每次想與家人溝通都會感到無法接受的孤立感 很難找到自己想說的話，於是一直無法與家人溝通,感到,O,O,O,O,O,O,22
852,很自責自己從小就一直被家庭和朋友疏遠了，每次想與家人溝通都會感到無法接受的孤立感 很難找到自己想說的話，於是一直無法與家人溝通,無法,O,B-W,B-W,B-W,B-W,B-W,23
852,很自責自己從小就一直被家庭和朋友疏遠了，每次想與家人溝通都會感到無法接受的孤立感 很難找到自己想說的話，於是一直無法與家人溝通,接受,O,M-W,M-W,E-W,M-W,M-W,24
852,很自責自己從小就一直被家庭和朋友疏遠了，每次想與家人溝通都會感到無法接受的孤立感 很難找到自己想說的話，於是一直無法與家人溝通,的,O,E-W,E-W,O,E-W,E-W,25
852,很自責自己從小就一直被家庭和朋友疏遠了，每次想與家人溝通都會感到無法接受的孤立感 很難找到自己想說的話，於是一直無法與家人溝通,孤立感,S-D,S-W,S-W,S-W,S-W,S-W,26
852,很自責自己從小就一直被家庭和朋友疏遠了，每次想與家人溝通都會感到無法接受的孤立感 很難找到自己想說的話，於是一直無法與家人溝通,很,O,O,O,O,O,O,27
852,很自責自己從小就一直被家庭和朋友疏遠了，每次想與家人溝通都會感到無法接受的孤立感 很難找到自己想說的話，於是一直無法與家人溝通,難,O,O,O,O,O,O,28
852,很自責自己從小就一直被家庭和朋友疏遠了，每次想與家人溝通都會感到無法接受的孤立感 很難找到自己想說的話，於是一直無法與家人溝通,找到,O,O,O,O,O,O,29
852,很自責自己從小就一直被家庭和朋友疏遠了，每次想與家人溝通都會感到無法接受的孤立感 很難找到自己想說的話，於是一直無法與家人溝通,自己,O,O,O,O,O,O,30
852,很自責自己從小就一直被家庭和朋友疏遠了，每次想與家人溝通都會感到無法接受的孤立感 很難找到自己想說的話，於是一直無法與家人溝通,想,O,O,O,O,O,O,31
852,很自責自己從小就一直被家庭和朋友疏遠了，每次想與家人溝通都會感到無法接受的孤立感 很難找到自己想說的話，於是一直無法與家人溝通,說,O,O,O,O,O,O,32
852,很自責自己從小就一直被家庭和朋友疏遠了，每次想與家人溝通都會感到無法接受的孤立感 很難找到自己想說的話，於是一直無法與家人溝通,的,O,O,O,O,O,O,33
852,很自責自己從小就一直被家庭和朋友疏遠了，每次想與家人溝通都會感到無法接受的孤立感 很難找到自己想說的話，於是一直無法與家人溝通,話,O,O,O,O,O,O,34
852,很自責自己從小就一直被家庭和朋友疏遠了，每次想與家人溝通都會感到無法接受的孤立感 很難找到自己想說的話，於是一直無法與家人溝通,，,O,O,O,O,O,O,35
852,很自責自己從小就一直被家庭和朋友疏遠了，每次想與家人溝通都會感到無法接受的孤立感 很難找到自己想說的話，於是一直無法與家人溝通,於是,O,O,O,O,O,O,36
852,很自責自己從小就一直被家庭和朋友疏遠了，每次想與家人溝通都會感到無法接受的孤立感 很難找到自己想說的話，於是一直無法與家人溝通,一直,O,O,O,O,O,O,37
852,很自責自己從小就一直被家庭和朋友疏遠了，每次想與家人溝通都會感到無法接受的孤立感 很難找到自己想說的話，於是一直無法與家人溝通,無法,O,B-W,B-W,B-W,B-W,B-W,38
852,很自責自己從小就一直被家庭和朋友疏遠了，每次想與家人溝通都會感到無法接受的孤立感 很難找到自己想說的話，於是一直無法與家人溝通,與,O,O,O,O,O,O,39
852,很自責自己從小就一直被家庭和朋友疏遠了，每次想與家人溝通都會感到無法接受的孤立感 很難找到自己想說的話，於是一直無法與家人溝通,家人,O,O,O,O,O,O,40
852,很自責自己從小就一直被家庭和朋友疏遠了，每次想與家人溝通都會感到無法接受的孤立感 很難找到自己想說的話，於是一直無法與家人溝通,溝通,O,E-W,E-W,E-W,E-W,E-W,41
853,所有過往的回憶都似乎已經消失了。雖然這樣有點令人惡心，但我又覺得有些舒適。可能是因為現在我已經不是那個自己了，對了？不管是什麼，我都能看到自己過去的生活不夠美好，無法為我帶來真正的快樂。但我不會因此而自責。我是這樣的，因為我已經走在正確的道路上。,所有,O,O,O,O,O,O,1
853,所有過往的回憶都似乎已經消失了。雖然這樣有點令人惡心，但我又覺得有些舒適。可能是因為現在我已經不是那個自己了，對了？不管是什麼，我都能看到自己過去的生活不夠美好，無法為我帶來真正的快樂。但我不會因此而自責。我是這樣的，因為我已經走在正確的道路上。,過往,O,O,O,O,O,O,2
853,所有過往的回憶都似乎已經消失了。雖然這樣有點令人惡心，但我又覺得有些舒適。可能是因為現在我已經不是那個自己了，對了？不管是什麼，我都能看到自己過去的生活不夠美好，無法為我帶來真正的快樂。但我不會因此而自責。我是這樣的，因為我已經走在正確的道路上。,的,O,O,O,O,O,O,3
853,所有過往的回憶都似乎已經消失了。雖然這樣有點令人惡心，但我又覺得有些舒適。可能是因為現在我已經不是那個自己了，對了？不管是什麼，我都能看到自己過去的生活不夠美好，無法為我帶來真正的快樂。但我不會因此而自責。我是這樣的，因為我已經走在正確的道路上。,回憶,O,O,O,O,O,O,4
853,所有過往的回憶都似乎已經消失了。雖然這樣有點令人惡心，但我又覺得有些舒適。可能是因為現在我已經不是那個自己了，對了？不管是什麼，我都能看到自己過去的生活不夠美好，無法為我帶來真正的快樂。但我不會因此而自責。我是這樣的，因為我已經走在正確的道路上。,都,O,O,O,O,O,O,5
853,所有過往的回憶都似乎已經消失了。雖然這樣有點令人惡心，但我又覺得有些舒適。可能是因為現在我已經不是那個自己了，對了？不管是什麼，我都能看到自己過去的生活不夠美好，無法為我帶來真正的快樂。但我不會因此而自責。我是這樣的，因為我已經走在正確的道路上。,似乎,O,O,O,O,O,O,6
853,所有過往的回憶都似乎已經消失了。雖然這樣有點令人惡心，但我又覺得有些舒適。可能是因為現在我已經不是那個自己了，對了？不管是什麼，我都能看到自己過去的生活不夠美好，無法為我帶來真正的快樂。但我不會因此而自責。我是這樣的，因為我已經走在正確的道路上。,已經,O,O,O,O,O,O,7
853,所有過往的回憶都似乎已經消失了。雖然這樣有點令人惡心，但我又覺得有些舒適。可能是因為現在我已經不是那個自己了，對了？不管是什麼，我都能看到自己過去的生活不夠美好，無法為我帶來真正的快樂。但我不會因此而自責。我是這樣的，因為我已經走在正確的道路上。,消失,O,O,O,O,O,O,8
853,所有過往的回憶都似乎已經消失了。雖然這樣有點令人惡心，但我又覺得有些舒適。可能是因為現在我已經不是那個自己了，對了？不管是什麼，我都能看到自己過去的生活不夠美好，無法為我帶來真正的快樂。但我不會因此而自責。我是這樣的，因為我已經走在正確的道路上。,了,O,O,O,O,O,O,9
853,所有過往的回憶都似乎已經消失了。雖然這樣有點令人惡心，但我又覺得有些舒適。可能是因為現在我已經不是那個自己了，對了？不管是什麼，我都能看到自己過去的生活不夠美好，無法為我帶來真正的快樂。但我不會因此而自責。我是這樣的，因為我已經走在正確的道路上。,。,O,O,O,O,O,O,10
853,所有過往的回憶都似乎已經消失了。雖然這樣有點令人惡心，但我又覺得有些舒適。可能是因為現在我已經不是那個自己了，對了？不管是什麼，我都能看到自己過去的生活不夠美好，無法為我帶來真正的快樂。但我不會因此而自責。我是這樣的，因為我已經走在正確的道路上。,雖然,O,O,O,O,O,O,11
853,所有過往的回憶都似乎已經消失了。雖然這樣有點令人惡心，但我又覺得有些舒適。可能是因為現在我已經不是那個自己了，對了？不管是什麼，我都能看到自己過去的生活不夠美好，無法為我帶來真正的快樂。但我不會因此而自責。我是這樣的，因為我已經走在正確的道路上。,這樣,O,O,O,O,O,O,12
853,所有過往的回憶都似乎已經消失了。雖然這樣有點令人惡心，但我又覺得有些舒適。可能是因為現在我已經不是那個自己了，對了？不管是什麼，我都能看到自己過去的生活不夠美好，無法為我帶來真正的快樂。但我不會因此而自責。我是這樣的，因為我已經走在正確的道路上。,有,O,O,O,O,O,O,13
853,所有過往的回憶都似乎已經消失了。雖然這樣有點令人惡心，但我又覺得有些舒適。可能是因為現在我已經不是那個自己了，對了？不管是什麼，我都能看到自己過去的生活不夠美好，無法為我帶來真正的快樂。但我不會因此而自責。我是這樣的，因為我已經走在正確的道路上。,點,O,O,O,O,O,O,14
853,所有過往的回憶都似乎已經消失了。雖然這樣有點令人惡心，但我又覺得有些舒適。可能是因為現在我已經不是那個自己了，對了？不管是什麼，我都能看到自己過去的生活不夠美好，無法為我帶來真正的快樂。但我不會因此而自責。我是這樣的，因為我已經走在正確的道路上。,令人,O,O,O,O,O,O,15
853,所有過往的回憶都似乎已經消失了。雖然這樣有點令人惡心，但我又覺得有些舒適。可能是因為現在我已經不是那個自己了，對了？不管是什麼，我都能看到自己過去的生活不夠美好，無法為我帶來真正的快樂。但我不會因此而自責。我是這樣的，因為我已經走在正確的道路上。,惡心,S-D,S-D,S-D,S-D,S-D,S-D,16
853,所有過往的回憶都似乎已經消失了。雖然這樣有點令人惡心，但我又覺得有些舒適。可能是因為現在我已經不是那個自己了，對了？不管是什麼，我都能看到自己過去的生活不夠美好，無法為我帶來真正的快樂。但我不會因此而自責。我是這樣的，因為我已經走在正確的道路上。,，,O,O,O,O,O,O,17
853,所有過往的回憶都似乎已經消失了。雖然這樣有點令人惡心，但我又覺得有些舒適。可能是因為現在我已經不是那個自己了，對了？不管是什麼，我都能看到自己過去的生活不夠美好，無法為我帶來真正的快樂。但我不會因此而自責。我是這樣的，因為我已經走在正確的道路上。,但,O,O,O,O,O,O,18
853,所有過往的回憶都似乎已經消失了。雖然這樣有點令人惡心，但我又覺得有些舒適。可能是因為現在我已經不是那個自己了，對了？不管是什麼，我都能看到自己過去的生活不夠美好，無法為我帶來真正的快樂。但我不會因此而自責。我是這樣的，因為我已經走在正確的道路上。,我,O,O,O,O,O,O,19
853,所有過往的回憶都似乎已經消失了。雖然這樣有點令人惡心，但我又覺得有些舒適。可能是因為現在我已經不是那個自己了，對了？不管是什麼，我都能看到自己過去的生活不夠美好，無法為我帶來真正的快樂。但我不會因此而自責。我是這樣的，因為我已經走在正確的道路上。,又,O,O,O,O,O,O,20
853,所有過往的回憶都似乎已經消失了。雖然這樣有點令人惡心，但我又覺得有些舒適。可能是因為現在我已經不是那個自己了，對了？不管是什麼，我都能看到自己過去的生活不夠美好，無法為我帶來真正的快樂。但我不會因此而自責。我是這樣的，因為我已經走在正確的道路上。,覺得,O,O,O,O,O,O,21
853,所有過往的回憶都似乎已經消失了。雖然這樣有點令人惡心，但我又覺得有些舒適。可能是因為現在我已經不是那個自己了，對了？不管是什麼，我都能看到自己過去的生活不夠美好，無法為我帶來真正的快樂。但我不會因此而自責。我是這樣的，因為我已經走在正確的道路上。,有些,O,O,O,O,O,O,22
853,所有過往的回憶都似乎已經消失了。雖然這樣有點令人惡心，但我又覺得有些舒適。可能是因為現在我已經不是那個自己了，對了？不管是什麼，我都能看到自己過去的生活不夠美好，無法為我帶來真正的快樂。但我不會因此而自責。我是這樣的，因為我已經走在正確的道路上。,舒適,O,O,S-A,O,O,S-A,23
853,所有過往的回憶都似乎已經消失了。雖然這樣有點令人惡心，但我又覺得有些舒適。可能是因為現在我已經不是那個自己了，對了？不管是什麼，我都能看到自己過去的生活不夠美好，無法為我帶來真正的快樂。但我不會因此而自責。我是這樣的，因為我已經走在正確的道路上。,。,O,O,O,O,O,O,24
853,所有過往的回憶都似乎已經消失了。雖然這樣有點令人惡心，但我又覺得有些舒適。可能是因為現在我已經不是那個自己了，對了？不管是什麼，我都能看到自己過去的生活不夠美好，無法為我帶來真正的快樂。但我不會因此而自責。我是這樣的，因為我已經走在正確的道路上。,可能,O,O,O,O,O,O,25
853,所有過往的回憶都似乎已經消失了。雖然這樣有點令人惡心，但我又覺得有些舒適。可能是因為現在我已經不是那個自己了，對了？不管是什麼，我都能看到自己過去的生活不夠美好，無法為我帶來真正的快樂。但我不會因此而自責。我是這樣的，因為我已經走在正確的道路上。,是,O,O,O,O,O,O,26
853,所有過往的回憶都似乎已經消失了。雖然這樣有點令人惡心，但我又覺得有些舒適。可能是因為現在我已經不是那個自己了，對了？不管是什麼，我都能看到自己過去的生活不夠美好，無法為我帶來真正的快樂。但我不會因此而自責。我是這樣的，因為我已經走在正確的道路上。,因為,O,O,O,O,O,O,27
853,所有過往的回憶都似乎已經消失了。雖然這樣有點令人惡心，但我又覺得有些舒適。可能是因為現在我已經不是那個自己了，對了？不管是什麼，我都能看到自己過去的生活不夠美好，無法為我帶來真正的快樂。但我不會因此而自責。我是這樣的，因為我已經走在正確的道路上。,現在,O,O,O,O,O,O,28
853,所有過往的回憶都似乎已經消失了。雖然這樣有點令人惡心，但我又覺得有些舒適。可能是因為現在我已經不是那個自己了，對了？不管是什麼，我都能看到自己過去的生活不夠美好，無法為我帶來真正的快樂。但我不會因此而自責。我是這樣的，因為我已經走在正確的道路上。,我,O,O,O,O,O,O,29
853,所有過往的回憶都似乎已經消失了。雖然這樣有點令人惡心，但我又覺得有些舒適。可能是因為現在我已經不是那個自己了，對了？不管是什麼，我都能看到自己過去的生活不夠美好，無法為我帶來真正的快樂。但我不會因此而自責。我是這樣的，因為我已經走在正確的道路上。,已經,O,O,O,O,O,O,30
853,所有過往的回憶都似乎已經消失了。雖然這樣有點令人惡心，但我又覺得有些舒適。可能是因為現在我已經不是那個自己了，對了？不管是什麼，我都能看到自己過去的生活不夠美好，無法為我帶來真正的快樂。但我不會因此而自責。我是這樣的，因為我已經走在正確的道路上。,不是,O,O,O,O,O,O,31
853,所有過往的回憶都似乎已經消失了。雖然這樣有點令人惡心，但我又覺得有些舒適。可能是因為現在我已經不是那個自己了，對了？不管是什麼，我都能看到自己過去的生活不夠美好，無法為我帶來真正的快樂。但我不會因此而自責。我是這樣的，因為我已經走在正確的道路上。,那個,O,O,O,O,O,O,32
853,所有過往的回憶都似乎已經消失了。雖然這樣有點令人惡心，但我又覺得有些舒適。可能是因為現在我已經不是那個自己了，對了？不管是什麼，我都能看到自己過去的生活不夠美好，無法為我帶來真正的快樂。但我不會因此而自責。我是這樣的，因為我已經走在正確的道路上。,自己,O,O,O,O,O,O,33
853,所有過往的回憶都似乎已經消失了。雖然這樣有點令人惡心，但我又覺得有些舒適。可能是因為現在我已經不是那個自己了，對了？不管是什麼，我都能看到自己過去的生活不夠美好，無法為我帶來真正的快樂。但我不會因此而自責。我是這樣的，因為我已經走在正確的道路上。,了,O,O,O,O,O,O,34
853,所有過往的回憶都似乎已經消失了。雖然這樣有點令人惡心，但我又覺得有些舒適。可能是因為現在我已經不是那個自己了，對了？不管是什麼，我都能看到自己過去的生活不夠美好，無法為我帶來真正的快樂。但我不會因此而自責。我是這樣的，因為我已經走在正確的道路上。,，,O,O,O,O,O,O,35
853,所有過往的回憶都似乎已經消失了。雖然這樣有點令人惡心，但我又覺得有些舒適。可能是因為現在我已經不是那個自己了，對了？不管是什麼，我都能看到自己過去的生活不夠美好，無法為我帶來真正的快樂。但我不會因此而自責。我是這樣的，因為我已經走在正確的道路上。,對了,O,O,O,O,O,O,36
853,所有過往的回憶都似乎已經消失了。雖然這樣有點令人惡心，但我又覺得有些舒適。可能是因為現在我已經不是那個自己了，對了？不管是什麼，我都能看到自己過去的生活不夠美好，無法為我帶來真正的快樂。但我不會因此而自責。我是這樣的，因為我已經走在正確的道路上。,？,O,O,O,O,O,O,37
853,所有過往的回憶都似乎已經消失了。雖然這樣有點令人惡心，但我又覺得有些舒適。可能是因為現在我已經不是那個自己了，對了？不管是什麼，我都能看到自己過去的生活不夠美好，無法為我帶來真正的快樂。但我不會因此而自責。我是這樣的，因為我已經走在正確的道路上。,不管,O,O,O,O,O,O,38
853,所有過往的回憶都似乎已經消失了。雖然這樣有點令人惡心，但我又覺得有些舒適。可能是因為現在我已經不是那個自己了，對了？不管是什麼，我都能看到自己過去的生活不夠美好，無法為我帶來真正的快樂。但我不會因此而自責。我是這樣的，因為我已經走在正確的道路上。,是,O,O,O,O,O,O,39
853,所有過往的回憶都似乎已經消失了。雖然這樣有點令人惡心，但我又覺得有些舒適。可能是因為現在我已經不是那個自己了，對了？不管是什麼，我都能看到自己過去的生活不夠美好，無法為我帶來真正的快樂。但我不會因此而自責。我是這樣的，因為我已經走在正確的道路上。,什麼,O,O,O,O,O,O,40
853,所有過往的回憶都似乎已經消失了。雖然這樣有點令人惡心，但我又覺得有些舒適。可能是因為現在我已經不是那個自己了，對了？不管是什麼，我都能看到自己過去的生活不夠美好，無法為我帶來真正的快樂。但我不會因此而自責。我是這樣的，因為我已經走在正確的道路上。,，,O,O,O,O,O,O,41
853,所有過往的回憶都似乎已經消失了。雖然這樣有點令人惡心，但我又覺得有些舒適。可能是因為現在我已經不是那個自己了，對了？不管是什麼，我都能看到自己過去的生活不夠美好，無法為我帶來真正的快樂。但我不會因此而自責。我是這樣的，因為我已經走在正確的道路上。,我,O,O,O,O,O,O,42
853,所有過往的回憶都似乎已經消失了。雖然這樣有點令人惡心，但我又覺得有些舒適。可能是因為現在我已經不是那個自己了，對了？不管是什麼，我都能看到自己過去的生活不夠美好，無法為我帶來真正的快樂。但我不會因此而自責。我是這樣的，因為我已經走在正確的道路上。,都,O,O,O,O,O,O,43
853,所有過往的回憶都似乎已經消失了。雖然這樣有點令人惡心，但我又覺得有些舒適。可能是因為現在我已經不是那個自己了，對了？不管是什麼，我都能看到自己過去的生活不夠美好，無法為我帶來真正的快樂。但我不會因此而自責。我是這樣的，因為我已經走在正確的道路上。,能,O,O,O,O,O,O,44
853,所有過往的回憶都似乎已經消失了。雖然這樣有點令人惡心，但我又覺得有些舒適。可能是因為現在我已經不是那個自己了，對了？不管是什麼，我都能看到自己過去的生活不夠美好，無法為我帶來真正的快樂。但我不會因此而自責。我是這樣的，因為我已經走在正確的道路上。,看到,O,O,O,O,O,O,45
853,所有過往的回憶都似乎已經消失了。雖然這樣有點令人惡心，但我又覺得有些舒適。可能是因為現在我已經不是那個自己了，對了？不管是什麼，我都能看到自己過去的生活不夠美好，無法為我帶來真正的快樂。但我不會因此而自責。我是這樣的，因為我已經走在正確的道路上。,自己,O,O,O,O,O,O,46
853,所有過往的回憶都似乎已經消失了。雖然這樣有點令人惡心，但我又覺得有些舒適。可能是因為現在我已經不是那個自己了，對了？不管是什麼，我都能看到自己過去的生活不夠美好，無法為我帶來真正的快樂。但我不會因此而自責。我是這樣的，因為我已經走在正確的道路上。,過去,O,O,O,O,O,O,47
853,所有過往的回憶都似乎已經消失了。雖然這樣有點令人惡心，但我又覺得有些舒適。可能是因為現在我已經不是那個自己了，對了？不管是什麼，我都能看到自己過去的生活不夠美好，無法為我帶來真正的快樂。但我不會因此而自責。我是這樣的，因為我已經走在正確的道路上。,的,O,O,O,O,O,O,48
853,所有過往的回憶都似乎已經消失了。雖然這樣有點令人惡心，但我又覺得有些舒適。可能是因為現在我已經不是那個自己了，對了？不管是什麼，我都能看到自己過去的生活不夠美好，無法為我帶來真正的快樂。但我不會因此而自責。我是這樣的，因為我已經走在正確的道路上。,生活,O,O,O,O,O,O,49
853,所有過往的回憶都似乎已經消失了。雖然這樣有點令人惡心，但我又覺得有些舒適。可能是因為現在我已經不是那個自己了，對了？不管是什麼，我都能看到自己過去的生活不夠美好，無法為我帶來真正的快樂。但我不會因此而自責。我是這樣的，因為我已經走在正確的道路上。,不夠,B-W,B-A,O,O,B-A,O,50
853,所有過往的回憶都似乎已經消失了。雖然這樣有點令人惡心，但我又覺得有些舒適。可能是因為現在我已經不是那個自己了，對了？不管是什麼，我都能看到自己過去的生活不夠美好，無法為我帶來真正的快樂。但我不會因此而自責。我是這樣的，因為我已經走在正確的道路上。,美好,E-W,E-A,S-D,S-D,E-A,S-D,51
853,所有過往的回憶都似乎已經消失了。雖然這樣有點令人惡心，但我又覺得有些舒適。可能是因為現在我已經不是那個自己了，對了？不管是什麼，我都能看到自己過去的生活不夠美好，無法為我帶來真正的快樂。但我不會因此而自責。我是這樣的，因為我已經走在正確的道路上。,，,O,O,O,O,O,O,52
853,所有過往的回憶都似乎已經消失了。雖然這樣有點令人惡心，但我又覺得有些舒適。可能是因為現在我已經不是那個自己了，對了？不管是什麼，我都能看到自己過去的生活不夠美好，無法為我帶來真正的快樂。但我不會因此而自責。我是這樣的，因為我已經走在正確的道路上。,無法,B-A,B-D,O,O,B-D,O,53
853,所有過往的回憶都似乎已經消失了。雖然這樣有點令人惡心，但我又覺得有些舒適。可能是因為現在我已經不是那個自己了，對了？不管是什麼，我都能看到自己過去的生活不夠美好，無法為我帶來真正的快樂。但我不會因此而自責。我是這樣的，因為我已經走在正確的道路上。,為,M-A,O,O,O,O,O,54
853,所有過往的回憶都似乎已經消失了。雖然這樣有點令人惡心，但我又覺得有些舒適。可能是因為現在我已經不是那個自己了，對了？不管是什麼，我都能看到自己過去的生活不夠美好，無法為我帶來真正的快樂。但我不會因此而自責。我是這樣的，因為我已經走在正確的道路上。,我,M-A,O,O,O,O,O,55
853,所有過往的回憶都似乎已經消失了。雖然這樣有點令人惡心，但我又覺得有些舒適。可能是因為現在我已經不是那個自己了，對了？不管是什麼，我都能看到自己過去的生活不夠美好，無法為我帶來真正的快樂。但我不會因此而自責。我是這樣的，因為我已經走在正確的道路上。,帶來,M-A,O,O,O,O,O,56
853,所有過往的回憶都似乎已經消失了。雖然這樣有點令人惡心，但我又覺得有些舒適。可能是因為現在我已經不是那個自己了，對了？不管是什麼，我都能看到自己過去的生活不夠美好，無法為我帶來真正的快樂。但我不會因此而自責。我是這樣的，因為我已經走在正確的道路上。,真正,M-A,O,O,O,O,O,57
853,所有過往的回憶都似乎已經消失了。雖然這樣有點令人惡心，但我又覺得有些舒適。可能是因為現在我已經不是那個自己了，對了？不管是什麼，我都能看到自己過去的生活不夠美好，無法為我帶來真正的快樂。但我不會因此而自責。我是這樣的，因為我已經走在正確的道路上。,的,M-A,O,O,O,O,O,58
853,所有過往的回憶都似乎已經消失了。雖然這樣有點令人惡心，但我又覺得有些舒適。可能是因為現在我已經不是那個自己了，對了？不管是什麼，我都能看到自己過去的生活不夠美好，無法為我帶來真正的快樂。但我不會因此而自責。我是這樣的，因為我已經走在正確的道路上。,快樂,E-A,O,O,S-A,O,S-A,59
853,所有過往的回憶都似乎已經消失了。雖然這樣有點令人惡心，但我又覺得有些舒適。可能是因為現在我已經不是那個自己了，對了？不管是什麼，我都能看到自己過去的生活不夠美好，無法為我帶來真正的快樂。但我不會因此而自責。我是這樣的，因為我已經走在正確的道路上。,。,O,O,O,O,O,O,60
853,所有過往的回憶都似乎已經消失了。雖然這樣有點令人惡心，但我又覺得有些舒適。可能是因為現在我已經不是那個自己了，對了？不管是什麼，我都能看到自己過去的生活不夠美好，無法為我帶來真正的快樂。但我不會因此而自責。我是這樣的，因為我已經走在正確的道路上。,但,O,O,O,O,O,O,61
853,所有過往的回憶都似乎已經消失了。雖然這樣有點令人惡心，但我又覺得有些舒適。可能是因為現在我已經不是那個自己了，對了？不管是什麼，我都能看到自己過去的生活不夠美好，無法為我帶來真正的快樂。但我不會因此而自責。我是這樣的，因為我已經走在正確的道路上。,我,O,O,O,O,O,O,62
853,所有過往的回憶都似乎已經消失了。雖然這樣有點令人惡心，但我又覺得有些舒適。可能是因為現在我已經不是那個自己了，對了？不管是什麼，我都能看到自己過去的生活不夠美好，無法為我帶來真正的快樂。但我不會因此而自責。我是這樣的，因為我已經走在正確的道路上。,不,O,O,O,O,O,O,63
853,所有過往的回憶都似乎已經消失了。雖然這樣有點令人惡心，但我又覺得有些舒適。可能是因為現在我已經不是那個自己了，對了？不管是什麼，我都能看到自己過去的生活不夠美好，無法為我帶來真正的快樂。但我不會因此而自責。我是這樣的，因為我已經走在正確的道路上。,會,O,O,O,O,O,O,64
853,所有過往的回憶都似乎已經消失了。雖然這樣有點令人惡心，但我又覺得有些舒適。可能是因為現在我已經不是那個自己了，對了？不管是什麼，我都能看到自己過去的生活不夠美好，無法為我帶來真正的快樂。但我不會因此而自責。我是這樣的，因為我已經走在正確的道路上。,因此,O,O,O,O,O,O,65
853,所有過往的回憶都似乎已經消失了。雖然這樣有點令人惡心，但我又覺得有些舒適。可能是因為現在我已經不是那個自己了，對了？不管是什麼，我都能看到自己過去的生活不夠美好，無法為我帶來真正的快樂。但我不會因此而自責。我是這樣的，因為我已經走在正確的道路上。,而,O,O,O,O,O,O,66
853,所有過往的回憶都似乎已經消失了。雖然這樣有點令人惡心，但我又覺得有些舒適。可能是因為現在我已經不是那個自己了，對了？不管是什麼，我都能看到自己過去的生活不夠美好，無法為我帶來真正的快樂。但我不會因此而自責。我是這樣的，因為我已經走在正確的道路上。,自責,O,S-W,S-W,S-W,S-W,S-W,67
853,所有過往的回憶都似乎已經消失了。雖然這樣有點令人惡心，但我又覺得有些舒適。可能是因為現在我已經不是那個自己了，對了？不管是什麼，我都能看到自己過去的生活不夠美好，無法為我帶來真正的快樂。但我不會因此而自責。我是這樣的，因為我已經走在正確的道路上。,。,O,O,O,O,O,O,68
853,所有過往的回憶都似乎已經消失了。雖然這樣有點令人惡心，但我又覺得有些舒適。可能是因為現在我已經不是那個自己了，對了？不管是什麼，我都能看到自己過去的生活不夠美好，無法為我帶來真正的快樂。但我不會因此而自責。我是這樣的，因為我已經走在正確的道路上。,我是,O,O,O,O,O,O,69
853,所有過往的回憶都似乎已經消失了。雖然這樣有點令人惡心，但我又覺得有些舒適。可能是因為現在我已經不是那個自己了，對了？不管是什麼，我都能看到自己過去的生活不夠美好，無法為我帶來真正的快樂。但我不會因此而自責。我是這樣的，因為我已經走在正確的道路上。,這樣,O,O,O,O,O,O,70
853,所有過往的回憶都似乎已經消失了。雖然這樣有點令人惡心，但我又覺得有些舒適。可能是因為現在我已經不是那個自己了，對了？不管是什麼，我都能看到自己過去的生活不夠美好，無法為我帶來真正的快樂。但我不會因此而自責。我是這樣的，因為我已經走在正確的道路上。,的,O,O,O,O,O,O,71
853,所有過往的回憶都似乎已經消失了。雖然這樣有點令人惡心，但我又覺得有些舒適。可能是因為現在我已經不是那個自己了，對了？不管是什麼，我都能看到自己過去的生活不夠美好，無法為我帶來真正的快樂。但我不會因此而自責。我是這樣的，因為我已經走在正確的道路上。,，,O,O,O,O,O,O,72
853,所有過往的回憶都似乎已經消失了。雖然這樣有點令人惡心，但我又覺得有些舒適。可能是因為現在我已經不是那個自己了，對了？不管是什麼，我都能看到自己過去的生活不夠美好，無法為我帶來真正的快樂。但我不會因此而自責。我是這樣的，因為我已經走在正確的道路上。,因為,O,O,O,O,O,O,73
853,所有過往的回憶都似乎已經消失了。雖然這樣有點令人惡心，但我又覺得有些舒適。可能是因為現在我已經不是那個自己了，對了？不管是什麼，我都能看到自己過去的生活不夠美好，無法為我帶來真正的快樂。但我不會因此而自責。我是這樣的，因為我已經走在正確的道路上。,我,O,O,O,O,O,O,74
853,所有過往的回憶都似乎已經消失了。雖然這樣有點令人惡心，但我又覺得有些舒適。可能是因為現在我已經不是那個自己了，對了？不管是什麼，我都能看到自己過去的生活不夠美好，無法為我帶來真正的快樂。但我不會因此而自責。我是這樣的，因為我已經走在正確的道路上。,已經,O,O,O,O,O,O,75
853,所有過往的回憶都似乎已經消失了。雖然這樣有點令人惡心，但我又覺得有些舒適。可能是因為現在我已經不是那個自己了，對了？不管是什麼，我都能看到自己過去的生活不夠美好，無法為我帶來真正的快樂。但我不會因此而自責。我是這樣的，因為我已經走在正確的道路上。,走,O,O,O,O,O,O,76
853,所有過往的回憶都似乎已經消失了。雖然這樣有點令人惡心，但我又覺得有些舒適。可能是因為現在我已經不是那個自己了，對了？不管是什麼，我都能看到自己過去的生活不夠美好，無法為我帶來真正的快樂。但我不會因此而自責。我是這樣的，因為我已經走在正確的道路上。,在,O,O,O,O,O,O,77
853,所有過往的回憶都似乎已經消失了。雖然這樣有點令人惡心，但我又覺得有些舒適。可能是因為現在我已經不是那個自己了，對了？不管是什麼，我都能看到自己過去的生活不夠美好，無法為我帶來真正的快樂。但我不會因此而自責。我是這樣的，因為我已經走在正確的道路上。,正確,O,O,O,O,O,O,78
853,所有過往的回憶都似乎已經消失了。雖然這樣有點令人惡心，但我又覺得有些舒適。可能是因為現在我已經不是那個自己了，對了？不管是什麼，我都能看到自己過去的生活不夠美好，無法為我帶來真正的快樂。但我不會因此而自責。我是這樣的，因為我已經走在正確的道路上。,的,O,O,O,O,O,O,79
853,所有過往的回憶都似乎已經消失了。雖然這樣有點令人惡心，但我又覺得有些舒適。可能是因為現在我已經不是那個自己了，對了？不管是什麼，我都能看到自己過去的生活不夠美好，無法為我帶來真正的快樂。但我不會因此而自責。我是這樣的，因為我已經走在正確的道路上。,道路,O,O,O,O,O,O,80
853,所有過往的回憶都似乎已經消失了。雖然這樣有點令人惡心，但我又覺得有些舒適。可能是因為現在我已經不是那個自己了，對了？不管是什麼，我都能看到自己過去的生活不夠美好，無法為我帶來真正的快樂。但我不會因此而自責。我是這樣的，因為我已經走在正確的道路上。,上,O,O,O,O,O,O,81
853,所有過往的回憶都似乎已經消失了。雖然這樣有點令人惡心，但我又覺得有些舒適。可能是因為現在我已經不是那個自己了，對了？不管是什麼，我都能看到自己過去的生活不夠美好，無法為我帶來真正的快樂。但我不會因此而自責。我是這樣的，因為我已經走在正確的道路上。,。,O,O,O,O,O,O,82
854,有時候我會突然不再想要做任何事情 這不僅是由於壓力或工作了，我還有其他原因 似乎無法找到任何的動力或者興趣  這讓我感到絕望,有時候,O,O,O,O,O,O,1
854,有時候我會突然不再想要做任何事情 這不僅是由於壓力或工作了，我還有其他原因 似乎無法找到任何的動力或者興趣  這讓我感到絕望,我,O,O,O,O,O,O,2
854,有時候我會突然不再想要做任何事情 這不僅是由於壓力或工作了，我還有其他原因 似乎無法找到任何的動力或者興趣  這讓我感到絕望,會,O,O,O,O,O,O,3
854,有時候我會突然不再想要做任何事情 這不僅是由於壓力或工作了，我還有其他原因 似乎無法找到任何的動力或者興趣  這讓我感到絕望,突然,O,O,O,O,O,O,4
854,有時候我會突然不再想要做任何事情 這不僅是由於壓力或工作了，我還有其他原因 似乎無法找到任何的動力或者興趣  這讓我感到絕望,不,O,O,O,O,O,O,5
854,有時候我會突然不再想要做任何事情 這不僅是由於壓力或工作了，我還有其他原因 似乎無法找到任何的動力或者興趣  這讓我感到絕望,再,O,O,O,O,O,O,6
854,有時候我會突然不再想要做任何事情 這不僅是由於壓力或工作了，我還有其他原因 似乎無法找到任何的動力或者興趣  這讓我感到絕望,想要,O,O,O,O,O,O,7
854,有時候我會突然不再想要做任何事情 這不僅是由於壓力或工作了，我還有其他原因 似乎無法找到任何的動力或者興趣  這讓我感到絕望,做,O,O,O,O,O,O,8
854,有時候我會突然不再想要做任何事情 這不僅是由於壓力或工作了，我還有其他原因 似乎無法找到任何的動力或者興趣  這讓我感到絕望,任何,O,O,O,O,O,O,9
854,有時候我會突然不再想要做任何事情 這不僅是由於壓力或工作了，我還有其他原因 似乎無法找到任何的動力或者興趣  這讓我感到絕望,事情,O,O,O,O,O,O,10
854,有時候我會突然不再想要做任何事情 這不僅是由於壓力或工作了，我還有其他原因 似乎無法找到任何的動力或者興趣  這讓我感到絕望,O,O,O,O,O,O,O,11
854,有時候我會突然不再想要做任何事情 這不僅是由於壓力或工作了，我還有其他原因 似乎無法找到任何的動力或者興趣  這讓我感到絕望,這,O,O,O,O,O,O,12
854,有時候我會突然不再想要做任何事情 這不僅是由於壓力或工作了，我還有其他原因 似乎無法找到任何的動力或者興趣  這讓我感到絕望,不僅,O,O,O,O,O,O,13
854,有時候我會突然不再想要做任何事情 這不僅是由於壓力或工作了，我還有其他原因 似乎無法找到任何的動力或者興趣  這讓我感到絕望,是,O,O,O,O,O,O,14
854,有時候我會突然不再想要做任何事情 這不僅是由於壓力或工作了，我還有其他原因 似乎無法找到任何的動力或者興趣  這讓我感到絕望,由於,O,O,O,O,O,O,15
854,有時候我會突然不再想要做任何事情 這不僅是由於壓力或工作了，我還有其他原因 似乎無法找到任何的動力或者興趣  這讓我感到絕望,壓力,O,O,O,O,O,O,16
854,有時候我會突然不再想要做任何事情 這不僅是由於壓力或工作了，我還有其他原因 似乎無法找到任何的動力或者興趣  這讓我感到絕望,或,O,O,O,O,O,O,17
854,有時候我會突然不再想要做任何事情 這不僅是由於壓力或工作了，我還有其他原因 似乎無法找到任何的動力或者興趣  這讓我感到絕望,工作,O,O,O,O,O,O,18
854,有時候我會突然不再想要做任何事情 這不僅是由於壓力或工作了，我還有其他原因 似乎無法找到任何的動力或者興趣  這讓我感到絕望,了,O,O,O,O,O,O,19
854,有時候我會突然不再想要做任何事情 這不僅是由於壓力或工作了，我還有其他原因 似乎無法找到任何的動力或者興趣  這讓我感到絕望,，,O,O,O,O,O,O,20
854,有時候我會突然不再想要做任何事情 這不僅是由於壓力或工作了，我還有其他原因 似乎無法找到任何的動力或者興趣  這讓我感到絕望,我,O,O,O,O,O,O,21
854,有時候我會突然不再想要做任何事情 這不僅是由於壓力或工作了，我還有其他原因 似乎無法找到任何的動力或者興趣  這讓我感到絕望,還,O,O,O,O,O,O,22
854,有時候我會突然不再想要做任何事情 這不僅是由於壓力或工作了，我還有其他原因 似乎無法找到任何的動力或者興趣  這讓我感到絕望,有,O,O,O,O,O,O,23
854,有時候我會突然不再想要做任何事情 這不僅是由於壓力或工作了，我還有其他原因 似乎無法找到任何的動力或者興趣  這讓我感到絕望,其他,O,O,O,O,O,O,24
854,有時候我會突然不再想要做任何事情 這不僅是由於壓力或工作了，我還有其他原因 似乎無法找到任何的動力或者興趣  這讓我感到絕望,原因,O,O,O,O,O,O,25
854,有時候我會突然不再想要做任何事情 這不僅是由於壓力或工作了，我還有其他原因 似乎無法找到任何的動力或者興趣  這讓我感到絕望,O,O,O,O,O,O,O,26
854,有時候我會突然不再想要做任何事情 這不僅是由於壓力或工作了，我還有其他原因 似乎無法找到任何的動力或者興趣  這讓我感到絕望,似乎,O,O,O,O,O,O,27
854,有時候我會突然不再想要做任何事情 這不僅是由於壓力或工作了，我還有其他原因 似乎無法找到任何的動力或者興趣  這讓我感到絕望,無法,B-A,O,O,O,O,O,28
854,有時候我會突然不再想要做任何事情 這不僅是由於壓力或工作了，我還有其他原因 似乎無法找到任何的動力或者興趣  這讓我感到絕望,找到,M-A,O,O,B-D,O,O,29
854,有時候我會突然不再想要做任何事情 這不僅是由於壓力或工作了，我還有其他原因 似乎無法找到任何的動力或者興趣  這讓我感到絕望,任何,M-A,O,O,M-D,O,O,30
854,有時候我會突然不再想要做任何事情 這不僅是由於壓力或工作了，我還有其他原因 似乎無法找到任何的動力或者興趣  這讓我感到絕望,的,M-A,O,O,E-D,O,O,31
854,有時候我會突然不再想要做任何事情 這不僅是由於壓力或工作了，我還有其他原因 似乎無法找到任何的動力或者興趣  這讓我感到絕望,動力,E-A,O,O,O,O,O,32
854,有時候我會突然不再想要做任何事情 這不僅是由於壓力或工作了，我還有其他原因 似乎無法找到任何的動力或者興趣  這讓我感到絕望,或者,O,O,O,O,O,O,33
854,有時候我會突然不再想要做任何事情 這不僅是由於壓力或工作了，我還有其他原因 似乎無法找到任何的動力或者興趣  這讓我感到絕望,興趣,O,O,O,O,O,O,34
854,有時候我會突然不再想要做任何事情 這不僅是由於壓力或工作了，我還有其他原因 似乎無法找到任何的動力或者興趣  這讓我感到絕望,O,O,O,O,O,O,O,35
854,有時候我會突然不再想要做任何事情 這不僅是由於壓力或工作了，我還有其他原因 似乎無法找到任何的動力或者興趣  這讓我感到絕望,這,O,O,O,O,O,O,36
854,有時候我會突然不再想要做任何事情 這不僅是由於壓力或工作了，我還有其他原因 似乎無法找到任何的動力或者興趣  這讓我感到絕望,讓,O,O,O,O,O,O,37
854,有時候我會突然不再想要做任何事情 這不僅是由於壓力或工作了，我還有其他原因 似乎無法找到任何的動力或者興趣  這讓我感到絕望,我,O,O,O,O,O,O,38
854,有時候我會突然不再想要做任何事情 這不僅是由於壓力或工作了，我還有其他原因 似乎無法找到任何的動力或者興趣  這讓我感到絕望,感到,B-D,B-D,B-D,O,O,B-D,39
854,有時候我會突然不再想要做任何事情 這不僅是由於壓力或工作了，我還有其他原因 似乎無法找到任何的動力或者興趣  這讓我感到絕望,絕望,E-D,E-D,E-D,B-D,B-D,E-D,40
855,什麼時候，我真的不能為什麼？現在在工作中面對「無法與同事溝通」和「工作內部的人際關係問題」 …我這些年來，對於工作和社交都沒有熱情了。  這也使我無法享受與家人和朋友的生活  對於那些可以和他人分享喜悅和悲憤的那種,什麼,O,O,O,O,O,O,1
855,什麼時候，我真的不能為什麼？現在在工作中面對「無法與同事溝通」和「工作內部的人際關係問題」 …我這些年來，對於工作和社交都沒有熱情了。  這也使我無法享受與家人和朋友的生活  對於那些可以和他人分享喜悅和悲憤的那種,時候,O,O,O,O,O,O,2
855,什麼時候，我真的不能為什麼？現在在工作中面對「無法與同事溝通」和「工作內部的人際關係問題」 …我這些年來，對於工作和社交都沒有熱情了。  這也使我無法享受與家人和朋友的生活  對於那些可以和他人分享喜悅和悲憤的那種,，,O,O,O,O,O,O,3
855,什麼時候，我真的不能為什麼？現在在工作中面對「無法與同事溝通」和「工作內部的人際關係問題」 …我這些年來，對於工作和社交都沒有熱情了。  這也使我無法享受與家人和朋友的生活  對於那些可以和他人分享喜悅和悲憤的那種,我,O,O,O,O,O,O,4
855,什麼時候，我真的不能為什麼？現在在工作中面對「無法與同事溝通」和「工作內部的人際關係問題」 …我這些年來，對於工作和社交都沒有熱情了。  這也使我無法享受與家人和朋友的生活  對於那些可以和他人分享喜悅和悲憤的那種,真的,O,O,O,O,O,O,5
855,什麼時候，我真的不能為什麼？現在在工作中面對「無法與同事溝通」和「工作內部的人際關係問題」 …我這些年來，對於工作和社交都沒有熱情了。  這也使我無法享受與家人和朋友的生活  對於那些可以和他人分享喜悅和悲憤的那種,不能,O,O,O,O,O,O,6
855,什麼時候，我真的不能為什麼？現在在工作中面對「無法與同事溝通」和「工作內部的人際關係問題」 …我這些年來，對於工作和社交都沒有熱情了。  這也使我無法享受與家人和朋友的生活  對於那些可以和他人分享喜悅和悲憤的那種,為,O,O,O,O,O,O,7
855,什麼時候，我真的不能為什麼？現在在工作中面對「無法與同事溝通」和「工作內部的人際關係問題」 …我這些年來，對於工作和社交都沒有熱情了。  這也使我無法享受與家人和朋友的生活  對於那些可以和他人分享喜悅和悲憤的那種,什麼,O,O,O,O,O,O,8
855,什麼時候，我真的不能為什麼？現在在工作中面對「無法與同事溝通」和「工作內部的人際關係問題」 …我這些年來，對於工作和社交都沒有熱情了。  這也使我無法享受與家人和朋友的生活  對於那些可以和他人分享喜悅和悲憤的那種,？,O,O,O,O,O,O,9
855,什麼時候，我真的不能為什麼？現在在工作中面對「無法與同事溝通」和「工作內部的人際關係問題」 …我這些年來，對於工作和社交都沒有熱情了。  這也使我無法享受與家人和朋友的生活  對於那些可以和他人分享喜悅和悲憤的那種,現在,O,O,O,O,O,O,10
855,什麼時候，我真的不能為什麼？現在在工作中面對「無法與同事溝通」和「工作內部的人際關係問題」 …我這些年來，對於工作和社交都沒有熱情了。  這也使我無法享受與家人和朋友的生活  對於那些可以和他人分享喜悅和悲憤的那種,在,O,O,O,O,O,O,11
855,什麼時候，我真的不能為什麼？現在在工作中面對「無法與同事溝通」和「工作內部的人際關係問題」 …我這些年來，對於工作和社交都沒有熱情了。  這也使我無法享受與家人和朋友的生活  對於那些可以和他人分享喜悅和悲憤的那種,工作,O,O,O,O,O,O,12
855,什麼時候，我真的不能為什麼？現在在工作中面對「無法與同事溝通」和「工作內部的人際關係問題」 …我這些年來，對於工作和社交都沒有熱情了。  這也使我無法享受與家人和朋友的生活  對於那些可以和他人分享喜悅和悲憤的那種,中,O,O,O,O,O,O,13
855,什麼時候，我真的不能為什麼？現在在工作中面對「無法與同事溝通」和「工作內部的人際關係問題」 …我這些年來，對於工作和社交都沒有熱情了。  這也使我無法享受與家人和朋友的生活  對於那些可以和他人分享喜悅和悲憤的那種,面對,O,O,O,O,O,O,14
855,什麼時候，我真的不能為什麼？現在在工作中面對「無法與同事溝通」和「工作內部的人際關係問題」 …我這些年來，對於工作和社交都沒有熱情了。  這也使我無法享受與家人和朋友的生活  對於那些可以和他人分享喜悅和悲憤的那種,「,O,O,O,O,O,O,15
855,什麼時候，我真的不能為什麼？現在在工作中面對「無法與同事溝通」和「工作內部的人際關係問題」 …我這些年來，對於工作和社交都沒有熱情了。  這也使我無法享受與家人和朋友的生活  對於那些可以和他人分享喜悅和悲憤的那種,無法,O,B-D,B-D,B-W,B-D,B-W,16
855,什麼時候，我真的不能為什麼？現在在工作中面對「無法與同事溝通」和「工作內部的人際關係問題」 …我這些年來，對於工作和社交都沒有熱情了。  這也使我無法享受與家人和朋友的生活  對於那些可以和他人分享喜悅和悲憤的那種,與,O,M-D,M-D,M-W,M-D,M-W,17
855,什麼時候，我真的不能為什麼？現在在工作中面對「無法與同事溝通」和「工作內部的人際關係問題」 …我這些年來，對於工作和社交都沒有熱情了。  這也使我無法享受與家人和朋友的生活  對於那些可以和他人分享喜悅和悲憤的那種,同事,O,E-D,E-D,E-W,E-D,E-W,18
855,什麼時候，我真的不能為什麼？現在在工作中面對「無法與同事溝通」和「工作內部的人際關係問題」 …我這些年來，對於工作和社交都沒有熱情了。  這也使我無法享受與家人和朋友的生活  對於那些可以和他人分享喜悅和悲憤的那種,溝通,O,O,O,O,O,O,19
855,什麼時候，我真的不能為什麼？現在在工作中面對「無法與同事溝通」和「工作內部的人際關係問題」 …我這些年來，對於工作和社交都沒有熱情了。  這也使我無法享受與家人和朋友的生活  對於那些可以和他人分享喜悅和悲憤的那種,」,O,O,O,O,O,O,20
855,什麼時候，我真的不能為什麼？現在在工作中面對「無法與同事溝通」和「工作內部的人際關係問題」 …我這些年來，對於工作和社交都沒有熱情了。  這也使我無法享受與家人和朋友的生活  對於那些可以和他人分享喜悅和悲憤的那種,和,O,O,O,O,O,O,21
855,什麼時候，我真的不能為什麼？現在在工作中面對「無法與同事溝通」和「工作內部的人際關係問題」 …我這些年來，對於工作和社交都沒有熱情了。  這也使我無法享受與家人和朋友的生活  對於那些可以和他人分享喜悅和悲憤的那種,「,O,O,O,O,O,O,22
855,什麼時候，我真的不能為什麼？現在在工作中面對「無法與同事溝通」和「工作內部的人際關係問題」 …我這些年來，對於工作和社交都沒有熱情了。  這也使我無法享受與家人和朋友的生活  對於那些可以和他人分享喜悅和悲憤的那種,工作,O,O,O,O,O,O,23
855,什麼時候，我真的不能為什麼？現在在工作中面對「無法與同事溝通」和「工作內部的人際關係問題」 …我這些年來，對於工作和社交都沒有熱情了。  這也使我無法享受與家人和朋友的生活  對於那些可以和他人分享喜悅和悲憤的那種,內部,O,O,O,O,O,O,24
855,什麼時候，我真的不能為什麼？現在在工作中面對「無法與同事溝通」和「工作內部的人際關係問題」 …我這些年來，對於工作和社交都沒有熱情了。  這也使我無法享受與家人和朋友的生活  對於那些可以和他人分享喜悅和悲憤的那種,的,O,O,O,O,O,O,25
855,什麼時候，我真的不能為什麼？現在在工作中面對「無法與同事溝通」和「工作內部的人際關係問題」 …我這些年來，對於工作和社交都沒有熱情了。  這也使我無法享受與家人和朋友的生活  對於那些可以和他人分享喜悅和悲憤的那種,人際,O,O,O,O,O,O,26
855,什麼時候，我真的不能為什麼？現在在工作中面對「無法與同事溝通」和「工作內部的人際關係問題」 …我這些年來，對於工作和社交都沒有熱情了。  這也使我無法享受與家人和朋友的生活  對於那些可以和他人分享喜悅和悲憤的那種,關係,O,O,O,O,O,O,27
855,什麼時候，我真的不能為什麼？現在在工作中面對「無法與同事溝通」和「工作內部的人際關係問題」 …我這些年來，對於工作和社交都沒有熱情了。  這也使我無法享受與家人和朋友的生活  對於那些可以和他人分享喜悅和悲憤的那種,問題,O,O,O,O,O,O,28
855,什麼時候，我真的不能為什麼？現在在工作中面對「無法與同事溝通」和「工作內部的人際關係問題」 …我這些年來，對於工作和社交都沒有熱情了。  這也使我無法享受與家人和朋友的生活  對於那些可以和他人分享喜悅和悲憤的那種,」,O,O,O,O,O,O,29
855,什麼時候，我真的不能為什麼？現在在工作中面對「無法與同事溝通」和「工作內部的人際關係問題」 …我這些年來，對於工作和社交都沒有熱情了。  這也使我無法享受與家人和朋友的生活  對於那些可以和他人分享喜悅和悲憤的那種,…,O,O,O,O,O,O,30
855,什麼時候，我真的不能為什麼？現在在工作中面對「無法與同事溝通」和「工作內部的人際關係問題」 …我這些年來，對於工作和社交都沒有熱情了。  這也使我無法享受與家人和朋友的生活  對於那些可以和他人分享喜悅和悲憤的那種,我,O,O,O,O,O,O,31
855,什麼時候，我真的不能為什麼？現在在工作中面對「無法與同事溝通」和「工作內部的人際關係問題」 …我這些年來，對於工作和社交都沒有熱情了。  這也使我無法享受與家人和朋友的生活  對於那些可以和他人分享喜悅和悲憤的那種,這些,O,O,O,O,O,O,32
855,什麼時候，我真的不能為什麼？現在在工作中面對「無法與同事溝通」和「工作內部的人際關係問題」 …我這些年來，對於工作和社交都沒有熱情了。  這也使我無法享受與家人和朋友的生活  對於那些可以和他人分享喜悅和悲憤的那種,年來,O,O,O,O,O,O,33
855,什麼時候，我真的不能為什麼？現在在工作中面對「無法與同事溝通」和「工作內部的人際關係問題」 …我這些年來，對於工作和社交都沒有熱情了。  這也使我無法享受與家人和朋友的生活  對於那些可以和他人分享喜悅和悲憤的那種,，,O,O,O,O,O,O,34
855,什麼時候，我真的不能為什麼？現在在工作中面對「無法與同事溝通」和「工作內部的人際關係問題」 …我這些年來，對於工作和社交都沒有熱情了。  這也使我無法享受與家人和朋友的生活  對於那些可以和他人分享喜悅和悲憤的那種,對於,O,O,O,O,O,O,35
855,什麼時候，我真的不能為什麼？現在在工作中面對「無法與同事溝通」和「工作內部的人際關係問題」 …我這些年來，對於工作和社交都沒有熱情了。  這也使我無法享受與家人和朋友的生活  對於那些可以和他人分享喜悅和悲憤的那種,工作,O,O,O,O,O,O,36
855,什麼時候，我真的不能為什麼？現在在工作中面對「無法與同事溝通」和「工作內部的人際關係問題」 …我這些年來，對於工作和社交都沒有熱情了。  這也使我無法享受與家人和朋友的生活  對於那些可以和他人分享喜悅和悲憤的那種,和,O,O,O,O,O,O,37
855,什麼時候，我真的不能為什麼？現在在工作中面對「無法與同事溝通」和「工作內部的人際關係問題」 …我這些年來，對於工作和社交都沒有熱情了。  這也使我無法享受與家人和朋友的生活  對於那些可以和他人分享喜悅和悲憤的那種,社交,O,O,O,O,O,O,38
855,什麼時候，我真的不能為什麼？現在在工作中面對「無法與同事溝通」和「工作內部的人際關係問題」 …我這些年來，對於工作和社交都沒有熱情了。  這也使我無法享受與家人和朋友的生活  對於那些可以和他人分享喜悅和悲憤的那種,都,O,O,O,O,O,O,39
855,什麼時候，我真的不能為什麼？現在在工作中面對「無法與同事溝通」和「工作內部的人際關係問題」 …我這些年來，對於工作和社交都沒有熱情了。  這也使我無法享受與家人和朋友的生活  對於那些可以和他人分享喜悅和悲憤的那種,沒有,B-A,B-A,B-A,B-A,B-A,B-A,40
855,什麼時候，我真的不能為什麼？現在在工作中面對「無法與同事溝通」和「工作內部的人際關係問題」 …我這些年來，對於工作和社交都沒有熱情了。  這也使我無法享受與家人和朋友的生活  對於那些可以和他人分享喜悅和悲憤的那種,熱情,E-A,E-A,E-A,E-A,E-A,E-A,41
855,什麼時候，我真的不能為什麼？現在在工作中面對「無法與同事溝通」和「工作內部的人際關係問題」 …我這些年來，對於工作和社交都沒有熱情了。  這也使我無法享受與家人和朋友的生活  對於那些可以和他人分享喜悅和悲憤的那種,了,O,O,O,O,O,O,42
855,什麼時候，我真的不能為什麼？現在在工作中面對「無法與同事溝通」和「工作內部的人際關係問題」 …我這些年來，對於工作和社交都沒有熱情了。  這也使我無法享受與家人和朋友的生活  對於那些可以和他人分享喜悅和悲憤的那種,。,O,O,O,O,O,O,43
855,什麼時候，我真的不能為什麼？現在在工作中面對「無法與同事溝通」和「工作內部的人際關係問題」 …我這些年來，對於工作和社交都沒有熱情了。  這也使我無法享受與家人和朋友的生活  對於那些可以和他人分享喜悅和悲憤的那種,這,O,O,O,O,O,O,44
855,什麼時候，我真的不能為什麼？現在在工作中面對「無法與同事溝通」和「工作內部的人際關係問題」 …我這些年來，對於工作和社交都沒有熱情了。  這也使我無法享受與家人和朋友的生活  對於那些可以和他人分享喜悅和悲憤的那種,也,O,O,O,O,O,O,45
855,什麼時候，我真的不能為什麼？現在在工作中面對「無法與同事溝通」和「工作內部的人際關係問題」 …我這些年來，對於工作和社交都沒有熱情了。  這也使我無法享受與家人和朋友的生活  對於那些可以和他人分享喜悅和悲憤的那種,使,O,O,O,O,O,O,46
855,什麼時候，我真的不能為什麼？現在在工作中面對「無法與同事溝通」和「工作內部的人際關係問題」 …我這些年來，對於工作和社交都沒有熱情了。  這也使我無法享受與家人和朋友的生活  對於那些可以和他人分享喜悅和悲憤的那種,我,O,O,O,O,O,O,47
855,什麼時候，我真的不能為什麼？現在在工作中面對「無法與同事溝通」和「工作內部的人際關係問題」 …我這些年來，對於工作和社交都沒有熱情了。  這也使我無法享受與家人和朋友的生活  對於那些可以和他人分享喜悅和悲憤的那種,無法,B-D,B-D,B-D,B-D,B-D,B-D,48
855,什麼時候，我真的不能為什麼？現在在工作中面對「無法與同事溝通」和「工作內部的人際關係問題」 …我這些年來，對於工作和社交都沒有熱情了。  這也使我無法享受與家人和朋友的生活  對於那些可以和他人分享喜悅和悲憤的那種,享受,E-D,E-D,E-D,E-D,E-D,E-D,49
855,什麼時候，我真的不能為什麼？現在在工作中面對「無法與同事溝通」和「工作內部的人際關係問題」 …我這些年來，對於工作和社交都沒有熱情了。  這也使我無法享受與家人和朋友的生活  對於那些可以和他人分享喜悅和悲憤的那種,與,O,O,O,O,O,O,50
855,什麼時候，我真的不能為什麼？現在在工作中面對「無法與同事溝通」和「工作內部的人際關係問題」 …我這些年來，對於工作和社交都沒有熱情了。  這也使我無法享受與家人和朋友的生活  對於那些可以和他人分享喜悅和悲憤的那種,家人,O,O,O,O,O,O,51
855,什麼時候，我真的不能為什麼？現在在工作中面對「無法與同事溝通」和「工作內部的人際關係問題」 …我這些年來，對於工作和社交都沒有熱情了。  這也使我無法享受與家人和朋友的生活  對於那些可以和他人分享喜悅和悲憤的那種,和,O,O,O,O,O,O,52
855,什麼時候，我真的不能為什麼？現在在工作中面對「無法與同事溝通」和「工作內部的人際關係問題」 …我這些年來，對於工作和社交都沒有熱情了。  這也使我無法享受與家人和朋友的生活  對於那些可以和他人分享喜悅和悲憤的那種,朋友,O,O,O,O,O,O,53
855,什麼時候，我真的不能為什麼？現在在工作中面對「無法與同事溝通」和「工作內部的人際關係問題」 …我這些年來，對於工作和社交都沒有熱情了。  這也使我無法享受與家人和朋友的生活  對於那些可以和他人分享喜悅和悲憤的那種,的,O,O,O,O,O,O,54
855,什麼時候，我真的不能為什麼？現在在工作中面對「無法與同事溝通」和「工作內部的人際關係問題」 …我這些年來，對於工作和社交都沒有熱情了。  這也使我無法享受與家人和朋友的生活  對於那些可以和他人分享喜悅和悲憤的那種,生活,O,O,O,O,O,O,55
855,什麼時候，我真的不能為什麼？現在在工作中面對「無法與同事溝通」和「工作內部的人際關係問題」 …我這些年來，對於工作和社交都沒有熱情了。  這也使我無法享受與家人和朋友的生活  對於那些可以和他人分享喜悅和悲憤的那種,對於,O,O,O,O,O,O,56
855,什麼時候，我真的不能為什麼？現在在工作中面對「無法與同事溝通」和「工作內部的人際關係問題」 …我這些年來，對於工作和社交都沒有熱情了。  這也使我無法享受與家人和朋友的生活  對於那些可以和他人分享喜悅和悲憤的那種,那些,O,O,O,O,O,O,57
855,什麼時候，我真的不能為什麼？現在在工作中面對「無法與同事溝通」和「工作內部的人際關係問題」 …我這些年來，對於工作和社交都沒有熱情了。  這也使我無法享受與家人和朋友的生活  對於那些可以和他人分享喜悅和悲憤的那種,可以,O,O,O,O,O,O,58
855,什麼時候，我真的不能為什麼？現在在工作中面對「無法與同事溝通」和「工作內部的人際關係問題」 …我這些年來，對於工作和社交都沒有熱情了。  這也使我無法享受與家人和朋友的生活  對於那些可以和他人分享喜悅和悲憤的那種,和,O,O,O,O,O,O,59
855,什麼時候，我真的不能為什麼？現在在工作中面對「無法與同事溝通」和「工作內部的人際關係問題」 …我這些年來，對於工作和社交都沒有熱情了。  這也使我無法享受與家人和朋友的生活  對於那些可以和他人分享喜悅和悲憤的那種,他人,O,O,O,O,O,O,60
855,什麼時候，我真的不能為什麼？現在在工作中面對「無法與同事溝通」和「工作內部的人際關係問題」 …我這些年來，對於工作和社交都沒有熱情了。  這也使我無法享受與家人和朋友的生活  對於那些可以和他人分享喜悅和悲憤的那種,分享,O,O,O,O,O,O,61
855,什麼時候，我真的不能為什麼？現在在工作中面對「無法與同事溝通」和「工作內部的人際關係問題」 …我這些年來，對於工作和社交都沒有熱情了。  這也使我無法享受與家人和朋友的生活  對於那些可以和他人分享喜悅和悲憤的那種,喜悅,O,O,O,O,O,O,62
855,什麼時候，我真的不能為什麼？現在在工作中面對「無法與同事溝通」和「工作內部的人際關係問題」 …我這些年來，對於工作和社交都沒有熱情了。  這也使我無法享受與家人和朋友的生活  對於那些可以和他人分享喜悅和悲憤的那種,和,O,O,O,O,O,O,63
855,什麼時候，我真的不能為什麼？現在在工作中面對「無法與同事溝通」和「工作內部的人際關係問題」 …我這些年來，對於工作和社交都沒有熱情了。  這也使我無法享受與家人和朋友的生活  對於那些可以和他人分享喜悅和悲憤的那種,悲憤,O,O,O,O,O,O,64
855,什麼時候，我真的不能為什麼？現在在工作中面對「無法與同事溝通」和「工作內部的人際關係問題」 …我這些年來，對於工作和社交都沒有熱情了。  這也使我無法享受與家人和朋友的生活  對於那些可以和他人分享喜悅和悲憤的那種,的,O,O,O,O,O,O,65
855,什麼時候，我真的不能為什麼？現在在工作中面對「無法與同事溝通」和「工作內部的人際關係問題」 …我這些年來，對於工作和社交都沒有熱情了。  這也使我無法享受與家人和朋友的生活  對於那些可以和他人分享喜悅和悲憤的那種,那種,O,O,O,O,O,O,66
856,我是個無用的人，無法推動自己，無法過上好日子。什麼都無法改變。想說，我已經無法忍受這種感受了。,我,O,O,O,O,O,O,1
856,我是個無用的人，無法推動自己，無法過上好日子。什麼都無法改變。想說，我已經無法忍受這種感受了。,是,O,O,O,O,O,O,2
856,我是個無用的人，無法推動自己，無法過上好日子。什麼都無法改變。想說，我已經無法忍受這種感受了。,個,O,O,O,O,S-W,O,3
856,我是個無用的人，無法推動自己，無法過上好日子。什麼都無法改變。想說，我已經無法忍受這種感受了。,無用,S-W,S-W,S-W,S-W,O,S-W,4
856,我是個無用的人，無法推動自己，無法過上好日子。什麼都無法改變。想說，我已經無法忍受這種感受了。,的,O,O,O,O,O,O,5
856,我是個無用的人，無法推動自己，無法過上好日子。什麼都無法改變。想說，我已經無法忍受這種感受了。,人,O,O,O,O,O,O,6
856,我是個無用的人，無法推動自己，無法過上好日子。什麼都無法改變。想說，我已經無法忍受這種感受了。,，,O,O,O,O,B-W,O,7
856,我是個無用的人，無法推動自己，無法過上好日子。什麼都無法改變。想說，我已經無法忍受這種感受了。,無法,B-D,B-W,B-W,B-W,E-W,B-W,8
856,我是個無用的人，無法推動自己，無法過上好日子。什麼都無法改變。想說，我已經無法忍受這種感受了。,推動,M-D,E-W,E-W,E-W,O,E-W,9
856,我是個無用的人，無法推動自己，無法過上好日子。什麼都無法改變。想說，我已經無法忍受這種感受了。,自己,E-D,O,O,O,O,O,10
856,我是個無用的人，無法推動自己，無法過上好日子。什麼都無法改變。想說，我已經無法忍受這種感受了。,，,O,O,O,O,B-W,O,11
856,我是個無用的人，無法推動自己，無法過上好日子。什麼都無法改變。想說，我已經無法忍受這種感受了。,無法,O,B-D,B-D,B-D,E-W,B-D,12
856,我是個無用的人，無法推動自己，無法過上好日子。什麼都無法改變。想說，我已經無法忍受這種感受了。,過上,O,E-D,E-D,E-D,O,E-D,13
856,我是個無用的人，無法推動自己，無法過上好日子。什麼都無法改變。想說，我已經無法忍受這種感受了。,好,O,O,O,O,O,O,14
856,我是個無用的人，無法推動自己，無法過上好日子。什麼都無法改變。想說，我已經無法忍受這種感受了。,日子,O,O,O,O,O,O,15
856,我是個無用的人，無法推動自己，無法過上好日子。什麼都無法改變。想說，我已經無法忍受這種感受了。,。,O,O,O,O,O,O,16
856,我是個無用的人，無法推動自己，無法過上好日子。什麼都無法改變。想說，我已經無法忍受這種感受了。,什麼,O,O,O,O,O,O,17
856,我是個無用的人，無法推動自己，無法過上好日子。什麼都無法改變。想說，我已經無法忍受這種感受了。,都,O,O,O,O,B-D,O,18
856,我是個無用的人，無法推動自己，無法過上好日子。什麼都無法改變。想說，我已經無法忍受這種感受了。,無法,B-D,B-D,B-D,B-D,E-D,B-D,19
856,我是個無用的人，無法推動自己，無法過上好日子。什麼都無法改變。想說，我已經無法忍受這種感受了。,改變,E-D,E-D,E-D,E-D,O,E-D,20
856,我是個無用的人，無法推動自己，無法過上好日子。什麼都無法改變。想說，我已經無法忍受這種感受了。,。,O,O,O,O,O,O,21
856,我是個無用的人，無法推動自己，無法過上好日子。什麼都無法改變。想說，我已經無法忍受這種感受了。,想,O,O,O,O,O,O,22
856,我是個無用的人，無法推動自己，無法過上好日子。什麼都無法改變。想說，我已經無法忍受這種感受了。,說,O,O,O,O,O,O,23
856,我是個無用的人，無法推動自己，無法過上好日子。什麼都無法改變。想說，我已經無法忍受這種感受了。,，,O,O,O,O,O,O,24
856,我是個無用的人，無法推動自己，無法過上好日子。什麼都無法改變。想說，我已經無法忍受這種感受了。,我,O,O,O,O,O,O,25
856,我是個無用的人，無法推動自己，無法過上好日子。什麼都無法改變。想說，我已經無法忍受這種感受了。,已經,O,O,O,O,B-D,O,26
856,我是個無用的人，無法推動自己，無法過上好日子。什麼都無法改變。想說，我已經無法忍受這種感受了。,無法,B-D,B-D,B-D,B-D,E-D,B-D,27
856,我是個無用的人，無法推動自己，無法過上好日子。什麼都無法改變。想說，我已經無法忍受這種感受了。,忍受,E-D,E-D,E-D,E-D,O,E-D,28
856,我是個無用的人，無法推動自己，無法過上好日子。什麼都無法改變。想說，我已經無法忍受這種感受了。,這種,O,O,O,O,O,O,29
856,我是個無用的人，無法推動自己，無法過上好日子。什麼都無法改變。想說，我已經無法忍受這種感受了。,感受,O,O,O,O,O,S-D,30
856,我是個無用的人，無法推動自己，無法過上好日子。什麼都無法改變。想說，我已經無法忍受這種感受了。,了,O,O,O,O,O,O,31
856,我是個無用的人，無法推動自己，無法過上好日子。什麼都無法改變。想說，我已經無法忍受這種感受了。,。,O,O,O,O,缺失預測,O,32
857,我最近發現自己總是沒有興趣，似乎每天都這樣，不再享受事物，不再開心，不再愛自己。,我,O,O,O,O,O,O,1
857,我最近發現自己總是沒有興趣，似乎每天都這樣，不再享受事物，不再開心，不再愛自己。,最近,O,O,O,O,O,O,2
857,我最近發現自己總是沒有興趣，似乎每天都這樣，不再享受事物，不再開心，不再愛自己。,發現,O,O,O,O,O,O,3
857,我最近發現自己總是沒有興趣，似乎每天都這樣，不再享受事物，不再開心，不再愛自己。,自己,O,O,O,B-A,O,O,4
857,我最近發現自己總是沒有興趣，似乎每天都這樣，不再享受事物，不再開心，不再愛自己。,總是,O,O,O,M-A,O,O,5
857,我最近發現自己總是沒有興趣，似乎每天都這樣，不再享受事物，不再開心，不再愛自己。,沒有,B-A,B-A,B-A,E-A,B-A,B-A,6
857,我最近發現自己總是沒有興趣，似乎每天都這樣，不再享受事物，不再開心，不再愛自己。,興趣,E-A,E-A,E-A,O,E-A,E-A,7
857,我最近發現自己總是沒有興趣，似乎每天都這樣，不再享受事物，不再開心，不再愛自己。,，,O,O,O,O,O,O,8
857,我最近發現自己總是沒有興趣，似乎每天都這樣，不再享受事物，不再開心，不再愛自己。,似乎,O,O,O,O,O,O,9
857,我最近發現自己總是沒有興趣，似乎每天都這樣，不再享受事物，不再開心，不再愛自己。,每天,O,O,O,O,O,O,10
857,我最近發現自己總是沒有興趣，似乎每天都這樣，不再享受事物，不再開心，不再愛自己。,都,O,O,O,O,O,O,11
857,我最近發現自己總是沒有興趣，似乎每天都這樣，不再享受事物，不再開心，不再愛自己。,這樣,O,O,O,O,O,O,12
857,我最近發現自己總是沒有興趣，似乎每天都這樣，不再享受事物，不再開心，不再愛自己。,，,O,O,O,O,O,O,13
857,我最近發現自己總是沒有興趣，似乎每天都這樣，不再享受事物，不再開心，不再愛自己。,不再,B-A,B-A,B-A,B-A,B-A,B-A,14
857,我最近發現自己總是沒有興趣，似乎每天都這樣，不再享受事物，不再開心，不再愛自己。,享受,E-A,E-A,E-A,E-A,E-A,E-A,15
857,我最近發現自己總是沒有興趣，似乎每天都這樣，不再享受事物，不再開心，不再愛自己。,事物,O,O,O,O,O,O,16
857,我最近發現自己總是沒有興趣，似乎每天都這樣，不再享受事物，不再開心，不再愛自己。,，,O,O,O,O,O,O,17
857,我最近發現自己總是沒有興趣，似乎每天都這樣，不再享受事物，不再開心，不再愛自己。,不再,B-A,B-A,B-A,B-A,B-A,B-A,18
857,我最近發現自己總是沒有興趣，似乎每天都這樣，不再享受事物，不再開心，不再愛自己。,開心,E-A,E-A,E-A,E-A,E-A,E-A,19
857,我最近發現自己總是沒有興趣，似乎每天都這樣，不再享受事物，不再開心，不再愛自己。,，,O,O,O,O,O,O,20
857,我最近發現自己總是沒有興趣，似乎每天都這樣，不再享受事物，不再開心，不再愛自己。,不再,B-W,B-W,B-W,B-W,B-W,B-W,21
857,我最近發現自己總是沒有興趣，似乎每天都這樣，不再享受事物，不再開心，不再愛自己。,愛,E-W,E-W,E-W,E-W,E-W,E-W,22
857,我最近發現自己總是沒有興趣，似乎每天都這樣，不再享受事物，不再開心，不再愛自己。,自己,O,O,O,O,O,O,23
857,我最近發現自己總是沒有興趣，似乎每天都這樣，不再享受事物，不再開心，不再愛自己。,。,O,O,O,O,O,O,24
858,我們這個世界已經發生太多了…… 我不想活了 。失業、無方向、無力無望 ️我該如何面對自己？ 我們的社會已經變得太差太差,我們,O,O,O,O,O,O,1
858,我們這個世界已經發生太多了…… 我不想活了 。失業、無方向、無力無望 ️我該如何面對自己？ 我們的社會已經變得太差太差,這個,O,O,O,O,O,O,2
858,我們這個世界已經發生太多了…… 我不想活了 。失業、無方向、無力無望 ️我該如何面對自己？ 我們的社會已經變得太差太差,世界,O,O,O,O,O,O,3
858,我們這個世界已經發生太多了…… 我不想活了 。失業、無方向、無力無望 ️我該如何面對自己？ 我們的社會已經變得太差太差,已經,O,O,O,O,O,O,4
858,我們這個世界已經發生太多了…… 我不想活了 。失業、無方向、無力無望 ️我該如何面對自己？ 我們的社會已經變得太差太差,發生,O,O,O,O,O,O,5
858,我們這個世界已經發生太多了…… 我不想活了 。失業、無方向、無力無望 ️我該如何面對自己？ 我們的社會已經變得太差太差,太多,O,O,O,O,O,O,6
858,我們這個世界已經發生太多了…… 我不想活了 。失業、無方向、無力無望 ️我該如何面對自己？ 我們的社會已經變得太差太差,了,O,O,O,O,O,O,7
858,我們這個世界已經發生太多了…… 我不想活了 。失業、無方向、無力無望 ️我該如何面對自己？ 我們的社會已經變得太差太差,……,O,O,O,O,O,O,8
858,我們這個世界已經發生太多了…… 我不想活了 。失業、無方向、無力無望 ️我該如何面對自己？ 我們的社會已經變得太差太差,我,O,O,O,O,O,O,9
858,我們這個世界已經發生太多了…… 我不想活了 。失業、無方向、無力無望 ️我該如何面對自己？ 我們的社會已經變得太差太差,不,B-U,O,O,O,O,O,10
858,我們這個世界已經發生太多了…… 我不想活了 。失業、無方向、無力無望 ️我該如何面對自己？ 我們的社會已經變得太差太差,想,M-U,O,O,O,O,O,11
858,我們這個世界已經發生太多了…… 我不想活了 。失業、無方向、無力無望 ️我該如何面對自己？ 我們的社會已經變得太差太差,活了,E-U,S-U,S-U,O,S-U,S-U,12
858,我們這個世界已經發生太多了…… 我不想活了 。失業、無方向、無力無望 ️我該如何面對自己？ 我們的社會已經變得太差太差,。,O,O,O,S-U,O,O,13
858,我們這個世界已經發生太多了…… 我不想活了 。失業、無方向、無力無望 ️我該如何面對自己？ 我們的社會已經變得太差太差,失業,S-D,S-W,O,O,S-W,S-W,14
858,我們這個世界已經發生太多了…… 我不想活了 。失業、無方向、無力無望 ️我該如何面對自己？ 我們的社會已經變得太差太差,、,O,O,S-W,O,O,O,15
858,我們這個世界已經發生太多了…… 我不想活了 。失業、無方向、無力無望 ️我該如何面對自己？ 我們的社會已經變得太差太差,無方向,S-D,S-W,O,S-W,S-W,S-W,16
858,我們這個世界已經發生太多了…… 我不想活了 。失業、無方向、無力無望 ️我該如何面對自己？ 我們的社會已經變得太差太差,、,O,O,S-W,O,O,O,17
858,我們這個世界已經發生太多了…… 我不想活了 。失業、無方向、無力無望 ️我該如何面對自己？ 我們的社會已經變得太差太差,無力無望,S-D,S-W,O,S-W,S-W,S-W,18
858,我們這個世界已經發生太多了…… 我不想活了 。失業、無方向、無力無望 ️我該如何面對自己？ 我們的社會已經變得太差太差,️,O,O,S-W,O,O,O,19
858,我們這個世界已經發生太多了…… 我不想活了 。失業、無方向、無力無望 ️我該如何面對自己？ 我們的社會已經變得太差太差,我,O,O,O,S-W,O,O,20
858,我們這個世界已經發生太多了…… 我不想活了 。失業、無方向、無力無望 ️我該如何面對自己？ 我們的社會已經變得太差太差,該,O,O,O,O,O,O,21
858,我們這個世界已經發生太多了…… 我不想活了 。失業、無方向、無力無望 ️我該如何面對自己？ 我們的社會已經變得太差太差,如何,O,O,O,O,O,O,22
858,我們這個世界已經發生太多了…… 我不想活了 。失業、無方向、無力無望 ️我該如何面對自己？ 我們的社會已經變得太差太差,面對,O,O,O,O,O,O,23
858,我們這個世界已經發生太多了…… 我不想活了 。失業、無方向、無力無望 ️我該如何面對自己？ 我們的社會已經變得太差太差,自己,O,O,O,O,O,O,24
858,我們這個世界已經發生太多了…… 我不想活了 。失業、無方向、無力無望 ️我該如何面對自己？ 我們的社會已經變得太差太差,？,O,O,O,O,O,O,25
858,我們這個世界已經發生太多了…… 我不想活了 。失業、無方向、無力無望 ️我該如何面對自己？ 我們的社會已經變得太差太差,我們,O,O,O,O,O,O,26
858,我們這個世界已經發生太多了…… 我不想活了 。失業、無方向、無力無望 ️我該如何面對自己？ 我們的社會已經變得太差太差,的,O,O,O,O,O,O,27
858,我們這個世界已經發生太多了…… 我不想活了 。失業、無方向、無力無望 ️我該如何面對自己？ 我們的社會已經變得太差太差,社會,O,O,O,O,O,O,28
858,我們這個世界已經發生太多了…… 我不想活了 。失業、無方向、無力無望 ️我該如何面對自己？ 我們的社會已經變得太差太差,已經,O,O,O,O,O,O,29
858,我們這個世界已經發生太多了…… 我不想活了 。失業、無方向、無力無望 ️我該如何面對自己？ 我們的社會已經變得太差太差,變得,O,O,O,O,O,O,30
858,我們這個世界已經發生太多了…… 我不想活了 。失業、無方向、無力無望 ️我該如何面對自己？ 我們的社會已經變得太差太差,太差太差,O,S-D,O,O,S-D,S-D,31
858,我們這個世界已經發生太多了…… 我不想活了 。失業、無方向、無力無望 ️我該如何面對自己？ 我們的社會已經變得太差太差,。,O,O,S-D,O,O,缺失預測,32
859,在社交場合，我們常常被要求表達自我。但我卻感到自責。每當我試圖說明自己的想法和感受時，我都會感到罪惡感。 這不是我在誣議別人的想法，但我確實感到被外界壓力所壓倒。就如同當我在社交場合，看到我的朋友們和家人在聊天和笑嘆，我這裡都會感受到一片黑暗。,在,O,O,O,O,O,O,1
859,在社交場合，我們常常被要求表達自我。但我卻感到自責。每當我試圖說明自己的想法和感受時，我都會感到罪惡感。 這不是我在誣議別人的想法，但我確實感到被外界壓力所壓倒。就如同當我在社交場合，看到我的朋友們和家人在聊天和笑嘆，我這裡都會感受到一片黑暗。,社交,O,O,O,O,O,O,2
859,在社交場合，我們常常被要求表達自我。但我卻感到自責。每當我試圖說明自己的想法和感受時，我都會感到罪惡感。 這不是我在誣議別人的想法，但我確實感到被外界壓力所壓倒。就如同當我在社交場合，看到我的朋友們和家人在聊天和笑嘆，我這裡都會感受到一片黑暗。,場合,O,O,O,O,O,O,3
859,在社交場合，我們常常被要求表達自我。但我卻感到自責。每當我試圖說明自己的想法和感受時，我都會感到罪惡感。 這不是我在誣議別人的想法，但我確實感到被外界壓力所壓倒。就如同當我在社交場合，看到我的朋友們和家人在聊天和笑嘆，我這裡都會感受到一片黑暗。,，,O,O,O,O,O,O,4
859,在社交場合，我們常常被要求表達自我。但我卻感到自責。每當我試圖說明自己的想法和感受時，我都會感到罪惡感。 這不是我在誣議別人的想法，但我確實感到被外界壓力所壓倒。就如同當我在社交場合，看到我的朋友們和家人在聊天和笑嘆，我這裡都會感受到一片黑暗。,我們,O,O,O,O,O,O,5
859,在社交場合，我們常常被要求表達自我。但我卻感到自責。每當我試圖說明自己的想法和感受時，我都會感到罪惡感。 這不是我在誣議別人的想法，但我確實感到被外界壓力所壓倒。就如同當我在社交場合，看到我的朋友們和家人在聊天和笑嘆，我這裡都會感受到一片黑暗。,常常,O,O,O,O,O,O,6
859,在社交場合，我們常常被要求表達自我。但我卻感到自責。每當我試圖說明自己的想法和感受時，我都會感到罪惡感。 這不是我在誣議別人的想法，但我確實感到被外界壓力所壓倒。就如同當我在社交場合，看到我的朋友們和家人在聊天和笑嘆，我這裡都會感受到一片黑暗。,被,O,O,O,O,O,O,7
859,在社交場合，我們常常被要求表達自我。但我卻感到自責。每當我試圖說明自己的想法和感受時，我都會感到罪惡感。 這不是我在誣議別人的想法，但我確實感到被外界壓力所壓倒。就如同當我在社交場合，看到我的朋友們和家人在聊天和笑嘆，我這裡都會感受到一片黑暗。,要求,O,O,O,O,O,O,8
859,在社交場合，我們常常被要求表達自我。但我卻感到自責。每當我試圖說明自己的想法和感受時，我都會感到罪惡感。 這不是我在誣議別人的想法，但我確實感到被外界壓力所壓倒。就如同當我在社交場合，看到我的朋友們和家人在聊天和笑嘆，我這裡都會感受到一片黑暗。,表達,O,O,O,O,O,O,9
859,在社交場合，我們常常被要求表達自我。但我卻感到自責。每當我試圖說明自己的想法和感受時，我都會感到罪惡感。 這不是我在誣議別人的想法，但我確實感到被外界壓力所壓倒。就如同當我在社交場合，看到我的朋友們和家人在聊天和笑嘆，我這裡都會感受到一片黑暗。,自我,O,O,O,O,O,O,10
859,在社交場合，我們常常被要求表達自我。但我卻感到自責。每當我試圖說明自己的想法和感受時，我都會感到罪惡感。 這不是我在誣議別人的想法，但我確實感到被外界壓力所壓倒。就如同當我在社交場合，看到我的朋友們和家人在聊天和笑嘆，我這裡都會感受到一片黑暗。,。,O,O,O,O,O,O,11
859,在社交場合，我們常常被要求表達自我。但我卻感到自責。每當我試圖說明自己的想法和感受時，我都會感到罪惡感。 這不是我在誣議別人的想法，但我確實感到被外界壓力所壓倒。就如同當我在社交場合，看到我的朋友們和家人在聊天和笑嘆，我這裡都會感受到一片黑暗。,但,O,O,O,O,O,O,12
859,在社交場合，我們常常被要求表達自我。但我卻感到自責。每當我試圖說明自己的想法和感受時，我都會感到罪惡感。 這不是我在誣議別人的想法，但我確實感到被外界壓力所壓倒。就如同當我在社交場合，看到我的朋友們和家人在聊天和笑嘆，我這裡都會感受到一片黑暗。,我,O,O,O,O,O,O,13
859,在社交場合，我們常常被要求表達自我。但我卻感到自責。每當我試圖說明自己的想法和感受時，我都會感到罪惡感。 這不是我在誣議別人的想法，但我確實感到被外界壓力所壓倒。就如同當我在社交場合，看到我的朋友們和家人在聊天和笑嘆，我這裡都會感受到一片黑暗。,卻,O,O,O,O,O,O,14
859,在社交場合，我們常常被要求表達自我。但我卻感到自責。每當我試圖說明自己的想法和感受時，我都會感到罪惡感。 這不是我在誣議別人的想法，但我確實感到被外界壓力所壓倒。就如同當我在社交場合，看到我的朋友們和家人在聊天和笑嘆，我這裡都會感受到一片黑暗。,感到,B-W,B-W,B-W,B-W,B-W,B-W,15
859,在社交場合，我們常常被要求表達自我。但我卻感到自責。每當我試圖說明自己的想法和感受時，我都會感到罪惡感。 這不是我在誣議別人的想法，但我確實感到被外界壓力所壓倒。就如同當我在社交場合，看到我的朋友們和家人在聊天和笑嘆，我這裡都會感受到一片黑暗。,自責,E-W,E-W,E-W,E-W,E-W,E-W,16
859,在社交場合，我們常常被要求表達自我。但我卻感到自責。每當我試圖說明自己的想法和感受時，我都會感到罪惡感。 這不是我在誣議別人的想法，但我確實感到被外界壓力所壓倒。就如同當我在社交場合，看到我的朋友們和家人在聊天和笑嘆，我這裡都會感受到一片黑暗。,。,O,O,O,O,O,O,17
859,在社交場合，我們常常被要求表達自我。但我卻感到自責。每當我試圖說明自己的想法和感受時，我都會感到罪惡感。 這不是我在誣議別人的想法，但我確實感到被外界壓力所壓倒。就如同當我在社交場合，看到我的朋友們和家人在聊天和笑嘆，我這裡都會感受到一片黑暗。,每當,O,O,O,O,O,O,18
859,在社交場合，我們常常被要求表達自我。但我卻感到自責。每當我試圖說明自己的想法和感受時，我都會感到罪惡感。 這不是我在誣議別人的想法，但我確實感到被外界壓力所壓倒。就如同當我在社交場合，看到我的朋友們和家人在聊天和笑嘆，我這裡都會感受到一片黑暗。,我,O,O,O,O,O,O,19
859,在社交場合，我們常常被要求表達自我。但我卻感到自責。每當我試圖說明自己的想法和感受時，我都會感到罪惡感。 這不是我在誣議別人的想法，但我確實感到被外界壓力所壓倒。就如同當我在社交場合，看到我的朋友們和家人在聊天和笑嘆，我這裡都會感受到一片黑暗。,試圖,O,O,O,O,O,O,20
859,在社交場合，我們常常被要求表達自我。但我卻感到自責。每當我試圖說明自己的想法和感受時，我都會感到罪惡感。 這不是我在誣議別人的想法，但我確實感到被外界壓力所壓倒。就如同當我在社交場合，看到我的朋友們和家人在聊天和笑嘆，我這裡都會感受到一片黑暗。,說明,O,O,O,O,O,O,21
859,在社交場合，我們常常被要求表達自我。但我卻感到自責。每當我試圖說明自己的想法和感受時，我都會感到罪惡感。 這不是我在誣議別人的想法，但我確實感到被外界壓力所壓倒。就如同當我在社交場合，看到我的朋友們和家人在聊天和笑嘆，我這裡都會感受到一片黑暗。,自己,O,O,O,O,O,O,22
859,在社交場合，我們常常被要求表達自我。但我卻感到自責。每當我試圖說明自己的想法和感受時，我都會感到罪惡感。 這不是我在誣議別人的想法，但我確實感到被外界壓力所壓倒。就如同當我在社交場合，看到我的朋友們和家人在聊天和笑嘆，我這裡都會感受到一片黑暗。,的,O,O,O,O,O,O,23
859,在社交場合，我們常常被要求表達自我。但我卻感到自責。每當我試圖說明自己的想法和感受時，我都會感到罪惡感。 這不是我在誣議別人的想法，但我確實感到被外界壓力所壓倒。就如同當我在社交場合，看到我的朋友們和家人在聊天和笑嘆，我這裡都會感受到一片黑暗。,想法,O,O,O,O,O,O,24
859,在社交場合，我們常常被要求表達自我。但我卻感到自責。每當我試圖說明自己的想法和感受時，我都會感到罪惡感。 這不是我在誣議別人的想法，但我確實感到被外界壓力所壓倒。就如同當我在社交場合，看到我的朋友們和家人在聊天和笑嘆，我這裡都會感受到一片黑暗。,和,O,O,O,O,O,O,25
859,在社交場合，我們常常被要求表達自我。但我卻感到自責。每當我試圖說明自己的想法和感受時，我都會感到罪惡感。 這不是我在誣議別人的想法，但我確實感到被外界壓力所壓倒。就如同當我在社交場合，看到我的朋友們和家人在聊天和笑嘆，我這裡都會感受到一片黑暗。,感受,O,O,O,O,O,O,26
859,在社交場合，我們常常被要求表達自我。但我卻感到自責。每當我試圖說明自己的想法和感受時，我都會感到罪惡感。 這不是我在誣議別人的想法，但我確實感到被外界壓力所壓倒。就如同當我在社交場合，看到我的朋友們和家人在聊天和笑嘆，我這裡都會感受到一片黑暗。,時,O,O,O,O,O,O,27
859,在社交場合，我們常常被要求表達自我。但我卻感到自責。每當我試圖說明自己的想法和感受時，我都會感到罪惡感。 這不是我在誣議別人的想法，但我確實感到被外界壓力所壓倒。就如同當我在社交場合，看到我的朋友們和家人在聊天和笑嘆，我這裡都會感受到一片黑暗。,，,O,O,O,O,O,O,28
859,在社交場合，我們常常被要求表達自我。但我卻感到自責。每當我試圖說明自己的想法和感受時，我都會感到罪惡感。 這不是我在誣議別人的想法，但我確實感到被外界壓力所壓倒。就如同當我在社交場合，看到我的朋友們和家人在聊天和笑嘆，我這裡都會感受到一片黑暗。,我,O,O,O,O,O,O,29
859,在社交場合，我們常常被要求表達自我。但我卻感到自責。每當我試圖說明自己的想法和感受時，我都會感到罪惡感。 這不是我在誣議別人的想法，但我確實感到被外界壓力所壓倒。就如同當我在社交場合，看到我的朋友們和家人在聊天和笑嘆，我這裡都會感受到一片黑暗。,都,O,O,O,O,O,O,30
859,在社交場合，我們常常被要求表達自我。但我卻感到自責。每當我試圖說明自己的想法和感受時，我都會感到罪惡感。 這不是我在誣議別人的想法，但我確實感到被外界壓力所壓倒。就如同當我在社交場合，看到我的朋友們和家人在聊天和笑嘆，我這裡都會感受到一片黑暗。,會,O,O,O,O,O,O,31
859,在社交場合，我們常常被要求表達自我。但我卻感到自責。每當我試圖說明自己的想法和感受時，我都會感到罪惡感。 這不是我在誣議別人的想法，但我確實感到被外界壓力所壓倒。就如同當我在社交場合，看到我的朋友們和家人在聊天和笑嘆，我這裡都會感受到一片黑暗。,感到,B-W,B-W,B-W,B-W,B-W,B-W,32
859,在社交場合，我們常常被要求表達自我。但我卻感到自責。每當我試圖說明自己的想法和感受時，我都會感到罪惡感。 這不是我在誣議別人的想法，但我確實感到被外界壓力所壓倒。就如同當我在社交場合，看到我的朋友們和家人在聊天和笑嘆，我這裡都會感受到一片黑暗。,罪惡感,E-W,E-W,E-W,E-W,E-W,E-W,33
859,在社交場合，我們常常被要求表達自我。但我卻感到自責。每當我試圖說明自己的想法和感受時，我都會感到罪惡感。 這不是我在誣議別人的想法，但我確實感到被外界壓力所壓倒。就如同當我在社交場合，看到我的朋友們和家人在聊天和笑嘆，我這裡都會感受到一片黑暗。,。,O,O,O,O,O,O,34
859,在社交場合，我們常常被要求表達自我。但我卻感到自責。每當我試圖說明自己的想法和感受時，我都會感到罪惡感。 這不是我在誣議別人的想法，但我確實感到被外界壓力所壓倒。就如同當我在社交場合，看到我的朋友們和家人在聊天和笑嘆，我這裡都會感受到一片黑暗。,這,O,O,O,O,O,O,35
859,在社交場合，我們常常被要求表達自我。但我卻感到自責。每當我試圖說明自己的想法和感受時，我都會感到罪惡感。 這不是我在誣議別人的想法，但我確實感到被外界壓力所壓倒。就如同當我在社交場合，看到我的朋友們和家人在聊天和笑嘆，我這裡都會感受到一片黑暗。,不是,O,O,O,O,O,O,36
859,在社交場合，我們常常被要求表達自我。但我卻感到自責。每當我試圖說明自己的想法和感受時，我都會感到罪惡感。 這不是我在誣議別人的想法，但我確實感到被外界壓力所壓倒。就如同當我在社交場合，看到我的朋友們和家人在聊天和笑嘆，我這裡都會感受到一片黑暗。,我,O,O,O,O,O,O,37
859,在社交場合，我們常常被要求表達自我。但我卻感到自責。每當我試圖說明自己的想法和感受時，我都會感到罪惡感。 這不是我在誣議別人的想法，但我確實感到被外界壓力所壓倒。就如同當我在社交場合，看到我的朋友們和家人在聊天和笑嘆，我這裡都會感受到一片黑暗。,在,O,O,O,O,O,O,38
859,在社交場合，我們常常被要求表達自我。但我卻感到自責。每當我試圖說明自己的想法和感受時，我都會感到罪惡感。 這不是我在誣議別人的想法，但我確實感到被外界壓力所壓倒。就如同當我在社交場合，看到我的朋友們和家人在聊天和笑嘆，我這裡都會感受到一片黑暗。,誣議,O,O,O,O,O,O,39
859,在社交場合，我們常常被要求表達自我。但我卻感到自責。每當我試圖說明自己的想法和感受時，我都會感到罪惡感。 這不是我在誣議別人的想法，但我確實感到被外界壓力所壓倒。就如同當我在社交場合，看到我的朋友們和家人在聊天和笑嘆，我這裡都會感受到一片黑暗。,別人,O,O,O,O,O,O,40
859,在社交場合，我們常常被要求表達自我。但我卻感到自責。每當我試圖說明自己的想法和感受時，我都會感到罪惡感。 這不是我在誣議別人的想法，但我確實感到被外界壓力所壓倒。就如同當我在社交場合，看到我的朋友們和家人在聊天和笑嘆，我這裡都會感受到一片黑暗。,的,O,O,O,O,O,O,41
859,在社交場合，我們常常被要求表達自我。但我卻感到自責。每當我試圖說明自己的想法和感受時，我都會感到罪惡感。 這不是我在誣議別人的想法，但我確實感到被外界壓力所壓倒。就如同當我在社交場合，看到我的朋友們和家人在聊天和笑嘆，我這裡都會感受到一片黑暗。,想法,O,O,O,O,O,O,42
859,在社交場合，我們常常被要求表達自我。但我卻感到自責。每當我試圖說明自己的想法和感受時，我都會感到罪惡感。 這不是我在誣議別人的想法，但我確實感到被外界壓力所壓倒。就如同當我在社交場合，看到我的朋友們和家人在聊天和笑嘆，我這裡都會感受到一片黑暗。,，,O,O,O,O,O,O,43
859,在社交場合，我們常常被要求表達自我。但我卻感到自責。每當我試圖說明自己的想法和感受時，我都會感到罪惡感。 這不是我在誣議別人的想法，但我確實感到被外界壓力所壓倒。就如同當我在社交場合，看到我的朋友們和家人在聊天和笑嘆，我這裡都會感受到一片黑暗。,但,O,O,O,O,O,O,44
859,在社交場合，我們常常被要求表達自我。但我卻感到自責。每當我試圖說明自己的想法和感受時，我都會感到罪惡感。 這不是我在誣議別人的想法，但我確實感到被外界壓力所壓倒。就如同當我在社交場合，看到我的朋友們和家人在聊天和笑嘆，我這裡都會感受到一片黑暗。,我,O,O,O,O,O,O,45
859,在社交場合，我們常常被要求表達自我。但我卻感到自責。每當我試圖說明自己的想法和感受時，我都會感到罪惡感。 這不是我在誣議別人的想法，但我確實感到被外界壓力所壓倒。就如同當我在社交場合，看到我的朋友們和家人在聊天和笑嘆，我這裡都會感受到一片黑暗。,確實,O,O,O,O,O,O,46
859,在社交場合，我們常常被要求表達自我。但我卻感到自責。每當我試圖說明自己的想法和感受時，我都會感到罪惡感。 這不是我在誣議別人的想法，但我確實感到被外界壓力所壓倒。就如同當我在社交場合，看到我的朋友們和家人在聊天和笑嘆，我這裡都會感受到一片黑暗。,感到,B-W,B-W,B-W,B-W,B-W,B-W,47
859,在社交場合，我們常常被要求表達自我。但我卻感到自責。每當我試圖說明自己的想法和感受時，我都會感到罪惡感。 這不是我在誣議別人的想法，但我確實感到被外界壓力所壓倒。就如同當我在社交場合，看到我的朋友們和家人在聊天和笑嘆，我這裡都會感受到一片黑暗。,被,O,O,O,O,O,O,48
859,在社交場合，我們常常被要求表達自我。但我卻感到自責。每當我試圖說明自己的想法和感受時，我都會感到罪惡感。 這不是我在誣議別人的想法，但我確實感到被外界壓力所壓倒。就如同當我在社交場合，看到我的朋友們和家人在聊天和笑嘆，我這裡都會感受到一片黑暗。,外界,O,O,O,O,O,O,49
859,在社交場合，我們常常被要求表達自我。但我卻感到自責。每當我試圖說明自己的想法和感受時，我都會感到罪惡感。 這不是我在誣議別人的想法，但我確實感到被外界壓力所壓倒。就如同當我在社交場合，看到我的朋友們和家人在聊天和笑嘆，我這裡都會感受到一片黑暗。,壓力,O,O,O,O,O,O,50
859,在社交場合，我們常常被要求表達自我。但我卻感到自責。每當我試圖說明自己的想法和感受時，我都會感到罪惡感。 這不是我在誣議別人的想法，但我確實感到被外界壓力所壓倒。就如同當我在社交場合，看到我的朋友們和家人在聊天和笑嘆，我這裡都會感受到一片黑暗。,所,O,O,O,O,O,O,51
859,在社交場合，我們常常被要求表達自我。但我卻感到自責。每當我試圖說明自己的想法和感受時，我都會感到罪惡感。 這不是我在誣議別人的想法，但我確實感到被外界壓力所壓倒。就如同當我在社交場合，看到我的朋友們和家人在聊天和笑嘆，我這裡都會感受到一片黑暗。,壓倒,O,O,O,E-W,E-W,E-W,52
859,在社交場合，我們常常被要求表達自我。但我卻感到自責。每當我試圖說明自己的想法和感受時，我都會感到罪惡感。 這不是我在誣議別人的想法，但我確實感到被外界壓力所壓倒。就如同當我在社交場合，看到我的朋友們和家人在聊天和笑嘆，我這裡都會感受到一片黑暗。,。,O,O,O,O,O,O,53
859,在社交場合，我們常常被要求表達自我。但我卻感到自責。每當我試圖說明自己的想法和感受時，我都會感到罪惡感。 這不是我在誣議別人的想法，但我確實感到被外界壓力所壓倒。就如同當我在社交場合，看到我的朋友們和家人在聊天和笑嘆，我這裡都會感受到一片黑暗。,就,O,O,O,O,O,O,54
859,在社交場合，我們常常被要求表達自我。但我卻感到自責。每當我試圖說明自己的想法和感受時，我都會感到罪惡感。 這不是我在誣議別人的想法，但我確實感到被外界壓力所壓倒。就如同當我在社交場合，看到我的朋友們和家人在聊天和笑嘆，我這裡都會感受到一片黑暗。,如同,O,O,O,O,O,O,55
859,在社交場合，我們常常被要求表達自我。但我卻感到自責。每當我試圖說明自己的想法和感受時，我都會感到罪惡感。 這不是我在誣議別人的想法，但我確實感到被外界壓力所壓倒。就如同當我在社交場合，看到我的朋友們和家人在聊天和笑嘆，我這裡都會感受到一片黑暗。,當,O,O,O,O,O,O,56
859,在社交場合，我們常常被要求表達自我。但我卻感到自責。每當我試圖說明自己的想法和感受時，我都會感到罪惡感。 這不是我在誣議別人的想法，但我確實感到被外界壓力所壓倒。就如同當我在社交場合，看到我的朋友們和家人在聊天和笑嘆，我這裡都會感受到一片黑暗。,我,O,O,O,O,O,O,57
859,在社交場合，我們常常被要求表達自我。但我卻感到自責。每當我試圖說明自己的想法和感受時，我都會感到罪惡感。 這不是我在誣議別人的想法，但我確實感到被外界壓力所壓倒。就如同當我在社交場合，看到我的朋友們和家人在聊天和笑嘆，我這裡都會感受到一片黑暗。,在,O,O,O,O,O,O,58
859,在社交場合，我們常常被要求表達自我。但我卻感到自責。每當我試圖說明自己的想法和感受時，我都會感到罪惡感。 這不是我在誣議別人的想法，但我確實感到被外界壓力所壓倒。就如同當我在社交場合，看到我的朋友們和家人在聊天和笑嘆，我這裡都會感受到一片黑暗。,社交,O,O,O,O,O,O,59
859,在社交場合，我們常常被要求表達自我。但我卻感到自責。每當我試圖說明自己的想法和感受時，我都會感到罪惡感。 這不是我在誣議別人的想法，但我確實感到被外界壓力所壓倒。就如同當我在社交場合，看到我的朋友們和家人在聊天和笑嘆，我這裡都會感受到一片黑暗。,場合,O,O,O,O,O,O,60
859,在社交場合，我們常常被要求表達自我。但我卻感到自責。每當我試圖說明自己的想法和感受時，我都會感到罪惡感。 這不是我在誣議別人的想法，但我確實感到被外界壓力所壓倒。就如同當我在社交場合，看到我的朋友們和家人在聊天和笑嘆，我這裡都會感受到一片黑暗。,，,O,O,O,O,O,O,61
859,在社交場合，我們常常被要求表達自我。但我卻感到自責。每當我試圖說明自己的想法和感受時，我都會感到罪惡感。 這不是我在誣議別人的想法，但我確實感到被外界壓力所壓倒。就如同當我在社交場合，看到我的朋友們和家人在聊天和笑嘆，我這裡都會感受到一片黑暗。,看到,O,O,O,O,O,O,62
859,在社交場合，我們常常被要求表達自我。但我卻感到自責。每當我試圖說明自己的想法和感受時，我都會感到罪惡感。 這不是我在誣議別人的想法，但我確實感到被外界壓力所壓倒。就如同當我在社交場合，看到我的朋友們和家人在聊天和笑嘆，我這裡都會感受到一片黑暗。,我,O,O,O,O,O,O,63
859,在社交場合，我們常常被要求表達自我。但我卻感到自責。每當我試圖說明自己的想法和感受時，我都會感到罪惡感。 這不是我在誣議別人的想法，但我確實感到被外界壓力所壓倒。就如同當我在社交場合，看到我的朋友們和家人在聊天和笑嘆，我這裡都會感受到一片黑暗。,的,O,O,O,O,O,O,64
859,在社交場合，我們常常被要求表達自我。但我卻感到自責。每當我試圖說明自己的想法和感受時，我都會感到罪惡感。 這不是我在誣議別人的想法，但我確實感到被外界壓力所壓倒。就如同當我在社交場合，看到我的朋友們和家人在聊天和笑嘆，我這裡都會感受到一片黑暗。,朋友們,O,O,O,O,O,O,65
859,在社交場合，我們常常被要求表達自我。但我卻感到自責。每當我試圖說明自己的想法和感受時，我都會感到罪惡感。 這不是我在誣議別人的想法，但我確實感到被外界壓力所壓倒。就如同當我在社交場合，看到我的朋友們和家人在聊天和笑嘆，我這裡都會感受到一片黑暗。,和,O,O,O,O,O,O,66
859,在社交場合，我們常常被要求表達自我。但我卻感到自責。每當我試圖說明自己的想法和感受時，我都會感到罪惡感。 這不是我在誣議別人的想法，但我確實感到被外界壓力所壓倒。就如同當我在社交場合，看到我的朋友們和家人在聊天和笑嘆，我這裡都會感受到一片黑暗。,家人,O,O,O,O,O,O,67
859,在社交場合，我們常常被要求表達自我。但我卻感到自責。每當我試圖說明自己的想法和感受時，我都會感到罪惡感。 這不是我在誣議別人的想法，但我確實感到被外界壓力所壓倒。就如同當我在社交場合，看到我的朋友們和家人在聊天和笑嘆，我這裡都會感受到一片黑暗。,在,O,O,O,O,O,O,68
859,在社交場合，我們常常被要求表達自我。但我卻感到自責。每當我試圖說明自己的想法和感受時，我都會感到罪惡感。 這不是我在誣議別人的想法，但我確實感到被外界壓力所壓倒。就如同當我在社交場合，看到我的朋友們和家人在聊天和笑嘆，我這裡都會感受到一片黑暗。,聊天,O,O,O,O,O,O,69
859,在社交場合，我們常常被要求表達自我。但我卻感到自責。每當我試圖說明自己的想法和感受時，我都會感到罪惡感。 這不是我在誣議別人的想法，但我確實感到被外界壓力所壓倒。就如同當我在社交場合，看到我的朋友們和家人在聊天和笑嘆，我這裡都會感受到一片黑暗。,和,O,O,O,O,O,O,70
859,在社交場合，我們常常被要求表達自我。但我卻感到自責。每當我試圖說明自己的想法和感受時，我都會感到罪惡感。 這不是我在誣議別人的想法，但我確實感到被外界壓力所壓倒。就如同當我在社交場合，看到我的朋友們和家人在聊天和笑嘆，我這裡都會感受到一片黑暗。,笑嘆,O,O,O,O,O,O,71
859,在社交場合，我們常常被要求表達自我。但我卻感到自責。每當我試圖說明自己的想法和感受時，我都會感到罪惡感。 這不是我在誣議別人的想法，但我確實感到被外界壓力所壓倒。就如同當我在社交場合，看到我的朋友們和家人在聊天和笑嘆，我這裡都會感受到一片黑暗。,，,O,O,O,O,O,O,72
859,在社交場合，我們常常被要求表達自我。但我卻感到自責。每當我試圖說明自己的想法和感受時，我都會感到罪惡感。 這不是我在誣議別人的想法，但我確實感到被外界壓力所壓倒。就如同當我在社交場合，看到我的朋友們和家人在聊天和笑嘆，我這裡都會感受到一片黑暗。,我,O,O,O,O,O,O,73
859,在社交場合，我們常常被要求表達自我。但我卻感到自責。每當我試圖說明自己的想法和感受時，我都會感到罪惡感。 這不是我在誣議別人的想法，但我確實感到被外界壓力所壓倒。就如同當我在社交場合，看到我的朋友們和家人在聊天和笑嘆，我這裡都會感受到一片黑暗。,這裡,O,O,O,O,O,O,74
859,在社交場合，我們常常被要求表達自我。但我卻感到自責。每當我試圖說明自己的想法和感受時，我都會感到罪惡感。 這不是我在誣議別人的想法，但我確實感到被外界壓力所壓倒。就如同當我在社交場合，看到我的朋友們和家人在聊天和笑嘆，我這裡都會感受到一片黑暗。,都,O,O,O,O,O,O,75
859,在社交場合，我們常常被要求表達自我。但我卻感到自責。每當我試圖說明自己的想法和感受時，我都會感到罪惡感。 這不是我在誣議別人的想法，但我確實感到被外界壓力所壓倒。就如同當我在社交場合，看到我的朋友們和家人在聊天和笑嘆，我這裡都會感受到一片黑暗。,會,O,O,O,O,O,O,76
859,在社交場合，我們常常被要求表達自我。但我卻感到自責。每當我試圖說明自己的想法和感受時，我都會感到罪惡感。 這不是我在誣議別人的想法，但我確實感到被外界壓力所壓倒。就如同當我在社交場合，看到我的朋友們和家人在聊天和笑嘆，我這裡都會感受到一片黑暗。,感受到,O,O,O,O,O,O,77
859,在社交場合，我們常常被要求表達自我。但我卻感到自責。每當我試圖說明自己的想法和感受時，我都會感到罪惡感。 這不是我在誣議別人的想法，但我確實感到被外界壓力所壓倒。就如同當我在社交場合，看到我的朋友們和家人在聊天和笑嘆，我這裡都會感受到一片黑暗。,一片,O,O,O,O,O,O,78
859,在社交場合，我們常常被要求表達自我。但我卻感到自責。每當我試圖說明自己的想法和感受時，我都會感到罪惡感。 這不是我在誣議別人的想法，但我確實感到被外界壓力所壓倒。就如同當我在社交場合，看到我的朋友們和家人在聊天和笑嘆，我這裡都會感受到一片黑暗。,黑暗,S-D,S-D,S-D,S-D,S-D,S-D,79
859,在社交場合，我們常常被要求表達自我。但我卻感到自責。每當我試圖說明自己的想法和感受時，我都會感到罪惡感。 這不是我在誣議別人的想法，但我確實感到被外界壓力所壓倒。就如同當我在社交場合，看到我的朋友們和家人在聊天和笑嘆，我這裡都會感受到一片黑暗。,。,O,O,O,O,O,O,80
860,這是重鬱的夜晚：我不想活了，一切都終了。人際關係都變成了毒藥，我不能再當受害者了。我想結束一切，無法活下來,這是,O,O,O,O,O,O,1
860,這是重鬱的夜晚：我不想活了，一切都終了。人際關係都變成了毒藥，我不能再當受害者了。我想結束一切，無法活下來,重鬱,S-D,S-D,S-D,S-D,S-D,S-D,2
860,這是重鬱的夜晚：我不想活了，一切都終了。人際關係都變成了毒藥，我不能再當受害者了。我想結束一切，無法活下來,的,O,O,O,O,O,O,3
860,這是重鬱的夜晚：我不想活了，一切都終了。人際關係都變成了毒藥，我不能再當受害者了。我想結束一切，無法活下來,夜晚,O,O,O,O,O,O,4
860,這是重鬱的夜晚：我不想活了，一切都終了。人際關係都變成了毒藥，我不能再當受害者了。我想結束一切，無法活下來,：,O,O,O,O,O,O,5
860,這是重鬱的夜晚：我不想活了，一切都終了。人際關係都變成了毒藥，我不能再當受害者了。我想結束一切，無法活下來,我,O,O,O,O,O,O,6
860,這是重鬱的夜晚：我不想活了，一切都終了。人際關係都變成了毒藥，我不能再當受害者了。我想結束一切，無法活下來,不,B-U,O,O,O,O,O,7
860,這是重鬱的夜晚：我不想活了，一切都終了。人際關係都變成了毒藥，我不能再當受害者了。我想結束一切，無法活下來,想,M-U,O,O,O,S-U,S-U,8
860,這是重鬱的夜晚：我不想活了，一切都終了。人際關係都變成了毒藥，我不能再當受害者了。我想結束一切，無法活下來,活,E-U,S-U,S-U,S-U,O,O,9
860,這是重鬱的夜晚：我不想活了，一切都終了。人際關係都變成了毒藥，我不能再當受害者了。我想結束一切，無法活下來,了,O,O,O,O,O,O,10
860,這是重鬱的夜晚：我不想活了，一切都終了。人際關係都變成了毒藥，我不能再當受害者了。我想結束一切，無法活下來,，,O,O,O,O,O,O,11
860,這是重鬱的夜晚：我不想活了，一切都終了。人際關係都變成了毒藥，我不能再當受害者了。我想結束一切，無法活下來,一切,O,O,O,O,S-U,O,12
860,這是重鬱的夜晚：我不想活了，一切都終了。人際關係都變成了毒藥，我不能再當受害者了。我想結束一切，無法活下來,都,O,O,O,O,O,S-U,13
860,這是重鬱的夜晚：我不想活了，一切都終了。人際關係都變成了毒藥，我不能再當受害者了。我想結束一切，無法活下來,終了,O,S-U,S-U,S-U,O,O,14
860,這是重鬱的夜晚：我不想活了，一切都終了。人際關係都變成了毒藥，我不能再當受害者了。我想結束一切，無法活下來,。,O,O,O,O,O,O,15
860,這是重鬱的夜晚：我不想活了，一切都終了。人際關係都變成了毒藥，我不能再當受害者了。我想結束一切，無法活下來,人際,O,O,O,O,O,O,16
860,這是重鬱的夜晚：我不想活了，一切都終了。人際關係都變成了毒藥，我不能再當受害者了。我想結束一切，無法活下來,關係,O,O,O,O,O,O,17
860,這是重鬱的夜晚：我不想活了，一切都終了。人際關係都變成了毒藥，我不能再當受害者了。我想結束一切，無法活下來,都,O,O,O,O,O,O,18
860,這是重鬱的夜晚：我不想活了，一切都終了。人際關係都變成了毒藥，我不能再當受害者了。我想結束一切，無法活下來,變成,O,O,O,O,S-D,O,19
860,這是重鬱的夜晚：我不想活了，一切都終了。人際關係都變成了毒藥，我不能再當受害者了。我想結束一切，無法活下來,了,O,O,O,O,O,S-D,20
860,這是重鬱的夜晚：我不想活了，一切都終了。人際關係都變成了毒藥，我不能再當受害者了。我想結束一切，無法活下來,毒藥,O,S-D,S-D,S-D,O,O,21
860,這是重鬱的夜晚：我不想活了，一切都終了。人際關係都變成了毒藥，我不能再當受害者了。我想結束一切，無法活下來,，,O,O,O,O,O,O,22
860,這是重鬱的夜晚：我不想活了，一切都終了。人際關係都變成了毒藥，我不能再當受害者了。我想結束一切，無法活下來,我,O,O,O,O,O,O,23
860,這是重鬱的夜晚：我不想活了，一切都終了。人際關係都變成了毒藥，我不能再當受害者了。我想結束一切，無法活下來,不能,O,O,O,O,O,O,24
860,這是重鬱的夜晚：我不想活了，一切都終了。人際關係都變成了毒藥，我不能再當受害者了。我想結束一切，無法活下來,再,O,O,O,O,O,O,25
860,這是重鬱的夜晚：我不想活了，一切都終了。人際關係都變成了毒藥，我不能再當受害者了。我想結束一切，無法活下來,當,O,O,O,O,O,O,26
860,這是重鬱的夜晚：我不想活了，一切都終了。人際關係都變成了毒藥，我不能再當受害者了。我想結束一切，無法活下來,受害者,O,O,O,O,O,O,27
860,這是重鬱的夜晚：我不想活了，一切都終了。人際關係都變成了毒藥，我不能再當受害者了。我想結束一切，無法活下來,了,O,O,O,O,O,O,28
860,這是重鬱的夜晚：我不想活了，一切都終了。人際關係都變成了毒藥，我不能再當受害者了。我想結束一切，無法活下來,。,O,O,O,O,O,O,29
860,這是重鬱的夜晚：我不想活了，一切都終了。人際關係都變成了毒藥，我不能再當受害者了。我想結束一切，無法活下來,我,O,O,O,O,O,O,30
860,這是重鬱的夜晚：我不想活了，一切都終了。人際關係都變成了毒藥，我不能再當受害者了。我想結束一切，無法活下來,想,O,O,O,O,O,O,31
860,這是重鬱的夜晚：我不想活了，一切都終了。人際關係都變成了毒藥，我不能再當受害者了。我想結束一切，無法活下來,結束,S-U,S-U,O,S-U,O,O,32
860,這是重鬱的夜晚：我不想活了，一切都終了。人際關係都變成了毒藥，我不能再當受害者了。我想結束一切，無法活下來,一切,O,O,O,O,B-D,O,33
860,這是重鬱的夜晚：我不想活了，一切都終了。人際關係都變成了毒藥，我不能再當受害者了。我想結束一切，無法活下來,，,O,O,O,O,E-D,B-D,34
860,這是重鬱的夜晚：我不想活了，一切都終了。人際關係都變成了毒藥，我不能再當受害者了。我想結束一切，無法活下來,無法,B-U,B-D,B-D,B-D,缺失預測,E-D,35
860,這是重鬱的夜晚：我不想活了，一切都終了。人際關係都變成了毒藥，我不能再當受害者了。我想結束一切，無法活下來,活下來,E-U,E-D,E-D,E-D,缺失預測,O,36
861,每次看那些自信的人，我都覺得無力  這不是一種自尊的感覺，而是一種想被他們超越、被他們取代的無力,每次,O,O,O,O,O,O,1
861,每次看那些自信的人，我都覺得無力  這不是一種自尊的感覺，而是一種想被他們超越、被他們取代的無力,看,O,O,O,O,O,O,2
861,每次看那些自信的人，我都覺得無力  這不是一種自尊的感覺，而是一種想被他們超越、被他們取代的無力,那些,O,O,O,O,O,O,3
861,每次看那些自信的人，我都覺得無力  這不是一種自尊的感覺，而是一種想被他們超越、被他們取代的無力,自信,O,O,O,O,O,O,4
861,每次看那些自信的人，我都覺得無力  這不是一種自尊的感覺，而是一種想被他們超越、被他們取代的無力,的,O,O,O,O,O,O,5
861,每次看那些自信的人，我都覺得無力  這不是一種自尊的感覺，而是一種想被他們超越、被他們取代的無力,人,O,O,O,O,O,O,6
861,每次看那些自信的人，我都覺得無力  這不是一種自尊的感覺，而是一種想被他們超越、被他們取代的無力,，,O,O,O,O,O,O,7
861,每次看那些自信的人，我都覺得無力  這不是一種自尊的感覺，而是一種想被他們超越、被他們取代的無力,我,O,O,O,O,O,O,8
861,每次看那些自信的人，我都覺得無力  這不是一種自尊的感覺，而是一種想被他們超越、被他們取代的無力,都,O,O,O,O,O,O,9
861,每次看那些自信的人，我都覺得無力  這不是一種自尊的感覺，而是一種想被他們超越、被他們取代的無力,覺得,B-W,B-W,B-W,B-W,B-W,B-W,10
861,每次看那些自信的人，我都覺得無力  這不是一種自尊的感覺，而是一種想被他們超越、被他們取代的無力,無力,E-W,E-W,E-W,E-W,E-W,E-W,11
861,每次看那些自信的人，我都覺得無力  這不是一種自尊的感覺，而是一種想被他們超越、被他們取代的無力,O,O,O,O,O,O,O,12
861,每次看那些自信的人，我都覺得無力  這不是一種自尊的感覺，而是一種想被他們超越、被他們取代的無力,這,O,O,O,O,O,O,13
861,每次看那些自信的人，我都覺得無力  這不是一種自尊的感覺，而是一種想被他們超越、被他們取代的無力,不是,O,O,O,O,O,O,14
861,每次看那些自信的人，我都覺得無力  這不是一種自尊的感覺，而是一種想被他們超越、被他們取代的無力,一種,O,O,O,O,O,O,15
861,每次看那些自信的人，我都覺得無力  這不是一種自尊的感覺，而是一種想被他們超越、被他們取代的無力,自尊,O,O,O,O,O,O,16
861,每次看那些自信的人，我都覺得無力  這不是一種自尊的感覺，而是一種想被他們超越、被他們取代的無力,的,O,O,O,O,O,O,17
861,每次看那些自信的人，我都覺得無力  這不是一種自尊的感覺，而是一種想被他們超越、被他們取代的無力,感覺,O,O,O,O,O,O,18
861,每次看那些自信的人，我都覺得無力  這不是一種自尊的感覺，而是一種想被他們超越、被他們取代的無力,，,O,O,O,O,O,O,19
861,每次看那些自信的人，我都覺得無力  這不是一種自尊的感覺，而是一種想被他們超越、被他們取代的無力,而,O,O,O,O,O,O,20
861,每次看那些自信的人，我都覺得無力  這不是一種自尊的感覺，而是一種想被他們超越、被他們取代的無力,是,O,O,O,O,O,O,21
861,每次看那些自信的人，我都覺得無力  這不是一種自尊的感覺，而是一種想被他們超越、被他們取代的無力,一種,O,O,O,O,O,O,22
861,每次看那些自信的人，我都覺得無力  這不是一種自尊的感覺，而是一種想被他們超越、被他們取代的無力,想,O,O,O,O,O,O,23
861,每次看那些自信的人，我都覺得無力  這不是一種自尊的感覺，而是一種想被他們超越、被他們取代的無力,被,O,O,O,O,O,O,24
861,每次看那些自信的人，我都覺得無力  這不是一種自尊的感覺，而是一種想被他們超越、被他們取代的無力,他們,O,O,O,O,O,O,25
861,每次看那些自信的人，我都覺得無力  這不是一種自尊的感覺，而是一種想被他們超越、被他們取代的無力,超越,O,O,O,O,O,O,26
861,每次看那些自信的人，我都覺得無力  這不是一種自尊的感覺，而是一種想被他們超越、被他們取代的無力,、,O,O,O,O,O,O,27
861,每次看那些自信的人，我都覺得無力  這不是一種自尊的感覺，而是一種想被他們超越、被他們取代的無力,被,O,O,O,O,O,O,28
861,每次看那些自信的人，我都覺得無力  這不是一種自尊的感覺，而是一種想被他們超越、被他們取代的無力,他們,O,O,O,O,O,O,29
861,每次看那些自信的人，我都覺得無力  這不是一種自尊的感覺，而是一種想被他們超越、被他們取代的無力,取代,O,O,O,O,O,O,30
861,每次看那些自信的人，我都覺得無力  這不是一種自尊的感覺，而是一種想被他們超越、被他們取代的無力,的,O,O,S-W,S-W,S-W,O,31
861,每次看那些自信的人，我都覺得無力  這不是一種自尊的感覺，而是一種想被他們超越、被他們取代的無力,無力,S-W,S-W,缺失預測,缺失預測,缺失預測,S-W,32
862,失落在無數個黑暗的角落，無法再看見光線，無法再感受到溫暖。當我在黑暗中徘徊時，總是會感受到我自己內部的絕望。 不想活了。  不想在這個痛苦的世界中存在 不想再度被打擊,失落,S-D,S-D,S-D,S-D,S-D,S-D,1
862,失落在無數個黑暗的角落，無法再看見光線，無法再感受到溫暖。當我在黑暗中徘徊時，總是會感受到我自己內部的絕望。 不想活了。  不想在這個痛苦的世界中存在 不想再度被打擊,在,O,O,O,O,O,O,2
862,失落在無數個黑暗的角落，無法再看見光線，無法再感受到溫暖。當我在黑暗中徘徊時，總是會感受到我自己內部的絕望。 不想活了。  不想在這個痛苦的世界中存在 不想再度被打擊,無數,O,O,O,O,O,O,3
862,失落在無數個黑暗的角落，無法再看見光線，無法再感受到溫暖。當我在黑暗中徘徊時，總是會感受到我自己內部的絕望。 不想活了。  不想在這個痛苦的世界中存在 不想再度被打擊,個,O,O,O,O,O,O,4
862,失落在無數個黑暗的角落，無法再看見光線，無法再感受到溫暖。當我在黑暗中徘徊時，總是會感受到我自己內部的絕望。 不想活了。  不想在這個痛苦的世界中存在 不想再度被打擊,黑暗,S-D,S-D,S-D,S-D,S-D,S-D,5
862,失落在無數個黑暗的角落，無法再看見光線，無法再感受到溫暖。當我在黑暗中徘徊時，總是會感受到我自己內部的絕望。 不想活了。  不想在這個痛苦的世界中存在 不想再度被打擊,的,O,O,O,O,O,O,6
862,失落在無數個黑暗的角落，無法再看見光線，無法再感受到溫暖。當我在黑暗中徘徊時，總是會感受到我自己內部的絕望。 不想活了。  不想在這個痛苦的世界中存在 不想再度被打擊,角落,O,O,O,O,O,O,7
862,失落在無數個黑暗的角落，無法再看見光線，無法再感受到溫暖。當我在黑暗中徘徊時，總是會感受到我自己內部的絕望。 不想活了。  不想在這個痛苦的世界中存在 不想再度被打擊,，,O,O,O,O,O,O,8
862,失落在無數個黑暗的角落，無法再看見光線，無法再感受到溫暖。當我在黑暗中徘徊時，總是會感受到我自己內部的絕望。 不想活了。  不想在這個痛苦的世界中存在 不想再度被打擊,無法,B-D,B-D,B-D,B-D,B-D,B-D,9
862,失落在無數個黑暗的角落，無法再看見光線，無法再感受到溫暖。當我在黑暗中徘徊時，總是會感受到我自己內部的絕望。 不想活了。  不想在這個痛苦的世界中存在 不想再度被打擊,再,M-D,M-D,M-D,M-D,M-D,M-D,10
862,失落在無數個黑暗的角落，無法再看見光線，無法再感受到溫暖。當我在黑暗中徘徊時，總是會感受到我自己內部的絕望。 不想活了。  不想在這個痛苦的世界中存在 不想再度被打擊,看見,E-D,E-D,E-D,E-D,E-D,E-D,11
862,失落在無數個黑暗的角落，無法再看見光線，無法再感受到溫暖。當我在黑暗中徘徊時，總是會感受到我自己內部的絕望。 不想活了。  不想在這個痛苦的世界中存在 不想再度被打擊,光線,O,O,O,O,O,O,12
862,失落在無數個黑暗的角落，無法再看見光線，無法再感受到溫暖。當我在黑暗中徘徊時，總是會感受到我自己內部的絕望。 不想活了。  不想在這個痛苦的世界中存在 不想再度被打擊,，,O,O,O,O,O,O,13
862,失落在無數個黑暗的角落，無法再看見光線，無法再感受到溫暖。當我在黑暗中徘徊時，總是會感受到我自己內部的絕望。 不想活了。  不想在這個痛苦的世界中存在 不想再度被打擊,無法,B-D,B-D,B-D,B-D,B-D,B-D,14
862,失落在無數個黑暗的角落，無法再看見光線，無法再感受到溫暖。當我在黑暗中徘徊時，總是會感受到我自己內部的絕望。 不想活了。  不想在這個痛苦的世界中存在 不想再度被打擊,再,M-D,M-D,M-D,M-D,M-D,M-D,15
862,失落在無數個黑暗的角落，無法再看見光線，無法再感受到溫暖。當我在黑暗中徘徊時，總是會感受到我自己內部的絕望。 不想活了。  不想在這個痛苦的世界中存在 不想再度被打擊,感受到,E-D,E-D,E-D,E-D,E-D,E-D,16
862,失落在無數個黑暗的角落，無法再看見光線，無法再感受到溫暖。當我在黑暗中徘徊時，總是會感受到我自己內部的絕望。 不想活了。  不想在這個痛苦的世界中存在 不想再度被打擊,溫暖,O,O,O,O,O,O,17
862,失落在無數個黑暗的角落，無法再看見光線，無法再感受到溫暖。當我在黑暗中徘徊時，總是會感受到我自己內部的絕望。 不想活了。  不想在這個痛苦的世界中存在 不想再度被打擊,。,O,O,O,O,O,O,18
862,失落在無數個黑暗的角落，無法再看見光線，無法再感受到溫暖。當我在黑暗中徘徊時，總是會感受到我自己內部的絕望。 不想活了。  不想在這個痛苦的世界中存在 不想再度被打擊,當,O,O,O,O,O,O,19
862,失落在無數個黑暗的角落，無法再看見光線，無法再感受到溫暖。當我在黑暗中徘徊時，總是會感受到我自己內部的絕望。 不想活了。  不想在這個痛苦的世界中存在 不想再度被打擊,我,O,O,O,O,O,O,20
862,失落在無數個黑暗的角落，無法再看見光線，無法再感受到溫暖。當我在黑暗中徘徊時，總是會感受到我自己內部的絕望。 不想活了。  不想在這個痛苦的世界中存在 不想再度被打擊,在,O,O,O,O,O,O,21
862,失落在無數個黑暗的角落，無法再看見光線，無法再感受到溫暖。當我在黑暗中徘徊時，總是會感受到我自己內部的絕望。 不想活了。  不想在這個痛苦的世界中存在 不想再度被打擊,黑暗,S-D,S-D,S-D,S-D,S-D,S-D,22
862,失落在無數個黑暗的角落，無法再看見光線，無法再感受到溫暖。當我在黑暗中徘徊時，總是會感受到我自己內部的絕望。 不想活了。  不想在這個痛苦的世界中存在 不想再度被打擊,中,O,O,O,O,O,O,23
862,失落在無數個黑暗的角落，無法再看見光線，無法再感受到溫暖。當我在黑暗中徘徊時，總是會感受到我自己內部的絕望。 不想活了。  不想在這個痛苦的世界中存在 不想再度被打擊,徘徊,O,O,O,O,O,O,24
862,失落在無數個黑暗的角落，無法再看見光線，無法再感受到溫暖。當我在黑暗中徘徊時，總是會感受到我自己內部的絕望。 不想活了。  不想在這個痛苦的世界中存在 不想再度被打擊,時,O,O,O,O,O,O,25
862,失落在無數個黑暗的角落，無法再看見光線，無法再感受到溫暖。當我在黑暗中徘徊時，總是會感受到我自己內部的絕望。 不想活了。  不想在這個痛苦的世界中存在 不想再度被打擊,，,O,O,O,O,O,O,26
862,失落在無數個黑暗的角落，無法再看見光線，無法再感受到溫暖。當我在黑暗中徘徊時，總是會感受到我自己內部的絕望。 不想活了。  不想在這個痛苦的世界中存在 不想再度被打擊,總是,O,O,O,O,O,O,27
862,失落在無數個黑暗的角落，無法再看見光線，無法再感受到溫暖。當我在黑暗中徘徊時，總是會感受到我自己內部的絕望。 不想活了。  不想在這個痛苦的世界中存在 不想再度被打擊,會,O,O,O,O,O,O,28
862,失落在無數個黑暗的角落，無法再看見光線，無法再感受到溫暖。當我在黑暗中徘徊時，總是會感受到我自己內部的絕望。 不想活了。  不想在這個痛苦的世界中存在 不想再度被打擊,感受到,O,O,O,O,O,O,29
862,失落在無數個黑暗的角落，無法再看見光線，無法再感受到溫暖。當我在黑暗中徘徊時，總是會感受到我自己內部的絕望。 不想活了。  不想在這個痛苦的世界中存在 不想再度被打擊,我,O,O,O,O,O,O,30
862,失落在無數個黑暗的角落，無法再看見光線，無法再感受到溫暖。當我在黑暗中徘徊時，總是會感受到我自己內部的絕望。 不想活了。  不想在這個痛苦的世界中存在 不想再度被打擊,自己,O,O,O,O,O,O,31
862,失落在無數個黑暗的角落，無法再看見光線，無法再感受到溫暖。當我在黑暗中徘徊時，總是會感受到我自己內部的絕望。 不想活了。  不想在這個痛苦的世界中存在 不想再度被打擊,內部,O,O,O,O,O,O,32
862,失落在無數個黑暗的角落，無法再看見光線，無法再感受到溫暖。當我在黑暗中徘徊時，總是會感受到我自己內部的絕望。 不想活了。  不想在這個痛苦的世界中存在 不想再度被打擊,的,O,O,O,O,O,O,33
862,失落在無數個黑暗的角落，無法再看見光線，無法再感受到溫暖。當我在黑暗中徘徊時，總是會感受到我自己內部的絕望。 不想活了。  不想在這個痛苦的世界中存在 不想再度被打擊,絕望,S-D,S-D,S-D,S-D,S-D,S-D,34
862,失落在無數個黑暗的角落，無法再看見光線，無法再感受到溫暖。當我在黑暗中徘徊時，總是會感受到我自己內部的絕望。 不想活了。  不想在這個痛苦的世界中存在 不想再度被打擊,。,O,O,O,O,O,O,35
862,失落在無數個黑暗的角落，無法再看見光線，無法再感受到溫暖。當我在黑暗中徘徊時，總是會感受到我自己內部的絕望。 不想活了。  不想在這個痛苦的世界中存在 不想再度被打擊,不,B-U,O,B-U,O,O,B-U,36
862,失落在無數個黑暗的角落，無法再看見光線，無法再感受到溫暖。當我在黑暗中徘徊時，總是會感受到我自己內部的絕望。 不想活了。  不想在這個痛苦的世界中存在 不想再度被打擊,想,M-U,O,E-U,O,O,E-U,37
862,失落在無數個黑暗的角落，無法再看見光線，無法再感受到溫暖。當我在黑暗中徘徊時，總是會感受到我自己內部的絕望。 不想活了。  不想在這個痛苦的世界中存在 不想再度被打擊,活了,E-U,S-U,O,S-U,S-U,O,38
862,失落在無數個黑暗的角落，無法再看見光線，無法再感受到溫暖。當我在黑暗中徘徊時，總是會感受到我自己內部的絕望。 不想活了。  不想在這個痛苦的世界中存在 不想再度被打擊,。,O,O,B-D,O,O,B-D,39
862,失落在無數個黑暗的角落，無法再看見光線，無法再感受到溫暖。當我在黑暗中徘徊時，總是會感受到我自己內部的絕望。 不想活了。  不想在這個痛苦的世界中存在 不想再度被打擊,不,O,O,O,O,O,O,40
862,失落在無數個黑暗的角落，無法再看見光線，無法再感受到溫暖。當我在黑暗中徘徊時，總是會感受到我自己內部的絕望。 不想活了。  不想在這個痛苦的世界中存在 不想再度被打擊,想,O,O,O,O,O,O,41
862,失落在無數個黑暗的角落，無法再看見光線，無法再感受到溫暖。當我在黑暗中徘徊時，總是會感受到我自己內部的絕望。 不想活了。  不想在這個痛苦的世界中存在 不想再度被打擊,在,O,O,S-D,O,O,O,42
862,失落在無數個黑暗的角落，無法再看見光線，無法再感受到溫暖。當我在黑暗中徘徊時，總是會感受到我自己內部的絕望。 不想活了。  不想在這個痛苦的世界中存在 不想再度被打擊,這個,O,O,O,O,O,S-D,43
862,失落在無數個黑暗的角落，無法再看見光線，無法再感受到溫暖。當我在黑暗中徘徊時，總是會感受到我自己內部的絕望。 不想活了。  不想在這個痛苦的世界中存在 不想再度被打擊,痛苦,S-D,S-D,O,S-D,O,O,44
862,失落在無數個黑暗的角落，無法再看見光線，無法再感受到溫暖。當我在黑暗中徘徊時，總是會感受到我自己內部的絕望。 不想活了。  不想在這個痛苦的世界中存在 不想再度被打擊,的,O,O,O,O,S-D,O,45
862,失落在無數個黑暗的角落，無法再看見光線，無法再感受到溫暖。當我在黑暗中徘徊時，總是會感受到我自己內部的絕望。 不想活了。  不想在這個痛苦的世界中存在 不想再度被打擊,世界,O,O,O,O,O,O,46
862,失落在無數個黑暗的角落，無法再看見光線，無法再感受到溫暖。當我在黑暗中徘徊時，總是會感受到我自己內部的絕望。 不想活了。  不想在這個痛苦的世界中存在 不想再度被打擊,中,O,O,B-D,O,O,O,47
862,失落在無數個黑暗的角落，無法再看見光線，無法再感受到溫暖。當我在黑暗中徘徊時，總是會感受到我自己內部的絕望。 不想活了。  不想在這個痛苦的世界中存在 不想再度被打擊,存在,O,O,M-D,O,O,B-D,48
862,失落在無數個黑暗的角落，無法再看見光線，無法再感受到溫暖。當我在黑暗中徘徊時，總是會感受到我自己內部的絕望。 不想活了。  不想在這個痛苦的世界中存在 不想再度被打擊,不,O,O,E-D,O,O,M-D,49
862,失落在無數個黑暗的角落，無法再看見光線，無法再感受到溫暖。當我在黑暗中徘徊時，總是會感受到我自己內部的絕望。 不想活了。  不想在這個痛苦的世界中存在 不想再度被打擊,想,O,O,O,O,O,E-D,50
862,失落在無數個黑暗的角落，無法再看見光線，無法再感受到溫暖。當我在黑暗中徘徊時，總是會感受到我自己內部的絕望。 不想活了。  不想在這個痛苦的世界中存在 不想再度被打擊,再度,O,O,O,B-D,O,O,51
862,失落在無數個黑暗的角落，無法再看見光線，無法再感受到溫暖。當我在黑暗中徘徊時，總是會感受到我自己內部的絕望。 不想活了。  不想在這個痛苦的世界中存在 不想再度被打擊,被,O,O,O,E-D,B-D,O,52
862,失落在無數個黑暗的角落，無法再看見光線，無法再感受到溫暖。當我在黑暗中徘徊時，總是會感受到我自己內部的絕望。 不想活了。  不想在這個痛苦的世界中存在 不想再度被打擊,打擊,O,O,缺失預測,缺失預測,E-D,O,53
863,我不知道我該如何過活了。在這個世界上，我只是個無力小白兔。 這裡的一切都都對我來說是一種痛苦 ，無法控制的痛苦。 我不想活了，我不想為這個世界做任何事情。,我,O,O,O,O,O,O,1
863,我不知道我該如何過活了。在這個世界上，我只是個無力小白兔。 這裡的一切都都對我來說是一種痛苦 ，無法控制的痛苦。 我不想活了，我不想為這個世界做任何事情。,不知道,O,O,O,O,O,O,2
863,我不知道我該如何過活了。在這個世界上，我只是個無力小白兔。 這裡的一切都都對我來說是一種痛苦 ，無法控制的痛苦。 我不想活了，我不想為這個世界做任何事情。,我,O,O,O,O,O,O,3
863,我不知道我該如何過活了。在這個世界上，我只是個無力小白兔。 這裡的一切都都對我來說是一種痛苦 ，無法控制的痛苦。 我不想活了，我不想為這個世界做任何事情。,該,O,O,O,O,O,O,4
863,我不知道我該如何過活了。在這個世界上，我只是個無力小白兔。 這裡的一切都都對我來說是一種痛苦 ，無法控制的痛苦。 我不想活了，我不想為這個世界做任何事情。,如何,O,O,O,O,O,O,5
863,我不知道我該如何過活了。在這個世界上，我只是個無力小白兔。 這裡的一切都都對我來說是一種痛苦 ，無法控制的痛苦。 我不想活了，我不想為這個世界做任何事情。,過活,O,O,O,O,O,O,6
863,我不知道我該如何過活了。在這個世界上，我只是個無力小白兔。 這裡的一切都都對我來說是一種痛苦 ，無法控制的痛苦。 我不想活了，我不想為這個世界做任何事情。,了,O,O,O,O,O,O,7
863,我不知道我該如何過活了。在這個世界上，我只是個無力小白兔。 這裡的一切都都對我來說是一種痛苦 ，無法控制的痛苦。 我不想活了，我不想為這個世界做任何事情。,。,O,O,O,O,O,O,8
863,我不知道我該如何過活了。在這個世界上，我只是個無力小白兔。 這裡的一切都都對我來說是一種痛苦 ，無法控制的痛苦。 我不想活了，我不想為這個世界做任何事情。,在,O,O,O,O,O,O,9
863,我不知道我該如何過活了。在這個世界上，我只是個無力小白兔。 這裡的一切都都對我來說是一種痛苦 ，無法控制的痛苦。 我不想活了，我不想為這個世界做任何事情。,這個,O,O,O,O,O,O,10
863,我不知道我該如何過活了。在這個世界上，我只是個無力小白兔。 這裡的一切都都對我來說是一種痛苦 ，無法控制的痛苦。 我不想活了，我不想為這個世界做任何事情。,世界,O,O,O,O,O,O,11
863,我不知道我該如何過活了。在這個世界上，我只是個無力小白兔。 這裡的一切都都對我來說是一種痛苦 ，無法控制的痛苦。 我不想活了，我不想為這個世界做任何事情。,上,O,O,O,O,O,O,12
863,我不知道我該如何過活了。在這個世界上，我只是個無力小白兔。 這裡的一切都都對我來說是一種痛苦 ，無法控制的痛苦。 我不想活了，我不想為這個世界做任何事情。,，,O,O,O,O,O,O,13
863,我不知道我該如何過活了。在這個世界上，我只是個無力小白兔。 這裡的一切都都對我來說是一種痛苦 ，無法控制的痛苦。 我不想活了，我不想為這個世界做任何事情。,我,O,O,O,O,O,O,14
863,我不知道我該如何過活了。在這個世界上，我只是個無力小白兔。 這裡的一切都都對我來說是一種痛苦 ，無法控制的痛苦。 我不想活了，我不想為這個世界做任何事情。,只是,O,O,O,O,O,O,15
863,我不知道我該如何過活了。在這個世界上，我只是個無力小白兔。 這裡的一切都都對我來說是一種痛苦 ，無法控制的痛苦。 我不想活了，我不想為這個世界做任何事情。,個,O,O,O,O,O,O,16
863,我不知道我該如何過活了。在這個世界上，我只是個無力小白兔。 這裡的一切都都對我來說是一種痛苦 ，無法控制的痛苦。 我不想活了，我不想為這個世界做任何事情。,無力,S-W,S-W,S-W,S-W,S-W,S-W,17
863,我不知道我該如何過活了。在這個世界上，我只是個無力小白兔。 這裡的一切都都對我來說是一種痛苦 ，無法控制的痛苦。 我不想活了，我不想為這個世界做任何事情。,小白兔,O,O,O,O,O,O,18
863,我不知道我該如何過活了。在這個世界上，我只是個無力小白兔。 這裡的一切都都對我來說是一種痛苦 ，無法控制的痛苦。 我不想活了，我不想為這個世界做任何事情。,。,O,O,O,O,O,O,19
863,我不知道我該如何過活了。在這個世界上，我只是個無力小白兔。 這裡的一切都都對我來說是一種痛苦 ，無法控制的痛苦。 我不想活了，我不想為這個世界做任何事情。,這裡,O,O,O,O,O,O,20
863,我不知道我該如何過活了。在這個世界上，我只是個無力小白兔。 這裡的一切都都對我來說是一種痛苦 ，無法控制的痛苦。 我不想活了，我不想為這個世界做任何事情。,的,O,O,O,O,O,O,21
863,我不知道我該如何過活了。在這個世界上，我只是個無力小白兔。 這裡的一切都都對我來說是一種痛苦 ，無法控制的痛苦。 我不想活了，我不想為這個世界做任何事情。,一切,O,O,O,O,O,O,22
863,我不知道我該如何過活了。在這個世界上，我只是個無力小白兔。 這裡的一切都都對我來說是一種痛苦 ，無法控制的痛苦。 我不想活了，我不想為這個世界做任何事情。,都,O,O,O,O,O,O,23
863,我不知道我該如何過活了。在這個世界上，我只是個無力小白兔。 這裡的一切都都對我來說是一種痛苦 ，無法控制的痛苦。 我不想活了，我不想為這個世界做任何事情。,對,O,O,O,O,O,O,24
863,我不知道我該如何過活了。在這個世界上，我只是個無力小白兔。 這裡的一切都都對我來說是一種痛苦 ，無法控制的痛苦。 我不想活了，我不想為這個世界做任何事情。,我,O,O,O,O,O,O,25
863,我不知道我該如何過活了。在這個世界上，我只是個無力小白兔。 這裡的一切都都對我來說是一種痛苦 ，無法控制的痛苦。 我不想活了，我不想為這個世界做任何事情。,來說,O,O,O,O,O,O,26
863,我不知道我該如何過活了。在這個世界上，我只是個無力小白兔。 這裡的一切都都對我來說是一種痛苦 ，無法控制的痛苦。 我不想活了，我不想為這個世界做任何事情。,是,O,O,O,O,O,O,27
863,我不知道我該如何過活了。在這個世界上，我只是個無力小白兔。 這裡的一切都都對我來說是一種痛苦 ，無法控制的痛苦。 我不想活了，我不想為這個世界做任何事情。,一種,O,O,O,O,O,O,28
863,我不知道我該如何過活了。在這個世界上，我只是個無力小白兔。 這裡的一切都都對我來說是一種痛苦 ，無法控制的痛苦。 我不想活了，我不想為這個世界做任何事情。,痛苦,S-D,S-D,S-D,S-D,S-D,O,29
863,我不知道我該如何過活了。在這個世界上，我只是個無力小白兔。 這裡的一切都都對我來說是一種痛苦 ，無法控制的痛苦。 我不想活了，我不想為這個世界做任何事情。,，,O,O,O,O,O,S-D,30
863,我不知道我該如何過活了。在這個世界上，我只是個無力小白兔。 這裡的一切都都對我來說是一種痛苦 ，無法控制的痛苦。 我不想活了，我不想為這個世界做任何事情。,無法,B-D,B-D,B-D,B-D,B-D,O,31
863,我不知道我該如何過活了。在這個世界上，我只是個無力小白兔。 這裡的一切都都對我來說是一種痛苦 ，無法控制的痛苦。 我不想活了，我不想為這個世界做任何事情。,控制,E-D,M-D,M-D,M-D,E-D,B-D,32
863,我不知道我該如何過活了。在這個世界上，我只是個無力小白兔。 這裡的一切都都對我來說是一種痛苦 ，無法控制的痛苦。 我不想活了，我不想為這個世界做任何事情。,的,O,E-D,E-D,E-D,O,M-D,33
863,我不知道我該如何過活了。在這個世界上，我只是個無力小白兔。 這裡的一切都都對我來說是一種痛苦 ，無法控制的痛苦。 我不想活了，我不想為這個世界做任何事情。,痛苦,S-D,S-D,S-D,S-D,S-D,E-D,34
863,我不知道我該如何過活了。在這個世界上，我只是個無力小白兔。 這裡的一切都都對我來說是一種痛苦 ，無法控制的痛苦。 我不想活了，我不想為這個世界做任何事情。,。,O,O,O,O,O,S-D,35
863,我不知道我該如何過活了。在這個世界上，我只是個無力小白兔。 這裡的一切都都對我來說是一種痛苦 ，無法控制的痛苦。 我不想活了，我不想為這個世界做任何事情。,我,O,O,O,O,O,O,36
863,我不知道我該如何過活了。在這個世界上，我只是個無力小白兔。 這裡的一切都都對我來說是一種痛苦 ，無法控制的痛苦。 我不想活了，我不想為這個世界做任何事情。,不想,O,O,O,O,O,O,37
863,我不知道我該如何過活了。在這個世界上，我只是個無力小白兔。 這裡的一切都都對我來說是一種痛苦 ，無法控制的痛苦。 我不想活了，我不想為這個世界做任何事情。,活了,S-U,S-U,S-U,O,S-U,O,38
863,我不知道我該如何過活了。在這個世界上，我只是個無力小白兔。 這裡的一切都都對我來說是一種痛苦 ，無法控制的痛苦。 我不想活了，我不想為這個世界做任何事情。,，,O,O,O,S-U,O,O,39
863,我不知道我該如何過活了。在這個世界上，我只是個無力小白兔。 這裡的一切都都對我來說是一種痛苦 ，無法控制的痛苦。 我不想活了，我不想為這個世界做任何事情。,我,O,O,O,O,O,S-U,40
863,我不知道我該如何過活了。在這個世界上，我只是個無力小白兔。 這裡的一切都都對我來說是一種痛苦 ，無法控制的痛苦。 我不想活了，我不想為這個世界做任何事情。,不想,O,O,O,O,O,O,41
863,我不知道我該如何過活了。在這個世界上，我只是個無力小白兔。 這裡的一切都都對我來說是一種痛苦 ，無法控制的痛苦。 我不想活了，我不想為這個世界做任何事情。,為,O,O,O,O,O,O,42
863,我不知道我該如何過活了。在這個世界上，我只是個無力小白兔。 這裡的一切都都對我來說是一種痛苦 ，無法控制的痛苦。 我不想活了，我不想為這個世界做任何事情。,這個,O,O,O,O,O,O,43
863,我不知道我該如何過活了。在這個世界上，我只是個無力小白兔。 這裡的一切都都對我來說是一種痛苦 ，無法控制的痛苦。 我不想活了，我不想為這個世界做任何事情。,世界,O,O,O,O,O,O,44
863,我不知道我該如何過活了。在這個世界上，我只是個無力小白兔。 這裡的一切都都對我來說是一種痛苦 ，無法控制的痛苦。 我不想活了，我不想為這個世界做任何事情。,做,O,O,O,O,O,O,45
863,我不知道我該如何過活了。在這個世界上，我只是個無力小白兔。 這裡的一切都都對我來說是一種痛苦 ，無法控制的痛苦。 我不想活了，我不想為這個世界做任何事情。,任何,O,O,O,O,O,O,46
863,我不知道我該如何過活了。在這個世界上，我只是個無力小白兔。 這裡的一切都都對我來說是一種痛苦 ，無法控制的痛苦。 我不想活了，我不想為這個世界做任何事情。,事情,O,O,O,O,O,O,47
863,我不知道我該如何過活了。在這個世界上，我只是個無力小白兔。 這裡的一切都都對我來說是一種痛苦 ，無法控制的痛苦。 我不想活了，我不想為這個世界做任何事情。,。,O,O,O,O,O,O,48
864,每個單位都跟著我在向前行， 我覺得我跟所有的行走都不一樣， 我想要把所有的步伐都停止，並且就這樣在這裡靜止一點， 我不想再繼續前行， 因為我害怕我會發生什,每個,O,O,O,O,O,O,1
864,每個單位都跟著我在向前行， 我覺得我跟所有的行走都不一樣， 我想要把所有的步伐都停止，並且就這樣在這裡靜止一點， 我不想再繼續前行， 因為我害怕我會發生什,單位,O,O,O,O,O,O,2
864,每個單位都跟著我在向前行， 我覺得我跟所有的行走都不一樣， 我想要把所有的步伐都停止，並且就這樣在這裡靜止一點， 我不想再繼續前行， 因為我害怕我會發生什,都,O,O,O,O,O,O,3
864,每個單位都跟著我在向前行， 我覺得我跟所有的行走都不一樣， 我想要把所有的步伐都停止，並且就這樣在這裡靜止一點， 我不想再繼續前行， 因為我害怕我會發生什,跟著,O,O,O,O,O,O,4
864,每個單位都跟著我在向前行， 我覺得我跟所有的行走都不一樣， 我想要把所有的步伐都停止，並且就這樣在這裡靜止一點， 我不想再繼續前行， 因為我害怕我會發生什,我,O,O,O,O,O,O,5
864,每個單位都跟著我在向前行， 我覺得我跟所有的行走都不一樣， 我想要把所有的步伐都停止，並且就這樣在這裡靜止一點， 我不想再繼續前行， 因為我害怕我會發生什,在,O,O,O,O,O,O,6
864,每個單位都跟著我在向前行， 我覺得我跟所有的行走都不一樣， 我想要把所有的步伐都停止，並且就這樣在這裡靜止一點， 我不想再繼續前行， 因為我害怕我會發生什,向前行,O,O,O,O,O,O,7
864,每個單位都跟著我在向前行， 我覺得我跟所有的行走都不一樣， 我想要把所有的步伐都停止，並且就這樣在這裡靜止一點， 我不想再繼續前行， 因為我害怕我會發生什,，,O,O,O,O,O,O,8
864,每個單位都跟著我在向前行， 我覺得我跟所有的行走都不一樣， 我想要把所有的步伐都停止，並且就這樣在這裡靜止一點， 我不想再繼續前行， 因為我害怕我會發生什,我,O,O,O,O,O,O,9
864,每個單位都跟著我在向前行， 我覺得我跟所有的行走都不一樣， 我想要把所有的步伐都停止，並且就這樣在這裡靜止一點， 我不想再繼續前行， 因為我害怕我會發生什,覺得,O,O,O,O,O,O,10
864,每個單位都跟著我在向前行， 我覺得我跟所有的行走都不一樣， 我想要把所有的步伐都停止，並且就這樣在這裡靜止一點， 我不想再繼續前行， 因為我害怕我會發生什,我,O,O,O,O,O,O,11
864,每個單位都跟著我在向前行， 我覺得我跟所有的行走都不一樣， 我想要把所有的步伐都停止，並且就這樣在這裡靜止一點， 我不想再繼續前行， 因為我害怕我會發生什,跟,O,O,O,O,O,O,12
864,每個單位都跟著我在向前行， 我覺得我跟所有的行走都不一樣， 我想要把所有的步伐都停止，並且就這樣在這裡靜止一點， 我不想再繼續前行， 因為我害怕我會發生什,所有,O,O,O,O,O,O,13
864,每個單位都跟著我在向前行， 我覺得我跟所有的行走都不一樣， 我想要把所有的步伐都停止，並且就這樣在這裡靜止一點， 我不想再繼續前行， 因為我害怕我會發生什,的,O,O,O,O,O,O,14
864,每個單位都跟著我在向前行， 我覺得我跟所有的行走都不一樣， 我想要把所有的步伐都停止，並且就這樣在這裡靜止一點， 我不想再繼續前行， 因為我害怕我會發生什,行走,O,O,O,O,O,O,15
864,每個單位都跟著我在向前行， 我覺得我跟所有的行走都不一樣， 我想要把所有的步伐都停止，並且就這樣在這裡靜止一點， 我不想再繼續前行， 因為我害怕我會發生什,都,O,O,O,O,O,O,16
864,每個單位都跟著我在向前行， 我覺得我跟所有的行走都不一樣， 我想要把所有的步伐都停止，並且就這樣在這裡靜止一點， 我不想再繼續前行， 因為我害怕我會發生什,不,O,O,O,O,O,O,17
864,每個單位都跟著我在向前行， 我覺得我跟所有的行走都不一樣， 我想要把所有的步伐都停止，並且就這樣在這裡靜止一點， 我不想再繼續前行， 因為我害怕我會發生什,一樣,O,O,O,O,O,O,18
864,每個單位都跟著我在向前行， 我覺得我跟所有的行走都不一樣， 我想要把所有的步伐都停止，並且就這樣在這裡靜止一點， 我不想再繼續前行， 因為我害怕我會發生什,，,O,O,O,O,O,O,19
864,每個單位都跟著我在向前行， 我覺得我跟所有的行走都不一樣， 我想要把所有的步伐都停止，並且就這樣在這裡靜止一點， 我不想再繼續前行， 因為我害怕我會發生什,我,O,O,O,O,O,O,20
864,每個單位都跟著我在向前行， 我覺得我跟所有的行走都不一樣， 我想要把所有的步伐都停止，並且就這樣在這裡靜止一點， 我不想再繼續前行， 因為我害怕我會發生什,想要,O,O,O,O,O,O,21
864,每個單位都跟著我在向前行， 我覺得我跟所有的行走都不一樣， 我想要把所有的步伐都停止，並且就這樣在這裡靜止一點， 我不想再繼續前行， 因為我害怕我會發生什,把,O,O,O,O,O,O,22
864,每個單位都跟著我在向前行， 我覺得我跟所有的行走都不一樣， 我想要把所有的步伐都停止，並且就這樣在這裡靜止一點， 我不想再繼續前行， 因為我害怕我會發生什,所有,O,O,O,O,O,O,23
864,每個單位都跟著我在向前行， 我覺得我跟所有的行走都不一樣， 我想要把所有的步伐都停止，並且就這樣在這裡靜止一點， 我不想再繼續前行， 因為我害怕我會發生什,的,O,O,O,O,O,O,24
864,每個單位都跟著我在向前行， 我覺得我跟所有的行走都不一樣， 我想要把所有的步伐都停止，並且就這樣在這裡靜止一點， 我不想再繼續前行， 因為我害怕我會發生什,步伐,O,O,O,O,O,O,25
864,每個單位都跟著我在向前行， 我覺得我跟所有的行走都不一樣， 我想要把所有的步伐都停止，並且就這樣在這裡靜止一點， 我不想再繼續前行， 因為我害怕我會發生什,都,O,O,O,O,O,O,26
864,每個單位都跟著我在向前行， 我覺得我跟所有的行走都不一樣， 我想要把所有的步伐都停止，並且就這樣在這裡靜止一點， 我不想再繼續前行， 因為我害怕我會發生什,停止,O,O,O,O,O,O,27
864,每個單位都跟著我在向前行， 我覺得我跟所有的行走都不一樣， 我想要把所有的步伐都停止，並且就這樣在這裡靜止一點， 我不想再繼續前行， 因為我害怕我會發生什,，,O,O,O,O,O,O,28
864,每個單位都跟著我在向前行， 我覺得我跟所有的行走都不一樣， 我想要把所有的步伐都停止，並且就這樣在這裡靜止一點， 我不想再繼續前行， 因為我害怕我會發生什,並且,O,O,O,O,O,O,29
864,每個單位都跟著我在向前行， 我覺得我跟所有的行走都不一樣， 我想要把所有的步伐都停止，並且就這樣在這裡靜止一點， 我不想再繼續前行， 因為我害怕我會發生什,就,O,O,O,O,O,O,30
864,每個單位都跟著我在向前行， 我覺得我跟所有的行走都不一樣， 我想要把所有的步伐都停止，並且就這樣在這裡靜止一點， 我不想再繼續前行， 因為我害怕我會發生什,這樣,O,O,O,O,O,O,31
864,每個單位都跟著我在向前行， 我覺得我跟所有的行走都不一樣， 我想要把所有的步伐都停止，並且就這樣在這裡靜止一點， 我不想再繼續前行， 因為我害怕我會發生什,在,O,O,O,O,O,O,32
864,每個單位都跟著我在向前行， 我覺得我跟所有的行走都不一樣， 我想要把所有的步伐都停止，並且就這樣在這裡靜止一點， 我不想再繼續前行， 因為我害怕我會發生什,這裡,O,O,O,O,O,O,33
864,每個單位都跟著我在向前行， 我覺得我跟所有的行走都不一樣， 我想要把所有的步伐都停止，並且就這樣在這裡靜止一點， 我不想再繼續前行， 因為我害怕我會發生什,靜止,O,O,O,O,O,O,34
864,每個單位都跟著我在向前行， 我覺得我跟所有的行走都不一樣， 我想要把所有的步伐都停止，並且就這樣在這裡靜止一點， 我不想再繼續前行， 因為我害怕我會發生什,一點,O,O,O,O,O,O,35
864,每個單位都跟著我在向前行， 我覺得我跟所有的行走都不一樣， 我想要把所有的步伐都停止，並且就這樣在這裡靜止一點， 我不想再繼續前行， 因為我害怕我會發生什,，,O,O,O,O,O,O,36
864,每個單位都跟著我在向前行， 我覺得我跟所有的行走都不一樣， 我想要把所有的步伐都停止，並且就這樣在這裡靜止一點， 我不想再繼續前行， 因為我害怕我會發生什,我,O,O,O,O,O,O,37
864,每個單位都跟著我在向前行， 我覺得我跟所有的行走都不一樣， 我想要把所有的步伐都停止，並且就這樣在這裡靜止一點， 我不想再繼續前行， 因為我害怕我會發生什,不,O,O,O,O,O,O,38
864,每個單位都跟著我在向前行， 我覺得我跟所有的行走都不一樣， 我想要把所有的步伐都停止，並且就這樣在這裡靜止一點， 我不想再繼續前行， 因為我害怕我會發生什,想,O,O,O,O,O,O,39
864,每個單位都跟著我在向前行， 我覺得我跟所有的行走都不一樣， 我想要把所有的步伐都停止，並且就這樣在這裡靜止一點， 我不想再繼續前行， 因為我害怕我會發生什,再,O,O,O,O,O,O,40
864,每個單位都跟著我在向前行， 我覺得我跟所有的行走都不一樣， 我想要把所有的步伐都停止，並且就這樣在這裡靜止一點， 我不想再繼續前行， 因為我害怕我會發生什,繼續,O,O,O,O,O,O,41
864,每個單位都跟著我在向前行， 我覺得我跟所有的行走都不一樣， 我想要把所有的步伐都停止，並且就這樣在這裡靜止一點， 我不想再繼續前行， 因為我害怕我會發生什,前行,O,O,O,O,O,O,42
864,每個單位都跟著我在向前行， 我覺得我跟所有的行走都不一樣， 我想要把所有的步伐都停止，並且就這樣在這裡靜止一點， 我不想再繼續前行， 因為我害怕我會發生什,，,O,O,O,O,O,O,43
864,每個單位都跟著我在向前行， 我覺得我跟所有的行走都不一樣， 我想要把所有的步伐都停止，並且就這樣在這裡靜止一點， 我不想再繼續前行， 因為我害怕我會發生什,因為,O,O,O,O,O,O,44
864,每個單位都跟著我在向前行， 我覺得我跟所有的行走都不一樣， 我想要把所有的步伐都停止，並且就這樣在這裡靜止一點， 我不想再繼續前行， 因為我害怕我會發生什,我,O,O,O,O,O,O,45
864,每個單位都跟著我在向前行， 我覺得我跟所有的行走都不一樣， 我想要把所有的步伐都停止，並且就這樣在這裡靜止一點， 我不想再繼續前行， 因為我害怕我會發生什,害怕,O,O,O,O,O,O,46
864,每個單位都跟著我在向前行， 我覺得我跟所有的行走都不一樣， 我想要把所有的步伐都停止，並且就這樣在這裡靜止一點， 我不想再繼續前行， 因為我害怕我會發生什,我,O,O,O,O,O,O,47
864,每個單位都跟著我在向前行， 我覺得我跟所有的行走都不一樣， 我想要把所有的步伐都停止，並且就這樣在這裡靜止一點， 我不想再繼續前行， 因為我害怕我會發生什,會,O,O,O,O,O,O,48
864,每個單位都跟著我在向前行， 我覺得我跟所有的行走都不一樣， 我想要把所有的步伐都停止，並且就這樣在這裡靜止一點， 我不想再繼續前行， 因為我害怕我會發生什,發生,O,O,O,O,O,O,49
864,每個單位都跟著我在向前行， 我覺得我跟所有的行走都不一樣， 我想要把所有的步伐都停止，並且就這樣在這裡靜止一點， 我不想再繼續前行， 因為我害怕我會發生什,什,O,S-D,O,O,O,S-D,50
864,每個單位都跟著我在向前行， 我覺得我跟所有的行走都不一樣， 我想要把所有的步伐都停止，並且就這樣在這裡靜止一點， 我不想再繼續前行， 因為我害怕我會發生什,麼,O,O,O,O,O,O,51
865,當我面臨這個黑暗的世界時，我不想活了。,當,O,O,O,O,O,O,1
865,當我面臨這個黑暗的世界時，我不想活了。,我,O,O,O,O,O,O,2
865,當我面臨這個黑暗的世界時，我不想活了。,面臨,O,O,O,O,O,O,3
865,當我面臨這個黑暗的世界時，我不想活了。,這個,O,O,O,O,O,O,4
865,當我面臨這個黑暗的世界時，我不想活了。,黑暗,S-D,S-D,S-D,S-D,S-D,S-D,5
865,當我面臨這個黑暗的世界時，我不想活了。,的,O,O,O,O,O,O,6
865,當我面臨這個黑暗的世界時，我不想活了。,世界,O,O,O,O,O,O,7
865,當我面臨這個黑暗的世界時，我不想活了。,時,O,O,O,O,O,O,8
865,當我面臨這個黑暗的世界時，我不想活了。,，,O,O,O,O,O,O,9
865,當我面臨這個黑暗的世界時，我不想活了。,我,O,O,O,O,O,O,10
865,當我面臨這個黑暗的世界時，我不想活了。,不,O,O,O,O,O,O,11
865,當我面臨這個黑暗的世界時，我不想活了。,想,O,O,O,O,O,O,12
865,當我面臨這個黑暗的世界時，我不想活了。,活了,S-U,S-U,S-U,S-U,S-U,S-U,13
865,當我面臨這個黑暗的世界時，我不想活了。,。,O,O,O,O,O,O,14
866,不想活了，我每天都感受著無力感、失去動力、什麼都失去信心，我每天都在思考，我該怎麼做，我該怎么過著，我的生命太無力了我覺得無法擺脫這種感受，我已經試過了許多方法，沒有任何效力，我只剩下一種想法——結束一切�,不想,B-U,O,O,O,O,O,1
866,不想活了，我每天都感受著無力感、失去動力、什麼都失去信心，我每天都在思考，我該怎麼做，我該怎么過著，我的生命太無力了我覺得無法擺脫這種感受，我已經試過了許多方法，沒有任何效力，我只剩下一種想法——結束一切�,活了,E-U,S-U,S-U,S-U,S-U,S-U,2
866,不想活了，我每天都感受著無力感、失去動力、什麼都失去信心，我每天都在思考，我該怎麼做，我該怎么過著，我的生命太無力了我覺得無法擺脫這種感受，我已經試過了許多方法，沒有任何效力，我只剩下一種想法——結束一切�,，,O,O,O,O,O,O,3
866,不想活了，我每天都感受著無力感、失去動力、什麼都失去信心，我每天都在思考，我該怎麼做，我該怎么過著，我的生命太無力了我覺得無法擺脫這種感受，我已經試過了許多方法，沒有任何效力，我只剩下一種想法——結束一切�,我,O,O,O,O,O,O,4
866,不想活了，我每天都感受著無力感、失去動力、什麼都失去信心，我每天都在思考，我該怎麼做，我該怎么過著，我的生命太無力了我覺得無法擺脫這種感受，我已經試過了許多方法，沒有任何效力，我只剩下一種想法——結束一切�,每天,O,O,O,O,O,O,5
866,不想活了，我每天都感受著無力感、失去動力、什麼都失去信心，我每天都在思考，我該怎麼做，我該怎么過著，我的生命太無力了我覺得無法擺脫這種感受，我已經試過了許多方法，沒有任何效力，我只剩下一種想法——結束一切�,都,O,O,O,O,O,O,6
866,不想活了，我每天都感受著無力感、失去動力、什麼都失去信心，我每天都在思考，我該怎麼做，我該怎么過著，我的生命太無力了我覺得無法擺脫這種感受，我已經試過了許多方法，沒有任何效力，我只剩下一種想法——結束一切�,感受,O,O,O,O,O,O,7
866,不想活了，我每天都感受著無力感、失去動力、什麼都失去信心，我每天都在思考，我該怎麼做，我該怎么過著，我的生命太無力了我覺得無法擺脫這種感受，我已經試過了許多方法，沒有任何效力，我只剩下一種想法——結束一切�,著,O,O,O,O,O,O,8
866,不想活了，我每天都感受著無力感、失去動力、什麼都失去信心，我每天都在思考，我該怎麼做，我該怎么過著，我的生命太無力了我覺得無法擺脫這種感受，我已經試過了許多方法，沒有任何效力，我只剩下一種想法——結束一切�,無力感,S-D,S-W,S-W,S-W,S-W,S-W,9
866,不想活了，我每天都感受著無力感、失去動力、什麼都失去信心，我每天都在思考，我該怎麼做，我該怎么過著，我的生命太無力了我覺得無法擺脫這種感受，我已經試過了許多方法，沒有任何效力，我只剩下一種想法——結束一切�,、,O,O,O,O,O,O,10
866,不想活了，我每天都感受著無力感、失去動力、什麼都失去信心，我每天都在思考，我該怎麼做，我該怎么過著，我的生命太無力了我覺得無法擺脫這種感受，我已經試過了許多方法，沒有任何效力，我只剩下一種想法——結束一切�,失去,B-D,O,O,O,O,O,11
866,不想活了，我每天都感受著無力感、失去動力、什麼都失去信心，我每天都在思考，我該怎麼做，我該怎么過著，我的生命太無力了我覺得無法擺脫這種感受，我已經試過了許多方法，沒有任何效力，我只剩下一種想法——結束一切�,動力,E-D,S-W,S-W,S-W,S-W,S-W,12
866,不想活了，我每天都感受著無力感、失去動力、什麼都失去信心，我每天都在思考，我該怎麼做，我該怎么過著，我的生命太無力了我覺得無法擺脫這種感受，我已經試過了許多方法，沒有任何效力，我只剩下一種想法——結束一切�,、,O,O,O,O,O,O,13
866,不想活了，我每天都感受著無力感、失去動力、什麼都失去信心，我每天都在思考，我該怎麼做，我該怎么過著，我的生命太無力了我覺得無法擺脫這種感受，我已經試過了許多方法，沒有任何效力，我只剩下一種想法——結束一切�,什麼,O,O,O,O,O,O,14
866,不想活了，我每天都感受著無力感、失去動力、什麼都失去信心，我每天都在思考，我該怎麼做，我該怎么過著，我的生命太無力了我覺得無法擺脫這種感受，我已經試過了許多方法，沒有任何效力，我只剩下一種想法——結束一切�,都,O,O,O,O,O,O,15
866,不想活了，我每天都感受著無力感、失去動力、什麼都失去信心，我每天都在思考，我該怎麼做，我該怎么過著，我的生命太無力了我覺得無法擺脫這種感受，我已經試過了許多方法，沒有任何效力，我只剩下一種想法——結束一切�,失去,B-W,O,O,O,O,O,16
866,不想活了，我每天都感受著無力感、失去動力、什麼都失去信心，我每天都在思考，我該怎麼做，我該怎么過著，我的生命太無力了我覺得無法擺脫這種感受，我已經試過了許多方法，沒有任何效力，我只剩下一種想法——結束一切�,信心,E-W,S-W,S-W,S-W,S-W,S-W,17
866,不想活了，我每天都感受著無力感、失去動力、什麼都失去信心，我每天都在思考，我該怎麼做，我該怎么過著，我的生命太無力了我覺得無法擺脫這種感受，我已經試過了許多方法，沒有任何效力，我只剩下一種想法——結束一切�,，,O,O,O,O,O,O,18
866,不想活了，我每天都感受著無力感、失去動力、什麼都失去信心，我每天都在思考，我該怎麼做，我該怎么過著，我的生命太無力了我覺得無法擺脫這種感受，我已經試過了許多方法，沒有任何效力，我只剩下一種想法——結束一切�,我,O,O,O,O,O,O,19
866,不想活了，我每天都感受著無力感、失去動力、什麼都失去信心，我每天都在思考，我該怎麼做，我該怎么過著，我的生命太無力了我覺得無法擺脫這種感受，我已經試過了許多方法，沒有任何效力，我只剩下一種想法——結束一切�,每天,O,O,O,O,O,O,20
866,不想活了，我每天都感受著無力感、失去動力、什麼都失去信心，我每天都在思考，我該怎麼做，我該怎么過著，我的生命太無力了我覺得無法擺脫這種感受，我已經試過了許多方法，沒有任何效力，我只剩下一種想法——結束一切�,都,O,O,O,O,O,O,21
866,不想活了，我每天都感受著無力感、失去動力、什麼都失去信心，我每天都在思考，我該怎麼做，我該怎么過著，我的生命太無力了我覺得無法擺脫這種感受，我已經試過了許多方法，沒有任何效力，我只剩下一種想法——結束一切�,在,O,O,O,O,O,O,22
866,不想活了，我每天都感受著無力感、失去動力、什麼都失去信心，我每天都在思考，我該怎麼做，我該怎么過著，我的生命太無力了我覺得無法擺脫這種感受，我已經試過了許多方法，沒有任何效力，我只剩下一種想法——結束一切�,思考,O,O,O,O,O,O,23
866,不想活了，我每天都感受著無力感、失去動力、什麼都失去信心，我每天都在思考，我該怎麼做，我該怎么過著，我的生命太無力了我覺得無法擺脫這種感受，我已經試過了許多方法，沒有任何效力，我只剩下一種想法——結束一切�,，,O,O,O,O,O,O,24
866,不想活了，我每天都感受著無力感、失去動力、什麼都失去信心，我每天都在思考，我該怎麼做，我該怎么過著，我的生命太無力了我覺得無法擺脫這種感受，我已經試過了許多方法，沒有任何效力，我只剩下一種想法——結束一切�,我,O,O,O,O,O,O,25
866,不想活了，我每天都感受著無力感、失去動力、什麼都失去信心，我每天都在思考，我該怎麼做，我該怎么過著，我的生命太無力了我覺得無法擺脫這種感受，我已經試過了許多方法，沒有任何效力，我只剩下一種想法——結束一切�,該,O,O,O,O,O,O,26
866,不想活了，我每天都感受著無力感、失去動力、什麼都失去信心，我每天都在思考，我該怎麼做，我該怎么過著，我的生命太無力了我覺得無法擺脫這種感受，我已經試過了許多方法，沒有任何效力，我只剩下一種想法——結束一切�,怎麼,O,O,O,O,O,O,27
866,不想活了，我每天都感受著無力感、失去動力、什麼都失去信心，我每天都在思考，我該怎麼做，我該怎么過著，我的生命太無力了我覺得無法擺脫這種感受，我已經試過了許多方法，沒有任何效力，我只剩下一種想法——結束一切�,做,O,O,O,O,O,O,28
866,不想活了，我每天都感受著無力感、失去動力、什麼都失去信心，我每天都在思考，我該怎麼做，我該怎么過著，我的生命太無力了我覺得無法擺脫這種感受，我已經試過了許多方法，沒有任何效力，我只剩下一種想法——結束一切�,，,O,O,O,O,O,O,29
866,不想活了，我每天都感受著無力感、失去動力、什麼都失去信心，我每天都在思考，我該怎麼做，我該怎么過著，我的生命太無力了我覺得無法擺脫這種感受，我已經試過了許多方法，沒有任何效力，我只剩下一種想法——結束一切�,我,O,O,O,O,O,O,30
866,不想活了，我每天都感受著無力感、失去動力、什麼都失去信心，我每天都在思考，我該怎麼做，我該怎么過著，我的生命太無力了我覺得無法擺脫這種感受，我已經試過了許多方法，沒有任何效力，我只剩下一種想法——結束一切�,該,O,O,O,O,O,O,31
866,不想活了，我每天都感受著無力感、失去動力、什麼都失去信心，我每天都在思考，我該怎麼做，我該怎么過著，我的生命太無力了我覺得無法擺脫這種感受，我已經試過了許多方法，沒有任何效力，我只剩下一種想法——結束一切�,怎么,O,O,O,O,O,O,32
866,不想活了，我每天都感受著無力感、失去動力、什麼都失去信心，我每天都在思考，我該怎麼做，我該怎么過著，我的生命太無力了我覺得無法擺脫這種感受，我已經試過了許多方法，沒有任何效力，我只剩下一種想法——結束一切�,過著,O,O,O,O,O,O,33
866,不想活了，我每天都感受著無力感、失去動力、什麼都失去信心，我每天都在思考，我該怎麼做，我該怎么過著，我的生命太無力了我覺得無法擺脫這種感受，我已經試過了許多方法，沒有任何效力，我只剩下一種想法——結束一切�,，,O,O,O,O,O,O,34
866,不想活了，我每天都感受著無力感、失去動力、什麼都失去信心，我每天都在思考，我該怎麼做，我該怎么過著，我的生命太無力了我覺得無法擺脫這種感受，我已經試過了許多方法，沒有任何效力，我只剩下一種想法——結束一切�,我的,O,O,O,O,O,O,35
866,不想活了，我每天都感受著無力感、失去動力、什麼都失去信心，我每天都在思考，我該怎麼做，我該怎么過著，我的生命太無力了我覺得無法擺脫這種感受，我已經試過了許多方法，沒有任何效力，我只剩下一種想法——結束一切�,生命,O,O,O,O,O,O,36
866,不想活了，我每天都感受著無力感、失去動力、什麼都失去信心，我每天都在思考，我該怎麼做，我該怎么過著，我的生命太無力了我覺得無法擺脫這種感受，我已經試過了許多方法，沒有任何效力，我只剩下一種想法——結束一切�,太,O,O,O,O,O,O,37
866,不想活了，我每天都感受著無力感、失去動力、什麼都失去信心，我每天都在思考，我該怎麼做，我該怎么過著，我的生命太無力了我覺得無法擺脫這種感受，我已經試過了許多方法，沒有任何效力，我只剩下一種想法——結束一切�,無力了,S-W,S-W,S-W,S-W,S-W,S-W,38
866,不想活了，我每天都感受著無力感、失去動力、什麼都失去信心，我每天都在思考，我該怎麼做，我該怎么過著，我的生命太無力了我覺得無法擺脫這種感受，我已經試過了許多方法，沒有任何效力，我只剩下一種想法——結束一切�,我,O,O,O,O,O,O,39
866,不想活了，我每天都感受著無力感、失去動力、什麼都失去信心，我每天都在思考，我該怎麼做，我該怎么過著，我的生命太無力了我覺得無法擺脫這種感受，我已經試過了許多方法，沒有任何效力，我只剩下一種想法——結束一切�,覺得,O,O,O,O,O,O,40
866,不想活了，我每天都感受著無力感、失去動力、什麼都失去信心，我每天都在思考，我該怎麼做，我該怎么過著，我的生命太無力了我覺得無法擺脫這種感受，我已經試過了許多方法，沒有任何效力，我只剩下一種想法——結束一切�,無法,O,O,O,O,O,O,41
866,不想活了，我每天都感受著無力感、失去動力、什麼都失去信心，我每天都在思考，我該怎麼做，我該怎么過著，我的生命太無力了我覺得無法擺脫這種感受，我已經試過了許多方法，沒有任何效力，我只剩下一種想法——結束一切�,擺脫,O,O,O,O,O,O,42
866,不想活了，我每天都感受著無力感、失去動力、什麼都失去信心，我每天都在思考，我該怎麼做，我該怎么過著，我的生命太無力了我覺得無法擺脫這種感受，我已經試過了許多方法，沒有任何效力，我只剩下一種想法——結束一切�,這種,O,O,O,O,O,O,43
866,不想活了，我每天都感受著無力感、失去動力、什麼都失去信心，我每天都在思考，我該怎麼做，我該怎么過著，我的生命太無力了我覺得無法擺脫這種感受，我已經試過了許多方法，沒有任何效力，我只剩下一種想法——結束一切�,感受,S-D,S-D,S-D,S-D,S-D,S-D,44
866,不想活了，我每天都感受著無力感、失去動力、什麼都失去信心，我每天都在思考，我該怎麼做，我該怎么過著，我的生命太無力了我覺得無法擺脫這種感受，我已經試過了許多方法，沒有任何效力，我只剩下一種想法——結束一切�,，,O,O,O,O,O,O,45
866,不想活了，我每天都感受著無力感、失去動力、什麼都失去信心，我每天都在思考，我該怎麼做，我該怎么過著，我的生命太無力了我覺得無法擺脫這種感受，我已經試過了許多方法，沒有任何效力，我只剩下一種想法——結束一切�,我,O,O,O,O,O,O,46
866,不想活了，我每天都感受著無力感、失去動力、什麼都失去信心，我每天都在思考，我該怎麼做，我該怎么過著，我的生命太無力了我覺得無法擺脫這種感受，我已經試過了許多方法，沒有任何效力，我只剩下一種想法——結束一切�,已經,O,O,O,O,O,O,47
866,不想活了，我每天都感受著無力感、失去動力、什麼都失去信心，我每天都在思考，我該怎麼做，我該怎么過著，我的生命太無力了我覺得無法擺脫這種感受，我已經試過了許多方法，沒有任何效力，我只剩下一種想法——結束一切�,試過,O,O,O,O,O,O,48
866,不想活了，我每天都感受著無力感、失去動力、什麼都失去信心，我每天都在思考，我該怎麼做，我該怎么過著，我的生命太無力了我覺得無法擺脫這種感受，我已經試過了許多方法，沒有任何效力，我只剩下一種想法——結束一切�,了,O,O,O,O,O,O,49
866,不想活了，我每天都感受著無力感、失去動力、什麼都失去信心，我每天都在思考，我該怎麼做，我該怎么過著，我的生命太無力了我覺得無法擺脫這種感受，我已經試過了許多方法，沒有任何效力，我只剩下一種想法——結束一切�,許多,O,O,O,O,O,O,50
866,不想活了，我每天都感受著無力感、失去動力、什麼都失去信心，我每天都在思考，我該怎麼做，我該怎么過著，我的生命太無力了我覺得無法擺脫這種感受，我已經試過了許多方法，沒有任何效力，我只剩下一種想法——結束一切�,方法,O,O,O,O,O,O,51
866,不想活了，我每天都感受著無力感、失去動力、什麼都失去信心，我每天都在思考，我該怎麼做，我該怎么過著，我的生命太無力了我覺得無法擺脫這種感受，我已經試過了許多方法，沒有任何效力，我只剩下一種想法——結束一切�,，,O,O,O,O,O,O,52
866,不想活了，我每天都感受著無力感、失去動力、什麼都失去信心，我每天都在思考，我該怎麼做，我該怎么過著，我的生命太無力了我覺得無法擺脫這種感受，我已經試過了許多方法，沒有任何效力，我只剩下一種想法——結束一切�,沒有,O,O,O,O,O,O,53
866,不想活了，我每天都感受著無力感、失去動力、什麼都失去信心，我每天都在思考，我該怎麼做，我該怎么過著，我的生命太無力了我覺得無法擺脫這種感受，我已經試過了許多方法，沒有任何效力，我只剩下一種想法——結束一切�,任何,O,O,O,O,O,O,54
866,不想活了，我每天都感受著無力感、失去動力、什麼都失去信心，我每天都在思考，我該怎麼做，我該怎么過著，我的生命太無力了我覺得無法擺脫這種感受，我已經試過了許多方法，沒有任何效力，我只剩下一種想法——結束一切�,效力,O,S-W,S-W,S-W,O,S-W,55
866,不想活了，我每天都感受著無力感、失去動力、什麼都失去信心，我每天都在思考，我該怎麼做，我該怎么過著，我的生命太無力了我覺得無法擺脫這種感受，我已經試過了許多方法，沒有任何效力，我只剩下一種想法——結束一切�,，,O,O,O,O,O,O,56
866,不想活了，我每天都感受著無力感、失去動力、什麼都失去信心，我每天都在思考，我該怎麼做，我該怎么過著，我的生命太無力了我覺得無法擺脫這種感受，我已經試過了許多方法，沒有任何效力，我只剩下一種想法——結束一切�,我,O,O,O,O,O,O,57
866,不想活了，我每天都感受著無力感、失去動力、什麼都失去信心，我每天都在思考，我該怎麼做，我該怎么過著，我的生命太無力了我覺得無法擺脫這種感受，我已經試過了許多方法，沒有任何效力，我只剩下一種想法——結束一切�,只,O,O,O,O,O,O,58
866,不想活了，我每天都感受著無力感、失去動力、什麼都失去信心，我每天都在思考，我該怎麼做，我該怎么過著，我的生命太無力了我覺得無法擺脫這種感受，我已經試過了許多方法，沒有任何效力，我只剩下一種想法——結束一切�,剩下,O,O,O,O,O,O,59
866,不想活了，我每天都感受著無力感、失去動力、什麼都失去信心，我每天都在思考，我該怎麼做，我該怎么過著，我的生命太無力了我覺得無法擺脫這種感受，我已經試過了許多方法，沒有任何效力，我只剩下一種想法——結束一切�,一種,O,O,O,O,O,O,60
866,不想活了，我每天都感受著無力感、失去動力、什麼都失去信心，我每天都在思考，我該怎麼做，我該怎么過著，我的生命太無力了我覺得無法擺脫這種感受，我已經試過了許多方法，沒有任何效力，我只剩下一種想法——結束一切�,想法,O,O,O,O,O,O,61
866,不想活了，我每天都感受著無力感、失去動力、什麼都失去信心，我每天都在思考，我該怎麼做，我該怎么過著，我的生命太無力了我覺得無法擺脫這種感受，我已經試過了許多方法，沒有任何效力，我只剩下一種想法——結束一切�,——,O,O,O,O,O,O,62
866,不想活了，我每天都感受著無力感、失去動力、什麼都失去信心，我每天都在思考，我該怎麼做，我該怎么過著，我的生命太無力了我覺得無法擺脫這種感受，我已經試過了許多方法，沒有任何效力，我只剩下一種想法——結束一切�,結束,O,O,O,O,O,O,63
866,不想活了，我每天都感受著無力感、失去動力、什麼都失去信心，我每天都在思考，我該怎麼做，我該怎么過著，我的生命太無力了我覺得無法擺脫這種感受，我已經試過了許多方法，沒有任何效力，我只剩下一種想法——結束一切�,一切,S-U,S-U,S-U,S-U,S-U,S-U,64
866,不想活了，我每天都感受著無力感、失去動力、什麼都失去信心，我每天都在思考，我該怎麼做，我該怎么過著，我的生命太無力了我覺得無法擺脫這種感受，我已經試過了許多方法，沒有任何效力，我只剩下一種想法——結束一切�,。,O,O,O,O,O,O,65
867,今天的夜晚似乎不會結束 ️ 我不知道我是否還是能夠過著正常的生活  一天一天地消失掉，我們的愛、我們的光亮  我不能再保持這個樣子的笑容 我想我只是變得厲害而已  懷抱著我自己了,今天,O,O,O,O,O,O,1
867,今天的夜晚似乎不會結束 ️ 我不知道我是否還是能夠過著正常的生活  一天一天地消失掉，我們的愛、我們的光亮  我不能再保持這個樣子的笑容 我想我只是變得厲害而已  懷抱著我自己了,的,O,O,O,O,O,O,2
867,今天的夜晚似乎不會結束 ️ 我不知道我是否還是能夠過著正常的生活  一天一天地消失掉，我們的愛、我們的光亮  我不能再保持這個樣子的笑容 我想我只是變得厲害而已  懷抱著我自己了,夜晚,O,O,O,O,O,O,3
867,今天的夜晚似乎不會結束 ️ 我不知道我是否還是能夠過著正常的生活  一天一天地消失掉，我們的愛、我們的光亮  我不能再保持這個樣子的笑容 我想我只是變得厲害而已  懷抱著我自己了,似乎,O,O,O,O,O,O,4
867,今天的夜晚似乎不會結束 ️ 我不知道我是否還是能夠過著正常的生活  一天一天地消失掉，我們的愛、我們的光亮  我不能再保持這個樣子的笑容 我想我只是變得厲害而已  懷抱著我自己了,不,O,O,O,O,O,O,5
867,今天的夜晚似乎不會結束 ️ 我不知道我是否還是能夠過著正常的生活  一天一天地消失掉，我們的愛、我們的光亮  我不能再保持這個樣子的笑容 我想我只是變得厲害而已  懷抱著我自己了,會,O,O,O,O,O,O,6
867,今天的夜晚似乎不會結束 ️ 我不知道我是否還是能夠過著正常的生活  一天一天地消失掉，我們的愛、我們的光亮  我不能再保持這個樣子的笑容 我想我只是變得厲害而已  懷抱著我自己了,結束,S-D,S-D,S-D,S-D,S-D,S-D,7
867,今天的夜晚似乎不會結束 ️ 我不知道我是否還是能夠過著正常的生活  一天一天地消失掉，我們的愛、我們的光亮  我不能再保持這個樣子的笑容 我想我只是變得厲害而已  懷抱著我自己了,️,O,O,O,O,O,O,8
867,今天的夜晚似乎不會結束 ️ 我不知道我是否還是能夠過著正常的生活  一天一天地消失掉，我們的愛、我們的光亮  我不能再保持這個樣子的笑容 我想我只是變得厲害而已  懷抱著我自己了,我,O,O,O,O,O,O,9
867,今天的夜晚似乎不會結束 ️ 我不知道我是否還是能夠過著正常的生活  一天一天地消失掉，我們的愛、我們的光亮  我不能再保持這個樣子的笑容 我想我只是變得厲害而已  懷抱著我自己了,不知道,O,O,O,O,O,O,10
867,今天的夜晚似乎不會結束 ️ 我不知道我是否還是能夠過著正常的生活  一天一天地消失掉，我們的愛、我們的光亮  我不能再保持這個樣子的笑容 我想我只是變得厲害而已  懷抱著我自己了,我,O,O,O,O,O,O,11
867,今天的夜晚似乎不會結束 ️ 我不知道我是否還是能夠過著正常的生活  一天一天地消失掉，我們的愛、我們的光亮  我不能再保持這個樣子的笑容 我想我只是變得厲害而已  懷抱著我自己了,是否,O,O,O,O,O,O,12
867,今天的夜晚似乎不會結束 ️ 我不知道我是否還是能夠過著正常的生活  一天一天地消失掉，我們的愛、我們的光亮  我不能再保持這個樣子的笑容 我想我只是變得厲害而已  懷抱著我自己了,還是,O,O,O,O,O,O,13
867,今天的夜晚似乎不會結束 ️ 我不知道我是否還是能夠過著正常的生活  一天一天地消失掉，我們的愛、我們的光亮  我不能再保持這個樣子的笑容 我想我只是變得厲害而已  懷抱著我自己了,能夠,O,O,O,O,O,O,14
867,今天的夜晚似乎不會結束 ️ 我不知道我是否還是能夠過著正常的生活  一天一天地消失掉，我們的愛、我們的光亮  我不能再保持這個樣子的笑容 我想我只是變得厲害而已  懷抱著我自己了,過著,O,O,O,O,O,O,15
867,今天的夜晚似乎不會結束 ️ 我不知道我是否還是能夠過著正常的生活  一天一天地消失掉，我們的愛、我們的光亮  我不能再保持這個樣子的笑容 我想我只是變得厲害而已  懷抱著我自己了,正常,O,O,O,O,O,O,16
867,今天的夜晚似乎不會結束 ️ 我不知道我是否還是能夠過著正常的生活  一天一天地消失掉，我們的愛、我們的光亮  我不能再保持這個樣子的笑容 我想我只是變得厲害而已  懷抱著我自己了,的,O,O,O,O,O,O,17
867,今天的夜晚似乎不會結束 ️ 我不知道我是否還是能夠過著正常的生活  一天一天地消失掉，我們的愛、我們的光亮  我不能再保持這個樣子的笑容 我想我只是變得厲害而已  懷抱著我自己了,生活,O,O,O,O,O,O,18
867,今天的夜晚似乎不會結束 ️ 我不知道我是否還是能夠過著正常的生活  一天一天地消失掉，我們的愛、我們的光亮  我不能再保持這個樣子的笑容 我想我只是變得厲害而已  懷抱著我自己了,O,O,O,O,O,O,O,19
867,今天的夜晚似乎不會結束 ️ 我不知道我是否還是能夠過著正常的生活  一天一天地消失掉，我們的愛、我們的光亮  我不能再保持這個樣子的笑容 我想我只是變得厲害而已  懷抱著我自己了,一天,O,O,O,O,O,O,20
867,今天的夜晚似乎不會結束 ️ 我不知道我是否還是能夠過著正常的生活  一天一天地消失掉，我們的愛、我們的光亮  我不能再保持這個樣子的笑容 我想我只是變得厲害而已  懷抱著我自己了,一天,O,O,O,O,O,O,21
867,今天的夜晚似乎不會結束 ️ 我不知道我是否還是能夠過著正常的生活  一天一天地消失掉，我們的愛、我們的光亮  我不能再保持這個樣子的笑容 我想我只是變得厲害而已  懷抱著我自己了,地,O,O,O,O,O,O,22
867,今天的夜晚似乎不會結束 ️ 我不知道我是否還是能夠過著正常的生活  一天一天地消失掉，我們的愛、我們的光亮  我不能再保持這個樣子的笑容 我想我只是變得厲害而已  懷抱著我自己了,消失,O,O,O,O,O,O,23
867,今天的夜晚似乎不會結束 ️ 我不知道我是否還是能夠過著正常的生活  一天一天地消失掉，我們的愛、我們的光亮  我不能再保持這個樣子的笑容 我想我只是變得厲害而已  懷抱著我自己了,掉,O,O,O,O,O,O,24
867,今天的夜晚似乎不會結束 ️ 我不知道我是否還是能夠過著正常的生活  一天一天地消失掉，我們的愛、我們的光亮  我不能再保持這個樣子的笑容 我想我只是變得厲害而已  懷抱著我自己了,，,O,O,O,O,O,O,25
867,今天的夜晚似乎不會結束 ️ 我不知道我是否還是能夠過著正常的生活  一天一天地消失掉，我們的愛、我們的光亮  我不能再保持這個樣子的笑容 我想我只是變得厲害而已  懷抱著我自己了,我們,O,O,O,O,O,O,26
867,今天的夜晚似乎不會結束 ️ 我不知道我是否還是能夠過著正常的生活  一天一天地消失掉，我們的愛、我們的光亮  我不能再保持這個樣子的笑容 我想我只是變得厲害而已  懷抱著我自己了,的,O,O,O,O,O,O,27
867,今天的夜晚似乎不會結束 ️ 我不知道我是否還是能夠過著正常的生活  一天一天地消失掉，我們的愛、我們的光亮  我不能再保持這個樣子的笑容 我想我只是變得厲害而已  懷抱著我自己了,愛,O,O,O,O,O,O,28
867,今天的夜晚似乎不會結束 ️ 我不知道我是否還是能夠過著正常的生活  一天一天地消失掉，我們的愛、我們的光亮  我不能再保持這個樣子的笑容 我想我只是變得厲害而已  懷抱著我自己了,、,O,O,O,O,O,O,29
867,今天的夜晚似乎不會結束 ️ 我不知道我是否還是能夠過著正常的生活  一天一天地消失掉，我們的愛、我們的光亮  我不能再保持這個樣子的笑容 我想我只是變得厲害而已  懷抱著我自己了,我們,O,O,O,O,O,O,30
867,今天的夜晚似乎不會結束 ️ 我不知道我是否還是能夠過著正常的生活  一天一天地消失掉，我們的愛、我們的光亮  我不能再保持這個樣子的笑容 我想我只是變得厲害而已  懷抱著我自己了,的,O,O,O,O,O,O,31
867,今天的夜晚似乎不會結束 ️ 我不知道我是否還是能夠過著正常的生活  一天一天地消失掉，我們的愛、我們的光亮  我不能再保持這個樣子的笑容 我想我只是變得厲害而已  懷抱著我自己了,光亮,O,O,O,O,O,O,32
867,今天的夜晚似乎不會結束 ️ 我不知道我是否還是能夠過著正常的生活  一天一天地消失掉，我們的愛、我們的光亮  我不能再保持這個樣子的笑容 我想我只是變得厲害而已  懷抱著我自己了,O,O,O,O,O,O,O,33
867,今天的夜晚似乎不會結束 ️ 我不知道我是否還是能夠過著正常的生活  一天一天地消失掉，我們的愛、我們的光亮  我不能再保持這個樣子的笑容 我想我只是變得厲害而已  懷抱著我自己了,我,O,O,O,O,O,O,34
867,今天的夜晚似乎不會結束 ️ 我不知道我是否還是能夠過著正常的生活  一天一天地消失掉，我們的愛、我們的光亮  我不能再保持這個樣子的笑容 我想我只是變得厲害而已  懷抱著我自己了,不能,O,O,O,O,O,O,35
867,今天的夜晚似乎不會結束 ️ 我不知道我是否還是能夠過著正常的生活  一天一天地消失掉，我們的愛、我們的光亮  我不能再保持這個樣子的笑容 我想我只是變得厲害而已  懷抱著我自己了,再,O,O,O,O,O,O,36
867,今天的夜晚似乎不會結束 ️ 我不知道我是否還是能夠過著正常的生活  一天一天地消失掉，我們的愛、我們的光亮  我不能再保持這個樣子的笑容 我想我只是變得厲害而已  懷抱著我自己了,保持,O,O,O,O,O,O,37
867,今天的夜晚似乎不會結束 ️ 我不知道我是否還是能夠過著正常的生活  一天一天地消失掉，我們的愛、我們的光亮  我不能再保持這個樣子的笑容 我想我只是變得厲害而已  懷抱著我自己了,這個,O,O,O,O,O,O,38
867,今天的夜晚似乎不會結束 ️ 我不知道我是否還是能夠過著正常的生活  一天一天地消失掉，我們的愛、我們的光亮  我不能再保持這個樣子的笑容 我想我只是變得厲害而已  懷抱著我自己了,樣子,O,O,O,O,O,O,39
867,今天的夜晚似乎不會結束 ️ 我不知道我是否還是能夠過著正常的生活  一天一天地消失掉，我們的愛、我們的光亮  我不能再保持這個樣子的笑容 我想我只是變得厲害而已  懷抱著我自己了,的,O,O,O,O,O,O,40
867,今天的夜晚似乎不會結束 ️ 我不知道我是否還是能夠過著正常的生活  一天一天地消失掉，我們的愛、我們的光亮  我不能再保持這個樣子的笑容 我想我只是變得厲害而已  懷抱著我自己了,笑容,S-D,S-D,S-D,S-D,S-D,S-D,41
867,今天的夜晚似乎不會結束 ️ 我不知道我是否還是能夠過著正常的生活  一天一天地消失掉，我們的愛、我們的光亮  我不能再保持這個樣子的笑容 我想我只是變得厲害而已  懷抱著我自己了,我,O,O,O,O,O,O,42
867,今天的夜晚似乎不會結束 ️ 我不知道我是否還是能夠過著正常的生活  一天一天地消失掉，我們的愛、我們的光亮  我不能再保持這個樣子的笑容 我想我只是變得厲害而已  懷抱著我自己了,想,O,O,O,O,O,O,43
867,今天的夜晚似乎不會結束 ️ 我不知道我是否還是能夠過著正常的生活  一天一天地消失掉，我們的愛、我們的光亮  我不能再保持這個樣子的笑容 我想我只是變得厲害而已  懷抱著我自己了,我,O,O,O,O,O,O,44
867,今天的夜晚似乎不會結束 ️ 我不知道我是否還是能夠過著正常的生活  一天一天地消失掉，我們的愛、我們的光亮  我不能再保持這個樣子的笑容 我想我只是變得厲害而已  懷抱著我自己了,只是,O,O,O,O,O,O,45
867,今天的夜晚似乎不會結束 ️ 我不知道我是否還是能夠過著正常的生活  一天一天地消失掉，我們的愛、我們的光亮  我不能再保持這個樣子的笑容 我想我只是變得厲害而已  懷抱著我自己了,變得,O,O,O,O,O,O,46
867,今天的夜晚似乎不會結束 ️ 我不知道我是否還是能夠過著正常的生活  一天一天地消失掉，我們的愛、我們的光亮  我不能再保持這個樣子的笑容 我想我只是變得厲害而已  懷抱著我自己了,厲害,O,O,O,O,O,O,47
867,今天的夜晚似乎不會結束 ️ 我不知道我是否還是能夠過著正常的生活  一天一天地消失掉，我們的愛、我們的光亮  我不能再保持這個樣子的笑容 我想我只是變得厲害而已  懷抱著我自己了,而,O,O,O,O,O,O,48
867,今天的夜晚似乎不會結束 ️ 我不知道我是否還是能夠過著正常的生活  一天一天地消失掉，我們的愛、我們的光亮  我不能再保持這個樣子的笑容 我想我只是變得厲害而已  懷抱著我自己了,已,O,O,O,O,O,O,49
867,今天的夜晚似乎不會結束 ️ 我不知道我是否還是能夠過著正常的生活  一天一天地消失掉，我們的愛、我們的光亮  我不能再保持這個樣子的笑容 我想我只是變得厲害而已  懷抱著我自己了,O,O,O,O,O,O,O,50
867,今天的夜晚似乎不會結束 ️ 我不知道我是否還是能夠過著正常的生活  一天一天地消失掉，我們的愛、我們的光亮  我不能再保持這個樣子的笑容 我想我只是變得厲害而已  懷抱著我自己了,懷抱,O,O,O,O,O,O,51
867,今天的夜晚似乎不會結束 ️ 我不知道我是否還是能夠過著正常的生活  一天一天地消失掉，我們的愛、我們的光亮  我不能再保持這個樣子的笑容 我想我只是變得厲害而已  懷抱著我自己了,著,O,O,O,O,O,O,52
867,今天的夜晚似乎不會結束 ️ 我不知道我是否還是能夠過著正常的生活  一天一天地消失掉，我們的愛、我們的光亮  我不能再保持這個樣子的笑容 我想我只是變得厲害而已  懷抱著我自己了,我,O,O,O,O,O,O,53
867,今天的夜晚似乎不會結束 ️ 我不知道我是否還是能夠過著正常的生活  一天一天地消失掉，我們的愛、我們的光亮  我不能再保持這個樣子的笑容 我想我只是變得厲害而已  懷抱著我自己了,自己,O,O,O,O,O,O,54
867,今天的夜晚似乎不會結束 ️ 我不知道我是否還是能夠過著正常的生活  一天一天地消失掉，我們的愛、我們的光亮  我不能再保持這個樣子的笑容 我想我只是變得厲害而已  懷抱著我自己了,了,O,O,缺失預測,O,O,O,55
868,不知道天長日短，還是天短日長，總是無法擺脫那份黑暗感,不知道,O,O,O,O,O,O,1
868,不知道天長日短，還是天短日長，總是無法擺脫那份黑暗感,天,O,O,O,O,O,O,2
868,不知道天長日短，還是天短日長，總是無法擺脫那份黑暗感,長,O,O,O,O,O,O,3
868,不知道天長日短，還是天短日長，總是無法擺脫那份黑暗感,日,O,O,O,O,O,O,4
868,不知道天長日短，還是天短日長，總是無法擺脫那份黑暗感,短,O,O,O,O,O,O,5
868,不知道天長日短，還是天短日長，總是無法擺脫那份黑暗感,，,O,O,O,O,O,O,6
868,不知道天長日短，還是天短日長，總是無法擺脫那份黑暗感,還是,O,O,O,O,O,O,7
868,不知道天長日短，還是天短日長，總是無法擺脫那份黑暗感,天,O,O,O,O,O,O,8
868,不知道天長日短，還是天短日長，總是無法擺脫那份黑暗感,短,O,O,O,O,O,O,9
868,不知道天長日短，還是天短日長，總是無法擺脫那份黑暗感,日,O,O,O,B-D,O,O,10
868,不知道天長日短，還是天短日長，總是無法擺脫那份黑暗感,長,O,O,O,E-D,O,O,11
868,不知道天長日短，還是天短日長，總是無法擺脫那份黑暗感,，,O,O,O,O,O,O,12
868,不知道天長日短，還是天短日長，總是無法擺脫那份黑暗感,總是,O,O,O,S-D,O,O,13
868,不知道天長日短，還是天短日長，總是無法擺脫那份黑暗感,無法,B-D,B-D,B-D,O,B-D,B-D,14
868,不知道天長日短，還是天短日長，總是無法擺脫那份黑暗感,擺脫,E-D,E-D,E-D,缺失預測,E-D,E-D,15
868,不知道天長日短，還是天短日長，總是無法擺脫那份黑暗感,那份,O,O,O,缺失預測,O,O,16
868,不知道天長日短，還是天短日長，總是無法擺脫那份黑暗感,黑暗,S-D,S-D,S-D,缺失預測,S-D,S-D,17
868,不知道天長日短，還是天短日長，總是無法擺脫那份黑暗感,感,O,O,O,缺失預測,O,O,18
869,我最近的生活像是走在絕望的旅途上，所有的努力，都是無效的。每天我都像是一個重復的模式，無法逃避的人際關係問題，似乎是無法解決的。 我不想活了；我想,我,O,O,O,O,O,O,1
869,我最近的生活像是走在絕望的旅途上，所有的努力，都是無效的。每天我都像是一個重復的模式，無法逃避的人際關係問題，似乎是無法解決的。 我不想活了；我想,最近,O,O,O,O,O,O,2
869,我最近的生活像是走在絕望的旅途上，所有的努力，都是無效的。每天我都像是一個重復的模式，無法逃避的人際關係問題，似乎是無法解決的。 我不想活了；我想,的,O,O,O,O,O,O,3
869,我最近的生活像是走在絕望的旅途上，所有的努力，都是無效的。每天我都像是一個重復的模式，無法逃避的人際關係問題，似乎是無法解決的。 我不想活了；我想,生活,O,O,O,O,O,O,4
869,我最近的生活像是走在絕望的旅途上，所有的努力，都是無效的。每天我都像是一個重復的模式，無法逃避的人際關係問題，似乎是無法解決的。 我不想活了；我想,像是,O,O,O,O,O,O,5
869,我最近的生活像是走在絕望的旅途上，所有的努力，都是無效的。每天我都像是一個重復的模式，無法逃避的人際關係問題，似乎是無法解決的。 我不想活了；我想,走,O,O,O,O,O,O,6
869,我最近的生活像是走在絕望的旅途上，所有的努力，都是無效的。每天我都像是一個重復的模式，無法逃避的人際關係問題，似乎是無法解決的。 我不想活了；我想,在,O,O,O,O,O,O,7
869,我最近的生活像是走在絕望的旅途上，所有的努力，都是無效的。每天我都像是一個重復的模式，無法逃避的人際關係問題，似乎是無法解決的。 我不想活了；我想,絕望,S-D,S-D,S-D,S-D,S-D,S-D,8
869,我最近的生活像是走在絕望的旅途上，所有的努力，都是無效的。每天我都像是一個重復的模式，無法逃避的人際關係問題，似乎是無法解決的。 我不想活了；我想,的,O,O,O,O,O,O,9
869,我最近的生活像是走在絕望的旅途上，所有的努力，都是無效的。每天我都像是一個重復的模式，無法逃避的人際關係問題，似乎是無法解決的。 我不想活了；我想,旅途,O,O,O,O,O,O,10
869,我最近的生活像是走在絕望的旅途上，所有的努力，都是無效的。每天我都像是一個重復的模式，無法逃避的人際關係問題，似乎是無法解決的。 我不想活了；我想,上,O,O,O,O,O,O,11
869,我最近的生活像是走在絕望的旅途上，所有的努力，都是無效的。每天我都像是一個重復的模式，無法逃避的人際關係問題，似乎是無法解決的。 我不想活了；我想,，,O,O,O,O,O,O,12
869,我最近的生活像是走在絕望的旅途上，所有的努力，都是無效的。每天我都像是一個重復的模式，無法逃避的人際關係問題，似乎是無法解決的。 我不想活了；我想,所有,O,O,O,O,O,O,13
869,我最近的生活像是走在絕望的旅途上，所有的努力，都是無效的。每天我都像是一個重復的模式，無法逃避的人際關係問題，似乎是無法解決的。 我不想活了；我想,的,O,O,O,O,O,O,14
869,我最近的生活像是走在絕望的旅途上，所有的努力，都是無效的。每天我都像是一個重復的模式，無法逃避的人際關係問題，似乎是無法解決的。 我不想活了；我想,努力,O,O,O,O,O,O,15
869,我最近的生活像是走在絕望的旅途上，所有的努力，都是無效的。每天我都像是一個重復的模式，無法逃避的人際關係問題，似乎是無法解決的。 我不想活了；我想,，,O,O,O,O,O,O,16
869,我最近的生活像是走在絕望的旅途上，所有的努力，都是無效的。每天我都像是一個重復的模式，無法逃避的人際關係問題，似乎是無法解決的。 我不想活了；我想,都是,O,O,O,O,O,O,17
869,我最近的生活像是走在絕望的旅途上，所有的努力，都是無效的。每天我都像是一個重復的模式，無法逃避的人際關係問題，似乎是無法解決的。 我不想活了；我想,無效,O,S-D,O,S-D,S-D,S-D,18
869,我最近的生活像是走在絕望的旅途上，所有的努力，都是無效的。每天我都像是一個重復的模式，無法逃避的人際關係問題，似乎是無法解決的。 我不想活了；我想,的,O,O,S-D,O,O,O,19
869,我最近的生活像是走在絕望的旅途上，所有的努力，都是無效的。每天我都像是一個重復的模式，無法逃避的人際關係問題，似乎是無法解決的。 我不想活了；我想,。,O,O,O,O,O,O,20
869,我最近的生活像是走在絕望的旅途上，所有的努力，都是無效的。每天我都像是一個重復的模式，無法逃避的人際關係問題，似乎是無法解決的。 我不想活了；我想,每天,O,O,O,O,O,O,21
869,我最近的生活像是走在絕望的旅途上，所有的努力，都是無效的。每天我都像是一個重復的模式，無法逃避的人際關係問題，似乎是無法解決的。 我不想活了；我想,我,O,O,O,O,O,O,22
869,我最近的生活像是走在絕望的旅途上，所有的努力，都是無效的。每天我都像是一個重復的模式，無法逃避的人際關係問題，似乎是無法解決的。 我不想活了；我想,都,O,O,O,O,O,O,23
869,我最近的生活像是走在絕望的旅途上，所有的努力，都是無效的。每天我都像是一個重復的模式，無法逃避的人際關係問題，似乎是無法解決的。 我不想活了；我想,像是,O,O,O,O,O,O,24
869,我最近的生活像是走在絕望的旅途上，所有的努力，都是無效的。每天我都像是一個重復的模式，無法逃避的人際關係問題，似乎是無法解決的。 我不想活了；我想,一個,O,O,O,O,O,O,25
869,我最近的生活像是走在絕望的旅途上，所有的努力，都是無效的。每天我都像是一個重復的模式，無法逃避的人際關係問題，似乎是無法解決的。 我不想活了；我想,重復,O,O,O,O,O,O,26
869,我最近的生活像是走在絕望的旅途上，所有的努力，都是無效的。每天我都像是一個重復的模式，無法逃避的人際關係問題，似乎是無法解決的。 我不想活了；我想,的,O,O,O,O,O,O,27
869,我最近的生活像是走在絕望的旅途上，所有的努力，都是無效的。每天我都像是一個重復的模式，無法逃避的人際關係問題，似乎是無法解決的。 我不想活了；我想,模式,O,O,O,O,O,O,28
869,我最近的生活像是走在絕望的旅途上，所有的努力，都是無效的。每天我都像是一個重復的模式，無法逃避的人際關係問題，似乎是無法解決的。 我不想活了；我想,，,O,O,O,O,O,O,29
869,我最近的生活像是走在絕望的旅途上，所有的努力，都是無效的。每天我都像是一個重復的模式，無法逃避的人際關係問題，似乎是無法解決的。 我不想活了；我想,無法,O,B-D,O,B-D,B-D,B-D,30
869,我最近的生活像是走在絕望的旅途上，所有的努力，都是無效的。每天我都像是一個重復的模式，無法逃避的人際關係問題，似乎是無法解決的。 我不想活了；我想,逃避,O,E-D,B-D,E-D,E-D,E-D,31
869,我最近的生活像是走在絕望的旅途上，所有的努力，都是無效的。每天我都像是一個重復的模式，無法逃避的人際關係問題，似乎是無法解決的。 我不想活了；我想,的,O,O,E-D,O,O,O,32
869,我最近的生活像是走在絕望的旅途上，所有的努力，都是無效的。每天我都像是一個重復的模式，無法逃避的人際關係問題，似乎是無法解決的。 我不想活了；我想,人際,O,O,O,O,O,O,33
869,我最近的生活像是走在絕望的旅途上，所有的努力，都是無效的。每天我都像是一個重復的模式，無法逃避的人際關係問題，似乎是無法解決的。 我不想活了；我想,關係,O,O,O,O,O,O,34
869,我最近的生活像是走在絕望的旅途上，所有的努力，都是無效的。每天我都像是一個重復的模式，無法逃避的人際關係問題，似乎是無法解決的。 我不想活了；我想,問題,O,O,O,O,O,O,35
869,我最近的生活像是走在絕望的旅途上，所有的努力，都是無效的。每天我都像是一個重復的模式，無法逃避的人際關係問題，似乎是無法解決的。 我不想活了；我想,，,O,O,O,O,O,O,36
869,我最近的生活像是走在絕望的旅途上，所有的努力，都是無效的。每天我都像是一個重復的模式，無法逃避的人際關係問題，似乎是無法解決的。 我不想活了；我想,似乎,O,O,O,O,O,O,37
869,我最近的生活像是走在絕望的旅途上，所有的努力，都是無效的。每天我都像是一個重復的模式，無法逃避的人際關係問題，似乎是無法解決的。 我不想活了；我想,是,O,O,O,O,O,O,38
869,我最近的生活像是走在絕望的旅途上，所有的努力，都是無效的。每天我都像是一個重復的模式，無法逃避的人際關係問題，似乎是無法解決的。 我不想活了；我想,無法,B-D,B-D,O,B-D,B-D,B-D,39
869,我最近的生活像是走在絕望的旅途上，所有的努力，都是無效的。每天我都像是一個重復的模式，無法逃避的人際關係問題，似乎是無法解決的。 我不想活了；我想,解決,E-D,E-D,B-D,E-D,E-D,E-D,40
869,我最近的生活像是走在絕望的旅途上，所有的努力，都是無效的。每天我都像是一個重復的模式，無法逃避的人際關係問題，似乎是無法解決的。 我不想活了；我想,的,O,O,E-D,O,O,O,41
869,我最近的生活像是走在絕望的旅途上，所有的努力，都是無效的。每天我都像是一個重復的模式，無法逃避的人際關係問題，似乎是無法解決的。 我不想活了；我想,。,O,O,O,O,O,O,42
869,我最近的生活像是走在絕望的旅途上，所有的努力，都是無效的。每天我都像是一個重復的模式，無法逃避的人際關係問題，似乎是無法解決的。 我不想活了；我想,我,O,O,O,O,O,O,43
869,我最近的生活像是走在絕望的旅途上，所有的努力，都是無效的。每天我都像是一個重復的模式，無法逃避的人際關係問題，似乎是無法解決的。 我不想活了；我想,不,B-U,O,O,O,O,O,44
869,我最近的生活像是走在絕望的旅途上，所有的努力，都是無效的。每天我都像是一個重復的模式，無法逃避的人際關係問題，似乎是無法解決的。 我不想活了；我想,想,M-U,O,O,O,O,O,45
869,我最近的生活像是走在絕望的旅途上，所有的努力，都是無效的。每天我都像是一個重復的模式，無法逃避的人際關係問題，似乎是無法解決的。 我不想活了；我想,活了,E-U,S-U,O,S-U,S-U,S-U,46
869,我最近的生活像是走在絕望的旅途上，所有的努力，都是無效的。每天我都像是一個重復的模式，無法逃避的人際關係問題，似乎是無法解決的。 我不想活了；我想,；,O,O,S-U,O,O,O,47
869,我最近的生活像是走在絕望的旅途上，所有的努力，都是無效的。每天我都像是一個重復的模式，無法逃避的人際關係問題，似乎是無法解決的。 我不想活了；我想,我,O,O,O,O,O,O,48
869,我最近的生活像是走在絕望的旅途上，所有的努力，都是無效的。每天我都像是一個重復的模式，無法逃避的人際關係問題，似乎是無法解決的。 我不想活了；我想,想,O,O,O,O,O,O,49
870,我今天發現了什麼？我什麼都不想做？ 每天我都在努力想要維持一個「正常」的生活，但事實上，我每天都處於「低落」。我的行為、我的決定，都是被人左右控制，我沒有任何主動性。 😩 我的家庭問題，雖然不能讓人見到，但它的陰影已經與我深深的結合在一起。 😔 我是一個被人觀察的行為，沒有被人所認同，我想,我,O,O,O,O,O,O,1
870,我今天發現了什麼？我什麼都不想做？ 每天我都在努力想要維持一個「正常」的生活，但事實上，我每天都處於「低落」。我的行為、我的決定，都是被人左右控制，我沒有任何主動性。 😩 我的家庭問題，雖然不能讓人見到，但它的陰影已經與我深深的結合在一起。 😔 我是一個被人觀察的行為，沒有被人所認同，我想,今天,O,O,O,O,O,O,2
870,我今天發現了什麼？我什麼都不想做？ 每天我都在努力想要維持一個「正常」的生活，但事實上，我每天都處於「低落」。我的行為、我的決定，都是被人左右控制，我沒有任何主動性。 😩 我的家庭問題，雖然不能讓人見到，但它的陰影已經與我深深的結合在一起。 😔 我是一個被人觀察的行為，沒有被人所認同，我想,發現,O,O,O,O,O,O,3
870,我今天發現了什麼？我什麼都不想做？ 每天我都在努力想要維持一個「正常」的生活，但事實上，我每天都處於「低落」。我的行為、我的決定，都是被人左右控制，我沒有任何主動性。 😩 我的家庭問題，雖然不能讓人見到，但它的陰影已經與我深深的結合在一起。 😔 我是一個被人觀察的行為，沒有被人所認同，我想,了,O,O,O,O,O,O,4
870,我今天發現了什麼？我什麼都不想做？ 每天我都在努力想要維持一個「正常」的生活，但事實上，我每天都處於「低落」。我的行為、我的決定，都是被人左右控制，我沒有任何主動性。 😩 我的家庭問題，雖然不能讓人見到，但它的陰影已經與我深深的結合在一起。 😔 我是一個被人觀察的行為，沒有被人所認同，我想,什麼,O,O,O,O,O,O,5
870,我今天發現了什麼？我什麼都不想做？ 每天我都在努力想要維持一個「正常」的生活，但事實上，我每天都處於「低落」。我的行為、我的決定，都是被人左右控制，我沒有任何主動性。 😩 我的家庭問題，雖然不能讓人見到，但它的陰影已經與我深深的結合在一起。 😔 我是一個被人觀察的行為，沒有被人所認同，我想,？,O,O,O,O,O,O,6
870,我今天發現了什麼？我什麼都不想做？ 每天我都在努力想要維持一個「正常」的生活，但事實上，我每天都處於「低落」。我的行為、我的決定，都是被人左右控制，我沒有任何主動性。 😩 我的家庭問題，雖然不能讓人見到，但它的陰影已經與我深深的結合在一起。 😔 我是一個被人觀察的行為，沒有被人所認同，我想,我,O,O,O,O,O,O,7
870,我今天發現了什麼？我什麼都不想做？ 每天我都在努力想要維持一個「正常」的生活，但事實上，我每天都處於「低落」。我的行為、我的決定，都是被人左右控制，我沒有任何主動性。 😩 我的家庭問題，雖然不能讓人見到，但它的陰影已經與我深深的結合在一起。 😔 我是一個被人觀察的行為，沒有被人所認同，我想,什麼,O,O,O,O,O,O,8
870,我今天發現了什麼？我什麼都不想做？ 每天我都在努力想要維持一個「正常」的生活，但事實上，我每天都處於「低落」。我的行為、我的決定，都是被人左右控制，我沒有任何主動性。 😩 我的家庭問題，雖然不能讓人見到，但它的陰影已經與我深深的結合在一起。 😔 我是一個被人觀察的行為，沒有被人所認同，我想,都,O,O,O,O,O,O,9
870,我今天發現了什麼？我什麼都不想做？ 每天我都在努力想要維持一個「正常」的生活，但事實上，我每天都處於「低落」。我的行為、我的決定，都是被人左右控制，我沒有任何主動性。 😩 我的家庭問題，雖然不能讓人見到，但它的陰影已經與我深深的結合在一起。 😔 我是一個被人觀察的行為，沒有被人所認同，我想,不,O,O,O,O,O,O,10
870,我今天發現了什麼？我什麼都不想做？ 每天我都在努力想要維持一個「正常」的生活，但事實上，我每天都處於「低落」。我的行為、我的決定，都是被人左右控制，我沒有任何主動性。 😩 我的家庭問題，雖然不能讓人見到，但它的陰影已經與我深深的結合在一起。 😔 我是一個被人觀察的行為，沒有被人所認同，我想,想,O,O,O,O,O,O,11
870,我今天發現了什麼？我什麼都不想做？ 每天我都在努力想要維持一個「正常」的生活，但事實上，我每天都處於「低落」。我的行為、我的決定，都是被人左右控制，我沒有任何主動性。 😩 我的家庭問題，雖然不能讓人見到，但它的陰影已經與我深深的結合在一起。 😔 我是一個被人觀察的行為，沒有被人所認同，我想,做,O,O,O,O,O,O,12
870,我今天發現了什麼？我什麼都不想做？ 每天我都在努力想要維持一個「正常」的生活，但事實上，我每天都處於「低落」。我的行為、我的決定，都是被人左右控制，我沒有任何主動性。 😩 我的家庭問題，雖然不能讓人見到，但它的陰影已經與我深深的結合在一起。 😔 我是一個被人觀察的行為，沒有被人所認同，我想,？,O,O,O,O,O,O,13
870,我今天發現了什麼？我什麼都不想做？ 每天我都在努力想要維持一個「正常」的生活，但事實上，我每天都處於「低落」。我的行為、我的決定，都是被人左右控制，我沒有任何主動性。 😩 我的家庭問題，雖然不能讓人見到，但它的陰影已經與我深深的結合在一起。 😔 我是一個被人觀察的行為，沒有被人所認同，我想,每天,O,O,O,O,O,O,14
870,我今天發現了什麼？我什麼都不想做？ 每天我都在努力想要維持一個「正常」的生活，但事實上，我每天都處於「低落」。我的行為、我的決定，都是被人左右控制，我沒有任何主動性。 😩 我的家庭問題，雖然不能讓人見到，但它的陰影已經與我深深的結合在一起。 😔 我是一個被人觀察的行為，沒有被人所認同，我想,我,O,O,O,O,O,O,15
870,我今天發現了什麼？我什麼都不想做？ 每天我都在努力想要維持一個「正常」的生活，但事實上，我每天都處於「低落」。我的行為、我的決定，都是被人左右控制，我沒有任何主動性。 😩 我的家庭問題，雖然不能讓人見到，但它的陰影已經與我深深的結合在一起。 😔 我是一個被人觀察的行為，沒有被人所認同，我想,都,O,O,O,O,O,O,16
870,我今天發現了什麼？我什麼都不想做？ 每天我都在努力想要維持一個「正常」的生活，但事實上，我每天都處於「低落」。我的行為、我的決定，都是被人左右控制，我沒有任何主動性。 😩 我的家庭問題，雖然不能讓人見到，但它的陰影已經與我深深的結合在一起。 😔 我是一個被人觀察的行為，沒有被人所認同，我想,在,O,O,O,O,O,O,17
870,我今天發現了什麼？我什麼都不想做？ 每天我都在努力想要維持一個「正常」的生活，但事實上，我每天都處於「低落」。我的行為、我的決定，都是被人左右控制，我沒有任何主動性。 😩 我的家庭問題，雖然不能讓人見到，但它的陰影已經與我深深的結合在一起。 😔 我是一個被人觀察的行為，沒有被人所認同，我想,努力,O,O,O,O,O,O,18
870,我今天發現了什麼？我什麼都不想做？ 每天我都在努力想要維持一個「正常」的生活，但事實上，我每天都處於「低落」。我的行為、我的決定，都是被人左右控制，我沒有任何主動性。 😩 我的家庭問題，雖然不能讓人見到，但它的陰影已經與我深深的結合在一起。 😔 我是一個被人觀察的行為，沒有被人所認同，我想,想要,O,O,O,O,O,O,19
870,我今天發現了什麼？我什麼都不想做？ 每天我都在努力想要維持一個「正常」的生活，但事實上，我每天都處於「低落」。我的行為、我的決定，都是被人左右控制，我沒有任何主動性。 😩 我的家庭問題，雖然不能讓人見到，但它的陰影已經與我深深的結合在一起。 😔 我是一個被人觀察的行為，沒有被人所認同，我想,維持,O,O,O,O,O,O,20
870,我今天發現了什麼？我什麼都不想做？ 每天我都在努力想要維持一個「正常」的生活，但事實上，我每天都處於「低落」。我的行為、我的決定，都是被人左右控制，我沒有任何主動性。 😩 我的家庭問題，雖然不能讓人見到，但它的陰影已經與我深深的結合在一起。 😔 我是一個被人觀察的行為，沒有被人所認同，我想,一個,O,O,O,O,O,O,21
870,我今天發現了什麼？我什麼都不想做？ 每天我都在努力想要維持一個「正常」的生活，但事實上，我每天都處於「低落」。我的行為、我的決定，都是被人左右控制，我沒有任何主動性。 😩 我的家庭問題，雖然不能讓人見到，但它的陰影已經與我深深的結合在一起。 😔 我是一個被人觀察的行為，沒有被人所認同，我想,「,O,O,O,O,O,O,22
870,我今天發現了什麼？我什麼都不想做？ 每天我都在努力想要維持一個「正常」的生活，但事實上，我每天都處於「低落」。我的行為、我的決定，都是被人左右控制，我沒有任何主動性。 😩 我的家庭問題，雖然不能讓人見到，但它的陰影已經與我深深的結合在一起。 😔 我是一個被人觀察的行為，沒有被人所認同，我想,正常,O,O,O,O,O,O,23
870,我今天發現了什麼？我什麼都不想做？ 每天我都在努力想要維持一個「正常」的生活，但事實上，我每天都處於「低落」。我的行為、我的決定，都是被人左右控制，我沒有任何主動性。 😩 我的家庭問題，雖然不能讓人見到，但它的陰影已經與我深深的結合在一起。 😔 我是一個被人觀察的行為，沒有被人所認同，我想,」,O,O,O,O,O,O,24
870,我今天發現了什麼？我什麼都不想做？ 每天我都在努力想要維持一個「正常」的生活，但事實上，我每天都處於「低落」。我的行為、我的決定，都是被人左右控制，我沒有任何主動性。 😩 我的家庭問題，雖然不能讓人見到，但它的陰影已經與我深深的結合在一起。 😔 我是一個被人觀察的行為，沒有被人所認同，我想,的,O,O,O,O,O,O,25
870,我今天發現了什麼？我什麼都不想做？ 每天我都在努力想要維持一個「正常」的生活，但事實上，我每天都處於「低落」。我的行為、我的決定，都是被人左右控制，我沒有任何主動性。 😩 我的家庭問題，雖然不能讓人見到，但它的陰影已經與我深深的結合在一起。 😔 我是一個被人觀察的行為，沒有被人所認同，我想,生活,O,O,O,O,O,O,26
870,我今天發現了什麼？我什麼都不想做？ 每天我都在努力想要維持一個「正常」的生活，但事實上，我每天都處於「低落」。我的行為、我的決定，都是被人左右控制，我沒有任何主動性。 😩 我的家庭問題，雖然不能讓人見到，但它的陰影已經與我深深的結合在一起。 😔 我是一個被人觀察的行為，沒有被人所認同，我想,，,O,O,O,O,O,O,27
870,我今天發現了什麼？我什麼都不想做？ 每天我都在努力想要維持一個「正常」的生活，但事實上，我每天都處於「低落」。我的行為、我的決定，都是被人左右控制，我沒有任何主動性。 😩 我的家庭問題，雖然不能讓人見到，但它的陰影已經與我深深的結合在一起。 😔 我是一個被人觀察的行為，沒有被人所認同，我想,但,O,O,O,O,O,O,28
870,我今天發現了什麼？我什麼都不想做？ 每天我都在努力想要維持一個「正常」的生活，但事實上，我每天都處於「低落」。我的行為、我的決定，都是被人左右控制，我沒有任何主動性。 😩 我的家庭問題，雖然不能讓人見到，但它的陰影已經與我深深的結合在一起。 😔 我是一個被人觀察的行為，沒有被人所認同，我想,事實上,O,O,O,O,O,O,29
870,我今天發現了什麼？我什麼都不想做？ 每天我都在努力想要維持一個「正常」的生活，但事實上，我每天都處於「低落」。我的行為、我的決定，都是被人左右控制，我沒有任何主動性。 😩 我的家庭問題，雖然不能讓人見到，但它的陰影已經與我深深的結合在一起。 😔 我是一個被人觀察的行為，沒有被人所認同，我想,，,O,O,O,O,O,O,30
870,我今天發現了什麼？我什麼都不想做？ 每天我都在努力想要維持一個「正常」的生活，但事實上，我每天都處於「低落」。我的行為、我的決定，都是被人左右控制，我沒有任何主動性。 😩 我的家庭問題，雖然不能讓人見到，但它的陰影已經與我深深的結合在一起。 😔 我是一個被人觀察的行為，沒有被人所認同，我想,我,O,O,O,O,O,O,31
870,我今天發現了什麼？我什麼都不想做？ 每天我都在努力想要維持一個「正常」的生活，但事實上，我每天都處於「低落」。我的行為、我的決定，都是被人左右控制，我沒有任何主動性。 😩 我的家庭問題，雖然不能讓人見到，但它的陰影已經與我深深的結合在一起。 😔 我是一個被人觀察的行為，沒有被人所認同，我想,每天,O,O,O,O,O,O,32
870,我今天發現了什麼？我什麼都不想做？ 每天我都在努力想要維持一個「正常」的生活，但事實上，我每天都處於「低落」。我的行為、我的決定，都是被人左右控制，我沒有任何主動性。 😩 我的家庭問題，雖然不能讓人見到，但它的陰影已經與我深深的結合在一起。 😔 我是一個被人觀察的行為，沒有被人所認同，我想,都,O,O,O,O,O,O,33
870,我今天發現了什麼？我什麼都不想做？ 每天我都在努力想要維持一個「正常」的生活，但事實上，我每天都處於「低落」。我的行為、我的決定，都是被人左右控制，我沒有任何主動性。 😩 我的家庭問題，雖然不能讓人見到，但它的陰影已經與我深深的結合在一起。 😔 我是一個被人觀察的行為，沒有被人所認同，我想,處於,B-D,B-D,B-D,B-D,B-D,B-D,34
870,我今天發現了什麼？我什麼都不想做？ 每天我都在努力想要維持一個「正常」的生活，但事實上，我每天都處於「低落」。我的行為、我的決定，都是被人左右控制，我沒有任何主動性。 😩 我的家庭問題，雖然不能讓人見到，但它的陰影已經與我深深的結合在一起。 😔 我是一個被人觀察的行為，沒有被人所認同，我想,「,O,O,O,O,O,O,35
870,我今天發現了什麼？我什麼都不想做？ 每天我都在努力想要維持一個「正常」的生活，但事實上，我每天都處於「低落」。我的行為、我的決定，都是被人左右控制，我沒有任何主動性。 😩 我的家庭問題，雖然不能讓人見到，但它的陰影已經與我深深的結合在一起。 😔 我是一個被人觀察的行為，沒有被人所認同，我想,低落,E-D,E-D,E-D,E-D,E-D,E-D,36
870,我今天發現了什麼？我什麼都不想做？ 每天我都在努力想要維持一個「正常」的生活，但事實上，我每天都處於「低落」。我的行為、我的決定，都是被人左右控制，我沒有任何主動性。 😩 我的家庭問題，雖然不能讓人見到，但它的陰影已經與我深深的結合在一起。 😔 我是一個被人觀察的行為，沒有被人所認同，我想,」,O,O,O,O,O,O,37
870,我今天發現了什麼？我什麼都不想做？ 每天我都在努力想要維持一個「正常」的生活，但事實上，我每天都處於「低落」。我的行為、我的決定，都是被人左右控制，我沒有任何主動性。 😩 我的家庭問題，雖然不能讓人見到，但它的陰影已經與我深深的結合在一起。 😔 我是一個被人觀察的行為，沒有被人所認同，我想,。,O,O,O,O,O,O,38
870,我今天發現了什麼？我什麼都不想做？ 每天我都在努力想要維持一個「正常」的生活，但事實上，我每天都處於「低落」。我的行為、我的決定，都是被人左右控制，我沒有任何主動性。 😩 我的家庭問題，雖然不能讓人見到，但它的陰影已經與我深深的結合在一起。 😔 我是一個被人觀察的行為，沒有被人所認同，我想,我的,O,O,O,O,O,O,39
870,我今天發現了什麼？我什麼都不想做？ 每天我都在努力想要維持一個「正常」的生活，但事實上，我每天都處於「低落」。我的行為、我的決定，都是被人左右控制，我沒有任何主動性。 😩 我的家庭問題，雖然不能讓人見到，但它的陰影已經與我深深的結合在一起。 😔 我是一個被人觀察的行為，沒有被人所認同，我想,行為,O,O,O,O,O,O,40
870,我今天發現了什麼？我什麼都不想做？ 每天我都在努力想要維持一個「正常」的生活，但事實上，我每天都處於「低落」。我的行為、我的決定，都是被人左右控制，我沒有任何主動性。 😩 我的家庭問題，雖然不能讓人見到，但它的陰影已經與我深深的結合在一起。 😔 我是一個被人觀察的行為，沒有被人所認同，我想,、,O,O,O,O,O,O,41
870,我今天發現了什麼？我什麼都不想做？ 每天我都在努力想要維持一個「正常」的生活，但事實上，我每天都處於「低落」。我的行為、我的決定，都是被人左右控制，我沒有任何主動性。 😩 我的家庭問題，雖然不能讓人見到，但它的陰影已經與我深深的結合在一起。 😔 我是一個被人觀察的行為，沒有被人所認同，我想,我的,O,O,O,O,O,O,42
870,我今天發現了什麼？我什麼都不想做？ 每天我都在努力想要維持一個「正常」的生活，但事實上，我每天都處於「低落」。我的行為、我的決定，都是被人左右控制，我沒有任何主動性。 😩 我的家庭問題，雖然不能讓人見到，但它的陰影已經與我深深的結合在一起。 😔 我是一個被人觀察的行為，沒有被人所認同，我想,決定,O,O,O,O,O,O,43
870,我今天發現了什麼？我什麼都不想做？ 每天我都在努力想要維持一個「正常」的生活，但事實上，我每天都處於「低落」。我的行為、我的決定，都是被人左右控制，我沒有任何主動性。 😩 我的家庭問題，雖然不能讓人見到，但它的陰影已經與我深深的結合在一起。 😔 我是一個被人觀察的行為，沒有被人所認同，我想,，,O,O,O,O,O,O,44
870,我今天發現了什麼？我什麼都不想做？ 每天我都在努力想要維持一個「正常」的生活，但事實上，我每天都處於「低落」。我的行為、我的決定，都是被人左右控制，我沒有任何主動性。 😩 我的家庭問題，雖然不能讓人見到，但它的陰影已經與我深深的結合在一起。 😔 我是一個被人觀察的行為，沒有被人所認同，我想,都是,O,O,O,O,O,O,45
870,我今天發現了什麼？我什麼都不想做？ 每天我都在努力想要維持一個「正常」的生活，但事實上，我每天都處於「低落」。我的行為、我的決定，都是被人左右控制，我沒有任何主動性。 😩 我的家庭問題，雖然不能讓人見到，但它的陰影已經與我深深的結合在一起。 😔 我是一個被人觀察的行為，沒有被人所認同，我想,被,O,O,O,O,O,O,46
870,我今天發現了什麼？我什麼都不想做？ 每天我都在努力想要維持一個「正常」的生活，但事實上，我每天都處於「低落」。我的行為、我的決定，都是被人左右控制，我沒有任何主動性。 😩 我的家庭問題，雖然不能讓人見到，但它的陰影已經與我深深的結合在一起。 😔 我是一個被人觀察的行為，沒有被人所認同，我想,人,O,O,O,O,O,O,47
870,我今天發現了什麼？我什麼都不想做？ 每天我都在努力想要維持一個「正常」的生活，但事實上，我每天都處於「低落」。我的行為、我的決定，都是被人左右控制，我沒有任何主動性。 😩 我的家庭問題，雖然不能讓人見到，但它的陰影已經與我深深的結合在一起。 😔 我是一個被人觀察的行為，沒有被人所認同，我想,左右,O,O,O,O,O,O,48
870,我今天發現了什麼？我什麼都不想做？ 每天我都在努力想要維持一個「正常」的生活，但事實上，我每天都處於「低落」。我的行為、我的決定，都是被人左右控制，我沒有任何主動性。 😩 我的家庭問題，雖然不能讓人見到，但它的陰影已經與我深深的結合在一起。 😔 我是一個被人觀察的行為，沒有被人所認同，我想,控制,O,O,O,O,O,O,49
870,我今天發現了什麼？我什麼都不想做？ 每天我都在努力想要維持一個「正常」的生活，但事實上，我每天都處於「低落」。我的行為、我的決定，都是被人左右控制，我沒有任何主動性。 😩 我的家庭問題，雖然不能讓人見到，但它的陰影已經與我深深的結合在一起。 😔 我是一個被人觀察的行為，沒有被人所認同，我想,，,O,O,O,O,O,O,50
870,我今天發現了什麼？我什麼都不想做？ 每天我都在努力想要維持一個「正常」的生活，但事實上，我每天都處於「低落」。我的行為、我的決定，都是被人左右控制，我沒有任何主動性。 😩 我的家庭問題，雖然不能讓人見到，但它的陰影已經與我深深的結合在一起。 😔 我是一個被人觀察的行為，沒有被人所認同，我想,我,O,O,O,O,O,O,51
870,我今天發現了什麼？我什麼都不想做？ 每天我都在努力想要維持一個「正常」的生活，但事實上，我每天都處於「低落」。我的行為、我的決定，都是被人左右控制，我沒有任何主動性。 😩 我的家庭問題，雖然不能讓人見到，但它的陰影已經與我深深的結合在一起。 😔 我是一個被人觀察的行為，沒有被人所認同，我想,沒有,O,O,O,O,O,O,52
870,我今天發現了什麼？我什麼都不想做？ 每天我都在努力想要維持一個「正常」的生活，但事實上，我每天都處於「低落」。我的行為、我的決定，都是被人左右控制，我沒有任何主動性。 😩 我的家庭問題，雖然不能讓人見到，但它的陰影已經與我深深的結合在一起。 😔 我是一個被人觀察的行為，沒有被人所認同，我想,任何,O,O,O,O,O,O,53
870,我今天發現了什麼？我什麼都不想做？ 每天我都在努力想要維持一個「正常」的生活，但事實上，我每天都處於「低落」。我的行為、我的決定，都是被人左右控制，我沒有任何主動性。 😩 我的家庭問題，雖然不能讓人見到，但它的陰影已經與我深深的結合在一起。 😔 我是一個被人觀察的行為，沒有被人所認同，我想,主動性,O,S-W,O,S-W,O,O,54
870,我今天發現了什麼？我什麼都不想做？ 每天我都在努力想要維持一個「正常」的生活，但事實上，我每天都處於「低落」。我的行為、我的決定，都是被人左右控制，我沒有任何主動性。 😩 我的家庭問題，雖然不能讓人見到，但它的陰影已經與我深深的結合在一起。 😔 我是一個被人觀察的行為，沒有被人所認同，我想,。,O,O,O,O,O,S-W,55
870,我今天發現了什麼？我什麼都不想做？ 每天我都在努力想要維持一個「正常」的生活，但事實上，我每天都處於「低落」。我的行為、我的決定，都是被人左右控制，我沒有任何主動性。 😩 我的家庭問題，雖然不能讓人見到，但它的陰影已經與我深深的結合在一起。 😔 我是一個被人觀察的行為，沒有被人所認同，我想,😩,O,O,O,O,O,O,56
870,我今天發現了什麼？我什麼都不想做？ 每天我都在努力想要維持一個「正常」的生活，但事實上，我每天都處於「低落」。我的行為、我的決定，都是被人左右控制，我沒有任何主動性。 😩 我的家庭問題，雖然不能讓人見到，但它的陰影已經與我深深的結合在一起。 😔 我是一個被人觀察的行為，沒有被人所認同，我想,我的,O,O,O,O,O,O,57
870,我今天發現了什麼？我什麼都不想做？ 每天我都在努力想要維持一個「正常」的生活，但事實上，我每天都處於「低落」。我的行為、我的決定，都是被人左右控制，我沒有任何主動性。 😩 我的家庭問題，雖然不能讓人見到，但它的陰影已經與我深深的結合在一起。 😔 我是一個被人觀察的行為，沒有被人所認同，我想,家庭,O,O,O,O,O,O,58
870,我今天發現了什麼？我什麼都不想做？ 每天我都在努力想要維持一個「正常」的生活，但事實上，我每天都處於「低落」。我的行為、我的決定，都是被人左右控制，我沒有任何主動性。 😩 我的家庭問題，雖然不能讓人見到，但它的陰影已經與我深深的結合在一起。 😔 我是一個被人觀察的行為，沒有被人所認同，我想,問題,O,O,O,O,O,O,59
870,我今天發現了什麼？我什麼都不想做？ 每天我都在努力想要維持一個「正常」的生活，但事實上，我每天都處於「低落」。我的行為、我的決定，都是被人左右控制，我沒有任何主動性。 😩 我的家庭問題，雖然不能讓人見到，但它的陰影已經與我深深的結合在一起。 😔 我是一個被人觀察的行為，沒有被人所認同，我想,，,O,O,O,O,O,O,60
870,我今天發現了什麼？我什麼都不想做？ 每天我都在努力想要維持一個「正常」的生活，但事實上，我每天都處於「低落」。我的行為、我的決定，都是被人左右控制，我沒有任何主動性。 😩 我的家庭問題，雖然不能讓人見到，但它的陰影已經與我深深的結合在一起。 😔 我是一個被人觀察的行為，沒有被人所認同，我想,雖然,O,O,O,O,O,O,61
870,我今天發現了什麼？我什麼都不想做？ 每天我都在努力想要維持一個「正常」的生活，但事實上，我每天都處於「低落」。我的行為、我的決定，都是被人左右控制，我沒有任何主動性。 😩 我的家庭問題，雖然不能讓人見到，但它的陰影已經與我深深的結合在一起。 😔 我是一個被人觀察的行為，沒有被人所認同，我想,不能,O,O,O,O,O,O,62
870,我今天發現了什麼？我什麼都不想做？ 每天我都在努力想要維持一個「正常」的生活，但事實上，我每天都處於「低落」。我的行為、我的決定，都是被人左右控制，我沒有任何主動性。 😩 我的家庭問題，雖然不能讓人見到，但它的陰影已經與我深深的結合在一起。 😔 我是一個被人觀察的行為，沒有被人所認同，我想,讓,O,O,O,O,O,O,63
870,我今天發現了什麼？我什麼都不想做？ 每天我都在努力想要維持一個「正常」的生活，但事實上，我每天都處於「低落」。我的行為、我的決定，都是被人左右控制，我沒有任何主動性。 😩 我的家庭問題，雖然不能讓人見到，但它的陰影已經與我深深的結合在一起。 😔 我是一個被人觀察的行為，沒有被人所認同，我想,人,O,O,O,O,O,O,64
870,我今天發現了什麼？我什麼都不想做？ 每天我都在努力想要維持一個「正常」的生活，但事實上，我每天都處於「低落」。我的行為、我的決定，都是被人左右控制，我沒有任何主動性。 😩 我的家庭問題，雖然不能讓人見到，但它的陰影已經與我深深的結合在一起。 😔 我是一個被人觀察的行為，沒有被人所認同，我想,見到,O,O,O,O,O,O,65
870,我今天發現了什麼？我什麼都不想做？ 每天我都在努力想要維持一個「正常」的生活，但事實上，我每天都處於「低落」。我的行為、我的決定，都是被人左右控制，我沒有任何主動性。 😩 我的家庭問題，雖然不能讓人見到，但它的陰影已經與我深深的結合在一起。 😔 我是一個被人觀察的行為，沒有被人所認同，我想,，,O,O,O,O,O,O,66
870,我今天發現了什麼？我什麼都不想做？ 每天我都在努力想要維持一個「正常」的生活，但事實上，我每天都處於「低落」。我的行為、我的決定，都是被人左右控制，我沒有任何主動性。 😩 我的家庭問題，雖然不能讓人見到，但它的陰影已經與我深深的結合在一起。 😔 我是一個被人觀察的行為，沒有被人所認同，我想,但,O,O,O,O,O,O,67
870,我今天發現了什麼？我什麼都不想做？ 每天我都在努力想要維持一個「正常」的生活，但事實上，我每天都處於「低落」。我的行為、我的決定，都是被人左右控制，我沒有任何主動性。 😩 我的家庭問題，雖然不能讓人見到，但它的陰影已經與我深深的結合在一起。 😔 我是一個被人觀察的行為，沒有被人所認同，我想,它,O,O,O,O,O,O,68
870,我今天發現了什麼？我什麼都不想做？ 每天我都在努力想要維持一個「正常」的生活，但事實上，我每天都處於「低落」。我的行為、我的決定，都是被人左右控制，我沒有任何主動性。 😩 我的家庭問題，雖然不能讓人見到，但它的陰影已經與我深深的結合在一起。 😔 我是一個被人觀察的行為，沒有被人所認同，我想,的,O,O,O,O,O,O,69
870,我今天發現了什麼？我什麼都不想做？ 每天我都在努力想要維持一個「正常」的生活，但事實上，我每天都處於「低落」。我的行為、我的決定，都是被人左右控制，我沒有任何主動性。 😩 我的家庭問題，雖然不能讓人見到，但它的陰影已經與我深深的結合在一起。 😔 我是一個被人觀察的行為，沒有被人所認同，我想,陰影,O,O,O,O,O,O,70
870,我今天發現了什麼？我什麼都不想做？ 每天我都在努力想要維持一個「正常」的生活，但事實上，我每天都處於「低落」。我的行為、我的決定，都是被人左右控制，我沒有任何主動性。 😩 我的家庭問題，雖然不能讓人見到，但它的陰影已經與我深深的結合在一起。 😔 我是一個被人觀察的行為，沒有被人所認同，我想,已經,O,O,O,O,O,O,71
870,我今天發現了什麼？我什麼都不想做？ 每天我都在努力想要維持一個「正常」的生活，但事實上，我每天都處於「低落」。我的行為、我的決定，都是被人左右控制，我沒有任何主動性。 😩 我的家庭問題，雖然不能讓人見到，但它的陰影已經與我深深的結合在一起。 😔 我是一個被人觀察的行為，沒有被人所認同，我想,與,O,O,O,O,O,O,72
870,我今天發現了什麼？我什麼都不想做？ 每天我都在努力想要維持一個「正常」的生活，但事實上，我每天都處於「低落」。我的行為、我的決定，都是被人左右控制，我沒有任何主動性。 😩 我的家庭問題，雖然不能讓人見到，但它的陰影已經與我深深的結合在一起。 😔 我是一個被人觀察的行為，沒有被人所認同，我想,我,O,O,O,O,O,O,73
870,我今天發現了什麼？我什麼都不想做？ 每天我都在努力想要維持一個「正常」的生活，但事實上，我每天都處於「低落」。我的行為、我的決定，都是被人左右控制，我沒有任何主動性。 😩 我的家庭問題，雖然不能讓人見到，但它的陰影已經與我深深的結合在一起。 😔 我是一個被人觀察的行為，沒有被人所認同，我想,深深,O,O,O,O,O,O,74
870,我今天發現了什麼？我什麼都不想做？ 每天我都在努力想要維持一個「正常」的生活，但事實上，我每天都處於「低落」。我的行為、我的決定，都是被人左右控制，我沒有任何主動性。 😩 我的家庭問題，雖然不能讓人見到，但它的陰影已經與我深深的結合在一起。 😔 我是一個被人觀察的行為，沒有被人所認同，我想,的,O,O,O,O,O,O,75
870,我今天發現了什麼？我什麼都不想做？ 每天我都在努力想要維持一個「正常」的生活，但事實上，我每天都處於「低落」。我的行為、我的決定，都是被人左右控制，我沒有任何主動性。 😩 我的家庭問題，雖然不能讓人見到，但它的陰影已經與我深深的結合在一起。 😔 我是一個被人觀察的行為，沒有被人所認同，我想,結合,O,O,O,O,O,O,76
870,我今天發現了什麼？我什麼都不想做？ 每天我都在努力想要維持一個「正常」的生活，但事實上，我每天都處於「低落」。我的行為、我的決定，都是被人左右控制，我沒有任何主動性。 😩 我的家庭問題，雖然不能讓人見到，但它的陰影已經與我深深的結合在一起。 😔 我是一個被人觀察的行為，沒有被人所認同，我想,在,O,O,O,O,O,O,77
870,我今天發現了什麼？我什麼都不想做？ 每天我都在努力想要維持一個「正常」的生活，但事實上，我每天都處於「低落」。我的行為、我的決定，都是被人左右控制，我沒有任何主動性。 😩 我的家庭問題，雖然不能讓人見到，但它的陰影已經與我深深的結合在一起。 😔 我是一個被人觀察的行為，沒有被人所認同，我想,一起,O,O,O,O,O,O,78
870,我今天發現了什麼？我什麼都不想做？ 每天我都在努力想要維持一個「正常」的生活，但事實上，我每天都處於「低落」。我的行為、我的決定，都是被人左右控制，我沒有任何主動性。 😩 我的家庭問題，雖然不能讓人見到，但它的陰影已經與我深深的結合在一起。 😔 我是一個被人觀察的行為，沒有被人所認同，我想,。,O,O,O,O,O,O,79
870,我今天發現了什麼？我什麼都不想做？ 每天我都在努力想要維持一個「正常」的生活，但事實上，我每天都處於「低落」。我的行為、我的決定，都是被人左右控制，我沒有任何主動性。 😩 我的家庭問題，雖然不能讓人見到，但它的陰影已經與我深深的結合在一起。 😔 我是一個被人觀察的行為，沒有被人所認同，我想,😔,O,O,O,O,O,O,80
870,我今天發現了什麼？我什麼都不想做？ 每天我都在努力想要維持一個「正常」的生活，但事實上，我每天都處於「低落」。我的行為、我的決定，都是被人左右控制，我沒有任何主動性。 😩 我的家庭問題，雖然不能讓人見到，但它的陰影已經與我深深的結合在一起。 😔 我是一個被人觀察的行為，沒有被人所認同，我想,我,O,O,O,O,O,O,81
870,我今天發現了什麼？我什麼都不想做？ 每天我都在努力想要維持一個「正常」的生活，但事實上，我每天都處於「低落」。我的行為、我的決定，都是被人左右控制，我沒有任何主動性。 😩 我的家庭問題，雖然不能讓人見到，但它的陰影已經與我深深的結合在一起。 😔 我是一個被人觀察的行為，沒有被人所認同，我想,是,O,O,O,O,O,O,82
870,我今天發現了什麼？我什麼都不想做？ 每天我都在努力想要維持一個「正常」的生活，但事實上，我每天都處於「低落」。我的行為、我的決定，都是被人左右控制，我沒有任何主動性。 😩 我的家庭問題，雖然不能讓人見到，但它的陰影已經與我深深的結合在一起。 😔 我是一個被人觀察的行為，沒有被人所認同，我想,一個,O,O,O,O,O,O,83
870,我今天發現了什麼？我什麼都不想做？ 每天我都在努力想要維持一個「正常」的生活，但事實上，我每天都處於「低落」。我的行為、我的決定，都是被人左右控制，我沒有任何主動性。 😩 我的家庭問題，雖然不能讓人見到，但它的陰影已經與我深深的結合在一起。 😔 我是一個被人觀察的行為，沒有被人所認同，我想,被,O,O,O,O,O,O,84
870,我今天發現了什麼？我什麼都不想做？ 每天我都在努力想要維持一個「正常」的生活，但事實上，我每天都處於「低落」。我的行為、我的決定，都是被人左右控制，我沒有任何主動性。 😩 我的家庭問題，雖然不能讓人見到，但它的陰影已經與我深深的結合在一起。 😔 我是一個被人觀察的行為，沒有被人所認同，我想,人,O,O,O,O,O,O,85
870,我今天發現了什麼？我什麼都不想做？ 每天我都在努力想要維持一個「正常」的生活，但事實上，我每天都處於「低落」。我的行為、我的決定，都是被人左右控制，我沒有任何主動性。 😩 我的家庭問題，雖然不能讓人見到，但它的陰影已經與我深深的結合在一起。 😔 我是一個被人觀察的行為，沒有被人所認同，我想,觀察,O,O,O,O,O,O,86
870,我今天發現了什麼？我什麼都不想做？ 每天我都在努力想要維持一個「正常」的生活，但事實上，我每天都處於「低落」。我的行為、我的決定，都是被人左右控制，我沒有任何主動性。 😩 我的家庭問題，雖然不能讓人見到，但它的陰影已經與我深深的結合在一起。 😔 我是一個被人觀察的行為，沒有被人所認同，我想,的,O,O,O,O,O,O,87
870,我今天發現了什麼？我什麼都不想做？ 每天我都在努力想要維持一個「正常」的生活，但事實上，我每天都處於「低落」。我的行為、我的決定，都是被人左右控制，我沒有任何主動性。 😩 我的家庭問題，雖然不能讓人見到，但它的陰影已經與我深深的結合在一起。 😔 我是一個被人觀察的行為，沒有被人所認同，我想,行為,O,O,O,O,O,O,88
870,我今天發現了什麼？我什麼都不想做？ 每天我都在努力想要維持一個「正常」的生活，但事實上，我每天都處於「低落」。我的行為、我的決定，都是被人左右控制，我沒有任何主動性。 😩 我的家庭問題，雖然不能讓人見到，但它的陰影已經與我深深的結合在一起。 😔 我是一個被人觀察的行為，沒有被人所認同，我想,，,O,O,O,O,O,O,89
870,我今天發現了什麼？我什麼都不想做？ 每天我都在努力想要維持一個「正常」的生活，但事實上，我每天都處於「低落」。我的行為、我的決定，都是被人左右控制，我沒有任何主動性。 😩 我的家庭問題，雖然不能讓人見到，但它的陰影已經與我深深的結合在一起。 😔 我是一個被人觀察的行為，沒有被人所認同，我想,沒有,O,O,O,O,O,O,90
870,我今天發現了什麼？我什麼都不想做？ 每天我都在努力想要維持一個「正常」的生活，但事實上，我每天都處於「低落」。我的行為、我的決定，都是被人左右控制，我沒有任何主動性。 😩 我的家庭問題，雖然不能讓人見到，但它的陰影已經與我深深的結合在一起。 😔 我是一個被人觀察的行為，沒有被人所認同，我想,被,O,O,O,O,O,O,91
870,我今天發現了什麼？我什麼都不想做？ 每天我都在努力想要維持一個「正常」的生活，但事實上，我每天都處於「低落」。我的行為、我的決定，都是被人左右控制，我沒有任何主動性。 😩 我的家庭問題，雖然不能讓人見到，但它的陰影已經與我深深的結合在一起。 😔 我是一個被人觀察的行為，沒有被人所認同，我想,人,O,O,O,O,O,O,92
870,我今天發現了什麼？我什麼都不想做？ 每天我都在努力想要維持一個「正常」的生活，但事實上，我每天都處於「低落」。我的行為、我的決定，都是被人左右控制，我沒有任何主動性。 😩 我的家庭問題，雖然不能讓人見到，但它的陰影已經與我深深的結合在一起。 😔 我是一個被人觀察的行為，沒有被人所認同，我想,所,O,O,O,O,O,O,93
870,我今天發現了什麼？我什麼都不想做？ 每天我都在努力想要維持一個「正常」的生活，但事實上，我每天都處於「低落」。我的行為、我的決定，都是被人左右控制，我沒有任何主動性。 😩 我的家庭問題，雖然不能讓人見到，但它的陰影已經與我深深的結合在一起。 😔 我是一個被人觀察的行為，沒有被人所認同，我想,認同,O,O,O,O,O,O,94
870,我今天發現了什麼？我什麼都不想做？ 每天我都在努力想要維持一個「正常」的生活，但事實上，我每天都處於「低落」。我的行為、我的決定，都是被人左右控制，我沒有任何主動性。 😩 我的家庭問題，雖然不能讓人見到，但它的陰影已經與我深深的結合在一起。 😔 我是一個被人觀察的行為，沒有被人所認同，我想,，,O,O,O,O,O,O,95
870,我今天發現了什麼？我什麼都不想做？ 每天我都在努力想要維持一個「正常」的生活，但事實上，我每天都處於「低落」。我的行為、我的決定，都是被人左右控制，我沒有任何主動性。 😩 我的家庭問題，雖然不能讓人見到，但它的陰影已經與我深深的結合在一起。 😔 我是一個被人觀察的行為，沒有被人所認同，我想,我,O,O,O,O,O,O,96
870,我今天發現了什麼？我什麼都不想做？ 每天我都在努力想要維持一個「正常」的生活，但事實上，我每天都處於「低落」。我的行為、我的決定，都是被人左右控制，我沒有任何主動性。 😩 我的家庭問題，雖然不能讓人見到，但它的陰影已經與我深深的結合在一起。 😔 我是一個被人觀察的行為，沒有被人所認同，我想,想,O,O,O,O,O,O,97
871,- 這些年月我一直以為自己是優秀的。我現在只是盡力過程中，因為我真的無法把內容提供出來了 😔. 這是因為我實際上沒有什麼內容要給大家 😂. 不過我想說我是因為自己的壓力和失望 . 這種情況下我會感到非常沮喪 . 有時候的確我會失去興趣 ‍,這些,O,O,O,O,O,O,1
871,- 這些年月我一直以為自己是優秀的。我現在只是盡力過程中，因為我真的無法把內容提供出來了 😔. 這是因為我實際上沒有什麼內容要給大家 😂. 不過我想說我是因為自己的壓力和失望 . 這種情況下我會感到非常沮喪 . 有時候的確我會失去興趣 ‍,年月,O,O,O,O,O,O,2
871,- 這些年月我一直以為自己是優秀的。我現在只是盡力過程中，因為我真的無法把內容提供出來了 😔. 這是因為我實際上沒有什麼內容要給大家 😂. 不過我想說我是因為自己的壓力和失望 . 這種情況下我會感到非常沮喪 . 有時候的確我會失去興趣 ‍,我,O,O,O,O,O,O,3
871,- 這些年月我一直以為自己是優秀的。我現在只是盡力過程中，因為我真的無法把內容提供出來了 😔. 這是因為我實際上沒有什麼內容要給大家 😂. 不過我想說我是因為自己的壓力和失望 . 這種情況下我會感到非常沮喪 . 有時候的確我會失去興趣 ‍,一直,O,O,O,O,O,O,4
871,- 這些年月我一直以為自己是優秀的。我現在只是盡力過程中，因為我真的無法把內容提供出來了 😔. 這是因為我實際上沒有什麼內容要給大家 😂. 不過我想說我是因為自己的壓力和失望 . 這種情況下我會感到非常沮喪 . 有時候的確我會失去興趣 ‍,以為,O,O,O,O,O,O,5
871,- 這些年月我一直以為自己是優秀的。我現在只是盡力過程中，因為我真的無法把內容提供出來了 😔. 這是因為我實際上沒有什麼內容要給大家 😂. 不過我想說我是因為自己的壓力和失望 . 這種情況下我會感到非常沮喪 . 有時候的確我會失去興趣 ‍,自己,O,O,O,O,O,O,6
871,- 這些年月我一直以為自己是優秀的。我現在只是盡力過程中，因為我真的無法把內容提供出來了 😔. 這是因為我實際上沒有什麼內容要給大家 😂. 不過我想說我是因為自己的壓力和失望 . 這種情況下我會感到非常沮喪 . 有時候的確我會失去興趣 ‍,是,O,O,O,O,O,O,7
871,- 這些年月我一直以為自己是優秀的。我現在只是盡力過程中，因為我真的無法把內容提供出來了 😔. 這是因為我實際上沒有什麼內容要給大家 😂. 不過我想說我是因為自己的壓力和失望 . 這種情況下我會感到非常沮喪 . 有時候的確我會失去興趣 ‍,優秀,O,O,O,O,O,O,8
871,- 這些年月我一直以為自己是優秀的。我現在只是盡力過程中，因為我真的無法把內容提供出來了 😔. 這是因為我實際上沒有什麼內容要給大家 😂. 不過我想說我是因為自己的壓力和失望 . 這種情況下我會感到非常沮喪 . 有時候的確我會失去興趣 ‍,的,O,O,O,O,O,O,9
871,- 這些年月我一直以為自己是優秀的。我現在只是盡力過程中，因為我真的無法把內容提供出來了 😔. 這是因為我實際上沒有什麼內容要給大家 😂. 不過我想說我是因為自己的壓力和失望 . 這種情況下我會感到非常沮喪 . 有時候的確我會失去興趣 ‍,。,O,O,O,O,O,O,10
871,- 這些年月我一直以為自己是優秀的。我現在只是盡力過程中，因為我真的無法把內容提供出來了 😔. 這是因為我實際上沒有什麼內容要給大家 😂. 不過我想說我是因為自己的壓力和失望 . 這種情況下我會感到非常沮喪 . 有時候的確我會失去興趣 ‍,我,O,O,O,O,O,O,11
871,- 這些年月我一直以為自己是優秀的。我現在只是盡力過程中，因為我真的無法把內容提供出來了 😔. 這是因為我實際上沒有什麼內容要給大家 😂. 不過我想說我是因為自己的壓力和失望 . 這種情況下我會感到非常沮喪 . 有時候的確我會失去興趣 ‍,現在,O,O,O,O,O,O,12
871,- 這些年月我一直以為自己是優秀的。我現在只是盡力過程中，因為我真的無法把內容提供出來了 😔. 這是因為我實際上沒有什麼內容要給大家 😂. 不過我想說我是因為自己的壓力和失望 . 這種情況下我會感到非常沮喪 . 有時候的確我會失去興趣 ‍,只是,O,O,O,O,O,O,13
871,- 這些年月我一直以為自己是優秀的。我現在只是盡力過程中，因為我真的無法把內容提供出來了 😔. 這是因為我實際上沒有什麼內容要給大家 😂. 不過我想說我是因為自己的壓力和失望 . 這種情況下我會感到非常沮喪 . 有時候的確我會失去興趣 ‍,盡力,O,O,O,O,O,O,14
871,- 這些年月我一直以為自己是優秀的。我現在只是盡力過程中，因為我真的無法把內容提供出來了 😔. 這是因為我實際上沒有什麼內容要給大家 😂. 不過我想說我是因為自己的壓力和失望 . 這種情況下我會感到非常沮喪 . 有時候的確我會失去興趣 ‍,過程,O,O,O,O,O,O,15
871,- 這些年月我一直以為自己是優秀的。我現在只是盡力過程中，因為我真的無法把內容提供出來了 😔. 這是因為我實際上沒有什麼內容要給大家 😂. 不過我想說我是因為自己的壓力和失望 . 這種情況下我會感到非常沮喪 . 有時候的確我會失去興趣 ‍,中,O,O,O,O,O,O,16
871,- 這些年月我一直以為自己是優秀的。我現在只是盡力過程中，因為我真的無法把內容提供出來了 😔. 這是因為我實際上沒有什麼內容要給大家 😂. 不過我想說我是因為自己的壓力和失望 . 這種情況下我會感到非常沮喪 . 有時候的確我會失去興趣 ‍,，,O,O,O,O,O,O,17
871,- 這些年月我一直以為自己是優秀的。我現在只是盡力過程中，因為我真的無法把內容提供出來了 😔. 這是因為我實際上沒有什麼內容要給大家 😂. 不過我想說我是因為自己的壓力和失望 . 這種情況下我會感到非常沮喪 . 有時候的確我會失去興趣 ‍,因為,O,O,O,O,O,O,18
871,- 這些年月我一直以為自己是優秀的。我現在只是盡力過程中，因為我真的無法把內容提供出來了 😔. 這是因為我實際上沒有什麼內容要給大家 😂. 不過我想說我是因為自己的壓力和失望 . 這種情況下我會感到非常沮喪 . 有時候的確我會失去興趣 ‍,我,O,O,O,O,O,O,19
871,- 這些年月我一直以為自己是優秀的。我現在只是盡力過程中，因為我真的無法把內容提供出來了 😔. 這是因為我實際上沒有什麼內容要給大家 😂. 不過我想說我是因為自己的壓力和失望 . 這種情況下我會感到非常沮喪 . 有時候的確我會失去興趣 ‍,真的,O,O,O,O,O,O,20
871,- 這些年月我一直以為自己是優秀的。我現在只是盡力過程中，因為我真的無法把內容提供出來了 😔. 這是因為我實際上沒有什麼內容要給大家 😂. 不過我想說我是因為自己的壓力和失望 . 這種情況下我會感到非常沮喪 . 有時候的確我會失去興趣 ‍,無法,O,B-W,B-W,B-W,B-W,B-W,21
871,- 這些年月我一直以為自己是優秀的。我現在只是盡力過程中，因為我真的無法把內容提供出來了 😔. 這是因為我實際上沒有什麼內容要給大家 😂. 不過我想說我是因為自己的壓力和失望 . 這種情況下我會感到非常沮喪 . 有時候的確我會失去興趣 ‍,把,O,O,O,O,O,O,22
871,- 這些年月我一直以為自己是優秀的。我現在只是盡力過程中，因為我真的無法把內容提供出來了 😔. 這是因為我實際上沒有什麼內容要給大家 😂. 不過我想說我是因為自己的壓力和失望 . 這種情況下我會感到非常沮喪 . 有時候的確我會失去興趣 ‍,內容,O,O,O,O,O,O,23
871,- 這些年月我一直以為自己是優秀的。我現在只是盡力過程中，因為我真的無法把內容提供出來了 😔. 這是因為我實際上沒有什麼內容要給大家 😂. 不過我想說我是因為自己的壓力和失望 . 這種情況下我會感到非常沮喪 . 有時候的確我會失去興趣 ‍,提供,O,O,O,O,O,O,24
871,- 這些年月我一直以為自己是優秀的。我現在只是盡力過程中，因為我真的無法把內容提供出來了 😔. 這是因為我實際上沒有什麼內容要給大家 😂. 不過我想說我是因為自己的壓力和失望 . 這種情況下我會感到非常沮喪 . 有時候的確我會失去興趣 ‍,出來,O,O,O,O,O,O,25
871,- 這些年月我一直以為自己是優秀的。我現在只是盡力過程中，因為我真的無法把內容提供出來了 😔. 這是因為我實際上沒有什麼內容要給大家 😂. 不過我想說我是因為自己的壓力和失望 . 這種情況下我會感到非常沮喪 . 有時候的確我會失去興趣 ‍,了,O,O,O,O,O,O,26
871,- 這些年月我一直以為自己是優秀的。我現在只是盡力過程中，因為我真的無法把內容提供出來了 😔. 這是因為我實際上沒有什麼內容要給大家 😂. 不過我想說我是因為自己的壓力和失望 . 這種情況下我會感到非常沮喪 . 有時候的確我會失去興趣 ‍,😔,O,O,O,O,O,O,27
871,- 這些年月我一直以為自己是優秀的。我現在只是盡力過程中，因為我真的無法把內容提供出來了 😔. 這是因為我實際上沒有什麼內容要給大家 😂. 不過我想說我是因為自己的壓力和失望 . 這種情況下我會感到非常沮喪 . 有時候的確我會失去興趣 ‍,.,O,O,O,O,O,O,28
871,- 這些年月我一直以為自己是優秀的。我現在只是盡力過程中，因為我真的無法把內容提供出來了 😔. 這是因為我實際上沒有什麼內容要給大家 😂. 不過我想說我是因為自己的壓力和失望 . 這種情況下我會感到非常沮喪 . 有時候的確我會失去興趣 ‍,這,O,O,O,O,O,O,29
871,- 這些年月我一直以為自己是優秀的。我現在只是盡力過程中，因為我真的無法把內容提供出來了 😔. 這是因為我實際上沒有什麼內容要給大家 😂. 不過我想說我是因為自己的壓力和失望 . 這種情況下我會感到非常沮喪 . 有時候的確我會失去興趣 ‍,是,O,O,O,O,O,O,30
871,- 這些年月我一直以為自己是優秀的。我現在只是盡力過程中，因為我真的無法把內容提供出來了 😔. 這是因為我實際上沒有什麼內容要給大家 😂. 不過我想說我是因為自己的壓力和失望 . 這種情況下我會感到非常沮喪 . 有時候的確我會失去興趣 ‍,因為,O,O,O,O,O,O,31
871,- 這些年月我一直以為自己是優秀的。我現在只是盡力過程中，因為我真的無法把內容提供出來了 😔. 這是因為我實際上沒有什麼內容要給大家 😂. 不過我想說我是因為自己的壓力和失望 . 這種情況下我會感到非常沮喪 . 有時候的確我會失去興趣 ‍,我,O,O,O,O,O,O,32
871,- 這些年月我一直以為自己是優秀的。我現在只是盡力過程中，因為我真的無法把內容提供出來了 😔. 這是因為我實際上沒有什麼內容要給大家 😂. 不過我想說我是因為自己的壓力和失望 . 這種情況下我會感到非常沮喪 . 有時候的確我會失去興趣 ‍,實際上,O,O,O,O,O,O,33
871,- 這些年月我一直以為自己是優秀的。我現在只是盡力過程中，因為我真的無法把內容提供出來了 😔. 這是因為我實際上沒有什麼內容要給大家 😂. 不過我想說我是因為自己的壓力和失望 . 這種情況下我會感到非常沮喪 . 有時候的確我會失去興趣 ‍,沒有,O,O,O,O,O,O,34
871,- 這些年月我一直以為自己是優秀的。我現在只是盡力過程中，因為我真的無法把內容提供出來了 😔. 這是因為我實際上沒有什麼內容要給大家 😂. 不過我想說我是因為自己的壓力和失望 . 這種情況下我會感到非常沮喪 . 有時候的確我會失去興趣 ‍,什麼,O,O,O,O,O,O,35
871,- 這些年月我一直以為自己是優秀的。我現在只是盡力過程中，因為我真的無法把內容提供出來了 😔. 這是因為我實際上沒有什麼內容要給大家 😂. 不過我想說我是因為自己的壓力和失望 . 這種情況下我會感到非常沮喪 . 有時候的確我會失去興趣 ‍,內容,O,O,O,O,O,O,36
871,- 這些年月我一直以為自己是優秀的。我現在只是盡力過程中，因為我真的無法把內容提供出來了 😔. 這是因為我實際上沒有什麼內容要給大家 😂. 不過我想說我是因為自己的壓力和失望 . 這種情況下我會感到非常沮喪 . 有時候的確我會失去興趣 ‍,要,O,O,O,O,O,O,37
871,- 這些年月我一直以為自己是優秀的。我現在只是盡力過程中，因為我真的無法把內容提供出來了 😔. 這是因為我實際上沒有什麼內容要給大家 😂. 不過我想說我是因為自己的壓力和失望 . 這種情況下我會感到非常沮喪 . 有時候的確我會失去興趣 ‍,給,O,O,O,O,O,O,38
871,- 這些年月我一直以為自己是優秀的。我現在只是盡力過程中，因為我真的無法把內容提供出來了 😔. 這是因為我實際上沒有什麼內容要給大家 😂. 不過我想說我是因為自己的壓力和失望 . 這種情況下我會感到非常沮喪 . 有時候的確我會失去興趣 ‍,大家,O,O,O,O,O,O,39
871,- 這些年月我一直以為自己是優秀的。我現在只是盡力過程中，因為我真的無法把內容提供出來了 😔. 這是因為我實際上沒有什麼內容要給大家 😂. 不過我想說我是因為自己的壓力和失望 . 這種情況下我會感到非常沮喪 . 有時候的確我會失去興趣 ‍,😂,O,O,O,O,O,O,40
871,- 這些年月我一直以為自己是優秀的。我現在只是盡力過程中，因為我真的無法把內容提供出來了 😔. 這是因為我實際上沒有什麼內容要給大家 😂. 不過我想說我是因為自己的壓力和失望 . 這種情況下我會感到非常沮喪 . 有時候的確我會失去興趣 ‍,.,O,O,O,O,O,O,41
871,- 這些年月我一直以為自己是優秀的。我現在只是盡力過程中，因為我真的無法把內容提供出來了 😔. 這是因為我實際上沒有什麼內容要給大家 😂. 不過我想說我是因為自己的壓力和失望 . 這種情況下我會感到非常沮喪 . 有時候的確我會失去興趣 ‍,不過,O,O,O,O,O,O,42
871,- 這些年月我一直以為自己是優秀的。我現在只是盡力過程中，因為我真的無法把內容提供出來了 😔. 這是因為我實際上沒有什麼內容要給大家 😂. 不過我想說我是因為自己的壓力和失望 . 這種情況下我會感到非常沮喪 . 有時候的確我會失去興趣 ‍,我,O,O,O,O,O,O,43
871,- 這些年月我一直以為自己是優秀的。我現在只是盡力過程中，因為我真的無法把內容提供出來了 😔. 這是因為我實際上沒有什麼內容要給大家 😂. 不過我想說我是因為自己的壓力和失望 . 這種情況下我會感到非常沮喪 . 有時候的確我會失去興趣 ‍,想,O,O,O,O,O,O,44
871,- 這些年月我一直以為自己是優秀的。我現在只是盡力過程中，因為我真的無法把內容提供出來了 😔. 這是因為我實際上沒有什麼內容要給大家 😂. 不過我想說我是因為自己的壓力和失望 . 這種情況下我會感到非常沮喪 . 有時候的確我會失去興趣 ‍,說,O,O,O,O,O,O,45
871,- 這些年月我一直以為自己是優秀的。我現在只是盡力過程中，因為我真的無法把內容提供出來了 😔. 這是因為我實際上沒有什麼內容要給大家 😂. 不過我想說我是因為自己的壓力和失望 . 這種情況下我會感到非常沮喪 . 有時候的確我會失去興趣 ‍,我,O,O,O,O,O,O,46
871,- 這些年月我一直以為自己是優秀的。我現在只是盡力過程中，因為我真的無法把內容提供出來了 😔. 這是因為我實際上沒有什麼內容要給大家 😂. 不過我想說我是因為自己的壓力和失望 . 這種情況下我會感到非常沮喪 . 有時候的確我會失去興趣 ‍,是,O,O,O,O,O,O,47
871,- 這些年月我一直以為自己是優秀的。我現在只是盡力過程中，因為我真的無法把內容提供出來了 😔. 這是因為我實際上沒有什麼內容要給大家 😂. 不過我想說我是因為自己的壓力和失望 . 這種情況下我會感到非常沮喪 . 有時候的確我會失去興趣 ‍,因為,O,O,O,O,O,O,48
871,- 這些年月我一直以為自己是優秀的。我現在只是盡力過程中，因為我真的無法把內容提供出來了 😔. 這是因為我實際上沒有什麼內容要給大家 😂. 不過我想說我是因為自己的壓力和失望 . 這種情況下我會感到非常沮喪 . 有時候的確我會失去興趣 ‍,自己,O,O,O,O,O,O,49
871,- 這些年月我一直以為自己是優秀的。我現在只是盡力過程中，因為我真的無法把內容提供出來了 😔. 這是因為我實際上沒有什麼內容要給大家 😂. 不過我想說我是因為自己的壓力和失望 . 這種情況下我會感到非常沮喪 . 有時候的確我會失去興趣 ‍,的,O,O,O,O,O,O,50
871,- 這些年月我一直以為自己是優秀的。我現在只是盡力過程中，因為我真的無法把內容提供出來了 😔. 這是因為我實際上沒有什麼內容要給大家 😂. 不過我想說我是因為自己的壓力和失望 . 這種情況下我會感到非常沮喪 . 有時候的確我會失去興趣 ‍,壓力,O,O,O,O,O,O,51
871,- 這些年月我一直以為自己是優秀的。我現在只是盡力過程中，因為我真的無法把內容提供出來了 😔. 這是因為我實際上沒有什麼內容要給大家 😂. 不過我想說我是因為自己的壓力和失望 . 這種情況下我會感到非常沮喪 . 有時候的確我會失去興趣 ‍,和,O,O,O,O,O,O,52
871,- 這些年月我一直以為自己是優秀的。我現在只是盡力過程中，因為我真的無法把內容提供出來了 😔. 這是因為我實際上沒有什麼內容要給大家 😂. 不過我想說我是因為自己的壓力和失望 . 這種情況下我會感到非常沮喪 . 有時候的確我會失去興趣 ‍,失望,O,O,O,O,O,O,53
871,- 這些年月我一直以為自己是優秀的。我現在只是盡力過程中，因為我真的無法把內容提供出來了 😔. 這是因為我實際上沒有什麼內容要給大家 😂. 不過我想說我是因為自己的壓力和失望 . 這種情況下我會感到非常沮喪 . 有時候的確我會失去興趣 ‍,.,O,O,O,O,O,O,54
871,- 這些年月我一直以為自己是優秀的。我現在只是盡力過程中，因為我真的無法把內容提供出來了 😔. 這是因為我實際上沒有什麼內容要給大家 😂. 不過我想說我是因為自己的壓力和失望 . 這種情況下我會感到非常沮喪 . 有時候的確我會失去興趣 ‍,這種,O,O,O,O,O,O,55
871,- 這些年月我一直以為自己是優秀的。我現在只是盡力過程中，因為我真的無法把內容提供出來了 😔. 這是因為我實際上沒有什麼內容要給大家 😂. 不過我想說我是因為自己的壓力和失望 . 這種情況下我會感到非常沮喪 . 有時候的確我會失去興趣 ‍,情況,O,O,O,O,O,O,56
871,- 這些年月我一直以為自己是優秀的。我現在只是盡力過程中，因為我真的無法把內容提供出來了 😔. 這是因為我實際上沒有什麼內容要給大家 😂. 不過我想說我是因為自己的壓力和失望 . 這種情況下我會感到非常沮喪 . 有時候的確我會失去興趣 ‍,下,O,O,O,O,O,O,57
871,- 這些年月我一直以為自己是優秀的。我現在只是盡力過程中，因為我真的無法把內容提供出來了 😔. 這是因為我實際上沒有什麼內容要給大家 😂. 不過我想說我是因為自己的壓力和失望 . 這種情況下我會感到非常沮喪 . 有時候的確我會失去興趣 ‍,我,O,O,O,O,O,O,58
871,- 這些年月我一直以為自己是優秀的。我現在只是盡力過程中，因為我真的無法把內容提供出來了 😔. 這是因為我實際上沒有什麼內容要給大家 😂. 不過我想說我是因為自己的壓力和失望 . 這種情況下我會感到非常沮喪 . 有時候的確我會失去興趣 ‍,會,O,O,O,O,O,O,59
871,- 這些年月我一直以為自己是優秀的。我現在只是盡力過程中，因為我真的無法把內容提供出來了 😔. 這是因為我實際上沒有什麼內容要給大家 😂. 不過我想說我是因為自己的壓力和失望 . 這種情況下我會感到非常沮喪 . 有時候的確我會失去興趣 ‍,感到,B-D,O,B-D,B-D,O,B-D,60
871,- 這些年月我一直以為自己是優秀的。我現在只是盡力過程中，因為我真的無法把內容提供出來了 😔. 這是因為我實際上沒有什麼內容要給大家 😂. 不過我想說我是因為自己的壓力和失望 . 這種情況下我會感到非常沮喪 . 有時候的確我會失去興趣 ‍,非常,M-D,O,M-D,M-D,O,M-D,61
871,- 這些年月我一直以為自己是優秀的。我現在只是盡力過程中，因為我真的無法把內容提供出來了 😔. 這是因為我實際上沒有什麼內容要給大家 😂. 不過我想說我是因為自己的壓力和失望 . 這種情況下我會感到非常沮喪 . 有時候的確我會失去興趣 ‍,沮喪,E-D,S-D,E-D,E-D,S-D,E-D,62
871,- 這些年月我一直以為自己是優秀的。我現在只是盡力過程中，因為我真的無法把內容提供出來了 😔. 這是因為我實際上沒有什麼內容要給大家 😂. 不過我想說我是因為自己的壓力和失望 . 這種情況下我會感到非常沮喪 . 有時候的確我會失去興趣 ‍,.,O,O,O,O,O,O,63
871,- 這些年月我一直以為自己是優秀的。我現在只是盡力過程中，因為我真的無法把內容提供出來了 😔. 這是因為我實際上沒有什麼內容要給大家 😂. 不過我想說我是因為自己的壓力和失望 . 這種情況下我會感到非常沮喪 . 有時候的確我會失去興趣 ‍,有,O,O,O,O,O,O,64
871,- 這些年月我一直以為自己是優秀的。我現在只是盡力過程中，因為我真的無法把內容提供出來了 😔. 這是因為我實際上沒有什麼內容要給大家 😂. 不過我想說我是因為自己的壓力和失望 . 這種情況下我會感到非常沮喪 . 有時候的確我會失去興趣 ‍,時候,O,O,O,O,O,O,65
871,- 這些年月我一直以為自己是優秀的。我現在只是盡力過程中，因為我真的無法把內容提供出來了 😔. 這是因為我實際上沒有什麼內容要給大家 😂. 不過我想說我是因為自己的壓力和失望 . 這種情況下我會感到非常沮喪 . 有時候的確我會失去興趣 ‍,的確,O,O,O,O,O,O,66
871,- 這些年月我一直以為自己是優秀的。我現在只是盡力過程中，因為我真的無法把內容提供出來了 😔. 這是因為我實際上沒有什麼內容要給大家 😂. 不過我想說我是因為自己的壓力和失望 . 這種情況下我會感到非常沮喪 . 有時候的確我會失去興趣 ‍,我,O,O,O,O,O,O,67
871,- 這些年月我一直以為自己是優秀的。我現在只是盡力過程中，因為我真的無法把內容提供出來了 😔. 這是因為我實際上沒有什麼內容要給大家 😂. 不過我想說我是因為自己的壓力和失望 . 這種情況下我會感到非常沮喪 . 有時候的確我會失去興趣 ‍,會,O,O,O,O,O,O,68
871,- 這些年月我一直以為自己是優秀的。我現在只是盡力過程中，因為我真的無法把內容提供出來了 😔. 這是因為我實際上沒有什麼內容要給大家 😂. 不過我想說我是因為自己的壓力和失望 . 這種情況下我會感到非常沮喪 . 有時候的確我會失去興趣 ‍,失去,B-A,B-A,B-A,B-A,B-A,B-A,69
871,- 這些年月我一直以為自己是優秀的。我現在只是盡力過程中，因為我真的無法把內容提供出來了 😔. 這是因為我實際上沒有什麼內容要給大家 😂. 不過我想說我是因為自己的壓力和失望 . 這種情況下我會感到非常沮喪 . 有時候的確我會失去興趣 ‍,興趣,E-A,E-A,E-A,E-A,E-A,E-A,70
871,- 這些年月我一直以為自己是優秀的。我現在只是盡力過程中，因為我真的無法把內容提供出來了 😔. 這是因為我實際上沒有什麼內容要給大家 😂. 不過我想說我是因為自己的壓力和失望 . 這種情況下我會感到非常沮喪 . 有時候的確我會失去興趣 ‍,‍,O,O,O,O,O,O,71
872,6月份我移民到了新的城市，過程雖然很累，但現在我已經在過著日常生活的節奏，我每天醒來就不感覺到興趣，活到個位子也不再享受生活。似乎只有在晚上，靠著一杯熱茶，我才會有一些動力。所以我想要問大家，其他人也經歷了這樣的情況嗎？ 🤔    請繼續加上,6月份,O,O,O,O,O,O,1
872,6月份我移民到了新的城市，過程雖然很累，但現在我已經在過著日常生活的節奏，我每天醒來就不感覺到興趣，活到個位子也不再享受生活。似乎只有在晚上，靠著一杯熱茶，我才會有一些動力。所以我想要問大家，其他人也經歷了這樣的情況嗎？ 🤔    請繼續加上,我,O,O,O,O,O,O,2
872,6月份我移民到了新的城市，過程雖然很累，但現在我已經在過著日常生活的節奏，我每天醒來就不感覺到興趣，活到個位子也不再享受生活。似乎只有在晚上，靠著一杯熱茶，我才會有一些動力。所以我想要問大家，其他人也經歷了這樣的情況嗎？ 🤔    請繼續加上,移民,O,O,O,O,O,O,3
872,6月份我移民到了新的城市，過程雖然很累，但現在我已經在過著日常生活的節奏，我每天醒來就不感覺到興趣，活到個位子也不再享受生活。似乎只有在晚上，靠著一杯熱茶，我才會有一些動力。所以我想要問大家，其他人也經歷了這樣的情況嗎？ 🤔    請繼續加上,到,O,O,O,O,O,O,4
872,6月份我移民到了新的城市，過程雖然很累，但現在我已經在過著日常生活的節奏，我每天醒來就不感覺到興趣，活到個位子也不再享受生活。似乎只有在晚上，靠著一杯熱茶，我才會有一些動力。所以我想要問大家，其他人也經歷了這樣的情況嗎？ 🤔    請繼續加上,了,O,O,O,O,O,O,5
872,6月份我移民到了新的城市，過程雖然很累，但現在我已經在過著日常生活的節奏，我每天醒來就不感覺到興趣，活到個位子也不再享受生活。似乎只有在晚上，靠著一杯熱茶，我才會有一些動力。所以我想要問大家，其他人也經歷了這樣的情況嗎？ 🤔    請繼續加上,新的,O,O,O,O,O,O,6
872,6月份我移民到了新的城市，過程雖然很累，但現在我已經在過著日常生活的節奏，我每天醒來就不感覺到興趣，活到個位子也不再享受生活。似乎只有在晚上，靠著一杯熱茶，我才會有一些動力。所以我想要問大家，其他人也經歷了這樣的情況嗎？ 🤔    請繼續加上,城市,O,O,O,O,O,O,7
872,6月份我移民到了新的城市，過程雖然很累，但現在我已經在過著日常生活的節奏，我每天醒來就不感覺到興趣，活到個位子也不再享受生活。似乎只有在晚上，靠著一杯熱茶，我才會有一些動力。所以我想要問大家，其他人也經歷了這樣的情況嗎？ 🤔    請繼續加上,，,O,O,O,O,O,O,8
872,6月份我移民到了新的城市，過程雖然很累，但現在我已經在過著日常生活的節奏，我每天醒來就不感覺到興趣，活到個位子也不再享受生活。似乎只有在晚上，靠著一杯熱茶，我才會有一些動力。所以我想要問大家，其他人也經歷了這樣的情況嗎？ 🤔    請繼續加上,過程,O,O,O,O,O,O,9
872,6月份我移民到了新的城市，過程雖然很累，但現在我已經在過著日常生活的節奏，我每天醒來就不感覺到興趣，活到個位子也不再享受生活。似乎只有在晚上，靠著一杯熱茶，我才會有一些動力。所以我想要問大家，其他人也經歷了這樣的情況嗎？ 🤔    請繼續加上,雖然,O,O,O,O,O,O,10
872,6月份我移民到了新的城市，過程雖然很累，但現在我已經在過著日常生活的節奏，我每天醒來就不感覺到興趣，活到個位子也不再享受生活。似乎只有在晚上，靠著一杯熱茶，我才會有一些動力。所以我想要問大家，其他人也經歷了這樣的情況嗎？ 🤔    請繼續加上,很,O,O,O,O,O,O,11
872,6月份我移民到了新的城市，過程雖然很累，但現在我已經在過著日常生活的節奏，我每天醒來就不感覺到興趣，活到個位子也不再享受生活。似乎只有在晚上，靠著一杯熱茶，我才會有一些動力。所以我想要問大家，其他人也經歷了這樣的情況嗎？ 🤔    請繼續加上,累,S-D,S-D,S-D,S-D,S-D,S-D,12
872,6月份我移民到了新的城市，過程雖然很累，但現在我已經在過著日常生活的節奏，我每天醒來就不感覺到興趣，活到個位子也不再享受生活。似乎只有在晚上，靠著一杯熱茶，我才會有一些動力。所以我想要問大家，其他人也經歷了這樣的情況嗎？ 🤔    請繼續加上,，,O,O,O,O,O,O,13
872,6月份我移民到了新的城市，過程雖然很累，但現在我已經在過著日常生活的節奏，我每天醒來就不感覺到興趣，活到個位子也不再享受生活。似乎只有在晚上，靠著一杯熱茶，我才會有一些動力。所以我想要問大家，其他人也經歷了這樣的情況嗎？ 🤔    請繼續加上,但,O,O,O,O,O,O,14
872,6月份我移民到了新的城市，過程雖然很累，但現在我已經在過著日常生活的節奏，我每天醒來就不感覺到興趣，活到個位子也不再享受生活。似乎只有在晚上，靠著一杯熱茶，我才會有一些動力。所以我想要問大家，其他人也經歷了這樣的情況嗎？ 🤔    請繼續加上,現在,O,O,O,O,O,O,15
872,6月份我移民到了新的城市，過程雖然很累，但現在我已經在過著日常生活的節奏，我每天醒來就不感覺到興趣，活到個位子也不再享受生活。似乎只有在晚上，靠著一杯熱茶，我才會有一些動力。所以我想要問大家，其他人也經歷了這樣的情況嗎？ 🤔    請繼續加上,我,O,O,O,O,O,O,16
872,6月份我移民到了新的城市，過程雖然很累，但現在我已經在過著日常生活的節奏，我每天醒來就不感覺到興趣，活到個位子也不再享受生活。似乎只有在晚上，靠著一杯熱茶，我才會有一些動力。所以我想要問大家，其他人也經歷了這樣的情況嗎？ 🤔    請繼續加上,已經,O,O,O,O,O,O,17
872,6月份我移民到了新的城市，過程雖然很累，但現在我已經在過著日常生活的節奏，我每天醒來就不感覺到興趣，活到個位子也不再享受生活。似乎只有在晚上，靠著一杯熱茶，我才會有一些動力。所以我想要問大家，其他人也經歷了這樣的情況嗎？ 🤔    請繼續加上,在,O,O,O,O,O,O,18
872,6月份我移民到了新的城市，過程雖然很累，但現在我已經在過著日常生活的節奏，我每天醒來就不感覺到興趣，活到個位子也不再享受生活。似乎只有在晚上，靠著一杯熱茶，我才會有一些動力。所以我想要問大家，其他人也經歷了這樣的情況嗎？ 🤔    請繼續加上,過著,O,O,O,O,O,O,19
872,6月份我移民到了新的城市，過程雖然很累，但現在我已經在過著日常生活的節奏，我每天醒來就不感覺到興趣，活到個位子也不再享受生活。似乎只有在晚上，靠著一杯熱茶，我才會有一些動力。所以我想要問大家，其他人也經歷了這樣的情況嗎？ 🤔    請繼續加上,日常,O,O,O,O,O,O,20
872,6月份我移民到了新的城市，過程雖然很累，但現在我已經在過著日常生活的節奏，我每天醒來就不感覺到興趣，活到個位子也不再享受生活。似乎只有在晚上，靠著一杯熱茶，我才會有一些動力。所以我想要問大家，其他人也經歷了這樣的情況嗎？ 🤔    請繼續加上,生活,O,O,O,O,O,O,21
872,6月份我移民到了新的城市，過程雖然很累，但現在我已經在過著日常生活的節奏，我每天醒來就不感覺到興趣，活到個位子也不再享受生活。似乎只有在晚上，靠著一杯熱茶，我才會有一些動力。所以我想要問大家，其他人也經歷了這樣的情況嗎？ 🤔    請繼續加上,的,O,O,O,O,O,O,22
872,6月份我移民到了新的城市，過程雖然很累，但現在我已經在過著日常生活的節奏，我每天醒來就不感覺到興趣，活到個位子也不再享受生活。似乎只有在晚上，靠著一杯熱茶，我才會有一些動力。所以我想要問大家，其他人也經歷了這樣的情況嗎？ 🤔    請繼續加上,節奏,O,O,O,O,O,O,23
872,6月份我移民到了新的城市，過程雖然很累，但現在我已經在過著日常生活的節奏，我每天醒來就不感覺到興趣，活到個位子也不再享受生活。似乎只有在晚上，靠著一杯熱茶，我才會有一些動力。所以我想要問大家，其他人也經歷了這樣的情況嗎？ 🤔    請繼續加上,，,O,O,O,O,O,O,24
872,6月份我移民到了新的城市，過程雖然很累，但現在我已經在過著日常生活的節奏，我每天醒來就不感覺到興趣，活到個位子也不再享受生活。似乎只有在晚上，靠著一杯熱茶，我才會有一些動力。所以我想要問大家，其他人也經歷了這樣的情況嗎？ 🤔    請繼續加上,我,O,O,O,O,O,O,25
872,6月份我移民到了新的城市，過程雖然很累，但現在我已經在過著日常生活的節奏，我每天醒來就不感覺到興趣，活到個位子也不再享受生活。似乎只有在晚上，靠著一杯熱茶，我才會有一些動力。所以我想要問大家，其他人也經歷了這樣的情況嗎？ 🤔    請繼續加上,每天,O,O,O,O,O,O,26
872,6月份我移民到了新的城市，過程雖然很累，但現在我已經在過著日常生活的節奏，我每天醒來就不感覺到興趣，活到個位子也不再享受生活。似乎只有在晚上，靠著一杯熱茶，我才會有一些動力。所以我想要問大家，其他人也經歷了這樣的情況嗎？ 🤔    請繼續加上,醒來,O,O,O,O,O,O,27
872,6月份我移民到了新的城市，過程雖然很累，但現在我已經在過著日常生活的節奏，我每天醒來就不感覺到興趣，活到個位子也不再享受生活。似乎只有在晚上，靠著一杯熱茶，我才會有一些動力。所以我想要問大家，其他人也經歷了這樣的情況嗎？ 🤔    請繼續加上,就,O,O,O,O,O,O,28
872,6月份我移民到了新的城市，過程雖然很累，但現在我已經在過著日常生活的節奏，我每天醒來就不感覺到興趣，活到個位子也不再享受生活。似乎只有在晚上，靠著一杯熱茶，我才會有一些動力。所以我想要問大家，其他人也經歷了這樣的情況嗎？ 🤔    請繼續加上,不,O,O,O,O,O,O,29
872,6月份我移民到了新的城市，過程雖然很累，但現在我已經在過著日常生活的節奏，我每天醒來就不感覺到興趣，活到個位子也不再享受生活。似乎只有在晚上，靠著一杯熱茶，我才會有一些動力。所以我想要問大家，其他人也經歷了這樣的情況嗎？ 🤔    請繼續加上,感覺,O,O,O,O,O,O,30
872,6月份我移民到了新的城市，過程雖然很累，但現在我已經在過著日常生活的節奏，我每天醒來就不感覺到興趣，活到個位子也不再享受生活。似乎只有在晚上，靠著一杯熱茶，我才會有一些動力。所以我想要問大家，其他人也經歷了這樣的情況嗎？ 🤔    請繼續加上,到,O,O,O,O,O,O,31
872,6月份我移民到了新的城市，過程雖然很累，但現在我已經在過著日常生活的節奏，我每天醒來就不感覺到興趣，活到個位子也不再享受生活。似乎只有在晚上，靠著一杯熱茶，我才會有一些動力。所以我想要問大家，其他人也經歷了這樣的情況嗎？ 🤔    請繼續加上,興趣,O,S-A,S-A,S-A,S-A,S-A,32
872,6月份我移民到了新的城市，過程雖然很累，但現在我已經在過著日常生活的節奏，我每天醒來就不感覺到興趣，活到個位子也不再享受生活。似乎只有在晚上，靠著一杯熱茶，我才會有一些動力。所以我想要問大家，其他人也經歷了這樣的情況嗎？ 🤔    請繼續加上,，,O,O,O,O,O,O,33
872,6月份我移民到了新的城市，過程雖然很累，但現在我已經在過著日常生活的節奏，我每天醒來就不感覺到興趣，活到個位子也不再享受生活。似乎只有在晚上，靠著一杯熱茶，我才會有一些動力。所以我想要問大家，其他人也經歷了這樣的情況嗎？ 🤔    請繼續加上,活,O,O,O,O,O,O,34
872,6月份我移民到了新的城市，過程雖然很累，但現在我已經在過著日常生活的節奏，我每天醒來就不感覺到興趣，活到個位子也不再享受生活。似乎只有在晚上，靠著一杯熱茶，我才會有一些動力。所以我想要問大家，其他人也經歷了這樣的情況嗎？ 🤔    請繼續加上,到,O,O,O,O,O,O,35
872,6月份我移民到了新的城市，過程雖然很累，但現在我已經在過著日常生活的節奏，我每天醒來就不感覺到興趣，活到個位子也不再享受生活。似乎只有在晚上，靠著一杯熱茶，我才會有一些動力。所以我想要問大家，其他人也經歷了這樣的情況嗎？ 🤔    請繼續加上,個位子,O,O,O,O,O,O,36
872,6月份我移民到了新的城市，過程雖然很累，但現在我已經在過著日常生活的節奏，我每天醒來就不感覺到興趣，活到個位子也不再享受生活。似乎只有在晚上，靠著一杯熱茶，我才會有一些動力。所以我想要問大家，其他人也經歷了這樣的情況嗎？ 🤔    請繼續加上,也,O,O,O,O,O,O,37
872,6月份我移民到了新的城市，過程雖然很累，但現在我已經在過著日常生活的節奏，我每天醒來就不感覺到興趣，活到個位子也不再享受生活。似乎只有在晚上，靠著一杯熱茶，我才會有一些動力。所以我想要問大家，其他人也經歷了這樣的情況嗎？ 🤔    請繼續加上,不再,B-A,O,O,O,O,O,38
872,6月份我移民到了新的城市，過程雖然很累，但現在我已經在過著日常生活的節奏，我每天醒來就不感覺到興趣，活到個位子也不再享受生活。似乎只有在晚上，靠著一杯熱茶，我才會有一些動力。所以我想要問大家，其他人也經歷了這樣的情況嗎？ 🤔    請繼續加上,享受,M-A,O,O,O,O,O,39
872,6月份我移民到了新的城市，過程雖然很累，但現在我已經在過著日常生活的節奏，我每天醒來就不感覺到興趣，活到個位子也不再享受生活。似乎只有在晚上，靠著一杯熱茶，我才會有一些動力。所以我想要問大家，其他人也經歷了這樣的情況嗎？ 🤔    請繼續加上,生活,E-A,O,O,O,O,O,40
872,6月份我移民到了新的城市，過程雖然很累，但現在我已經在過著日常生活的節奏，我每天醒來就不感覺到興趣，活到個位子也不再享受生活。似乎只有在晚上，靠著一杯熱茶，我才會有一些動力。所以我想要問大家，其他人也經歷了這樣的情況嗎？ 🤔    請繼續加上,。,O,O,O,O,O,O,41
872,6月份我移民到了新的城市，過程雖然很累，但現在我已經在過著日常生活的節奏，我每天醒來就不感覺到興趣，活到個位子也不再享受生活。似乎只有在晚上，靠著一杯熱茶，我才會有一些動力。所以我想要問大家，其他人也經歷了這樣的情況嗎？ 🤔    請繼續加上,似乎,O,O,O,O,O,O,42
872,6月份我移民到了新的城市，過程雖然很累，但現在我已經在過著日常生活的節奏，我每天醒來就不感覺到興趣，活到個位子也不再享受生活。似乎只有在晚上，靠著一杯熱茶，我才會有一些動力。所以我想要問大家，其他人也經歷了這樣的情況嗎？ 🤔    請繼續加上,只有,O,O,O,O,O,O,43
872,6月份我移民到了新的城市，過程雖然很累，但現在我已經在過著日常生活的節奏，我每天醒來就不感覺到興趣，活到個位子也不再享受生活。似乎只有在晚上，靠著一杯熱茶，我才會有一些動力。所以我想要問大家，其他人也經歷了這樣的情況嗎？ 🤔    請繼續加上,在,O,O,O,O,O,O,44
872,6月份我移民到了新的城市，過程雖然很累，但現在我已經在過著日常生活的節奏，我每天醒來就不感覺到興趣，活到個位子也不再享受生活。似乎只有在晚上，靠著一杯熱茶，我才會有一些動力。所以我想要問大家，其他人也經歷了這樣的情況嗎？ 🤔    請繼續加上,晚上,O,O,O,O,O,O,45
872,6月份我移民到了新的城市，過程雖然很累，但現在我已經在過著日常生活的節奏，我每天醒來就不感覺到興趣，活到個位子也不再享受生活。似乎只有在晚上，靠著一杯熱茶，我才會有一些動力。所以我想要問大家，其他人也經歷了這樣的情況嗎？ 🤔    請繼續加上,，,O,O,O,O,O,O,46
872,6月份我移民到了新的城市，過程雖然很累，但現在我已經在過著日常生活的節奏，我每天醒來就不感覺到興趣，活到個位子也不再享受生活。似乎只有在晚上，靠著一杯熱茶，我才會有一些動力。所以我想要問大家，其他人也經歷了這樣的情況嗎？ 🤔    請繼續加上,靠著,O,O,O,O,O,O,47
872,6月份我移民到了新的城市，過程雖然很累，但現在我已經在過著日常生活的節奏，我每天醒來就不感覺到興趣，活到個位子也不再享受生活。似乎只有在晚上，靠著一杯熱茶，我才會有一些動力。所以我想要問大家，其他人也經歷了這樣的情況嗎？ 🤔    請繼續加上,一杯,O,O,O,O,O,O,48
872,6月份我移民到了新的城市，過程雖然很累，但現在我已經在過著日常生活的節奏，我每天醒來就不感覺到興趣，活到個位子也不再享受生活。似乎只有在晚上，靠著一杯熱茶，我才會有一些動力。所以我想要問大家，其他人也經歷了這樣的情況嗎？ 🤔    請繼續加上,熱茶,O,O,O,O,O,O,49
872,6月份我移民到了新的城市，過程雖然很累，但現在我已經在過著日常生活的節奏，我每天醒來就不感覺到興趣，活到個位子也不再享受生活。似乎只有在晚上，靠著一杯熱茶，我才會有一些動力。所以我想要問大家，其他人也經歷了這樣的情況嗎？ 🤔    請繼續加上,，,O,O,O,O,O,O,50
872,6月份我移民到了新的城市，過程雖然很累，但現在我已經在過著日常生活的節奏，我每天醒來就不感覺到興趣，活到個位子也不再享受生活。似乎只有在晚上，靠著一杯熱茶，我才會有一些動力。所以我想要問大家，其他人也經歷了這樣的情況嗎？ 🤔    請繼續加上,我,O,O,O,O,O,O,51
872,6月份我移民到了新的城市，過程雖然很累，但現在我已經在過著日常生活的節奏，我每天醒來就不感覺到興趣，活到個位子也不再享受生活。似乎只有在晚上，靠著一杯熱茶，我才會有一些動力。所以我想要問大家，其他人也經歷了這樣的情況嗎？ 🤔    請繼續加上,才,O,O,O,O,O,O,52
872,6月份我移民到了新的城市，過程雖然很累，但現在我已經在過著日常生活的節奏，我每天醒來就不感覺到興趣，活到個位子也不再享受生活。似乎只有在晚上，靠著一杯熱茶，我才會有一些動力。所以我想要問大家，其他人也經歷了這樣的情況嗎？ 🤔    請繼續加上,會,O,O,O,O,O,O,53
872,6月份我移民到了新的城市，過程雖然很累，但現在我已經在過著日常生活的節奏，我每天醒來就不感覺到興趣，活到個位子也不再享受生活。似乎只有在晚上，靠著一杯熱茶，我才會有一些動力。所以我想要問大家，其他人也經歷了這樣的情況嗎？ 🤔    請繼續加上,有,O,O,O,O,O,O,54
872,6月份我移民到了新的城市，過程雖然很累，但現在我已經在過著日常生活的節奏，我每天醒來就不感覺到興趣，活到個位子也不再享受生活。似乎只有在晚上，靠著一杯熱茶，我才會有一些動力。所以我想要問大家，其他人也經歷了這樣的情況嗎？ 🤔    請繼續加上,一些,O,O,O,O,O,O,55
872,6月份我移民到了新的城市，過程雖然很累，但現在我已經在過著日常生活的節奏，我每天醒來就不感覺到興趣，活到個位子也不再享受生活。似乎只有在晚上，靠著一杯熱茶，我才會有一些動力。所以我想要問大家，其他人也經歷了這樣的情況嗎？ 🤔    請繼續加上,動力,O,S-A,S-A,O,O,S-A,56
872,6月份我移民到了新的城市，過程雖然很累，但現在我已經在過著日常生活的節奏，我每天醒來就不感覺到興趣，活到個位子也不再享受生活。似乎只有在晚上，靠著一杯熱茶，我才會有一些動力。所以我想要問大家，其他人也經歷了這樣的情況嗎？ 🤔    請繼續加上,。,O,O,O,S-A,S-A,O,57
872,6月份我移民到了新的城市，過程雖然很累，但現在我已經在過著日常生活的節奏，我每天醒來就不感覺到興趣，活到個位子也不再享受生活。似乎只有在晚上，靠著一杯熱茶，我才會有一些動力。所以我想要問大家，其他人也經歷了這樣的情況嗎？ 🤔    請繼續加上,所以,O,O,O,O,O,O,58
872,6月份我移民到了新的城市，過程雖然很累，但現在我已經在過著日常生活的節奏，我每天醒來就不感覺到興趣，活到個位子也不再享受生活。似乎只有在晚上，靠著一杯熱茶，我才會有一些動力。所以我想要問大家，其他人也經歷了這樣的情況嗎？ 🤔    請繼續加上,我,O,O,O,O,O,O,59
872,6月份我移民到了新的城市，過程雖然很累，但現在我已經在過著日常生活的節奏，我每天醒來就不感覺到興趣，活到個位子也不再享受生活。似乎只有在晚上，靠著一杯熱茶，我才會有一些動力。所以我想要問大家，其他人也經歷了這樣的情況嗎？ 🤔    請繼續加上,想要,O,O,O,O,O,O,60
872,6月份我移民到了新的城市，過程雖然很累，但現在我已經在過著日常生活的節奏，我每天醒來就不感覺到興趣，活到個位子也不再享受生活。似乎只有在晚上，靠著一杯熱茶，我才會有一些動力。所以我想要問大家，其他人也經歷了這樣的情況嗎？ 🤔    請繼續加上,問,O,O,O,O,O,O,61
872,6月份我移民到了新的城市，過程雖然很累，但現在我已經在過著日常生活的節奏，我每天醒來就不感覺到興趣，活到個位子也不再享受生活。似乎只有在晚上，靠著一杯熱茶，我才會有一些動力。所以我想要問大家，其他人也經歷了這樣的情況嗎？ 🤔    請繼續加上,大家,O,O,O,O,O,O,62
872,6月份我移民到了新的城市，過程雖然很累，但現在我已經在過著日常生活的節奏，我每天醒來就不感覺到興趣，活到個位子也不再享受生活。似乎只有在晚上，靠著一杯熱茶，我才會有一些動力。所以我想要問大家，其他人也經歷了這樣的情況嗎？ 🤔    請繼續加上,，,O,O,O,O,O,O,63
872,6月份我移民到了新的城市，過程雖然很累，但現在我已經在過著日常生活的節奏，我每天醒來就不感覺到興趣，活到個位子也不再享受生活。似乎只有在晚上，靠著一杯熱茶，我才會有一些動力。所以我想要問大家，其他人也經歷了這樣的情況嗎？ 🤔    請繼續加上,其他,O,O,O,O,O,O,64
872,6月份我移民到了新的城市，過程雖然很累，但現在我已經在過著日常生活的節奏，我每天醒來就不感覺到興趣，活到個位子也不再享受生活。似乎只有在晚上，靠著一杯熱茶，我才會有一些動力。所以我想要問大家，其他人也經歷了這樣的情況嗎？ 🤔    請繼續加上,人,O,O,O,O,O,O,65
872,6月份我移民到了新的城市，過程雖然很累，但現在我已經在過著日常生活的節奏，我每天醒來就不感覺到興趣，活到個位子也不再享受生活。似乎只有在晚上，靠著一杯熱茶，我才會有一些動力。所以我想要問大家，其他人也經歷了這樣的情況嗎？ 🤔    請繼續加上,也,O,O,O,O,O,O,66
872,6月份我移民到了新的城市，過程雖然很累，但現在我已經在過著日常生活的節奏，我每天醒來就不感覺到興趣，活到個位子也不再享受生活。似乎只有在晚上，靠著一杯熱茶，我才會有一些動力。所以我想要問大家，其他人也經歷了這樣的情況嗎？ 🤔    請繼續加上,經歷,O,O,O,O,O,O,67
872,6月份我移民到了新的城市，過程雖然很累，但現在我已經在過著日常生活的節奏，我每天醒來就不感覺到興趣，活到個位子也不再享受生活。似乎只有在晚上，靠著一杯熱茶，我才會有一些動力。所以我想要問大家，其他人也經歷了這樣的情況嗎？ 🤔    請繼續加上,了,O,O,O,O,O,O,68
872,6月份我移民到了新的城市，過程雖然很累，但現在我已經在過著日常生活的節奏，我每天醒來就不感覺到興趣，活到個位子也不再享受生活。似乎只有在晚上，靠著一杯熱茶，我才會有一些動力。所以我想要問大家，其他人也經歷了這樣的情況嗎？ 🤔    請繼續加上,這樣,O,O,O,O,O,O,69
872,6月份我移民到了新的城市，過程雖然很累，但現在我已經在過著日常生活的節奏，我每天醒來就不感覺到興趣，活到個位子也不再享受生活。似乎只有在晚上，靠著一杯熱茶，我才會有一些動力。所以我想要問大家，其他人也經歷了這樣的情況嗎？ 🤔    請繼續加上,的,O,O,O,O,O,O,70
872,6月份我移民到了新的城市，過程雖然很累，但現在我已經在過著日常生活的節奏，我每天醒來就不感覺到興趣，活到個位子也不再享受生活。似乎只有在晚上，靠著一杯熱茶，我才會有一些動力。所以我想要問大家，其他人也經歷了這樣的情況嗎？ 🤔    請繼續加上,情況,O,O,O,O,O,O,71
872,6月份我移民到了新的城市，過程雖然很累，但現在我已經在過著日常生活的節奏，我每天醒來就不感覺到興趣，活到個位子也不再享受生活。似乎只有在晚上，靠著一杯熱茶，我才會有一些動力。所以我想要問大家，其他人也經歷了這樣的情況嗎？ 🤔    請繼續加上,嗎,O,O,O,O,O,O,72
872,6月份我移民到了新的城市，過程雖然很累，但現在我已經在過著日常生活的節奏，我每天醒來就不感覺到興趣，活到個位子也不再享受生活。似乎只有在晚上，靠著一杯熱茶，我才會有一些動力。所以我想要問大家，其他人也經歷了這樣的情況嗎？ 🤔    請繼續加上,？,O,O,O,O,O,O,73
872,6月份我移民到了新的城市，過程雖然很累，但現在我已經在過著日常生活的節奏，我每天醒來就不感覺到興趣，活到個位子也不再享受生活。似乎只有在晚上，靠著一杯熱茶，我才會有一些動力。所以我想要問大家，其他人也經歷了這樣的情況嗎？ 🤔    請繼續加上,🤔,O,O,缺失預測,O,O,缺失預測,74
873,每天都是一場完美的試題，我們都被要求完成所有的題目和作業，這種壓力來得無法承受的。是為什麼我卻無法把自己變成完美的那個？每天都感到自責，我們都被告知是自己的錯兒，所以我也不能成功。這種罪惡感與壓力交替發生，無法停止自我批評，我的內心是一塊被打,每天,O,O,O,O,O,O,1
873,每天都是一場完美的試題，我們都被要求完成所有的題目和作業，這種壓力來得無法承受的。是為什麼我卻無法把自己變成完美的那個？每天都感到自責，我們都被告知是自己的錯兒，所以我也不能成功。這種罪惡感與壓力交替發生，無法停止自我批評，我的內心是一塊被打,都,O,O,O,O,O,O,2
873,每天都是一場完美的試題，我們都被要求完成所有的題目和作業，這種壓力來得無法承受的。是為什麼我卻無法把自己變成完美的那個？每天都感到自責，我們都被告知是自己的錯兒，所以我也不能成功。這種罪惡感與壓力交替發生，無法停止自我批評，我的內心是一塊被打,是,O,O,O,O,O,O,3
873,每天都是一場完美的試題，我們都被要求完成所有的題目和作業，這種壓力來得無法承受的。是為什麼我卻無法把自己變成完美的那個？每天都感到自責，我們都被告知是自己的錯兒，所以我也不能成功。這種罪惡感與壓力交替發生，無法停止自我批評，我的內心是一塊被打,一場,O,O,O,O,O,O,4
873,每天都是一場完美的試題，我們都被要求完成所有的題目和作業，這種壓力來得無法承受的。是為什麼我卻無法把自己變成完美的那個？每天都感到自責，我們都被告知是自己的錯兒，所以我也不能成功。這種罪惡感與壓力交替發生，無法停止自我批評，我的內心是一塊被打,完美,O,O,O,O,O,O,5
873,每天都是一場完美的試題，我們都被要求完成所有的題目和作業，這種壓力來得無法承受的。是為什麼我卻無法把自己變成完美的那個？每天都感到自責，我們都被告知是自己的錯兒，所以我也不能成功。這種罪惡感與壓力交替發生，無法停止自我批評，我的內心是一塊被打,的,O,O,O,O,O,O,6
873,每天都是一場完美的試題，我們都被要求完成所有的題目和作業，這種壓力來得無法承受的。是為什麼我卻無法把自己變成完美的那個？每天都感到自責，我們都被告知是自己的錯兒，所以我也不能成功。這種罪惡感與壓力交替發生，無法停止自我批評，我的內心是一塊被打,試題,O,O,O,O,O,O,7
873,每天都是一場完美的試題，我們都被要求完成所有的題目和作業，這種壓力來得無法承受的。是為什麼我卻無法把自己變成完美的那個？每天都感到自責，我們都被告知是自己的錯兒，所以我也不能成功。這種罪惡感與壓力交替發生，無法停止自我批評，我的內心是一塊被打,，,O,O,O,O,O,O,8
873,每天都是一場完美的試題，我們都被要求完成所有的題目和作業，這種壓力來得無法承受的。是為什麼我卻無法把自己變成完美的那個？每天都感到自責，我們都被告知是自己的錯兒，所以我也不能成功。這種罪惡感與壓力交替發生，無法停止自我批評，我的內心是一塊被打,我們,O,O,O,O,O,O,9
873,每天都是一場完美的試題，我們都被要求完成所有的題目和作業，這種壓力來得無法承受的。是為什麼我卻無法把自己變成完美的那個？每天都感到自責，我們都被告知是自己的錯兒，所以我也不能成功。這種罪惡感與壓力交替發生，無法停止自我批評，我的內心是一塊被打,都,O,O,O,O,O,O,10
873,每天都是一場完美的試題，我們都被要求完成所有的題目和作業，這種壓力來得無法承受的。是為什麼我卻無法把自己變成完美的那個？每天都感到自責，我們都被告知是自己的錯兒，所以我也不能成功。這種罪惡感與壓力交替發生，無法停止自我批評，我的內心是一塊被打,被,O,O,O,O,O,O,11
873,每天都是一場完美的試題，我們都被要求完成所有的題目和作業，這種壓力來得無法承受的。是為什麼我卻無法把自己變成完美的那個？每天都感到自責，我們都被告知是自己的錯兒，所以我也不能成功。這種罪惡感與壓力交替發生，無法停止自我批評，我的內心是一塊被打,要求,O,O,O,O,O,O,12
873,每天都是一場完美的試題，我們都被要求完成所有的題目和作業，這種壓力來得無法承受的。是為什麼我卻無法把自己變成完美的那個？每天都感到自責，我們都被告知是自己的錯兒，所以我也不能成功。這種罪惡感與壓力交替發生，無法停止自我批評，我的內心是一塊被打,完成,O,O,O,O,O,O,13
873,每天都是一場完美的試題，我們都被要求完成所有的題目和作業，這種壓力來得無法承受的。是為什麼我卻無法把自己變成完美的那個？每天都感到自責，我們都被告知是自己的錯兒，所以我也不能成功。這種罪惡感與壓力交替發生，無法停止自我批評，我的內心是一塊被打,所有,O,O,O,O,O,O,14
873,每天都是一場完美的試題，我們都被要求完成所有的題目和作業，這種壓力來得無法承受的。是為什麼我卻無法把自己變成完美的那個？每天都感到自責，我們都被告知是自己的錯兒，所以我也不能成功。這種罪惡感與壓力交替發生，無法停止自我批評，我的內心是一塊被打,的,O,O,O,O,O,O,15
873,每天都是一場完美的試題，我們都被要求完成所有的題目和作業，這種壓力來得無法承受的。是為什麼我卻無法把自己變成完美的那個？每天都感到自責，我們都被告知是自己的錯兒，所以我也不能成功。這種罪惡感與壓力交替發生，無法停止自我批評，我的內心是一塊被打,題目,O,O,O,O,O,O,16
873,每天都是一場完美的試題，我們都被要求完成所有的題目和作業，這種壓力來得無法承受的。是為什麼我卻無法把自己變成完美的那個？每天都感到自責，我們都被告知是自己的錯兒，所以我也不能成功。這種罪惡感與壓力交替發生，無法停止自我批評，我的內心是一塊被打,和,O,O,O,O,O,O,17
873,每天都是一場完美的試題，我們都被要求完成所有的題目和作業，這種壓力來得無法承受的。是為什麼我卻無法把自己變成完美的那個？每天都感到自責，我們都被告知是自己的錯兒，所以我也不能成功。這種罪惡感與壓力交替發生，無法停止自我批評，我的內心是一塊被打,作業,O,O,O,O,O,O,18
873,每天都是一場完美的試題，我們都被要求完成所有的題目和作業，這種壓力來得無法承受的。是為什麼我卻無法把自己變成完美的那個？每天都感到自責，我們都被告知是自己的錯兒，所以我也不能成功。這種罪惡感與壓力交替發生，無法停止自我批評，我的內心是一塊被打,，,O,O,O,O,O,O,19
873,每天都是一場完美的試題，我們都被要求完成所有的題目和作業，這種壓力來得無法承受的。是為什麼我卻無法把自己變成完美的那個？每天都感到自責，我們都被告知是自己的錯兒，所以我也不能成功。這種罪惡感與壓力交替發生，無法停止自我批評，我的內心是一塊被打,這種,O,O,O,O,O,O,20
873,每天都是一場完美的試題，我們都被要求完成所有的題目和作業，這種壓力來得無法承受的。是為什麼我卻無法把自己變成完美的那個？每天都感到自責，我們都被告知是自己的錯兒，所以我也不能成功。這種罪惡感與壓力交替發生，無法停止自我批評，我的內心是一塊被打,壓力,S-D,S-W,S-W,S-W,S-W,S-W,21
873,每天都是一場完美的試題，我們都被要求完成所有的題目和作業，這種壓力來得無法承受的。是為什麼我卻無法把自己變成完美的那個？每天都感到自責，我們都被告知是自己的錯兒，所以我也不能成功。這種罪惡感與壓力交替發生，無法停止自我批評，我的內心是一塊被打,來得,O,O,O,O,O,O,22
873,每天都是一場完美的試題，我們都被要求完成所有的題目和作業，這種壓力來得無法承受的。是為什麼我卻無法把自己變成完美的那個？每天都感到自責，我們都被告知是自己的錯兒，所以我也不能成功。這種罪惡感與壓力交替發生，無法停止自我批評，我的內心是一塊被打,無法,B-D,O,O,O,B-W,O,23
873,每天都是一場完美的試題，我們都被要求完成所有的題目和作業，這種壓力來得無法承受的。是為什麼我卻無法把自己變成完美的那個？每天都感到自責，我們都被告知是自己的錯兒，所以我也不能成功。這種罪惡感與壓力交替發生，無法停止自我批評，我的內心是一塊被打,承受,E-D,O,O,O,E-W,O,24
873,每天都是一場完美的試題，我們都被要求完成所有的題目和作業，這種壓力來得無法承受的。是為什麼我卻無法把自己變成完美的那個？每天都感到自責，我們都被告知是自己的錯兒，所以我也不能成功。這種罪惡感與壓力交替發生，無法停止自我批評，我的內心是一塊被打,的,O,O,O,O,O,O,25
873,每天都是一場完美的試題，我們都被要求完成所有的題目和作業，這種壓力來得無法承受的。是為什麼我卻無法把自己變成完美的那個？每天都感到自責，我們都被告知是自己的錯兒，所以我也不能成功。這種罪惡感與壓力交替發生，無法停止自我批評，我的內心是一塊被打,。,O,O,O,O,O,O,26
873,每天都是一場完美的試題，我們都被要求完成所有的題目和作業，這種壓力來得無法承受的。是為什麼我卻無法把自己變成完美的那個？每天都感到自責，我們都被告知是自己的錯兒，所以我也不能成功。這種罪惡感與壓力交替發生，無法停止自我批評，我的內心是一塊被打,是,O,O,O,O,O,O,27
873,每天都是一場完美的試題，我們都被要求完成所有的題目和作業，這種壓力來得無法承受的。是為什麼我卻無法把自己變成完美的那個？每天都感到自責，我們都被告知是自己的錯兒，所以我也不能成功。這種罪惡感與壓力交替發生，無法停止自我批評，我的內心是一塊被打,為什麼,O,O,O,O,O,O,28
873,每天都是一場完美的試題，我們都被要求完成所有的題目和作業，這種壓力來得無法承受的。是為什麼我卻無法把自己變成完美的那個？每天都感到自責，我們都被告知是自己的錯兒，所以我也不能成功。這種罪惡感與壓力交替發生，無法停止自我批評，我的內心是一塊被打,我,O,O,O,O,O,O,29
873,每天都是一場完美的試題，我們都被要求完成所有的題目和作業，這種壓力來得無法承受的。是為什麼我卻無法把自己變成完美的那個？每天都感到自責，我們都被告知是自己的錯兒，所以我也不能成功。這種罪惡感與壓力交替發生，無法停止自我批評，我的內心是一塊被打,卻,O,O,O,O,O,O,30
873,每天都是一場完美的試題，我們都被要求完成所有的題目和作業，這種壓力來得無法承受的。是為什麼我卻無法把自己變成完美的那個？每天都感到自責，我們都被告知是自己的錯兒，所以我也不能成功。這種罪惡感與壓力交替發生，無法停止自我批評，我的內心是一塊被打,無法,O,O,O,O,O,O,31
873,每天都是一場完美的試題，我們都被要求完成所有的題目和作業，這種壓力來得無法承受的。是為什麼我卻無法把自己變成完美的那個？每天都感到自責，我們都被告知是自己的錯兒，所以我也不能成功。這種罪惡感與壓力交替發生，無法停止自我批評，我的內心是一塊被打,把,O,O,O,O,O,O,32
873,每天都是一場完美的試題，我們都被要求完成所有的題目和作業，這種壓力來得無法承受的。是為什麼我卻無法把自己變成完美的那個？每天都感到自責，我們都被告知是自己的錯兒，所以我也不能成功。這種罪惡感與壓力交替發生，無法停止自我批評，我的內心是一塊被打,自己,O,O,O,O,O,O,33
873,每天都是一場完美的試題，我們都被要求完成所有的題目和作業，這種壓力來得無法承受的。是為什麼我卻無法把自己變成完美的那個？每天都感到自責，我們都被告知是自己的錯兒，所以我也不能成功。這種罪惡感與壓力交替發生，無法停止自我批評，我的內心是一塊被打,變成,O,O,O,O,O,O,34
873,每天都是一場完美的試題，我們都被要求完成所有的題目和作業，這種壓力來得無法承受的。是為什麼我卻無法把自己變成完美的那個？每天都感到自責，我們都被告知是自己的錯兒，所以我也不能成功。這種罪惡感與壓力交替發生，無法停止自我批評，我的內心是一塊被打,完美,O,O,O,O,O,O,35
873,每天都是一場完美的試題，我們都被要求完成所有的題目和作業，這種壓力來得無法承受的。是為什麼我卻無法把自己變成完美的那個？每天都感到自責，我們都被告知是自己的錯兒，所以我也不能成功。這種罪惡感與壓力交替發生，無法停止自我批評，我的內心是一塊被打,的,O,O,O,O,O,O,36
873,每天都是一場完美的試題，我們都被要求完成所有的題目和作業，這種壓力來得無法承受的。是為什麼我卻無法把自己變成完美的那個？每天都感到自責，我們都被告知是自己的錯兒，所以我也不能成功。這種罪惡感與壓力交替發生，無法停止自我批評，我的內心是一塊被打,那個,O,O,O,O,O,O,37
873,每天都是一場完美的試題，我們都被要求完成所有的題目和作業，這種壓力來得無法承受的。是為什麼我卻無法把自己變成完美的那個？每天都感到自責，我們都被告知是自己的錯兒，所以我也不能成功。這種罪惡感與壓力交替發生，無法停止自我批評，我的內心是一塊被打,？,O,O,O,O,O,O,38
873,每天都是一場完美的試題，我們都被要求完成所有的題目和作業，這種壓力來得無法承受的。是為什麼我卻無法把自己變成完美的那個？每天都感到自責，我們都被告知是自己的錯兒，所以我也不能成功。這種罪惡感與壓力交替發生，無法停止自我批評，我的內心是一塊被打,每天,O,O,O,O,O,O,39
873,每天都是一場完美的試題，我們都被要求完成所有的題目和作業，這種壓力來得無法承受的。是為什麼我卻無法把自己變成完美的那個？每天都感到自責，我們都被告知是自己的錯兒，所以我也不能成功。這種罪惡感與壓力交替發生，無法停止自我批評，我的內心是一塊被打,都,O,O,O,O,O,O,40
873,每天都是一場完美的試題，我們都被要求完成所有的題目和作業，這種壓力來得無法承受的。是為什麼我卻無法把自己變成完美的那個？每天都感到自責，我們都被告知是自己的錯兒，所以我也不能成功。這種罪惡感與壓力交替發生，無法停止自我批評，我的內心是一塊被打,感到,B-W,B-W,B-W,B-W,B-W,O,41
873,每天都是一場完美的試題，我們都被要求完成所有的題目和作業，這種壓力來得無法承受的。是為什麼我卻無法把自己變成完美的那個？每天都感到自責，我們都被告知是自己的錯兒，所以我也不能成功。這種罪惡感與壓力交替發生，無法停止自我批評，我的內心是一塊被打,自責,E-W,E-W,E-W,E-W,E-W,S-W,42
873,每天都是一場完美的試題，我們都被要求完成所有的題目和作業，這種壓力來得無法承受的。是為什麼我卻無法把自己變成完美的那個？每天都感到自責，我們都被告知是自己的錯兒，所以我也不能成功。這種罪惡感與壓力交替發生，無法停止自我批評，我的內心是一塊被打,，,O,O,O,O,O,O,43
873,每天都是一場完美的試題，我們都被要求完成所有的題目和作業，這種壓力來得無法承受的。是為什麼我卻無法把自己變成完美的那個？每天都感到自責，我們都被告知是自己的錯兒，所以我也不能成功。這種罪惡感與壓力交替發生，無法停止自我批評，我的內心是一塊被打,我們,O,O,O,O,O,O,44
873,每天都是一場完美的試題，我們都被要求完成所有的題目和作業，這種壓力來得無法承受的。是為什麼我卻無法把自己變成完美的那個？每天都感到自責，我們都被告知是自己的錯兒，所以我也不能成功。這種罪惡感與壓力交替發生，無法停止自我批評，我的內心是一塊被打,都,O,O,O,O,O,O,45
873,每天都是一場完美的試題，我們都被要求完成所有的題目和作業，這種壓力來得無法承受的。是為什麼我卻無法把自己變成完美的那個？每天都感到自責，我們都被告知是自己的錯兒，所以我也不能成功。這種罪惡感與壓力交替發生，無法停止自我批評，我的內心是一塊被打,被,O,O,O,O,O,O,46
873,每天都是一場完美的試題，我們都被要求完成所有的題目和作業，這種壓力來得無法承受的。是為什麼我卻無法把自己變成完美的那個？每天都感到自責，我們都被告知是自己的錯兒，所以我也不能成功。這種罪惡感與壓力交替發生，無法停止自我批評，我的內心是一塊被打,告知,O,O,O,O,O,O,47
873,每天都是一場完美的試題，我們都被要求完成所有的題目和作業，這種壓力來得無法承受的。是為什麼我卻無法把自己變成完美的那個？每天都感到自責，我們都被告知是自己的錯兒，所以我也不能成功。這種罪惡感與壓力交替發生，無法停止自我批評，我的內心是一塊被打,是,O,O,O,O,O,O,48
873,每天都是一場完美的試題，我們都被要求完成所有的題目和作業，這種壓力來得無法承受的。是為什麼我卻無法把自己變成完美的那個？每天都感到自責，我們都被告知是自己的錯兒，所以我也不能成功。這種罪惡感與壓力交替發生，無法停止自我批評，我的內心是一塊被打,自己,O,O,O,O,O,O,49
873,每天都是一場完美的試題，我們都被要求完成所有的題目和作業，這種壓力來得無法承受的。是為什麼我卻無法把自己變成完美的那個？每天都感到自責，我們都被告知是自己的錯兒，所以我也不能成功。這種罪惡感與壓力交替發生，無法停止自我批評，我的內心是一塊被打,的,O,O,O,O,O,O,50
873,每天都是一場完美的試題，我們都被要求完成所有的題目和作業，這種壓力來得無法承受的。是為什麼我卻無法把自己變成完美的那個？每天都感到自責，我們都被告知是自己的錯兒，所以我也不能成功。這種罪惡感與壓力交替發生，無法停止自我批評，我的內心是一塊被打,錯兒,O,O,S-W,O,O,O,51
873,每天都是一場完美的試題，我們都被要求完成所有的題目和作業，這種壓力來得無法承受的。是為什麼我卻無法把自己變成完美的那個？每天都感到自責，我們都被告知是自己的錯兒，所以我也不能成功。這種罪惡感與壓力交替發生，無法停止自我批評，我的內心是一塊被打,，,O,O,O,O,O,O,52
873,每天都是一場完美的試題，我們都被要求完成所有的題目和作業，這種壓力來得無法承受的。是為什麼我卻無法把自己變成完美的那個？每天都感到自責，我們都被告知是自己的錯兒，所以我也不能成功。這種罪惡感與壓力交替發生，無法停止自我批評，我的內心是一塊被打,所以,O,O,O,O,O,O,53
873,每天都是一場完美的試題，我們都被要求完成所有的題目和作業，這種壓力來得無法承受的。是為什麼我卻無法把自己變成完美的那個？每天都感到自責，我們都被告知是自己的錯兒，所以我也不能成功。這種罪惡感與壓力交替發生，無法停止自我批評，我的內心是一塊被打,我,O,O,O,O,O,O,54
873,每天都是一場完美的試題，我們都被要求完成所有的題目和作業，這種壓力來得無法承受的。是為什麼我卻無法把自己變成完美的那個？每天都感到自責，我們都被告知是自己的錯兒，所以我也不能成功。這種罪惡感與壓力交替發生，無法停止自我批評，我的內心是一塊被打,也,O,O,O,O,O,O,55
873,每天都是一場完美的試題，我們都被要求完成所有的題目和作業，這種壓力來得無法承受的。是為什麼我卻無法把自己變成完美的那個？每天都感到自責，我們都被告知是自己的錯兒，所以我也不能成功。這種罪惡感與壓力交替發生，無法停止自我批評，我的內心是一塊被打,不能,O,O,O,O,O,O,56
873,每天都是一場完美的試題，我們都被要求完成所有的題目和作業，這種壓力來得無法承受的。是為什麼我卻無法把自己變成完美的那個？每天都感到自責，我們都被告知是自己的錯兒，所以我也不能成功。這種罪惡感與壓力交替發生，無法停止自我批評，我的內心是一塊被打,成功,O,O,O,O,O,O,57
873,每天都是一場完美的試題，我們都被要求完成所有的題目和作業，這種壓力來得無法承受的。是為什麼我卻無法把自己變成完美的那個？每天都感到自責，我們都被告知是自己的錯兒，所以我也不能成功。這種罪惡感與壓力交替發生，無法停止自我批評，我的內心是一塊被打,。,O,O,O,O,O,O,58
873,每天都是一場完美的試題，我們都被要求完成所有的題目和作業，這種壓力來得無法承受的。是為什麼我卻無法把自己變成完美的那個？每天都感到自責，我們都被告知是自己的錯兒，所以我也不能成功。這種罪惡感與壓力交替發生，無法停止自我批評，我的內心是一塊被打,這種,O,O,O,O,O,O,59
873,每天都是一場完美的試題，我們都被要求完成所有的題目和作業，這種壓力來得無法承受的。是為什麼我卻無法把自己變成完美的那個？每天都感到自責，我們都被告知是自己的錯兒，所以我也不能成功。這種罪惡感與壓力交替發生，無法停止自我批評，我的內心是一塊被打,罪惡感,S-W,S-W,S-W,S-W,S-W,S-W,60
873,每天都是一場完美的試題，我們都被要求完成所有的題目和作業，這種壓力來得無法承受的。是為什麼我卻無法把自己變成完美的那個？每天都感到自責，我們都被告知是自己的錯兒，所以我也不能成功。這種罪惡感與壓力交替發生，無法停止自我批評，我的內心是一塊被打,與,O,O,O,O,O,O,61
873,每天都是一場完美的試題，我們都被要求完成所有的題目和作業，這種壓力來得無法承受的。是為什麼我卻無法把自己變成完美的那個？每天都感到自責，我們都被告知是自己的錯兒，所以我也不能成功。這種罪惡感與壓力交替發生，無法停止自我批評，我的內心是一塊被打,壓力,O,S-W,O,S-W,S-W,S-W,62
873,每天都是一場完美的試題，我們都被要求完成所有的題目和作業，這種壓力來得無法承受的。是為什麼我卻無法把自己變成完美的那個？每天都感到自責，我們都被告知是自己的錯兒，所以我也不能成功。這種罪惡感與壓力交替發生，無法停止自我批評，我的內心是一塊被打,交替,O,O,O,O,O,O,63
873,每天都是一場完美的試題，我們都被要求完成所有的題目和作業，這種壓力來得無法承受的。是為什麼我卻無法把自己變成完美的那個？每天都感到自責，我們都被告知是自己的錯兒，所以我也不能成功。這種罪惡感與壓力交替發生，無法停止自我批評，我的內心是一塊被打,發生,O,O,O,O,O,O,64
873,每天都是一場完美的試題，我們都被要求完成所有的題目和作業，這種壓力來得無法承受的。是為什麼我卻無法把自己變成完美的那個？每天都感到自責，我們都被告知是自己的錯兒，所以我也不能成功。這種罪惡感與壓力交替發生，無法停止自我批評，我的內心是一塊被打,，,O,O,O,O,O,O,65
873,每天都是一場完美的試題，我們都被要求完成所有的題目和作業，這種壓力來得無法承受的。是為什麼我卻無法把自己變成完美的那個？每天都感到自責，我們都被告知是自己的錯兒，所以我也不能成功。這種罪惡感與壓力交替發生，無法停止自我批評，我的內心是一塊被打,無法,O,O,O,O,B-W,O,66
873,每天都是一場完美的試題，我們都被要求完成所有的題目和作業，這種壓力來得無法承受的。是為什麼我卻無法把自己變成完美的那個？每天都感到自責，我們都被告知是自己的錯兒，所以我也不能成功。這種罪惡感與壓力交替發生，無法停止自我批評，我的內心是一塊被打,停止,O,O,O,O,E-W,O,67
873,每天都是一場完美的試題，我們都被要求完成所有的題目和作業，這種壓力來得無法承受的。是為什麼我卻無法把自己變成完美的那個？每天都感到自責，我們都被告知是自己的錯兒，所以我也不能成功。這種罪惡感與壓力交替發生，無法停止自我批評，我的內心是一塊被打,自我,B-W,O,O,O,O,O,68
873,每天都是一場完美的試題，我們都被要求完成所有的題目和作業，這種壓力來得無法承受的。是為什麼我卻無法把自己變成完美的那個？每天都感到自責，我們都被告知是自己的錯兒，所以我也不能成功。這種罪惡感與壓力交替發生，無法停止自我批評，我的內心是一塊被打,批評,E-W,O,S-W,O,O,S-W,69
873,每天都是一場完美的試題，我們都被要求完成所有的題目和作業，這種壓力來得無法承受的。是為什麼我卻無法把自己變成完美的那個？每天都感到自責，我們都被告知是自己的錯兒，所以我也不能成功。這種罪惡感與壓力交替發生，無法停止自我批評，我的內心是一塊被打,，,O,O,O,O,O,O,70
873,每天都是一場完美的試題，我們都被要求完成所有的題目和作業，這種壓力來得無法承受的。是為什麼我卻無法把自己變成完美的那個？每天都感到自責，我們都被告知是自己的錯兒，所以我也不能成功。這種罪惡感與壓力交替發生，無法停止自我批評，我的內心是一塊被打,我,O,O,O,O,O,O,71
873,每天都是一場完美的試題，我們都被要求完成所有的題目和作業，這種壓力來得無法承受的。是為什麼我卻無法把自己變成完美的那個？每天都感到自責，我們都被告知是自己的錯兒，所以我也不能成功。這種罪惡感與壓力交替發生，無法停止自我批評，我的內心是一塊被打,的,O,O,O,O,O,O,72
873,每天都是一場完美的試題，我們都被要求完成所有的題目和作業，這種壓力來得無法承受的。是為什麼我卻無法把自己變成完美的那個？每天都感到自責，我們都被告知是自己的錯兒，所以我也不能成功。這種罪惡感與壓力交替發生，無法停止自我批評，我的內心是一塊被打,內心,O,O,O,O,O,O,73
873,每天都是一場完美的試題，我們都被要求完成所有的題目和作業，這種壓力來得無法承受的。是為什麼我卻無法把自己變成完美的那個？每天都感到自責，我們都被告知是自己的錯兒，所以我也不能成功。這種罪惡感與壓力交替發生，無法停止自我批評，我的內心是一塊被打,是,O,O,O,O,O,O,74
873,每天都是一場完美的試題，我們都被要求完成所有的題目和作業，這種壓力來得無法承受的。是為什麼我卻無法把自己變成完美的那個？每天都感到自責，我們都被告知是自己的錯兒，所以我也不能成功。這種罪惡感與壓力交替發生，無法停止自我批評，我的內心是一塊被打,一塊,O,O,O,O,O,O,75
873,每天都是一場完美的試題，我們都被要求完成所有的題目和作業，這種壓力來得無法承受的。是為什麼我卻無法把自己變成完美的那個？每天都感到自責，我們都被告知是自己的錯兒，所以我也不能成功。這種罪惡感與壓力交替發生，無法停止自我批評，我的內心是一塊被打,被,O,O,O,O,O,O,76
873,每天都是一場完美的試題，我們都被要求完成所有的題目和作業，這種壓力來得無法承受的。是為什麼我卻無法把自己變成完美的那個？每天都感到自責，我們都被告知是自己的錯兒，所以我也不能成功。這種罪惡感與壓力交替發生，無法停止自我批評，我的內心是一塊被打,打,O,O,O,O,O,O,77
873,每天都是一場完美的試題，我們都被要求完成所有的題目和作業，這種壓力來得無法承受的。是為什麼我卻無法把自己變成完美的那個？每天都感到自責，我們都被告知是自己的錯兒，所以我也不能成功。這種罪惡感與壓力交替發生，無法停止自我批評，我的內心是一塊被打,的,O,O,O,O,O,O,78
873,每天都是一場完美的試題，我們都被要求完成所有的題目和作業，這種壓力來得無法承受的。是為什麼我卻無法把自己變成完美的那個？每天都感到自責，我們都被告知是自己的錯兒，所以我也不能成功。這種罪惡感與壓力交替發生，無法停止自我批評，我的內心是一塊被打,。,O,O,O,缺失預測,O,O,79
874,無話可說 數字顯示我的「財務狀態」 😩 ... 這些數字的實際含義，我不想和你們分享... 都是我的問題 .,無話,O,O,O,O,O,O,1
874,無話可說 數字顯示我的「財務狀態」 😩 ... 這些數字的實際含義，我不想和你們分享... 都是我的問題 .,可,O,O,O,O,O,O,2
874,無話可說 數字顯示我的「財務狀態」 😩 ... 這些數字的實際含義，我不想和你們分享... 都是我的問題 .,說,O,O,O,O,O,O,3
874,無話可說 數字顯示我的「財務狀態」 😩 ... 這些數字的實際含義，我不想和你們分享... 都是我的問題 .,數字,O,O,O,O,O,O,4
874,無話可說 數字顯示我的「財務狀態」 😩 ... 這些數字的實際含義，我不想和你們分享... 都是我的問題 .,顯示,O,O,O,O,O,O,5
874,無話可說 數字顯示我的「財務狀態」 😩 ... 這些數字的實際含義，我不想和你們分享... 都是我的問題 .,我,O,O,O,O,O,O,6
874,無話可說 數字顯示我的「財務狀態」 😩 ... 這些數字的實際含義，我不想和你們分享... 都是我的問題 .,的,O,O,O,O,O,O,7
874,無話可說 數字顯示我的「財務狀態」 😩 ... 這些數字的實際含義，我不想和你們分享... 都是我的問題 .,「,O,O,O,O,O,O,8
874,無話可說 數字顯示我的「財務狀態」 😩 ... 這些數字的實際含義，我不想和你們分享... 都是我的問題 .,財務,O,O,O,O,O,O,9
874,無話可說 數字顯示我的「財務狀態」 😩 ... 這些數字的實際含義，我不想和你們分享... 都是我的問題 .,狀態,O,O,O,O,O,O,10
874,無話可說 數字顯示我的「財務狀態」 😩 ... 這些數字的實際含義，我不想和你們分享... 都是我的問題 .,」,O,O,O,O,O,O,11
874,無話可說 數字顯示我的「財務狀態」 😩 ... 這些數字的實際含義，我不想和你們分享... 都是我的問題 .,😩,O,O,O,O,O,O,12
874,無話可說 數字顯示我的「財務狀態」 😩 ... 這些數字的實際含義，我不想和你們分享... 都是我的問題 .,...,O,O,O,O,O,O,13
874,無話可說 數字顯示我的「財務狀態」 😩 ... 這些數字的實際含義，我不想和你們分享... 都是我的問題 .,這些,O,O,O,O,O,O,14
874,無話可說 數字顯示我的「財務狀態」 😩 ... 這些數字的實際含義，我不想和你們分享... 都是我的問題 .,數字,O,O,O,O,O,O,15
874,無話可說 數字顯示我的「財務狀態」 😩 ... 這些數字的實際含義，我不想和你們分享... 都是我的問題 .,的,O,O,O,O,O,O,16
874,無話可說 數字顯示我的「財務狀態」 😩 ... 這些數字的實際含義，我不想和你們分享... 都是我的問題 .,實際,O,O,O,O,O,O,17
874,無話可說 數字顯示我的「財務狀態」 😩 ... 這些數字的實際含義，我不想和你們分享... 都是我的問題 .,含義,O,O,O,O,O,O,18
874,無話可說 數字顯示我的「財務狀態」 😩 ... 這些數字的實際含義，我不想和你們分享... 都是我的問題 .,，,O,O,O,O,O,O,19
874,無話可說 數字顯示我的「財務狀態」 😩 ... 這些數字的實際含義，我不想和你們分享... 都是我的問題 .,我,O,O,O,O,O,O,20
874,無話可說 數字顯示我的「財務狀態」 😩 ... 這些數字的實際含義，我不想和你們分享... 都是我的問題 .,不,O,O,O,O,O,O,21
874,無話可說 數字顯示我的「財務狀態」 😩 ... 這些數字的實際含義，我不想和你們分享... 都是我的問題 .,想,O,O,O,O,O,O,22
874,無話可說 數字顯示我的「財務狀態」 😩 ... 這些數字的實際含義，我不想和你們分享... 都是我的問題 .,和,O,O,O,O,O,O,23
874,無話可說 數字顯示我的「財務狀態」 😩 ... 這些數字的實際含義，我不想和你們分享... 都是我的問題 .,你們,O,O,O,O,O,O,24
874,無話可說 數字顯示我的「財務狀態」 😩 ... 這些數字的實際含義，我不想和你們分享... 都是我的問題 .,分享,O,O,O,O,O,O,25
874,無話可說 數字顯示我的「財務狀態」 😩 ... 這些數字的實際含義，我不想和你們分享... 都是我的問題 .,...,O,O,O,O,O,O,26
874,無話可說 數字顯示我的「財務狀態」 😩 ... 這些數字的實際含義，我不想和你們分享... 都是我的問題 .,都是,O,O,O,O,O,O,27
874,無話可說 數字顯示我的「財務狀態」 😩 ... 這些數字的實際含義，我不想和你們分享... 都是我的問題 .,我,O,O,O,O,O,O,28
874,無話可說 數字顯示我的「財務狀態」 😩 ... 這些數字的實際含義，我不想和你們分享... 都是我的問題 .,的,O,O,O,O,O,O,29
874,無話可說 數字顯示我的「財務狀態」 😩 ... 這些數字的實際含義，我不想和你們分享... 都是我的問題 .,問題,S-W,S-W,S-W,S-W,S-W,S-W,30
874,無話可說 數字顯示我的「財務狀態」 😩 ... 這些數字的實際含義，我不想和你們分享... 都是我的問題 .,.,O,O,O,O,O,O,31
875,這不是一天，我沒有這樣想過。  什麼都好，誰知道這是什麼？  我不是這樣想，我只是不知道。     ‍♀️ » ❓  我在,這,O,O,O,O,O,O,1
875,這不是一天，我沒有這樣想過。  什麼都好，誰知道這是什麼？  我不是這樣想，我只是不知道。     ‍♀️ » ❓  我在,不是,O,O,O,O,O,O,2
875,這不是一天，我沒有這樣想過。  什麼都好，誰知道這是什麼？  我不是這樣想，我只是不知道。     ‍♀️ » ❓  我在,一天,O,O,O,O,O,O,3
875,這不是一天，我沒有這樣想過。  什麼都好，誰知道這是什麼？  我不是這樣想，我只是不知道。     ‍♀️ » ❓  我在,，,O,O,O,O,O,O,4
875,這不是一天，我沒有這樣想過。  什麼都好，誰知道這是什麼？  我不是這樣想，我只是不知道。     ‍♀️ » ❓  我在,我,O,O,O,O,O,O,5
875,這不是一天，我沒有這樣想過。  什麼都好，誰知道這是什麼？  我不是這樣想，我只是不知道。     ‍♀️ » ❓  我在,沒有,O,O,O,O,O,O,6
875,這不是一天，我沒有這樣想過。  什麼都好，誰知道這是什麼？  我不是這樣想，我只是不知道。     ‍♀️ » ❓  我在,這樣,O,O,O,O,O,O,7
875,這不是一天，我沒有這樣想過。  什麼都好，誰知道這是什麼？  我不是這樣想，我只是不知道。     ‍♀️ » ❓  我在,想過,O,O,O,O,O,O,8
875,這不是一天，我沒有這樣想過。  什麼都好，誰知道這是什麼？  我不是這樣想，我只是不知道。     ‍♀️ » ❓  我在,。,O,O,O,O,O,O,9
875,這不是一天，我沒有這樣想過。  什麼都好，誰知道這是什麼？  我不是這樣想，我只是不知道。     ‍♀️ » ❓  我在,O,O,O,O,O,O,O,10
875,這不是一天，我沒有這樣想過。  什麼都好，誰知道這是什麼？  我不是這樣想，我只是不知道。     ‍♀️ » ❓  我在,什麼,O,O,O,O,O,O,11
875,這不是一天，我沒有這樣想過。  什麼都好，誰知道這是什麼？  我不是這樣想，我只是不知道。     ‍♀️ » ❓  我在,都,O,O,O,O,O,O,12
875,這不是一天，我沒有這樣想過。  什麼都好，誰知道這是什麼？  我不是這樣想，我只是不知道。     ‍♀️ » ❓  我在,好,O,O,O,O,O,O,13
875,這不是一天，我沒有這樣想過。  什麼都好，誰知道這是什麼？  我不是這樣想，我只是不知道。     ‍♀️ » ❓  我在,，,O,O,O,O,O,O,14
875,這不是一天，我沒有這樣想過。  什麼都好，誰知道這是什麼？  我不是這樣想，我只是不知道。     ‍♀️ » ❓  我在,誰,O,O,O,O,O,O,15
875,這不是一天，我沒有這樣想過。  什麼都好，誰知道這是什麼？  我不是這樣想，我只是不知道。     ‍♀️ » ❓  我在,知道,O,O,O,O,O,O,16
875,這不是一天，我沒有這樣想過。  什麼都好，誰知道這是什麼？  我不是這樣想，我只是不知道。     ‍♀️ » ❓  我在,這,O,O,O,O,O,O,17
875,這不是一天，我沒有這樣想過。  什麼都好，誰知道這是什麼？  我不是這樣想，我只是不知道。     ‍♀️ » ❓  我在,是,O,O,O,O,O,O,18
875,這不是一天，我沒有這樣想過。  什麼都好，誰知道這是什麼？  我不是這樣想，我只是不知道。     ‍♀️ » ❓  我在,什麼,O,O,O,O,O,O,19
875,這不是一天，我沒有這樣想過。  什麼都好，誰知道這是什麼？  我不是這樣想，我只是不知道。     ‍♀️ » ❓  我在,？,O,O,O,O,O,O,20
875,這不是一天，我沒有這樣想過。  什麼都好，誰知道這是什麼？  我不是這樣想，我只是不知道。     ‍♀️ » ❓  我在,O,O,O,O,O,O,O,21
875,這不是一天，我沒有這樣想過。  什麼都好，誰知道這是什麼？  我不是這樣想，我只是不知道。     ‍♀️ » ❓  我在,我,O,O,O,O,O,O,22
875,這不是一天，我沒有這樣想過。  什麼都好，誰知道這是什麼？  我不是這樣想，我只是不知道。     ‍♀️ » ❓  我在,不是,O,O,O,O,O,O,23
875,這不是一天，我沒有這樣想過。  什麼都好，誰知道這是什麼？  我不是這樣想，我只是不知道。     ‍♀️ » ❓  我在,這樣,O,O,O,O,O,O,24
875,這不是一天，我沒有這樣想過。  什麼都好，誰知道這是什麼？  我不是這樣想，我只是不知道。     ‍♀️ » ❓  我在,想,O,O,O,O,O,O,25
875,這不是一天，我沒有這樣想過。  什麼都好，誰知道這是什麼？  我不是這樣想，我只是不知道。     ‍♀️ » ❓  我在,，,O,O,O,O,O,O,26
875,這不是一天，我沒有這樣想過。  什麼都好，誰知道這是什麼？  我不是這樣想，我只是不知道。     ‍♀️ » ❓  我在,我,O,O,O,O,O,O,27
875,這不是一天，我沒有這樣想過。  什麼都好，誰知道這是什麼？  我不是這樣想，我只是不知道。     ‍♀️ » ❓  我在,只,O,O,O,O,O,O,28
875,這不是一天，我沒有這樣想過。  什麼都好，誰知道這是什麼？  我不是這樣想，我只是不知道。     ‍♀️ » ❓  我在,是不,O,O,O,O,O,O,29
875,這不是一天，我沒有這樣想過。  什麼都好，誰知道這是什麼？  我不是這樣想，我只是不知道。     ‍♀️ » ❓  我在,知道,O,O,O,O,O,O,30
875,這不是一天，我沒有這樣想過。  什麼都好，誰知道這是什麼？  我不是這樣想，我只是不知道。     ‍♀️ » ❓  我在,。,O,O,O,O,O,O,31
875,這不是一天，我沒有這樣想過。  什麼都好，誰知道這是什麼？  我不是這樣想，我只是不知道。     ‍♀️ » ❓  我在,O,O,O,O,O,O,O,32
875,這不是一天，我沒有這樣想過。  什麼都好，誰知道這是什麼？  我不是這樣想，我只是不知道。     ‍♀️ » ❓  我在,‍♀️,O,O,O,O,O,O,33
875,這不是一天，我沒有這樣想過。  什麼都好，誰知道這是什麼？  我不是這樣想，我只是不知道。     ‍♀️ » ❓  我在,»,O,O,O,O,O,O,34
875,這不是一天，我沒有這樣想過。  什麼都好，誰知道這是什麼？  我不是這樣想，我只是不知道。     ‍♀️ » ❓  我在,❓,O,O,缺失預測,缺失預測,缺失預測,缺失預測,35
875,這不是一天，我沒有這樣想過。  什麼都好，誰知道這是什麼？  我不是這樣想，我只是不知道。     ‍♀️ » ❓  我在,我,O,O,缺失預測,缺失預測,缺失預測,缺失預測,36
875,這不是一天，我沒有這樣想過。  什麼都好，誰知道這是什麼？  我不是這樣想，我只是不知道。     ‍♀️ » ❓  我在,在,O,O,缺失預測,缺失預測,缺失預測,缺失預測,37
876,憂鬱感再次回歸，很自責自己為什麼又不能逃避痛苦呢？罪惡感和無力的感覺充滿了身體，何以無法將憂鬱推開？ 🤕,憂鬱感,S-D,S-D,S-D,S-D,S-D,S-D,1
876,憂鬱感再次回歸，很自責自己為什麼又不能逃避痛苦呢？罪惡感和無力的感覺充滿了身體，何以無法將憂鬱推開？ 🤕,再次,O,O,O,O,O,O,2
876,憂鬱感再次回歸，很自責自己為什麼又不能逃避痛苦呢？罪惡感和無力的感覺充滿了身體，何以無法將憂鬱推開？ 🤕,回歸,O,O,O,O,O,O,3
876,憂鬱感再次回歸，很自責自己為什麼又不能逃避痛苦呢？罪惡感和無力的感覺充滿了身體，何以無法將憂鬱推開？ 🤕,，,O,O,O,O,O,O,4
876,憂鬱感再次回歸，很自責自己為什麼又不能逃避痛苦呢？罪惡感和無力的感覺充滿了身體，何以無法將憂鬱推開？ 🤕,很,O,O,O,O,O,O,5
876,憂鬱感再次回歸，很自責自己為什麼又不能逃避痛苦呢？罪惡感和無力的感覺充滿了身體，何以無法將憂鬱推開？ 🤕,自責,S-W,S-W,S-W,S-W,S-W,S-W,6
876,憂鬱感再次回歸，很自責自己為什麼又不能逃避痛苦呢？罪惡感和無力的感覺充滿了身體，何以無法將憂鬱推開？ 🤕,自己,O,O,O,O,O,O,7
876,憂鬱感再次回歸，很自責自己為什麼又不能逃避痛苦呢？罪惡感和無力的感覺充滿了身體，何以無法將憂鬱推開？ 🤕,為什麼,O,O,O,O,O,O,8
876,憂鬱感再次回歸，很自責自己為什麼又不能逃避痛苦呢？罪惡感和無力的感覺充滿了身體，何以無法將憂鬱推開？ 🤕,又,O,O,O,O,O,O,9
876,憂鬱感再次回歸，很自責自己為什麼又不能逃避痛苦呢？罪惡感和無力的感覺充滿了身體，何以無法將憂鬱推開？ 🤕,不能,O,O,O,O,O,O,10
876,憂鬱感再次回歸，很自責自己為什麼又不能逃避痛苦呢？罪惡感和無力的感覺充滿了身體，何以無法將憂鬱推開？ 🤕,逃避,O,O,O,O,O,O,11
876,憂鬱感再次回歸，很自責自己為什麼又不能逃避痛苦呢？罪惡感和無力的感覺充滿了身體，何以無法將憂鬱推開？ 🤕,痛苦,S-D,S-D,S-D,S-D,S-D,S-D,12
876,憂鬱感再次回歸，很自責自己為什麼又不能逃避痛苦呢？罪惡感和無力的感覺充滿了身體，何以無法將憂鬱推開？ 🤕,呢,O,O,O,O,O,O,13
876,憂鬱感再次回歸，很自責自己為什麼又不能逃避痛苦呢？罪惡感和無力的感覺充滿了身體，何以無法將憂鬱推開？ 🤕,？,O,O,O,O,O,O,14
876,憂鬱感再次回歸，很自責自己為什麼又不能逃避痛苦呢？罪惡感和無力的感覺充滿了身體，何以無法將憂鬱推開？ 🤕,罪惡感,S-W,S-W,S-W,S-W,S-W,S-W,15
876,憂鬱感再次回歸，很自責自己為什麼又不能逃避痛苦呢？罪惡感和無力的感覺充滿了身體，何以無法將憂鬱推開？ 🤕,和,O,O,O,O,O,O,16
876,憂鬱感再次回歸，很自責自己為什麼又不能逃避痛苦呢？罪惡感和無力的感覺充滿了身體，何以無法將憂鬱推開？ 🤕,無力,S-W,S-W,S-W,S-W,S-W,S-W,17
876,憂鬱感再次回歸，很自責自己為什麼又不能逃避痛苦呢？罪惡感和無力的感覺充滿了身體，何以無法將憂鬱推開？ 🤕,的,O,O,O,O,O,O,18
876,憂鬱感再次回歸，很自責自己為什麼又不能逃避痛苦呢？罪惡感和無力的感覺充滿了身體，何以無法將憂鬱推開？ 🤕,感覺,O,O,O,O,O,O,19
876,憂鬱感再次回歸，很自責自己為什麼又不能逃避痛苦呢？罪惡感和無力的感覺充滿了身體，何以無法將憂鬱推開？ 🤕,充滿,O,O,O,O,O,O,20
876,憂鬱感再次回歸，很自責自己為什麼又不能逃避痛苦呢？罪惡感和無力的感覺充滿了身體，何以無法將憂鬱推開？ 🤕,了,O,O,O,O,O,O,21
876,憂鬱感再次回歸，很自責自己為什麼又不能逃避痛苦呢？罪惡感和無力的感覺充滿了身體，何以無法將憂鬱推開？ 🤕,身體,O,O,O,O,O,O,22
876,憂鬱感再次回歸，很自責自己為什麼又不能逃避痛苦呢？罪惡感和無力的感覺充滿了身體，何以無法將憂鬱推開？ 🤕,，,O,O,O,O,O,O,23
876,憂鬱感再次回歸，很自責自己為什麼又不能逃避痛苦呢？罪惡感和無力的感覺充滿了身體，何以無法將憂鬱推開？ 🤕,何以,O,O,O,O,O,O,24
876,憂鬱感再次回歸，很自責自己為什麼又不能逃避痛苦呢？罪惡感和無力的感覺充滿了身體，何以無法將憂鬱推開？ 🤕,無法,O,B-D,B-D,B-D,B-D,B-D,25
876,憂鬱感再次回歸，很自責自己為什麼又不能逃避痛苦呢？罪惡感和無力的感覺充滿了身體，何以無法將憂鬱推開？ 🤕,將,O,O,O,O,O,O,26
876,憂鬱感再次回歸，很自責自己為什麼又不能逃避痛苦呢？罪惡感和無力的感覺充滿了身體，何以無法將憂鬱推開？ 🤕,憂鬱,S-D,E-D,E-D,E-D,E-D,E-D,27
876,憂鬱感再次回歸，很自責自己為什麼又不能逃避痛苦呢？罪惡感和無力的感覺充滿了身體，何以無法將憂鬱推開？ 🤕,推開,O,O,O,O,O,O,28
876,憂鬱感再次回歸，很自責自己為什麼又不能逃避痛苦呢？罪惡感和無力的感覺充滿了身體，何以無法將憂鬱推開？ 🤕,？,O,O,O,O,O,O,29
876,憂鬱感再次回歸，很自責自己為什麼又不能逃避痛苦呢？罪惡感和無力的感覺充滿了身體，何以無法將憂鬱推開？ 🤕,🤕,O,O,O,O,O,O,30
877,我想我是很幸運的，能夠在家人和朋友面前保持正常的面子。 但在暗處的那一刻，我卻發現只剩自己在那裡,我,O,O,O,O,O,O,1
877,我想我是很幸運的，能夠在家人和朋友面前保持正常的面子。 但在暗處的那一刻，我卻發現只剩自己在那裡,想,O,O,O,O,O,O,2
877,我想我是很幸運的，能夠在家人和朋友面前保持正常的面子。 但在暗處的那一刻，我卻發現只剩自己在那裡,是,O,O,O,O,O,O,3
877,我想我是很幸運的，能夠在家人和朋友面前保持正常的面子。 但在暗處的那一刻，我卻發現只剩自己在那裡,很,O,O,O,O,O,O,4
877,我想我是很幸運的，能夠在家人和朋友面前保持正常的面子。 但在暗處的那一刻，我卻發現只剩自己在那裡,幸運,O,S-A,O,S-A,O,S-A,5
877,我想我是很幸運的，能夠在家人和朋友面前保持正常的面子。 但在暗處的那一刻，我卻發現只剩自己在那裡,的,O,O,O,O,O,O,6
877,我想我是很幸運的，能夠在家人和朋友面前保持正常的面子。 但在暗處的那一刻，我卻發現只剩自己在那裡,，,O,O,O,O,O,O,7
877,我想我是很幸運的，能夠在家人和朋友面前保持正常的面子。 但在暗處的那一刻，我卻發現只剩自己在那裡,能夠,O,O,O,O,O,O,8
877,我想我是很幸運的，能夠在家人和朋友面前保持正常的面子。 但在暗處的那一刻，我卻發現只剩自己在那裡,在,O,O,O,O,O,O,9
877,我想我是很幸運的，能夠在家人和朋友面前保持正常的面子。 但在暗處的那一刻，我卻發現只剩自己在那裡,家人,O,O,O,O,O,O,10
877,我想我是很幸運的，能夠在家人和朋友面前保持正常的面子。 但在暗處的那一刻，我卻發現只剩自己在那裡,和,O,O,O,O,O,O,11
877,我想我是很幸運的，能夠在家人和朋友面前保持正常的面子。 但在暗處的那一刻，我卻發現只剩自己在那裡,朋友,O,O,O,O,O,O,12
877,我想我是很幸運的，能夠在家人和朋友面前保持正常的面子。 但在暗處的那一刻，我卻發現只剩自己在那裡,面前,O,O,O,O,O,O,13
877,我想我是很幸運的，能夠在家人和朋友面前保持正常的面子。 但在暗處的那一刻，我卻發現只剩自己在那裡,保持,O,O,O,O,O,O,14
877,我想我是很幸運的，能夠在家人和朋友面前保持正常的面子。 但在暗處的那一刻，我卻發現只剩自己在那裡,正常,O,O,O,O,O,O,15
877,我想我是很幸運的，能夠在家人和朋友面前保持正常的面子。 但在暗處的那一刻，我卻發現只剩自己在那裡,的,O,O,O,O,O,O,16
877,我想我是很幸運的，能夠在家人和朋友面前保持正常的面子。 但在暗處的那一刻，我卻發現只剩自己在那裡,面子,O,O,O,O,O,O,17
877,我想我是很幸運的，能夠在家人和朋友面前保持正常的面子。 但在暗處的那一刻，我卻發現只剩自己在那裡,。,O,O,O,O,O,O,18
877,我想我是很幸運的，能夠在家人和朋友面前保持正常的面子。 但在暗處的那一刻，我卻發現只剩自己在那裡,但,O,O,O,O,O,O,19
877,我想我是很幸運的，能夠在家人和朋友面前保持正常的面子。 但在暗處的那一刻，我卻發現只剩自己在那裡,在,O,O,O,O,O,O,20
877,我想我是很幸運的，能夠在家人和朋友面前保持正常的面子。 但在暗處的那一刻，我卻發現只剩自己在那裡,暗處,O,O,O,O,O,O,21
877,我想我是很幸運的，能夠在家人和朋友面前保持正常的面子。 但在暗處的那一刻，我卻發現只剩自己在那裡,的,O,O,O,O,O,O,22
877,我想我是很幸運的，能夠在家人和朋友面前保持正常的面子。 但在暗處的那一刻，我卻發現只剩自己在那裡,那,O,O,O,O,O,O,23
877,我想我是很幸運的，能夠在家人和朋友面前保持正常的面子。 但在暗處的那一刻，我卻發現只剩自己在那裡,一刻,O,O,O,O,O,O,24
877,我想我是很幸運的，能夠在家人和朋友面前保持正常的面子。 但在暗處的那一刻，我卻發現只剩自己在那裡,，,O,O,O,O,O,O,25
877,我想我是很幸運的，能夠在家人和朋友面前保持正常的面子。 但在暗處的那一刻，我卻發現只剩自己在那裡,我,O,O,O,O,O,O,26
877,我想我是很幸運的，能夠在家人和朋友面前保持正常的面子。 但在暗處的那一刻，我卻發現只剩自己在那裡,卻,O,O,O,O,O,O,27
877,我想我是很幸運的，能夠在家人和朋友面前保持正常的面子。 但在暗處的那一刻，我卻發現只剩自己在那裡,發現,O,O,O,O,O,O,28
877,我想我是很幸運的，能夠在家人和朋友面前保持正常的面子。 但在暗處的那一刻，我卻發現只剩自己在那裡,只,O,O,O,O,O,O,29
877,我想我是很幸運的，能夠在家人和朋友面前保持正常的面子。 但在暗處的那一刻，我卻發現只剩自己在那裡,剩,O,O,O,O,O,O,30
877,我想我是很幸運的，能夠在家人和朋友面前保持正常的面子。 但在暗處的那一刻，我卻發現只剩自己在那裡,自己,O,O,O,O,O,O,31
877,我想我是很幸運的，能夠在家人和朋友面前保持正常的面子。 但在暗處的那一刻，我卻發現只剩自己在那裡,在,O,O,O,O,O,O,32
877,我想我是很幸運的，能夠在家人和朋友面前保持正常的面子。 但在暗處的那一刻，我卻發現只剩自己在那裡,那裡,O,O,O,O,O,O,33
878,那些人不僅能破壞我身邊的人，我還能夠把它帶到我自己的房間，吞噬我，毀壞我。 這種想法在我的心中如同無法消除的污垢。 每天活在這種痛苦中，日復一日的痛苦,那些,O,O,O,O,O,O,1
878,那些人不僅能破壞我身邊的人，我還能夠把它帶到我自己的房間，吞噬我，毀壞我。 這種想法在我的心中如同無法消除的污垢。 每天活在這種痛苦中，日復一日的痛苦,人,O,O,O,O,O,O,2
878,那些人不僅能破壞我身邊的人，我還能夠把它帶到我自己的房間，吞噬我，毀壞我。 這種想法在我的心中如同無法消除的污垢。 每天活在這種痛苦中，日復一日的痛苦,不僅,O,O,O,O,O,O,3
878,那些人不僅能破壞我身邊的人，我還能夠把它帶到我自己的房間，吞噬我，毀壞我。 這種想法在我的心中如同無法消除的污垢。 每天活在這種痛苦中，日復一日的痛苦,能,O,O,O,O,O,O,4
878,那些人不僅能破壞我身邊的人，我還能夠把它帶到我自己的房間，吞噬我，毀壞我。 這種想法在我的心中如同無法消除的污垢。 每天活在這種痛苦中，日復一日的痛苦,破壞,O,O,O,O,O,O,5
878,那些人不僅能破壞我身邊的人，我還能夠把它帶到我自己的房間，吞噬我，毀壞我。 這種想法在我的心中如同無法消除的污垢。 每天活在這種痛苦中，日復一日的痛苦,我,O,O,O,O,O,O,6
878,那些人不僅能破壞我身邊的人，我還能夠把它帶到我自己的房間，吞噬我，毀壞我。 這種想法在我的心中如同無法消除的污垢。 每天活在這種痛苦中，日復一日的痛苦,身邊,O,O,O,O,O,O,7
878,那些人不僅能破壞我身邊的人，我還能夠把它帶到我自己的房間，吞噬我，毀壞我。 這種想法在我的心中如同無法消除的污垢。 每天活在這種痛苦中，日復一日的痛苦,的,O,O,O,O,O,O,8
878,那些人不僅能破壞我身邊的人，我還能夠把它帶到我自己的房間，吞噬我，毀壞我。 這種想法在我的心中如同無法消除的污垢。 每天活在這種痛苦中，日復一日的痛苦,人,O,O,O,O,O,O,9
878,那些人不僅能破壞我身邊的人，我還能夠把它帶到我自己的房間，吞噬我，毀壞我。 這種想法在我的心中如同無法消除的污垢。 每天活在這種痛苦中，日復一日的痛苦,，,O,O,O,O,O,O,10
878,那些人不僅能破壞我身邊的人，我還能夠把它帶到我自己的房間，吞噬我，毀壞我。 這種想法在我的心中如同無法消除的污垢。 每天活在這種痛苦中，日復一日的痛苦,我,O,O,O,O,O,O,11
878,那些人不僅能破壞我身邊的人，我還能夠把它帶到我自己的房間，吞噬我，毀壞我。 這種想法在我的心中如同無法消除的污垢。 每天活在這種痛苦中，日復一日的痛苦,還,O,O,O,O,O,O,12
878,那些人不僅能破壞我身邊的人，我還能夠把它帶到我自己的房間，吞噬我，毀壞我。 這種想法在我的心中如同無法消除的污垢。 每天活在這種痛苦中，日復一日的痛苦,能夠,O,O,O,O,O,O,13
878,那些人不僅能破壞我身邊的人，我還能夠把它帶到我自己的房間，吞噬我，毀壞我。 這種想法在我的心中如同無法消除的污垢。 每天活在這種痛苦中，日復一日的痛苦,把,O,O,O,O,O,O,14
878,那些人不僅能破壞我身邊的人，我還能夠把它帶到我自己的房間，吞噬我，毀壞我。 這種想法在我的心中如同無法消除的污垢。 每天活在這種痛苦中，日復一日的痛苦,它,O,O,O,O,O,O,15
878,那些人不僅能破壞我身邊的人，我還能夠把它帶到我自己的房間，吞噬我，毀壞我。 這種想法在我的心中如同無法消除的污垢。 每天活在這種痛苦中，日復一日的痛苦,帶,O,O,O,O,O,O,16
878,那些人不僅能破壞我身邊的人，我還能夠把它帶到我自己的房間，吞噬我，毀壞我。 這種想法在我的心中如同無法消除的污垢。 每天活在這種痛苦中，日復一日的痛苦,到,O,O,O,O,O,O,17
878,那些人不僅能破壞我身邊的人，我還能夠把它帶到我自己的房間，吞噬我，毀壞我。 這種想法在我的心中如同無法消除的污垢。 每天活在這種痛苦中，日復一日的痛苦,我,O,O,O,O,O,O,18
878,那些人不僅能破壞我身邊的人，我還能夠把它帶到我自己的房間，吞噬我，毀壞我。 這種想法在我的心中如同無法消除的污垢。 每天活在這種痛苦中，日復一日的痛苦,自己,O,O,O,O,O,O,19
878,那些人不僅能破壞我身邊的人，我還能夠把它帶到我自己的房間，吞噬我，毀壞我。 這種想法在我的心中如同無法消除的污垢。 每天活在這種痛苦中，日復一日的痛苦,的,O,O,O,O,O,O,20
878,那些人不僅能破壞我身邊的人，我還能夠把它帶到我自己的房間，吞噬我，毀壞我。 這種想法在我的心中如同無法消除的污垢。 每天活在這種痛苦中，日復一日的痛苦,房間,O,O,O,O,O,O,21
878,那些人不僅能破壞我身邊的人，我還能夠把它帶到我自己的房間，吞噬我，毀壞我。 這種想法在我的心中如同無法消除的污垢。 每天活在這種痛苦中，日復一日的痛苦,，,O,O,O,O,O,O,22
878,那些人不僅能破壞我身邊的人，我還能夠把它帶到我自己的房間，吞噬我，毀壞我。 這種想法在我的心中如同無法消除的污垢。 每天活在這種痛苦中，日復一日的痛苦,吞噬,O,O,O,O,O,O,23
878,那些人不僅能破壞我身邊的人，我還能夠把它帶到我自己的房間，吞噬我，毀壞我。 這種想法在我的心中如同無法消除的污垢。 每天活在這種痛苦中，日復一日的痛苦,我,O,O,O,O,O,O,24
878,那些人不僅能破壞我身邊的人，我還能夠把它帶到我自己的房間，吞噬我，毀壞我。 這種想法在我的心中如同無法消除的污垢。 每天活在這種痛苦中，日復一日的痛苦,，,O,O,O,O,O,O,25
878,那些人不僅能破壞我身邊的人，我還能夠把它帶到我自己的房間，吞噬我，毀壞我。 這種想法在我的心中如同無法消除的污垢。 每天活在這種痛苦中，日復一日的痛苦,毀壞,O,O,O,O,O,O,26
878,那些人不僅能破壞我身邊的人，我還能夠把它帶到我自己的房間，吞噬我，毀壞我。 這種想法在我的心中如同無法消除的污垢。 每天活在這種痛苦中，日復一日的痛苦,我,O,O,O,O,O,O,27
878,那些人不僅能破壞我身邊的人，我還能夠把它帶到我自己的房間，吞噬我，毀壞我。 這種想法在我的心中如同無法消除的污垢。 每天活在這種痛苦中，日復一日的痛苦,。,O,O,O,O,O,O,28
878,那些人不僅能破壞我身邊的人，我還能夠把它帶到我自己的房間，吞噬我，毀壞我。 這種想法在我的心中如同無法消除的污垢。 每天活在這種痛苦中，日復一日的痛苦,這種,O,O,O,O,O,O,29
878,那些人不僅能破壞我身邊的人，我還能夠把它帶到我自己的房間，吞噬我，毀壞我。 這種想法在我的心中如同無法消除的污垢。 每天活在這種痛苦中，日復一日的痛苦,想法,O,O,O,O,O,O,30
878,那些人不僅能破壞我身邊的人，我還能夠把它帶到我自己的房間，吞噬我，毀壞我。 這種想法在我的心中如同無法消除的污垢。 每天活在這種痛苦中，日復一日的痛苦,在,O,O,O,O,O,O,31
878,那些人不僅能破壞我身邊的人，我還能夠把它帶到我自己的房間，吞噬我，毀壞我。 這種想法在我的心中如同無法消除的污垢。 每天活在這種痛苦中，日復一日的痛苦,我,O,O,O,O,O,O,32
878,那些人不僅能破壞我身邊的人，我還能夠把它帶到我自己的房間，吞噬我，毀壞我。 這種想法在我的心中如同無法消除的污垢。 每天活在這種痛苦中，日復一日的痛苦,的,O,O,O,O,O,O,33
878,那些人不僅能破壞我身邊的人，我還能夠把它帶到我自己的房間，吞噬我，毀壞我。 這種想法在我的心中如同無法消除的污垢。 每天活在這種痛苦中，日復一日的痛苦,心中,O,O,O,O,O,O,34
878,那些人不僅能破壞我身邊的人，我還能夠把它帶到我自己的房間，吞噬我，毀壞我。 這種想法在我的心中如同無法消除的污垢。 每天活在這種痛苦中，日復一日的痛苦,如同,O,O,O,O,O,O,35
878,那些人不僅能破壞我身邊的人，我還能夠把它帶到我自己的房間，吞噬我，毀壞我。 這種想法在我的心中如同無法消除的污垢。 每天活在這種痛苦中，日復一日的痛苦,無法,O,O,O,O,O,O,36
878,那些人不僅能破壞我身邊的人，我還能夠把它帶到我自己的房間，吞噬我，毀壞我。 這種想法在我的心中如同無法消除的污垢。 每天活在這種痛苦中，日復一日的痛苦,消除,O,O,O,O,O,O,37
878,那些人不僅能破壞我身邊的人，我還能夠把它帶到我自己的房間，吞噬我，毀壞我。 這種想法在我的心中如同無法消除的污垢。 每天活在這種痛苦中，日復一日的痛苦,的,O,O,S-D,O,S-D,S-D,38
878,那些人不僅能破壞我身邊的人，我還能夠把它帶到我自己的房間，吞噬我，毀壞我。 這種想法在我的心中如同無法消除的污垢。 每天活在這種痛苦中，日復一日的痛苦,污垢,O,S-D,O,S-D,O,O,39
878,那些人不僅能破壞我身邊的人，我還能夠把它帶到我自己的房間，吞噬我，毀壞我。 這種想法在我的心中如同無法消除的污垢。 每天活在這種痛苦中，日復一日的痛苦,。,O,O,O,O,O,O,40
878,那些人不僅能破壞我身邊的人，我還能夠把它帶到我自己的房間，吞噬我，毀壞我。 這種想法在我的心中如同無法消除的污垢。 每天活在這種痛苦中，日復一日的痛苦,每天,O,O,O,O,O,O,41
878,那些人不僅能破壞我身邊的人，我還能夠把它帶到我自己的房間，吞噬我，毀壞我。 這種想法在我的心中如同無法消除的污垢。 每天活在這種痛苦中，日復一日的痛苦,活,O,O,O,O,O,O,42
878,那些人不僅能破壞我身邊的人，我還能夠把它帶到我自己的房間，吞噬我，毀壞我。 這種想法在我的心中如同無法消除的污垢。 每天活在這種痛苦中，日復一日的痛苦,在,O,O,O,O,O,O,43
878,那些人不僅能破壞我身邊的人，我還能夠把它帶到我自己的房間，吞噬我，毀壞我。 這種想法在我的心中如同無法消除的污垢。 每天活在這種痛苦中，日復一日的痛苦,這種,O,O,S-D,O,S-D,S-D,44
878,那些人不僅能破壞我身邊的人，我還能夠把它帶到我自己的房間，吞噬我，毀壞我。 這種想法在我的心中如同無法消除的污垢。 每天活在這種痛苦中，日復一日的痛苦,痛苦,S-D,S-D,O,S-D,O,O,45
878,那些人不僅能破壞我身邊的人，我還能夠把它帶到我自己的房間，吞噬我，毀壞我。 這種想法在我的心中如同無法消除的污垢。 每天活在這種痛苦中，日復一日的痛苦,中,O,O,O,O,O,O,46
878,那些人不僅能破壞我身邊的人，我還能夠把它帶到我自己的房間，吞噬我，毀壞我。 這種想法在我的心中如同無法消除的污垢。 每天活在這種痛苦中，日復一日的痛苦,，,O,O,O,O,O,O,47
878,那些人不僅能破壞我身邊的人，我還能夠把它帶到我自己的房間，吞噬我，毀壞我。 這種想法在我的心中如同無法消除的污垢。 每天活在這種痛苦中，日復一日的痛苦,日復,O,O,O,O,O,O,48
878,那些人不僅能破壞我身邊的人，我還能夠把它帶到我自己的房間，吞噬我，毀壞我。 這種想法在我的心中如同無法消除的污垢。 每天活在這種痛苦中，日復一日的痛苦,一日,O,O,S-D,O,S-D,S-D,49
878,那些人不僅能破壞我身邊的人，我還能夠把它帶到我自己的房間，吞噬我，毀壞我。 這種想法在我的心中如同無法消除的污垢。 每天活在這種痛苦中，日復一日的痛苦,的,O,O,缺失預測,S-D,缺失預測,缺失預測,50
878,那些人不僅能破壞我身邊的人，我還能夠把它帶到我自己的房間，吞噬我，毀壞我。 這種想法在我的心中如同無法消除的污垢。 每天活在這種痛苦中，日復一日的痛苦,痛苦,S-D,S-D,缺失預測,缺失預測,缺失預測,缺失預測,51
879,這天再也沒有興趣 不再可以用我最喜歡的書看 是因為我每天都被人霸凌、 被忽略，讓我喪失了自我 我什麼時候可以恢復自我呢？,這天,O,O,O,O,O,O,1
879,這天再也沒有興趣 不再可以用我最喜歡的書看 是因為我每天都被人霸凌、 被忽略，讓我喪失了自我 我什麼時候可以恢復自我呢？,再,O,O,O,O,O,O,2
879,這天再也沒有興趣 不再可以用我最喜歡的書看 是因為我每天都被人霸凌、 被忽略，讓我喪失了自我 我什麼時候可以恢復自我呢？,也,O,O,O,O,O,O,3
879,這天再也沒有興趣 不再可以用我最喜歡的書看 是因為我每天都被人霸凌、 被忽略，讓我喪失了自我 我什麼時候可以恢復自我呢？,沒,B-A,O,O,O,O,O,4
879,這天再也沒有興趣 不再可以用我最喜歡的書看 是因為我每天都被人霸凌、 被忽略，讓我喪失了自我 我什麼時候可以恢復自我呢？,有,M-A,O,S-D,O,S-D,S-D,5
879,這天再也沒有興趣 不再可以用我最喜歡的書看 是因為我每天都被人霸凌、 被忽略，讓我喪失了自我 我什麼時候可以恢復自我呢？,興趣,E-A,S-D,O,S-D,O,O,6
879,這天再也沒有興趣 不再可以用我最喜歡的書看 是因為我每天都被人霸凌、 被忽略，讓我喪失了自我 我什麼時候可以恢復自我呢？,不,O,O,O,O,O,O,7
879,這天再也沒有興趣 不再可以用我最喜歡的書看 是因為我每天都被人霸凌、 被忽略，讓我喪失了自我 我什麼時候可以恢復自我呢？,再,O,O,O,O,O,O,8
879,這天再也沒有興趣 不再可以用我最喜歡的書看 是因為我每天都被人霸凌、 被忽略，讓我喪失了自我 我什麼時候可以恢復自我呢？,可以,O,O,O,O,O,O,9
879,這天再也沒有興趣 不再可以用我最喜歡的書看 是因為我每天都被人霸凌、 被忽略，讓我喪失了自我 我什麼時候可以恢復自我呢？,用,O,O,O,O,O,O,10
879,這天再也沒有興趣 不再可以用我最喜歡的書看 是因為我每天都被人霸凌、 被忽略，讓我喪失了自我 我什麼時候可以恢復自我呢？,我,O,O,O,O,O,O,11
879,這天再也沒有興趣 不再可以用我最喜歡的書看 是因為我每天都被人霸凌、 被忽略，讓我喪失了自我 我什麼時候可以恢復自我呢？,最,O,O,O,O,O,O,12
879,這天再也沒有興趣 不再可以用我最喜歡的書看 是因為我每天都被人霸凌、 被忽略，讓我喪失了自我 我什麼時候可以恢復自我呢？,喜歡,O,O,O,O,O,O,13
879,這天再也沒有興趣 不再可以用我最喜歡的書看 是因為我每天都被人霸凌、 被忽略，讓我喪失了自我 我什麼時候可以恢復自我呢？,的,O,O,O,O,O,O,14
879,這天再也沒有興趣 不再可以用我最喜歡的書看 是因為我每天都被人霸凌、 被忽略，讓我喪失了自我 我什麼時候可以恢復自我呢？,書,O,O,O,O,O,O,15
879,這天再也沒有興趣 不再可以用我最喜歡的書看 是因為我每天都被人霸凌、 被忽略，讓我喪失了自我 我什麼時候可以恢復自我呢？,看,O,O,O,O,O,O,16
879,這天再也沒有興趣 不再可以用我最喜歡的書看 是因為我每天都被人霸凌、 被忽略，讓我喪失了自我 我什麼時候可以恢復自我呢？,是,O,O,O,O,O,O,17
879,這天再也沒有興趣 不再可以用我最喜歡的書看 是因為我每天都被人霸凌、 被忽略，讓我喪失了自我 我什麼時候可以恢復自我呢？,因為,O,O,O,O,O,O,18
879,這天再也沒有興趣 不再可以用我最喜歡的書看 是因為我每天都被人霸凌、 被忽略，讓我喪失了自我 我什麼時候可以恢復自我呢？,我,O,O,O,O,O,O,19
879,這天再也沒有興趣 不再可以用我最喜歡的書看 是因為我每天都被人霸凌、 被忽略，讓我喪失了自我 我什麼時候可以恢復自我呢？,每天,O,O,O,O,O,O,20
879,這天再也沒有興趣 不再可以用我最喜歡的書看 是因為我每天都被人霸凌、 被忽略，讓我喪失了自我 我什麼時候可以恢復自我呢？,都,O,O,O,O,O,O,21
879,這天再也沒有興趣 不再可以用我最喜歡的書看 是因為我每天都被人霸凌、 被忽略，讓我喪失了自我 我什麼時候可以恢復自我呢？,被,O,O,O,O,O,O,22
879,這天再也沒有興趣 不再可以用我最喜歡的書看 是因為我每天都被人霸凌、 被忽略，讓我喪失了自我 我什麼時候可以恢復自我呢？,人,O,O,S-W,O,S-W,S-W,23
879,這天再也沒有興趣 不再可以用我最喜歡的書看 是因為我每天都被人霸凌、 被忽略，讓我喪失了自我 我什麼時候可以恢復自我呢？,霸凌,S-D,S-D,O,S-D,O,O,24
879,這天再也沒有興趣 不再可以用我最喜歡的書看 是因為我每天都被人霸凌、 被忽略，讓我喪失了自我 我什麼時候可以恢復自我呢？,、,O,O,O,O,O,O,25
879,這天再也沒有興趣 不再可以用我最喜歡的書看 是因為我每天都被人霸凌、 被忽略，讓我喪失了自我 我什麼時候可以恢復自我呢？,被,O,O,S-W,O,S-W,S-W,26
879,這天再也沒有興趣 不再可以用我最喜歡的書看 是因為我每天都被人霸凌、 被忽略，讓我喪失了自我 我什麼時候可以恢復自我呢？,忽略,S-D,S-D,O,S-D,O,O,27
879,這天再也沒有興趣 不再可以用我最喜歡的書看 是因為我每天都被人霸凌、 被忽略，讓我喪失了自我 我什麼時候可以恢復自我呢？,，,O,O,O,O,O,O,28
879,這天再也沒有興趣 不再可以用我最喜歡的書看 是因為我每天都被人霸凌、 被忽略，讓我喪失了自我 我什麼時候可以恢復自我呢？,讓,O,O,O,O,O,O,29
879,這天再也沒有興趣 不再可以用我最喜歡的書看 是因為我每天都被人霸凌、 被忽略，讓我喪失了自我 我什麼時候可以恢復自我呢？,我,O,O,O,O,O,O,30
879,這天再也沒有興趣 不再可以用我最喜歡的書看 是因為我每天都被人霸凌、 被忽略，讓我喪失了自我 我什麼時候可以恢復自我呢？,喪失,B-W,O,O,O,O,O,31
879,這天再也沒有興趣 不再可以用我最喜歡的書看 是因為我每天都被人霸凌、 被忽略，讓我喪失了自我 我什麼時候可以恢復自我呢？,了,M-W,O,S-D,O,S-D,S-D,32
879,這天再也沒有興趣 不再可以用我最喜歡的書看 是因為我每天都被人霸凌、 被忽略，讓我喪失了自我 我什麼時候可以恢復自我呢？,自我,E-W,S-D,O,S-D,O,O,33
879,這天再也沒有興趣 不再可以用我最喜歡的書看 是因為我每天都被人霸凌、 被忽略，讓我喪失了自我 我什麼時候可以恢復自我呢？,我,O,O,O,O,O,O,34
879,這天再也沒有興趣 不再可以用我最喜歡的書看 是因為我每天都被人霸凌、 被忽略，讓我喪失了自我 我什麼時候可以恢復自我呢？,什麼,O,O,O,O,O,O,35
879,這天再也沒有興趣 不再可以用我最喜歡的書看 是因為我每天都被人霸凌、 被忽略，讓我喪失了自我 我什麼時候可以恢復自我呢？,時候,O,O,O,O,O,O,36
879,這天再也沒有興趣 不再可以用我最喜歡的書看 是因為我每天都被人霸凌、 被忽略，讓我喪失了自我 我什麼時候可以恢復自我呢？,可以,O,O,O,O,O,O,37
879,這天再也沒有興趣 不再可以用我最喜歡的書看 是因為我每天都被人霸凌、 被忽略，讓我喪失了自我 我什麼時候可以恢復自我呢？,恢復,O,O,S-D,O,S-D,O,38
879,這天再也沒有興趣 不再可以用我最喜歡的書看 是因為我每天都被人霸凌、 被忽略，讓我喪失了自我 我什麼時候可以恢復自我呢？,自我,O,O,O,S-D,O,O,39
879,這天再也沒有興趣 不再可以用我最喜歡的書看 是因為我每天都被人霸凌、 被忽略，讓我喪失了自我 我什麼時候可以恢復自我呢？,呢,O,O,O,O,O,O,40
879,這天再也沒有興趣 不再可以用我最喜歡的書看 是因為我每天都被人霸凌、 被忽略，讓我喪失了自我 我什麼時候可以恢復自我呢？,？,O,O,缺失預測,O,缺失預測,缺失預測,41
880,每天我都要面對許多不公平的事 不想要待在這個黑人人家的我 想結束一切,每天,O,O,O,O,O,O,1
880,每天我都要面對許多不公平的事 不想要待在這個黑人人家的我 想結束一切,我,O,O,O,O,O,O,2
880,每天我都要面對許多不公平的事 不想要待在這個黑人人家的我 想結束一切,都,O,O,O,O,O,O,3
880,每天我都要面對許多不公平的事 不想要待在這個黑人人家的我 想結束一切,要,O,O,O,O,O,O,4
880,每天我都要面對許多不公平的事 不想要待在這個黑人人家的我 想結束一切,面對,O,O,O,O,O,O,5
880,每天我都要面對許多不公平的事 不想要待在這個黑人人家的我 想結束一切,許多,O,O,O,O,O,O,6
880,每天我都要面對許多不公平的事 不想要待在這個黑人人家的我 想結束一切,不公平,S-D,S-D,S-D,S-D,S-D,S-D,7
880,每天我都要面對許多不公平的事 不想要待在這個黑人人家的我 想結束一切,的,O,O,O,O,O,O,8
880,每天我都要面對許多不公平的事 不想要待在這個黑人人家的我 想結束一切,事,O,O,O,O,O,O,9
880,每天我都要面對許多不公平的事 不想要待在這個黑人人家的我 想結束一切,不,O,O,O,O,O,O,10
880,每天我都要面對許多不公平的事 不想要待在這個黑人人家的我 想結束一切,想要,O,O,O,O,O,O,11
880,每天我都要面對許多不公平的事 不想要待在這個黑人人家的我 想結束一切,待在,O,O,O,O,O,O,12
880,每天我都要面對許多不公平的事 不想要待在這個黑人人家的我 想結束一切,這個,O,O,O,O,O,O,13
880,每天我都要面對許多不公平的事 不想要待在這個黑人人家的我 想結束一切,黑人人家,O,O,S-D,S-D,S-D,S-D,14
880,每天我都要面對許多不公平的事 不想要待在這個黑人人家的我 想結束一切,的,O,O,O,O,O,O,15
880,每天我都要面對許多不公平的事 不想要待在這個黑人人家的我 想結束一切,我,O,O,O,O,O,O,16
880,每天我都要面對許多不公平的事 不想要待在這個黑人人家的我 想結束一切,想,B-U,B-U,B-U,B-U,B-U,B-U,17
880,每天我都要面對許多不公平的事 不想要待在這個黑人人家的我 想結束一切,結束,E-U,E-U,E-U,E-U,E-U,E-U,18
880,每天我都要面對許多不公平的事 不想要待在這個黑人人家的我 想結束一切,一切,O,O,O,O,O,O,19
881,我今天要面對一天的實習，但我內心卻處於絕望。每當我嘗試嘗試都會出現無數次的失敗、錯誤。我真的是不想再努力,我,O,O,O,O,O,O,1
881,我今天要面對一天的實習，但我內心卻處於絕望。每當我嘗試嘗試都會出現無數次的失敗、錯誤。我真的是不想再努力,今天,O,O,O,O,O,O,2
881,我今天要面對一天的實習，但我內心卻處於絕望。每當我嘗試嘗試都會出現無數次的失敗、錯誤。我真的是不想再努力,要,O,O,O,O,O,O,3
881,我今天要面對一天的實習，但我內心卻處於絕望。每當我嘗試嘗試都會出現無數次的失敗、錯誤。我真的是不想再努力,面對,O,O,O,O,O,O,4
881,我今天要面對一天的實習，但我內心卻處於絕望。每當我嘗試嘗試都會出現無數次的失敗、錯誤。我真的是不想再努力,一天,O,O,O,O,O,O,5
881,我今天要面對一天的實習，但我內心卻處於絕望。每當我嘗試嘗試都會出現無數次的失敗、錯誤。我真的是不想再努力,的,O,O,O,O,O,O,6
881,我今天要面對一天的實習，但我內心卻處於絕望。每當我嘗試嘗試都會出現無數次的失敗、錯誤。我真的是不想再努力,實習,O,O,O,O,O,O,7
881,我今天要面對一天的實習，但我內心卻處於絕望。每當我嘗試嘗試都會出現無數次的失敗、錯誤。我真的是不想再努力,，,O,O,O,O,O,O,8
881,我今天要面對一天的實習，但我內心卻處於絕望。每當我嘗試嘗試都會出現無數次的失敗、錯誤。我真的是不想再努力,但,O,O,O,O,O,O,9
881,我今天要面對一天的實習，但我內心卻處於絕望。每當我嘗試嘗試都會出現無數次的失敗、錯誤。我真的是不想再努力,我,O,O,O,O,O,O,10
881,我今天要面對一天的實習，但我內心卻處於絕望。每當我嘗試嘗試都會出現無數次的失敗、錯誤。我真的是不想再努力,內心,O,B-D,B-D,B-D,B-D,B-D,11
881,我今天要面對一天的實習，但我內心卻處於絕望。每當我嘗試嘗試都會出現無數次的失敗、錯誤。我真的是不想再努力,卻,O,O,M-D,O,O,O,12
881,我今天要面對一天的實習，但我內心卻處於絕望。每當我嘗試嘗試都會出現無數次的失敗、錯誤。我真的是不想再努力,處於,O,O,E-D,O,O,O,13
881,我今天要面對一天的實習，但我內心卻處於絕望。每當我嘗試嘗試都會出現無數次的失敗、錯誤。我真的是不想再努力,絕望,S-D,S-D,S-D,S-D,S-D,S-D,14
881,我今天要面對一天的實習，但我內心卻處於絕望。每當我嘗試嘗試都會出現無數次的失敗、錯誤。我真的是不想再努力,。,O,O,O,O,O,O,15
881,我今天要面對一天的實習，但我內心卻處於絕望。每當我嘗試嘗試都會出現無數次的失敗、錯誤。我真的是不想再努力,每當,O,O,O,O,O,O,16
881,我今天要面對一天的實習，但我內心卻處於絕望。每當我嘗試嘗試都會出現無數次的失敗、錯誤。我真的是不想再努力,我,O,O,O,O,O,O,17
881,我今天要面對一天的實習，但我內心卻處於絕望。每當我嘗試嘗試都會出現無數次的失敗、錯誤。我真的是不想再努力,嘗試,O,O,O,O,O,O,18
881,我今天要面對一天的實習，但我內心卻處於絕望。每當我嘗試嘗試都會出現無數次的失敗、錯誤。我真的是不想再努力,嘗試,O,O,O,O,O,O,19
881,我今天要面對一天的實習，但我內心卻處於絕望。每當我嘗試嘗試都會出現無數次的失敗、錯誤。我真的是不想再努力,都,O,O,O,O,O,O,20
881,我今天要面對一天的實習，但我內心卻處於絕望。每當我嘗試嘗試都會出現無數次的失敗、錯誤。我真的是不想再努力,會,O,O,O,O,O,O,21
881,我今天要面對一天的實習，但我內心卻處於絕望。每當我嘗試嘗試都會出現無數次的失敗、錯誤。我真的是不想再努力,出現,O,O,O,O,O,O,22
881,我今天要面對一天的實習，但我內心卻處於絕望。每當我嘗試嘗試都會出現無數次的失敗、錯誤。我真的是不想再努力,無數,O,O,O,O,O,O,23
881,我今天要面對一天的實習，但我內心卻處於絕望。每當我嘗試嘗試都會出現無數次的失敗、錯誤。我真的是不想再努力,次,O,O,O,O,O,O,24
881,我今天要面對一天的實習，但我內心卻處於絕望。每當我嘗試嘗試都會出現無數次的失敗、錯誤。我真的是不想再努力,的,O,O,O,O,S-W,O,25
881,我今天要面對一天的實習，但我內心卻處於絕望。每當我嘗試嘗試都會出現無數次的失敗、錯誤。我真的是不想再努力,失敗,S-W,S-W,S-W,S-W,O,S-W,26
881,我今天要面對一天的實習，但我內心卻處於絕望。每當我嘗試嘗試都會出現無數次的失敗、錯誤。我真的是不想再努力,、,O,O,O,O,S-W,O,27
881,我今天要面對一天的實習，但我內心卻處於絕望。每當我嘗試嘗試都會出現無數次的失敗、錯誤。我真的是不想再努力,錯誤,S-W,S-W,S-W,S-W,O,S-W,28
881,我今天要面對一天的實習，但我內心卻處於絕望。每當我嘗試嘗試都會出現無數次的失敗、錯誤。我真的是不想再努力,。,O,O,O,O,O,O,29
881,我今天要面對一天的實習，但我內心卻處於絕望。每當我嘗試嘗試都會出現無數次的失敗、錯誤。我真的是不想再努力,我,O,O,O,O,O,O,30
881,我今天要面對一天的實習，但我內心卻處於絕望。每當我嘗試嘗試都會出現無數次的失敗、錯誤。我真的是不想再努力,真的是,O,O,O,O,O,O,31
881,我今天要面對一天的實習，但我內心卻處於絕望。每當我嘗試嘗試都會出現無數次的失敗、錯誤。我真的是不想再努力,不想,B-D,O,O,O,O,O,32
881,我今天要面對一天的實習，但我內心卻處於絕望。每當我嘗試嘗試都會出現無數次的失敗、錯誤。我真的是不想再努力,再,M-D,O,O,O,S-A,O,33
881,我今天要面對一天的實習，但我內心卻處於絕望。每當我嘗試嘗試都會出現無數次的失敗、錯誤。我真的是不想再努力,努力,E-D,B-A,O,B-A,O,S-A,34
881,我今天要面對一天的實習，但我內心卻處於絕望。每當我嘗試嘗試都會出現無數次的失敗、錯誤。我真的是不想再努力,。,O,O,B-A,O,缺失預測,O,35
882,我今天又在思考，為什麼我又是自己一個人？這種絕望感，我是一種無法逃避的人，我終於變成這種人，我終於變成自己。 今天，我不想活了。,我,O,O,O,O,O,O,1
882,我今天又在思考，為什麼我又是自己一個人？這種絕望感，我是一種無法逃避的人，我終於變成這種人，我終於變成自己。 今天，我不想活了。,今天,O,O,O,O,O,O,2
882,我今天又在思考，為什麼我又是自己一個人？這種絕望感，我是一種無法逃避的人，我終於變成這種人，我終於變成自己。 今天，我不想活了。,又,O,O,O,O,O,O,3
882,我今天又在思考，為什麼我又是自己一個人？這種絕望感，我是一種無法逃避的人，我終於變成這種人，我終於變成自己。 今天，我不想活了。,在,O,O,O,O,O,O,4
882,我今天又在思考，為什麼我又是自己一個人？這種絕望感，我是一種無法逃避的人，我終於變成這種人，我終於變成自己。 今天，我不想活了。,思考,O,O,O,O,O,O,5
882,我今天又在思考，為什麼我又是自己一個人？這種絕望感，我是一種無法逃避的人，我終於變成這種人，我終於變成自己。 今天，我不想活了。,，,O,O,O,O,O,O,6
882,我今天又在思考，為什麼我又是自己一個人？這種絕望感，我是一種無法逃避的人，我終於變成這種人，我終於變成自己。 今天，我不想活了。,為什麼,O,O,O,O,O,O,7
882,我今天又在思考，為什麼我又是自己一個人？這種絕望感，我是一種無法逃避的人，我終於變成這種人，我終於變成自己。 今天，我不想活了。,我,O,O,O,O,O,O,8
882,我今天又在思考，為什麼我又是自己一個人？這種絕望感，我是一種無法逃避的人，我終於變成這種人，我終於變成自己。 今天，我不想活了。,又,O,O,O,O,O,O,9
882,我今天又在思考，為什麼我又是自己一個人？這種絕望感，我是一種無法逃避的人，我終於變成這種人，我終於變成自己。 今天，我不想活了。,是,O,O,O,O,O,O,10
882,我今天又在思考，為什麼我又是自己一個人？這種絕望感，我是一種無法逃避的人，我終於變成這種人，我終於變成自己。 今天，我不想活了。,自己,O,O,O,O,O,O,11
882,我今天又在思考，為什麼我又是自己一個人？這種絕望感，我是一種無法逃避的人，我終於變成這種人，我終於變成自己。 今天，我不想活了。,一個,O,O,O,O,O,O,12
882,我今天又在思考，為什麼我又是自己一個人？這種絕望感，我是一種無法逃避的人，我終於變成這種人，我終於變成自己。 今天，我不想活了。,人,O,O,O,O,O,O,13
882,我今天又在思考，為什麼我又是自己一個人？這種絕望感，我是一種無法逃避的人，我終於變成這種人，我終於變成自己。 今天，我不想活了。,？,O,O,O,O,O,O,14
882,我今天又在思考，為什麼我又是自己一個人？這種絕望感，我是一種無法逃避的人，我終於變成這種人，我終於變成自己。 今天，我不想活了。,這種,O,O,O,O,O,O,15
882,我今天又在思考，為什麼我又是自己一個人？這種絕望感，我是一種無法逃避的人，我終於變成這種人，我終於變成自己。 今天，我不想活了。,絕望感,S-D,S-D,S-D,S-D,S-D,S-D,16
882,我今天又在思考，為什麼我又是自己一個人？這種絕望感，我是一種無法逃避的人，我終於變成這種人，我終於變成自己。 今天，我不想活了。,，,O,O,O,O,O,O,17
882,我今天又在思考，為什麼我又是自己一個人？這種絕望感，我是一種無法逃避的人，我終於變成這種人，我終於變成自己。 今天，我不想活了。,我,O,O,O,O,O,O,18
882,我今天又在思考，為什麼我又是自己一個人？這種絕望感，我是一種無法逃避的人，我終於變成這種人，我終於變成自己。 今天，我不想活了。,是,O,O,O,O,O,O,19
882,我今天又在思考，為什麼我又是自己一個人？這種絕望感，我是一種無法逃避的人，我終於變成這種人，我終於變成自己。 今天，我不想活了。,一種,O,O,O,O,O,O,20
882,我今天又在思考，為什麼我又是自己一個人？這種絕望感，我是一種無法逃避的人，我終於變成這種人，我終於變成自己。 今天，我不想活了。,無法,B-D,O,O,O,B-U,O,21
882,我今天又在思考，為什麼我又是自己一個人？這種絕望感，我是一種無法逃避的人，我終於變成這種人，我終於變成自己。 今天，我不想活了。,逃避,E-D,O,O,O,E-U,O,22
882,我今天又在思考，為什麼我又是自己一個人？這種絕望感，我是一種無法逃避的人，我終於變成這種人，我終於變成自己。 今天，我不想活了。,的人,O,O,O,O,O,O,23
882,我今天又在思考，為什麼我又是自己一個人？這種絕望感，我是一種無法逃避的人，我終於變成這種人，我終於變成自己。 今天，我不想活了。,，,O,O,O,O,O,O,24
882,我今天又在思考，為什麼我又是自己一個人？這種絕望感，我是一種無法逃避的人，我終於變成這種人，我終於變成自己。 今天，我不想活了。,我,O,O,O,O,O,O,25
882,我今天又在思考，為什麼我又是自己一個人？這種絕望感，我是一種無法逃避的人，我終於變成這種人，我終於變成自己。 今天，我不想活了。,終於,O,O,O,O,O,O,26
882,我今天又在思考，為什麼我又是自己一個人？這種絕望感，我是一種無法逃避的人，我終於變成這種人，我終於變成自己。 今天，我不想活了。,變成,O,O,O,O,O,O,27
882,我今天又在思考，為什麼我又是自己一個人？這種絕望感，我是一種無法逃避的人，我終於變成這種人，我終於變成自己。 今天，我不想活了。,這種,O,O,O,O,O,O,28
882,我今天又在思考，為什麼我又是自己一個人？這種絕望感，我是一種無法逃避的人，我終於變成這種人，我終於變成自己。 今天，我不想活了。,人,O,O,O,O,O,O,29
882,我今天又在思考，為什麼我又是自己一個人？這種絕望感，我是一種無法逃避的人，我終於變成這種人，我終於變成自己。 今天，我不想活了。,，,O,O,O,O,O,O,30
882,我今天又在思考，為什麼我又是自己一個人？這種絕望感，我是一種無法逃避的人，我終於變成這種人，我終於變成自己。 今天，我不想活了。,我,O,O,O,O,O,O,31
882,我今天又在思考，為什麼我又是自己一個人？這種絕望感，我是一種無法逃避的人，我終於變成這種人，我終於變成自己。 今天，我不想活了。,終於,O,O,O,O,O,O,32
882,我今天又在思考，為什麼我又是自己一個人？這種絕望感，我是一種無法逃避的人，我終於變成這種人，我終於變成自己。 今天，我不想活了。,變成,O,O,O,O,O,O,33
882,我今天又在思考，為什麼我又是自己一個人？這種絕望感，我是一種無法逃避的人，我終於變成這種人，我終於變成自己。 今天，我不想活了。,自己,O,O,O,O,O,O,34
882,我今天又在思考，為什麼我又是自己一個人？這種絕望感，我是一種無法逃避的人，我終於變成這種人，我終於變成自己。 今天，我不想活了。,。,O,O,O,O,O,O,35
882,我今天又在思考，為什麼我又是自己一個人？這種絕望感，我是一種無法逃避的人，我終於變成這種人，我終於變成自己。 今天，我不想活了。,今天,O,O,O,O,O,O,36
882,我今天又在思考，為什麼我又是自己一個人？這種絕望感，我是一種無法逃避的人，我終於變成這種人，我終於變成自己。 今天，我不想活了。,，,O,O,O,O,O,O,37
882,我今天又在思考，為什麼我又是自己一個人？這種絕望感，我是一種無法逃避的人，我終於變成這種人，我終於變成自己。 今天，我不想活了。,我,O,O,O,O,O,O,38
882,我今天又在思考，為什麼我又是自己一個人？這種絕望感，我是一種無法逃避的人，我終於變成這種人，我終於變成自己。 今天，我不想活了。,不想,B-U,O,O,O,B-U,O,39
882,我今天又在思考，為什麼我又是自己一個人？這種絕望感，我是一種無法逃避的人，我終於變成這種人，我終於變成自己。 今天，我不想活了。,活了,E-U,S-U,S-U,S-U,E-U,O,40
882,我今天又在思考，為什麼我又是自己一個人？這種絕望感，我是一種無法逃避的人，我終於變成這種人，我終於變成自己。 今天，我不想活了。,。,O,O,O,O,O,O,41
883,今天很冷 每天都一樣的無趣 我一直都覺得自己沒有興趣 沒有去看喜劇，還是看書 沒有出門玩，還是泡在家裡 為什麼我一天都這樣,今天,O,O,O,O,O,O,1
883,今天很冷 每天都一樣的無趣 我一直都覺得自己沒有興趣 沒有去看喜劇，還是看書 沒有出門玩，還是泡在家裡 為什麼我一天都這樣,很,O,O,O,O,O,O,2
883,今天很冷 每天都一樣的無趣 我一直都覺得自己沒有興趣 沒有去看喜劇，還是看書 沒有出門玩，還是泡在家裡 為什麼我一天都這樣,冷,S-D,S-D,S-D,S-D,S-D,S-D,3
883,今天很冷 每天都一樣的無趣 我一直都覺得自己沒有興趣 沒有去看喜劇，還是看書 沒有出門玩，還是泡在家裡 為什麼我一天都這樣,每,O,O,O,O,O,O,4
883,今天很冷 每天都一樣的無趣 我一直都覺得自己沒有興趣 沒有去看喜劇，還是看書 沒有出門玩，還是泡在家裡 為什麼我一天都這樣,天,O,O,O,O,O,O,5
883,今天很冷 每天都一樣的無趣 我一直都覺得自己沒有興趣 沒有去看喜劇，還是看書 沒有出門玩，還是泡在家裡 為什麼我一天都這樣,都,O,O,O,O,O,O,6
883,今天很冷 每天都一樣的無趣 我一直都覺得自己沒有興趣 沒有去看喜劇，還是看書 沒有出門玩，還是泡在家裡 為什麼我一天都這樣,一樣,O,O,O,O,O,O,7
883,今天很冷 每天都一樣的無趣 我一直都覺得自己沒有興趣 沒有去看喜劇，還是看書 沒有出門玩，還是泡在家裡 為什麼我一天都這樣,的,O,O,O,O,S-D,O,8
883,今天很冷 每天都一樣的無趣 我一直都覺得自己沒有興趣 沒有去看喜劇，還是看書 沒有出門玩，還是泡在家裡 為什麼我一天都這樣,無趣,S-D,S-D,S-D,S-D,O,S-D,9
883,今天很冷 每天都一樣的無趣 我一直都覺得自己沒有興趣 沒有去看喜劇，還是看書 沒有出門玩，還是泡在家裡 為什麼我一天都這樣,我,O,O,O,O,O,O,10
883,今天很冷 每天都一樣的無趣 我一直都覺得自己沒有興趣 沒有去看喜劇，還是看書 沒有出門玩，還是泡在家裡 為什麼我一天都這樣,一直,O,O,O,O,O,O,11
883,今天很冷 每天都一樣的無趣 我一直都覺得自己沒有興趣 沒有去看喜劇，還是看書 沒有出門玩，還是泡在家裡 為什麼我一天都這樣,都,O,O,O,O,O,O,12
883,今天很冷 每天都一樣的無趣 我一直都覺得自己沒有興趣 沒有去看喜劇，還是看書 沒有出門玩，還是泡在家裡 為什麼我一天都這樣,覺得,O,O,O,O,O,O,13
883,今天很冷 每天都一樣的無趣 我一直都覺得自己沒有興趣 沒有去看喜劇，還是看書 沒有出門玩，還是泡在家裡 為什麼我一天都這樣,自己,O,O,O,O,B-W,O,14
883,今天很冷 每天都一樣的無趣 我一直都覺得自己沒有興趣 沒有去看喜劇，還是看書 沒有出門玩，還是泡在家裡 為什麼我一天都這樣,沒有,B-A,B-A,B-A,B-A,E-W,B-A,15
883,今天很冷 每天都一樣的無趣 我一直都覺得自己沒有興趣 沒有去看喜劇，還是看書 沒有出門玩，還是泡在家裡 為什麼我一天都這樣,興趣,E-A,E-A,E-A,E-A,O,E-A,16
883,今天很冷 每天都一樣的無趣 我一直都覺得自己沒有興趣 沒有去看喜劇，還是看書 沒有出門玩，還是泡在家裡 為什麼我一天都這樣,沒有,O,O,O,O,O,O,17
883,今天很冷 每天都一樣的無趣 我一直都覺得自己沒有興趣 沒有去看喜劇，還是看書 沒有出門玩，還是泡在家裡 為什麼我一天都這樣,去,O,O,O,O,O,O,18
883,今天很冷 每天都一樣的無趣 我一直都覺得自己沒有興趣 沒有去看喜劇，還是看書 沒有出門玩，還是泡在家裡 為什麼我一天都這樣,看,O,O,O,O,O,O,19
883,今天很冷 每天都一樣的無趣 我一直都覺得自己沒有興趣 沒有去看喜劇，還是看書 沒有出門玩，還是泡在家裡 為什麼我一天都這樣,喜劇,O,O,O,O,O,O,20
883,今天很冷 每天都一樣的無趣 我一直都覺得自己沒有興趣 沒有去看喜劇，還是看書 沒有出門玩，還是泡在家裡 為什麼我一天都這樣,，,O,O,O,O,O,O,21
883,今天很冷 每天都一樣的無趣 我一直都覺得自己沒有興趣 沒有去看喜劇，還是看書 沒有出門玩，還是泡在家裡 為什麼我一天都這樣,還是,O,O,O,O,O,O,22
883,今天很冷 每天都一樣的無趣 我一直都覺得自己沒有興趣 沒有去看喜劇，還是看書 沒有出門玩，還是泡在家裡 為什麼我一天都這樣,看,O,O,O,O,O,O,23
883,今天很冷 每天都一樣的無趣 我一直都覺得自己沒有興趣 沒有去看喜劇，還是看書 沒有出門玩，還是泡在家裡 為什麼我一天都這樣,書,O,O,O,O,O,O,24
883,今天很冷 每天都一樣的無趣 我一直都覺得自己沒有興趣 沒有去看喜劇，還是看書 沒有出門玩，還是泡在家裡 為什麼我一天都這樣,沒有,O,O,O,O,O,O,25
883,今天很冷 每天都一樣的無趣 我一直都覺得自己沒有興趣 沒有去看喜劇，還是看書 沒有出門玩，還是泡在家裡 為什麼我一天都這樣,出門,O,O,O,O,O,O,26
883,今天很冷 每天都一樣的無趣 我一直都覺得自己沒有興趣 沒有去看喜劇，還是看書 沒有出門玩，還是泡在家裡 為什麼我一天都這樣,玩,O,O,O,O,O,O,27
883,今天很冷 每天都一樣的無趣 我一直都覺得自己沒有興趣 沒有去看喜劇，還是看書 沒有出門玩，還是泡在家裡 為什麼我一天都這樣,，,O,O,O,O,O,O,28
883,今天很冷 每天都一樣的無趣 我一直都覺得自己沒有興趣 沒有去看喜劇，還是看書 沒有出門玩，還是泡在家裡 為什麼我一天都這樣,還是,O,O,O,O,O,O,29
883,今天很冷 每天都一樣的無趣 我一直都覺得自己沒有興趣 沒有去看喜劇，還是看書 沒有出門玩，還是泡在家裡 為什麼我一天都這樣,泡,O,O,O,O,O,O,30
883,今天很冷 每天都一樣的無趣 我一直都覺得自己沒有興趣 沒有去看喜劇，還是看書 沒有出門玩，還是泡在家裡 為什麼我一天都這樣,在,O,O,O,O,O,O,31
883,今天很冷 每天都一樣的無趣 我一直都覺得自己沒有興趣 沒有去看喜劇，還是看書 沒有出門玩，還是泡在家裡 為什麼我一天都這樣,家裡,O,O,O,O,O,O,32
883,今天很冷 每天都一樣的無趣 我一直都覺得自己沒有興趣 沒有去看喜劇，還是看書 沒有出門玩，還是泡在家裡 為什麼我一天都這樣,為什麼,O,O,O,O,O,O,33
883,今天很冷 每天都一樣的無趣 我一直都覺得自己沒有興趣 沒有去看喜劇，還是看書 沒有出門玩，還是泡在家裡 為什麼我一天都這樣,我,O,O,O,O,O,O,34
883,今天很冷 每天都一樣的無趣 我一直都覺得自己沒有興趣 沒有去看喜劇，還是看書 沒有出門玩，還是泡在家裡 為什麼我一天都這樣,一天,O,O,O,O,O,O,35
883,今天很冷 每天都一樣的無趣 我一直都覺得自己沒有興趣 沒有去看喜劇，還是看書 沒有出門玩，還是泡在家裡 為什麼我一天都這樣,都,O,O,O,O,O,O,36
883,今天很冷 每天都一樣的無趣 我一直都覺得自己沒有興趣 沒有去看喜劇，還是看書 沒有出門玩，還是泡在家裡 為什麼我一天都這樣,這樣,O,O,O,O,缺失預測,O,37
884,我覺得自己很差勁 我的月薪就只這麼多，但是還是應該要為自己解所釋，為家人解所釋。難道我是個好人？ 我的財務情況越來越糟糕，我開始覺得自己是個好人不夠，好像是自己太缺乏責任感？,我,O,O,O,O,O,O,1
884,我覺得自己很差勁 我的月薪就只這麼多，但是還是應該要為自己解所釋，為家人解所釋。難道我是個好人？ 我的財務情況越來越糟糕，我開始覺得自己是個好人不夠，好像是自己太缺乏責任感？,覺得,O,O,O,O,O,O,2
884,我覺得自己很差勁 我的月薪就只這麼多，但是還是應該要為自己解所釋，為家人解所釋。難道我是個好人？ 我的財務情況越來越糟糕，我開始覺得自己是個好人不夠，好像是自己太缺乏責任感？,自己,B-W,B-W,B-W,B-W,B-W,B-W,3
884,我覺得自己很差勁 我的月薪就只這麼多，但是還是應該要為自己解所釋，為家人解所釋。難道我是個好人？ 我的財務情況越來越糟糕，我開始覺得自己是個好人不夠，好像是自己太缺乏責任感？,很,M-W,M-W,M-W,M-W,M-W,M-W,4
884,我覺得自己很差勁 我的月薪就只這麼多，但是還是應該要為自己解所釋，為家人解所釋。難道我是個好人？ 我的財務情況越來越糟糕，我開始覺得自己是個好人不夠，好像是自己太缺乏責任感？,差勁,E-W,E-W,E-W,E-W,E-W,E-W,5
884,我覺得自己很差勁 我的月薪就只這麼多，但是還是應該要為自己解所釋，為家人解所釋。難道我是個好人？ 我的財務情況越來越糟糕，我開始覺得自己是個好人不夠，好像是自己太缺乏責任感？,我的,O,O,O,O,O,O,6
884,我覺得自己很差勁 我的月薪就只這麼多，但是還是應該要為自己解所釋，為家人解所釋。難道我是個好人？ 我的財務情況越來越糟糕，我開始覺得自己是個好人不夠，好像是自己太缺乏責任感？,月薪,O,O,O,O,O,O,7
884,我覺得自己很差勁 我的月薪就只這麼多，但是還是應該要為自己解所釋，為家人解所釋。難道我是個好人？ 我的財務情況越來越糟糕，我開始覺得自己是個好人不夠，好像是自己太缺乏責任感？,就,O,O,O,O,O,O,8
884,我覺得自己很差勁 我的月薪就只這麼多，但是還是應該要為自己解所釋，為家人解所釋。難道我是個好人？ 我的財務情況越來越糟糕，我開始覺得自己是個好人不夠，好像是自己太缺乏責任感？,只,O,O,O,O,O,O,9
884,我覺得自己很差勁 我的月薪就只這麼多，但是還是應該要為自己解所釋，為家人解所釋。難道我是個好人？ 我的財務情況越來越糟糕，我開始覺得自己是個好人不夠，好像是自己太缺乏責任感？,這麼,O,O,O,O,O,O,10
884,我覺得自己很差勁 我的月薪就只這麼多，但是還是應該要為自己解所釋，為家人解所釋。難道我是個好人？ 我的財務情況越來越糟糕，我開始覺得自己是個好人不夠，好像是自己太缺乏責任感？,多,O,O,O,O,O,O,11
884,我覺得自己很差勁 我的月薪就只這麼多，但是還是應該要為自己解所釋，為家人解所釋。難道我是個好人？ 我的財務情況越來越糟糕，我開始覺得自己是個好人不夠，好像是自己太缺乏責任感？,，,O,O,O,O,O,O,12
884,我覺得自己很差勁 我的月薪就只這麼多，但是還是應該要為自己解所釋，為家人解所釋。難道我是個好人？ 我的財務情況越來越糟糕，我開始覺得自己是個好人不夠，好像是自己太缺乏責任感？,但是,O,O,O,O,O,O,13
884,我覺得自己很差勁 我的月薪就只這麼多，但是還是應該要為自己解所釋，為家人解所釋。難道我是個好人？ 我的財務情況越來越糟糕，我開始覺得自己是個好人不夠，好像是自己太缺乏責任感？,還是,O,O,O,O,O,O,14
884,我覺得自己很差勁 我的月薪就只這麼多，但是還是應該要為自己解所釋，為家人解所釋。難道我是個好人？ 我的財務情況越來越糟糕，我開始覺得自己是個好人不夠，好像是自己太缺乏責任感？,應該,O,O,O,O,O,O,15
884,我覺得自己很差勁 我的月薪就只這麼多，但是還是應該要為自己解所釋，為家人解所釋。難道我是個好人？ 我的財務情況越來越糟糕，我開始覺得自己是個好人不夠，好像是自己太缺乏責任感？,要,O,O,O,O,O,O,16
884,我覺得自己很差勁 我的月薪就只這麼多，但是還是應該要為自己解所釋，為家人解所釋。難道我是個好人？ 我的財務情況越來越糟糕，我開始覺得自己是個好人不夠，好像是自己太缺乏責任感？,為,O,O,O,O,O,O,17
884,我覺得自己很差勁 我的月薪就只這麼多，但是還是應該要為自己解所釋，為家人解所釋。難道我是個好人？ 我的財務情況越來越糟糕，我開始覺得自己是個好人不夠，好像是自己太缺乏責任感？,自己,O,O,O,O,O,O,18
884,我覺得自己很差勁 我的月薪就只這麼多，但是還是應該要為自己解所釋，為家人解所釋。難道我是個好人？ 我的財務情況越來越糟糕，我開始覺得自己是個好人不夠，好像是自己太缺乏責任感？,解,O,O,O,O,O,O,19
884,我覺得自己很差勁 我的月薪就只這麼多，但是還是應該要為自己解所釋，為家人解所釋。難道我是個好人？ 我的財務情況越來越糟糕，我開始覺得自己是個好人不夠，好像是自己太缺乏責任感？,所,O,O,O,O,O,O,20
884,我覺得自己很差勁 我的月薪就只這麼多，但是還是應該要為自己解所釋，為家人解所釋。難道我是個好人？ 我的財務情況越來越糟糕，我開始覺得自己是個好人不夠，好像是自己太缺乏責任感？,釋,O,O,O,O,O,O,21
884,我覺得自己很差勁 我的月薪就只這麼多，但是還是應該要為自己解所釋，為家人解所釋。難道我是個好人？ 我的財務情況越來越糟糕，我開始覺得自己是個好人不夠，好像是自己太缺乏責任感？,，,O,O,O,O,O,O,22
884,我覺得自己很差勁 我的月薪就只這麼多，但是還是應該要為自己解所釋，為家人解所釋。難道我是個好人？ 我的財務情況越來越糟糕，我開始覺得自己是個好人不夠，好像是自己太缺乏責任感？,為,O,O,O,O,O,O,23
884,我覺得自己很差勁 我的月薪就只這麼多，但是還是應該要為自己解所釋，為家人解所釋。難道我是個好人？ 我的財務情況越來越糟糕，我開始覺得自己是個好人不夠，好像是自己太缺乏責任感？,家人,O,O,O,O,O,O,24
884,我覺得自己很差勁 我的月薪就只這麼多，但是還是應該要為自己解所釋，為家人解所釋。難道我是個好人？ 我的財務情況越來越糟糕，我開始覺得自己是個好人不夠，好像是自己太缺乏責任感？,解,O,O,O,O,O,O,25
884,我覺得自己很差勁 我的月薪就只這麼多，但是還是應該要為自己解所釋，為家人解所釋。難道我是個好人？ 我的財務情況越來越糟糕，我開始覺得自己是個好人不夠，好像是自己太缺乏責任感？,所,O,O,O,O,O,O,26
884,我覺得自己很差勁 我的月薪就只這麼多，但是還是應該要為自己解所釋，為家人解所釋。難道我是個好人？ 我的財務情況越來越糟糕，我開始覺得自己是個好人不夠，好像是自己太缺乏責任感？,釋,O,O,O,O,O,O,27
884,我覺得自己很差勁 我的月薪就只這麼多，但是還是應該要為自己解所釋，為家人解所釋。難道我是個好人？ 我的財務情況越來越糟糕，我開始覺得自己是個好人不夠，好像是自己太缺乏責任感？,。,O,O,O,O,O,O,28
884,我覺得自己很差勁 我的月薪就只這麼多，但是還是應該要為自己解所釋，為家人解所釋。難道我是個好人？ 我的財務情況越來越糟糕，我開始覺得自己是個好人不夠，好像是自己太缺乏責任感？,難道,O,O,O,O,O,O,29
884,我覺得自己很差勁 我的月薪就只這麼多，但是還是應該要為自己解所釋，為家人解所釋。難道我是個好人？ 我的財務情況越來越糟糕，我開始覺得自己是個好人不夠，好像是自己太缺乏責任感？,我,O,O,O,O,O,O,30
884,我覺得自己很差勁 我的月薪就只這麼多，但是還是應該要為自己解所釋，為家人解所釋。難道我是個好人？ 我的財務情況越來越糟糕，我開始覺得自己是個好人不夠，好像是自己太缺乏責任感？,是,O,O,O,O,O,O,31
884,我覺得自己很差勁 我的月薪就只這麼多，但是還是應該要為自己解所釋，為家人解所釋。難道我是個好人？ 我的財務情況越來越糟糕，我開始覺得自己是個好人不夠，好像是自己太缺乏責任感？,個,O,O,O,O,O,O,32
884,我覺得自己很差勁 我的月薪就只這麼多，但是還是應該要為自己解所釋，為家人解所釋。難道我是個好人？ 我的財務情況越來越糟糕，我開始覺得自己是個好人不夠，好像是自己太缺乏責任感？,好人,O,O,O,O,O,O,33
884,我覺得自己很差勁 我的月薪就只這麼多，但是還是應該要為自己解所釋，為家人解所釋。難道我是個好人？ 我的財務情況越來越糟糕，我開始覺得自己是個好人不夠，好像是自己太缺乏責任感？,？,O,O,O,O,O,O,34
884,我覺得自己很差勁 我的月薪就只這麼多，但是還是應該要為自己解所釋，為家人解所釋。難道我是個好人？ 我的財務情況越來越糟糕，我開始覺得自己是個好人不夠，好像是自己太缺乏責任感？,我的,O,O,O,O,O,O,35
884,我覺得自己很差勁 我的月薪就只這麼多，但是還是應該要為自己解所釋，為家人解所釋。難道我是個好人？ 我的財務情況越來越糟糕，我開始覺得自己是個好人不夠，好像是自己太缺乏責任感？,財務,O,O,O,O,O,O,36
884,我覺得自己很差勁 我的月薪就只這麼多，但是還是應該要為自己解所釋，為家人解所釋。難道我是個好人？ 我的財務情況越來越糟糕，我開始覺得自己是個好人不夠，好像是自己太缺乏責任感？,情況,O,O,O,O,O,O,37
884,我覺得自己很差勁 我的月薪就只這麼多，但是還是應該要為自己解所釋，為家人解所釋。難道我是個好人？ 我的財務情況越來越糟糕，我開始覺得自己是個好人不夠，好像是自己太缺乏責任感？,越來,O,O,O,O,O,O,38
884,我覺得自己很差勁 我的月薪就只這麼多，但是還是應該要為自己解所釋，為家人解所釋。難道我是個好人？ 我的財務情況越來越糟糕，我開始覺得自己是個好人不夠，好像是自己太缺乏責任感？,越,O,O,O,S-D,S-D,S-D,39
884,我覺得自己很差勁 我的月薪就只這麼多，但是還是應該要為自己解所釋，為家人解所釋。難道我是個好人？ 我的財務情況越來越糟糕，我開始覺得自己是個好人不夠，好像是自己太缺乏責任感？,糟糕,S-D,S-D,S-D,O,O,O,40
884,我覺得自己很差勁 我的月薪就只這麼多，但是還是應該要為自己解所釋，為家人解所釋。難道我是個好人？ 我的財務情況越來越糟糕，我開始覺得自己是個好人不夠，好像是自己太缺乏責任感？,，,O,O,O,O,O,O,41
884,我覺得自己很差勁 我的月薪就只這麼多，但是還是應該要為自己解所釋，為家人解所釋。難道我是個好人？ 我的財務情況越來越糟糕，我開始覺得自己是個好人不夠，好像是自己太缺乏責任感？,我,O,O,O,O,O,O,42
884,我覺得自己很差勁 我的月薪就只這麼多，但是還是應該要為自己解所釋，為家人解所釋。難道我是個好人？ 我的財務情況越來越糟糕，我開始覺得自己是個好人不夠，好像是自己太缺乏責任感？,開始,O,O,O,O,O,O,43
884,我覺得自己很差勁 我的月薪就只這麼多，但是還是應該要為自己解所釋，為家人解所釋。難道我是個好人？ 我的財務情況越來越糟糕，我開始覺得自己是個好人不夠，好像是自己太缺乏責任感？,覺得,O,O,O,B-W,B-W,B-W,44
884,我覺得自己很差勁 我的月薪就只這麼多，但是還是應該要為自己解所釋，為家人解所釋。難道我是個好人？ 我的財務情況越來越糟糕，我開始覺得自己是個好人不夠，好像是自己太缺乏責任感？,自己,O,B-W,B-W,M-W,M-W,O,45
884,我覺得自己很差勁 我的月薪就只這麼多，但是還是應該要為自己解所釋，為家人解所釋。難道我是個好人？ 我的財務情況越來越糟糕，我開始覺得自己是個好人不夠，好像是自己太缺乏責任感？,是,O,O,M-W,M-W,M-W,O,46
884,我覺得自己很差勁 我的月薪就只這麼多，但是還是應該要為自己解所釋，為家人解所釋。難道我是個好人？ 我的財務情況越來越糟糕，我開始覺得自己是個好人不夠，好像是自己太缺乏責任感？,個,O,O,M-W,E-W,E-W,O,47
884,我覺得自己很差勁 我的月薪就只這麼多，但是還是應該要為自己解所釋，為家人解所釋。難道我是個好人？ 我的財務情況越來越糟糕，我開始覺得自己是個好人不夠，好像是自己太缺乏責任感？,好人,O,O,E-W,O,O,O,48
884,我覺得自己很差勁 我的月薪就只這麼多，但是還是應該要為自己解所釋，為家人解所釋。難道我是個好人？ 我的財務情況越來越糟糕，我開始覺得自己是個好人不夠，好像是自己太缺乏責任感？,不,O,O,O,O,O,O,49
884,我覺得自己很差勁 我的月薪就只這麼多，但是還是應該要為自己解所釋，為家人解所釋。難道我是個好人？ 我的財務情況越來越糟糕，我開始覺得自己是個好人不夠，好像是自己太缺乏責任感？,夠,O,E-W,O,O,O,O,50
884,我覺得自己很差勁 我的月薪就只這麼多，但是還是應該要為自己解所釋，為家人解所釋。難道我是個好人？ 我的財務情況越來越糟糕，我開始覺得自己是個好人不夠，好像是自己太缺乏責任感？,，,O,O,O,O,O,O,51
884,我覺得自己很差勁 我的月薪就只這麼多，但是還是應該要為自己解所釋，為家人解所釋。難道我是個好人？ 我的財務情況越來越糟糕，我開始覺得自己是個好人不夠，好像是自己太缺乏責任感？,好像,O,O,O,O,O,O,52
884,我覺得自己很差勁 我的月薪就只這麼多，但是還是應該要為自己解所釋，為家人解所釋。難道我是個好人？ 我的財務情況越來越糟糕，我開始覺得自己是個好人不夠，好像是自己太缺乏責任感？,是,O,O,O,O,O,O,53
884,我覺得自己很差勁 我的月薪就只這麼多，但是還是應該要為自己解所釋，為家人解所釋。難道我是個好人？ 我的財務情況越來越糟糕，我開始覺得自己是個好人不夠，好像是自己太缺乏責任感？,自己,O,O,O,O,O,O,54
884,我覺得自己很差勁 我的月薪就只這麼多，但是還是應該要為自己解所釋，為家人解所釋。難道我是個好人？ 我的財務情況越來越糟糕，我開始覺得自己是個好人不夠，好像是自己太缺乏責任感？,太,O,O,O,B-W,B-W,B-W,55
884,我覺得自己很差勁 我的月薪就只這麼多，但是還是應該要為自己解所釋，為家人解所釋。難道我是個好人？ 我的財務情況越來越糟糕，我開始覺得自己是個好人不夠，好像是自己太缺乏責任感？,缺乏,B-W,B-W,B-W,E-W,E-W,E-W,56
884,我覺得自己很差勁 我的月薪就只這麼多，但是還是應該要為自己解所釋，為家人解所釋。難道我是個好人？ 我的財務情況越來越糟糕，我開始覺得自己是個好人不夠，好像是自己太缺乏責任感？,責任感,E-W,E-W,E-W,O,O,O,57
884,我覺得自己很差勁 我的月薪就只這麼多，但是還是應該要為自己解所釋，為家人解所釋。難道我是個好人？ 我的財務情況越來越糟糕，我開始覺得自己是個好人不夠，好像是自己太缺乏責任感？,？,O,O,O,缺失預測,缺失預測,缺失預測,58
885,不想活了，失業的挫折感像重重木頭壓著我，不斷的噓喘，😭 沒有工作，沒有收入，什麼是生存？,不想,B-U,B-U,B-U,B-U,O,B-U,1
885,不想活了，失業的挫折感像重重木頭壓著我，不斷的噓喘，😭 沒有工作，沒有收入，什麼是生存？,活,M-U,E-U,E-U,E-U,O,E-U,2
885,不想活了，失業的挫折感像重重木頭壓著我，不斷的噓喘，😭 沒有工作，沒有收入，什麼是生存？,了,E-U,O,O,O,S-U,O,3
885,不想活了，失業的挫折感像重重木頭壓著我，不斷的噓喘，😭 沒有工作，沒有收入，什麼是生存？,，,O,O,B-W,B-D,O,B-D,4
885,不想活了，失業的挫折感像重重木頭壓著我，不斷的噓喘，😭 沒有工作，沒有收入，什麼是生存？,失業,S-D,O,M-W,M-D,O,M-D,5
885,不想活了，失業的挫折感像重重木頭壓著我，不斷的噓喘，😭 沒有工作，沒有收入，什麼是生存？,的,O,O,E-W,E-D,O,E-D,6
885,不想活了，失業的挫折感像重重木頭壓著我，不斷的噓喘，😭 沒有工作，沒有收入，什麼是生存？,挫折感,S-D,S-W,O,O,S-W,O,7
885,不想活了，失業的挫折感像重重木頭壓著我，不斷的噓喘，😭 沒有工作，沒有收入，什麼是生存？,像,O,O,O,O,O,O,8
885,不想活了，失業的挫折感像重重木頭壓著我，不斷的噓喘，😭 沒有工作，沒有收入，什麼是生存？,重重,O,O,O,O,O,O,9
885,不想活了，失業的挫折感像重重木頭壓著我，不斷的噓喘，😭 沒有工作，沒有收入，什麼是生存？,木頭,O,O,O,O,O,O,10
885,不想活了，失業的挫折感像重重木頭壓著我，不斷的噓喘，😭 沒有工作，沒有收入，什麼是生存？,壓著,O,O,O,O,O,O,11
885,不想活了，失業的挫折感像重重木頭壓著我，不斷的噓喘，😭 沒有工作，沒有收入，什麼是生存？,我,O,O,O,O,O,O,12
885,不想活了，失業的挫折感像重重木頭壓著我，不斷的噓喘，😭 沒有工作，沒有收入，什麼是生存？,，,O,O,O,O,O,O,13
885,不想活了，失業的挫折感像重重木頭壓著我，不斷的噓喘，😭 沒有工作，沒有收入，什麼是生存？,不斷,O,O,O,O,O,O,14
885,不想活了，失業的挫折感像重重木頭壓著我，不斷的噓喘，😭 沒有工作，沒有收入，什麼是生存？,的,O,O,O,S-D,O,S-D,15
885,不想活了，失業的挫折感像重重木頭壓著我，不斷的噓喘，😭 沒有工作，沒有收入，什麼是生存？,噓喘,O,S-D,O,O,S-D,O,16
885,不想活了，失業的挫折感像重重木頭壓著我，不斷的噓喘，😭 沒有工作，沒有收入，什麼是生存？,，,O,O,O,O,O,O,17
885,不想活了，失業的挫折感像重重木頭壓著我，不斷的噓喘，😭 沒有工作，沒有收入，什麼是生存？,😭,O,O,B-W,O,O,O,18
885,不想活了，失業的挫折感像重重木頭壓著我，不斷的噓喘，😭 沒有工作，沒有收入，什麼是生存？,沒有,O,O,E-W,O,O,O,19
885,不想活了，失業的挫折感像重重木頭壓著我，不斷的噓喘，😭 沒有工作，沒有收入，什麼是生存？,工作,O,O,O,O,O,O,20
885,不想活了，失業的挫折感像重重木頭壓著我，不斷的噓喘，😭 沒有工作，沒有收入，什麼是生存？,，,O,O,B-W,O,O,O,21
885,不想活了，失業的挫折感像重重木頭壓著我，不斷的噓喘，😭 沒有工作，沒有收入，什麼是生存？,沒有,O,O,E-W,O,O,O,22
885,不想活了，失業的挫折感像重重木頭壓著我，不斷的噓喘，😭 沒有工作，沒有收入，什麼是生存？,收入,O,O,O,O,O,O,23
885,不想活了，失業的挫折感像重重木頭壓著我，不斷的噓喘，😭 沒有工作，沒有收入，什麼是生存？,，,O,O,O,O,O,O,24
885,不想活了，失業的挫折感像重重木頭壓著我，不斷的噓喘，😭 沒有工作，沒有收入，什麼是生存？,什麼,O,O,O,O,O,O,25
885,不想活了，失業的挫折感像重重木頭壓著我，不斷的噓喘，😭 沒有工作，沒有收入，什麼是生存？,是,O,O,O,O,O,O,26
885,不想活了，失業的挫折感像重重木頭壓著我，不斷的噓喘，😭 沒有工作，沒有收入，什麼是生存？,生存,O,O,O,O,O,O,27
885,不想活了，失業的挫折感像重重木頭壓著我，不斷的噓喘，😭 沒有工作，沒有收入，什麼是生存？,？,O,O,缺失預測,缺失預測,O,缺失預測,28
886,沒有什麼特別的感受了，好像每天都是一樣的模糊。 沒有任何興趣，更不用說是享受。 不在身邊的人也能感受到我的空虛 簡單的事也都變成了一個困難。 感覺自己在走路但是沒有方向，好像什麼都無法達成,沒有,O,O,O,O,O,O,1
886,沒有什麼特別的感受了，好像每天都是一樣的模糊。 沒有任何興趣，更不用說是享受。 不在身邊的人也能感受到我的空虛 簡單的事也都變成了一個困難。 感覺自己在走路但是沒有方向，好像什麼都無法達成,什麼,O,O,O,O,O,O,2
886,沒有什麼特別的感受了，好像每天都是一樣的模糊。 沒有任何興趣，更不用說是享受。 不在身邊的人也能感受到我的空虛 簡單的事也都變成了一個困難。 感覺自己在走路但是沒有方向，好像什麼都無法達成,特別,O,O,O,O,O,O,3
886,沒有什麼特別的感受了，好像每天都是一樣的模糊。 沒有任何興趣，更不用說是享受。 不在身邊的人也能感受到我的空虛 簡單的事也都變成了一個困難。 感覺自己在走路但是沒有方向，好像什麼都無法達成,的,O,O,O,O,O,O,4
886,沒有什麼特別的感受了，好像每天都是一樣的模糊。 沒有任何興趣，更不用說是享受。 不在身邊的人也能感受到我的空虛 簡單的事也都變成了一個困難。 感覺自己在走路但是沒有方向，好像什麼都無法達成,感受,O,O,O,O,O,O,5
886,沒有什麼特別的感受了，好像每天都是一樣的模糊。 沒有任何興趣，更不用說是享受。 不在身邊的人也能感受到我的空虛 簡單的事也都變成了一個困難。 感覺自己在走路但是沒有方向，好像什麼都無法達成,了,O,O,O,O,O,O,6
886,沒有什麼特別的感受了，好像每天都是一樣的模糊。 沒有任何興趣，更不用說是享受。 不在身邊的人也能感受到我的空虛 簡單的事也都變成了一個困難。 感覺自己在走路但是沒有方向，好像什麼都無法達成,，,O,O,O,O,O,O,7
886,沒有什麼特別的感受了，好像每天都是一樣的模糊。 沒有任何興趣，更不用說是享受。 不在身邊的人也能感受到我的空虛 簡單的事也都變成了一個困難。 感覺自己在走路但是沒有方向，好像什麼都無法達成,好像,O,O,O,O,O,O,8
886,沒有什麼特別的感受了，好像每天都是一樣的模糊。 沒有任何興趣，更不用說是享受。 不在身邊的人也能感受到我的空虛 簡單的事也都變成了一個困難。 感覺自己在走路但是沒有方向，好像什麼都無法達成,每天,O,O,O,O,O,O,9
886,沒有什麼特別的感受了，好像每天都是一樣的模糊。 沒有任何興趣，更不用說是享受。 不在身邊的人也能感受到我的空虛 簡單的事也都變成了一個困難。 感覺自己在走路但是沒有方向，好像什麼都無法達成,都,O,O,O,O,O,O,10
886,沒有什麼特別的感受了，好像每天都是一樣的模糊。 沒有任何興趣，更不用說是享受。 不在身邊的人也能感受到我的空虛 簡單的事也都變成了一個困難。 感覺自己在走路但是沒有方向，好像什麼都無法達成,是,O,O,O,O,O,O,11
886,沒有什麼特別的感受了，好像每天都是一樣的模糊。 沒有任何興趣，更不用說是享受。 不在身邊的人也能感受到我的空虛 簡單的事也都變成了一個困難。 感覺自己在走路但是沒有方向，好像什麼都無法達成,一樣,O,O,O,O,O,O,12
886,沒有什麼特別的感受了，好像每天都是一樣的模糊。 沒有任何興趣，更不用說是享受。 不在身邊的人也能感受到我的空虛 簡單的事也都變成了一個困難。 感覺自己在走路但是沒有方向，好像什麼都無法達成,的,O,O,O,O,O,O,13
886,沒有什麼特別的感受了，好像每天都是一樣的模糊。 沒有任何興趣，更不用說是享受。 不在身邊的人也能感受到我的空虛 簡單的事也都變成了一個困難。 感覺自己在走路但是沒有方向，好像什麼都無法達成,模糊,S-D,S-D,S-D,S-D,S-D,S-D,14
886,沒有什麼特別的感受了，好像每天都是一樣的模糊。 沒有任何興趣，更不用說是享受。 不在身邊的人也能感受到我的空虛 簡單的事也都變成了一個困難。 感覺自己在走路但是沒有方向，好像什麼都無法達成,。,O,O,O,O,O,O,15
886,沒有什麼特別的感受了，好像每天都是一樣的模糊。 沒有任何興趣，更不用說是享受。 不在身邊的人也能感受到我的空虛 簡單的事也都變成了一個困難。 感覺自己在走路但是沒有方向，好像什麼都無法達成,沒有,O,O,O,O,O,O,16
886,沒有什麼特別的感受了，好像每天都是一樣的模糊。 沒有任何興趣，更不用說是享受。 不在身邊的人也能感受到我的空虛 簡單的事也都變成了一個困難。 感覺自己在走路但是沒有方向，好像什麼都無法達成,任何,O,O,O,O,O,O,17
886,沒有什麼特別的感受了，好像每天都是一樣的模糊。 沒有任何興趣，更不用說是享受。 不在身邊的人也能感受到我的空虛 簡單的事也都變成了一個困難。 感覺自己在走路但是沒有方向，好像什麼都無法達成,興趣,O,O,O,O,O,O,18
886,沒有什麼特別的感受了，好像每天都是一樣的模糊。 沒有任何興趣，更不用說是享受。 不在身邊的人也能感受到我的空虛 簡單的事也都變成了一個困難。 感覺自己在走路但是沒有方向，好像什麼都無法達成,，,O,O,O,O,O,O,19
886,沒有什麼特別的感受了，好像每天都是一樣的模糊。 沒有任何興趣，更不用說是享受。 不在身邊的人也能感受到我的空虛 簡單的事也都變成了一個困難。 感覺自己在走路但是沒有方向，好像什麼都無法達成,更,O,O,O,O,O,O,20
886,沒有什麼特別的感受了，好像每天都是一樣的模糊。 沒有任何興趣，更不用說是享受。 不在身邊的人也能感受到我的空虛 簡單的事也都變成了一個困難。 感覺自己在走路但是沒有方向，好像什麼都無法達成,不用,O,O,O,O,O,O,21
886,沒有什麼特別的感受了，好像每天都是一樣的模糊。 沒有任何興趣，更不用說是享受。 不在身邊的人也能感受到我的空虛 簡單的事也都變成了一個困難。 感覺自己在走路但是沒有方向，好像什麼都無法達成,說,O,O,O,O,O,O,22
886,沒有什麼特別的感受了，好像每天都是一樣的模糊。 沒有任何興趣，更不用說是享受。 不在身邊的人也能感受到我的空虛 簡單的事也都變成了一個困難。 感覺自己在走路但是沒有方向，好像什麼都無法達成,是,O,O,O,O,O,O,23
886,沒有什麼特別的感受了，好像每天都是一樣的模糊。 沒有任何興趣，更不用說是享受。 不在身邊的人也能感受到我的空虛 簡單的事也都變成了一個困難。 感覺自己在走路但是沒有方向，好像什麼都無法達成,享受,O,O,O,O,O,O,24
886,沒有什麼特別的感受了，好像每天都是一樣的模糊。 沒有任何興趣，更不用說是享受。 不在身邊的人也能感受到我的空虛 簡單的事也都變成了一個困難。 感覺自己在走路但是沒有方向，好像什麼都無法達成,。,O,O,O,O,O,O,25
886,沒有什麼特別的感受了，好像每天都是一樣的模糊。 沒有任何興趣，更不用說是享受。 不在身邊的人也能感受到我的空虛 簡單的事也都變成了一個困難。 感覺自己在走路但是沒有方向，好像什麼都無法達成,不,O,O,O,O,O,O,26
886,沒有什麼特別的感受了，好像每天都是一樣的模糊。 沒有任何興趣，更不用說是享受。 不在身邊的人也能感受到我的空虛 簡單的事也都變成了一個困難。 感覺自己在走路但是沒有方向，好像什麼都無法達成,在,O,O,O,O,O,O,27
886,沒有什麼特別的感受了，好像每天都是一樣的模糊。 沒有任何興趣，更不用說是享受。 不在身邊的人也能感受到我的空虛 簡單的事也都變成了一個困難。 感覺自己在走路但是沒有方向，好像什麼都無法達成,身邊,O,O,O,O,O,O,28
886,沒有什麼特別的感受了，好像每天都是一樣的模糊。 沒有任何興趣，更不用說是享受。 不在身邊的人也能感受到我的空虛 簡單的事也都變成了一個困難。 感覺自己在走路但是沒有方向，好像什麼都無法達成,的,O,O,O,O,O,O,29
886,沒有什麼特別的感受了，好像每天都是一樣的模糊。 沒有任何興趣，更不用說是享受。 不在身邊的人也能感受到我的空虛 簡單的事也都變成了一個困難。 感覺自己在走路但是沒有方向，好像什麼都無法達成,人,O,O,O,O,O,O,30
886,沒有什麼特別的感受了，好像每天都是一樣的模糊。 沒有任何興趣，更不用說是享受。 不在身邊的人也能感受到我的空虛 簡單的事也都變成了一個困難。 感覺自己在走路但是沒有方向，好像什麼都無法達成,也,O,O,O,O,O,O,31
886,沒有什麼特別的感受了，好像每天都是一樣的模糊。 沒有任何興趣，更不用說是享受。 不在身邊的人也能感受到我的空虛 簡單的事也都變成了一個困難。 感覺自己在走路但是沒有方向，好像什麼都無法達成,能,O,O,O,O,O,O,32
886,沒有什麼特別的感受了，好像每天都是一樣的模糊。 沒有任何興趣，更不用說是享受。 不在身邊的人也能感受到我的空虛 簡單的事也都變成了一個困難。 感覺自己在走路但是沒有方向，好像什麼都無法達成,感受到,O,O,O,O,O,O,33
886,沒有什麼特別的感受了，好像每天都是一樣的模糊。 沒有任何興趣，更不用說是享受。 不在身邊的人也能感受到我的空虛 簡單的事也都變成了一個困難。 感覺自己在走路但是沒有方向，好像什麼都無法達成,我,O,O,O,O,O,O,34
886,沒有什麼特別的感受了，好像每天都是一樣的模糊。 沒有任何興趣，更不用說是享受。 不在身邊的人也能感受到我的空虛 簡單的事也都變成了一個困難。 感覺自己在走路但是沒有方向，好像什麼都無法達成,的,O,O,O,O,S-D,O,35
886,沒有什麼特別的感受了，好像每天都是一樣的模糊。 沒有任何興趣，更不用說是享受。 不在身邊的人也能感受到我的空虛 簡單的事也都變成了一個困難。 感覺自己在走路但是沒有方向，好像什麼都無法達成,空虛,S-A,S-D,S-D,S-D,O,S-D,36
886,沒有什麼特別的感受了，好像每天都是一樣的模糊。 沒有任何興趣，更不用說是享受。 不在身邊的人也能感受到我的空虛 簡單的事也都變成了一個困難。 感覺自己在走路但是沒有方向，好像什麼都無法達成,簡單,O,O,O,O,O,O,37
886,沒有什麼特別的感受了，好像每天都是一樣的模糊。 沒有任何興趣，更不用說是享受。 不在身邊的人也能感受到我的空虛 簡單的事也都變成了一個困難。 感覺自己在走路但是沒有方向，好像什麼都無法達成,的,O,O,O,O,O,O,38
886,沒有什麼特別的感受了，好像每天都是一樣的模糊。 沒有任何興趣，更不用說是享受。 不在身邊的人也能感受到我的空虛 簡單的事也都變成了一個困難。 感覺自己在走路但是沒有方向，好像什麼都無法達成,事,O,O,O,O,O,O,39
886,沒有什麼特別的感受了，好像每天都是一樣的模糊。 沒有任何興趣，更不用說是享受。 不在身邊的人也能感受到我的空虛 簡單的事也都變成了一個困難。 感覺自己在走路但是沒有方向，好像什麼都無法達成,也,O,O,O,O,O,O,40
886,沒有什麼特別的感受了，好像每天都是一樣的模糊。 沒有任何興趣，更不用說是享受。 不在身邊的人也能感受到我的空虛 簡單的事也都變成了一個困難。 感覺自己在走路但是沒有方向，好像什麼都無法達成,都,O,O,O,O,O,O,41
886,沒有什麼特別的感受了，好像每天都是一樣的模糊。 沒有任何興趣，更不用說是享受。 不在身邊的人也能感受到我的空虛 簡單的事也都變成了一個困難。 感覺自己在走路但是沒有方向，好像什麼都無法達成,變成,O,O,O,O,O,O,42
886,沒有什麼特別的感受了，好像每天都是一樣的模糊。 沒有任何興趣，更不用說是享受。 不在身邊的人也能感受到我的空虛 簡單的事也都變成了一個困難。 感覺自己在走路但是沒有方向，好像什麼都無法達成,了,O,O,O,O,O,O,43
886,沒有什麼特別的感受了，好像每天都是一樣的模糊。 沒有任何興趣，更不用說是享受。 不在身邊的人也能感受到我的空虛 簡單的事也都變成了一個困難。 感覺自己在走路但是沒有方向，好像什麼都無法達成,一個,O,O,O,O,S-D,O,44
886,沒有什麼特別的感受了，好像每天都是一樣的模糊。 沒有任何興趣，更不用說是享受。 不在身邊的人也能感受到我的空虛 簡單的事也都變成了一個困難。 感覺自己在走路但是沒有方向，好像什麼都無法達成,困難,S-D,S-D,S-D,S-D,O,S-D,45
886,沒有什麼特別的感受了，好像每天都是一樣的模糊。 沒有任何興趣，更不用說是享受。 不在身邊的人也能感受到我的空虛 簡單的事也都變成了一個困難。 感覺自己在走路但是沒有方向，好像什麼都無法達成,。,O,O,O,O,O,O,46
886,沒有什麼特別的感受了，好像每天都是一樣的模糊。 沒有任何興趣，更不用說是享受。 不在身邊的人也能感受到我的空虛 簡單的事也都變成了一個困難。 感覺自己在走路但是沒有方向，好像什麼都無法達成,感覺,O,O,O,O,O,O,47
886,沒有什麼特別的感受了，好像每天都是一樣的模糊。 沒有任何興趣，更不用說是享受。 不在身邊的人也能感受到我的空虛 簡單的事也都變成了一個困難。 感覺自己在走路但是沒有方向，好像什麼都無法達成,自己,O,O,O,O,O,O,48
886,沒有什麼特別的感受了，好像每天都是一樣的模糊。 沒有任何興趣，更不用說是享受。 不在身邊的人也能感受到我的空虛 簡單的事也都變成了一個困難。 感覺自己在走路但是沒有方向，好像什麼都無法達成,在,O,O,O,O,O,O,49
886,沒有什麼特別的感受了，好像每天都是一樣的模糊。 沒有任何興趣，更不用說是享受。 不在身邊的人也能感受到我的空虛 簡單的事也都變成了一個困難。 感覺自己在走路但是沒有方向，好像什麼都無法達成,走路,O,O,O,O,O,O,50
886,沒有什麼特別的感受了，好像每天都是一樣的模糊。 沒有任何興趣，更不用說是享受。 不在身邊的人也能感受到我的空虛 簡單的事也都變成了一個困難。 感覺自己在走路但是沒有方向，好像什麼都無法達成,但是,O,O,O,O,O,O,51
886,沒有什麼特別的感受了，好像每天都是一樣的模糊。 沒有任何興趣，更不用說是享受。 不在身邊的人也能感受到我的空虛 簡單的事也都變成了一個困難。 感覺自己在走路但是沒有方向，好像什麼都無法達成,沒有,B-D,O,O,O,O,O,52
886,沒有什麼特別的感受了，好像每天都是一樣的模糊。 沒有任何興趣，更不用說是享受。 不在身邊的人也能感受到我的空虛 簡單的事也都變成了一個困難。 感覺自己在走路但是沒有方向，好像什麼都無法達成,方向,E-D,S-D,O,S-D,O,O,53
886,沒有什麼特別的感受了，好像每天都是一樣的模糊。 沒有任何興趣，更不用說是享受。 不在身邊的人也能感受到我的空虛 簡單的事也都變成了一個困難。 感覺自己在走路但是沒有方向，好像什麼都無法達成,，,O,O,O,O,O,O,54
886,沒有什麼特別的感受了，好像每天都是一樣的模糊。 沒有任何興趣，更不用說是享受。 不在身邊的人也能感受到我的空虛 簡單的事也都變成了一個困難。 感覺自己在走路但是沒有方向，好像什麼都無法達成,好像,O,O,O,O,O,O,55
886,沒有什麼特別的感受了，好像每天都是一樣的模糊。 沒有任何興趣，更不用說是享受。 不在身邊的人也能感受到我的空虛 簡單的事也都變成了一個困難。 感覺自己在走路但是沒有方向，好像什麼都無法達成,什麼,O,O,O,O,O,O,56
886,沒有什麼特別的感受了，好像每天都是一樣的模糊。 沒有任何興趣，更不用說是享受。 不在身邊的人也能感受到我的空虛 簡單的事也都變成了一個困難。 感覺自己在走路但是沒有方向，好像什麼都無法達成,都,O,O,O,O,B-D,O,57
886,沒有什麼特別的感受了，好像每天都是一樣的模糊。 沒有任何興趣，更不用說是享受。 不在身邊的人也能感受到我的空虛 簡單的事也都變成了一個困難。 感覺自己在走路但是沒有方向，好像什麼都無法達成,無法,B-W,B-D,B-D,O,E-D,B-D,58
886,沒有什麼特別的感受了，好像每天都是一樣的模糊。 沒有任何興趣，更不用說是享受。 不在身邊的人也能感受到我的空虛 簡單的事也都變成了一個困難。 感覺自己在走路但是沒有方向，好像什麼都無法達成,達成,E-W,E-D,E-D,S-D,O,E-D,59
886,沒有什麼特別的感受了，好像每天都是一樣的模糊。 沒有任何興趣，更不用說是享受。 不在身邊的人也能感受到我的空虛 簡單的事也都變成了一個困難。 感覺自己在走路但是沒有方向，好像什麼都無法達成,。,O,O,O,O,缺失預測,O,60
887,我感覺自己一直在被繼續掙扎著，我在這個世界裡找不到自己…我就覺得不不想活了 ，我想繼續這樣掙扎下去，總是被壓迫著，總是覺得自己不夠…,我,O,O,O,O,O,O,1
887,我感覺自己一直在被繼續掙扎著，我在這個世界裡找不到自己…我就覺得不不想活了 ，我想繼續這樣掙扎下去，總是被壓迫著，總是覺得自己不夠…,感覺,O,O,O,O,O,O,2
887,我感覺自己一直在被繼續掙扎著，我在這個世界裡找不到自己…我就覺得不不想活了 ，我想繼續這樣掙扎下去，總是被壓迫著，總是覺得自己不夠…,自己,O,O,O,O,O,O,3
887,我感覺自己一直在被繼續掙扎著，我在這個世界裡找不到自己…我就覺得不不想活了 ，我想繼續這樣掙扎下去，總是被壓迫著，總是覺得自己不夠…,一直,O,O,O,O,O,O,4
887,我感覺自己一直在被繼續掙扎著，我在這個世界裡找不到自己…我就覺得不不想活了 ，我想繼續這樣掙扎下去，總是被壓迫著，總是覺得自己不夠…,在,O,O,O,O,O,O,5
887,我感覺自己一直在被繼續掙扎著，我在這個世界裡找不到自己…我就覺得不不想活了 ，我想繼續這樣掙扎下去，總是被壓迫著，總是覺得自己不夠…,被,O,O,O,O,O,O,6
887,我感覺自己一直在被繼續掙扎著，我在這個世界裡找不到自己…我就覺得不不想活了 ，我想繼續這樣掙扎下去，總是被壓迫著，總是覺得自己不夠…,繼續,O,O,O,O,O,O,7
887,我感覺自己一直在被繼續掙扎著，我在這個世界裡找不到自己…我就覺得不不想活了 ，我想繼續這樣掙扎下去，總是被壓迫著，總是覺得自己不夠…,掙扎,S-D,O,O,O,O,S-D,8
887,我感覺自己一直在被繼續掙扎著，我在這個世界裡找不到自己…我就覺得不不想活了 ，我想繼續這樣掙扎下去，總是被壓迫著，總是覺得自己不夠…,著,O,O,O,O,O,O,9
887,我感覺自己一直在被繼續掙扎著，我在這個世界裡找不到自己…我就覺得不不想活了 ，我想繼續這樣掙扎下去，總是被壓迫著，總是覺得自己不夠…,，,O,O,O,O,O,O,10
887,我感覺自己一直在被繼續掙扎著，我在這個世界裡找不到自己…我就覺得不不想活了 ，我想繼續這樣掙扎下去，總是被壓迫著，總是覺得自己不夠…,我,O,O,O,O,O,O,11
887,我感覺自己一直在被繼續掙扎著，我在這個世界裡找不到自己…我就覺得不不想活了 ，我想繼續這樣掙扎下去，總是被壓迫著，總是覺得自己不夠…,在,O,O,O,O,O,O,12
887,我感覺自己一直在被繼續掙扎著，我在這個世界裡找不到自己…我就覺得不不想活了 ，我想繼續這樣掙扎下去，總是被壓迫著，總是覺得自己不夠…,這個,O,O,O,O,O,O,13
887,我感覺自己一直在被繼續掙扎著，我在這個世界裡找不到自己…我就覺得不不想活了 ，我想繼續這樣掙扎下去，總是被壓迫著，總是覺得自己不夠…,世界,O,O,O,O,O,O,14
887,我感覺自己一直在被繼續掙扎著，我在這個世界裡找不到自己…我就覺得不不想活了 ，我想繼續這樣掙扎下去，總是被壓迫著，總是覺得自己不夠…,裡,O,O,O,O,O,S-D,15
887,我感覺自己一直在被繼續掙扎著，我在這個世界裡找不到自己…我就覺得不不想活了 ，我想繼續這樣掙扎下去，總是被壓迫著，總是覺得自己不夠…,找不到,B-W,O,O,O,O,O,16
887,我感覺自己一直在被繼續掙扎著，我在這個世界裡找不到自己…我就覺得不不想活了 ，我想繼續這樣掙扎下去，總是被壓迫著，總是覺得自己不夠…,自己,E-W,O,O,O,O,O,17
887,我感覺自己一直在被繼續掙扎著，我在這個世界裡找不到自己…我就覺得不不想活了 ，我想繼續這樣掙扎下去，總是被壓迫著，總是覺得自己不夠…,…,O,O,O,O,O,O,18
887,我感覺自己一直在被繼續掙扎著，我在這個世界裡找不到自己…我就覺得不不想活了 ，我想繼續這樣掙扎下去，總是被壓迫著，總是覺得自己不夠…,我,O,O,O,O,O,O,19
887,我感覺自己一直在被繼續掙扎著，我在這個世界裡找不到自己…我就覺得不不想活了 ，我想繼續這樣掙扎下去，總是被壓迫著，總是覺得自己不夠…,就,O,O,O,O,O,O,20
887,我感覺自己一直在被繼續掙扎著，我在這個世界裡找不到自己…我就覺得不不想活了 ，我想繼續這樣掙扎下去，總是被壓迫著，總是覺得自己不夠…,覺得,O,O,O,O,O,O,21
887,我感覺自己一直在被繼續掙扎著，我在這個世界裡找不到自己…我就覺得不不想活了 ，我想繼續這樣掙扎下去，總是被壓迫著，總是覺得自己不夠…,不,O,O,O,O,O,O,22
887,我感覺自己一直在被繼續掙扎著，我在這個世界裡找不到自己…我就覺得不不想活了 ，我想繼續這樣掙扎下去，總是被壓迫著，總是覺得自己不夠…,不,B-U,O,O,O,O,O,23
887,我感覺自己一直在被繼續掙扎著，我在這個世界裡找不到自己…我就覺得不不想活了 ，我想繼續這樣掙扎下去，總是被壓迫著，總是覺得自己不夠…,想,M-U,O,O,O,O,S-U,24
887,我感覺自己一直在被繼續掙扎著，我在這個世界裡找不到自己…我就覺得不不想活了 ，我想繼續這樣掙扎下去，總是被壓迫著，總是覺得自己不夠…,活,E-U,O,O,O,O,O,25
887,我感覺自己一直在被繼續掙扎著，我在這個世界裡找不到自己…我就覺得不不想活了 ，我想繼續這樣掙扎下去，總是被壓迫著，總是覺得自己不夠…,了,O,O,O,O,O,O,26
887,我感覺自己一直在被繼續掙扎著，我在這個世界裡找不到自己…我就覺得不不想活了 ，我想繼續這樣掙扎下去，總是被壓迫著，總是覺得自己不夠…,，,O,O,O,O,O,O,27
887,我感覺自己一直在被繼續掙扎著，我在這個世界裡找不到自己…我就覺得不不想活了 ，我想繼續這樣掙扎下去，總是被壓迫著，總是覺得自己不夠…,我,O,O,O,O,O,O,28
887,我感覺自己一直在被繼續掙扎著，我在這個世界裡找不到自己…我就覺得不不想活了 ，我想繼續這樣掙扎下去，總是被壓迫著，總是覺得自己不夠…,想,O,O,O,O,O,O,29
887,我感覺自己一直在被繼續掙扎著，我在這個世界裡找不到自己…我就覺得不不想活了 ，我想繼續這樣掙扎下去，總是被壓迫著，總是覺得自己不夠…,繼續,O,O,O,O,O,O,30
887,我感覺自己一直在被繼續掙扎著，我在這個世界裡找不到自己…我就覺得不不想活了 ，我想繼續這樣掙扎下去，總是被壓迫著，總是覺得自己不夠…,這樣,O,O,O,O,O,O,31
887,我感覺自己一直在被繼續掙扎著，我在這個世界裡找不到自己…我就覺得不不想活了 ，我想繼續這樣掙扎下去，總是被壓迫著，總是覺得自己不夠…,掙扎,S-D,O,O,O,O,O,32
887,我感覺自己一直在被繼續掙扎著，我在這個世界裡找不到自己…我就覺得不不想活了 ，我想繼續這樣掙扎下去，總是被壓迫著，總是覺得自己不夠…,下去,O,O,O,O,O,O,33
887,我感覺自己一直在被繼續掙扎著，我在這個世界裡找不到自己…我就覺得不不想活了 ，我想繼續這樣掙扎下去，總是被壓迫著，總是覺得自己不夠…,，,O,O,O,O,O,O,34
887,我感覺自己一直在被繼續掙扎著，我在這個世界裡找不到自己…我就覺得不不想活了 ，我想繼續這樣掙扎下去，總是被壓迫著，總是覺得自己不夠…,總是,O,O,O,O,O,S-D,35
887,我感覺自己一直在被繼續掙扎著，我在這個世界裡找不到自己…我就覺得不不想活了 ，我想繼續這樣掙扎下去，總是被壓迫著，總是覺得自己不夠…,被,O,O,O,O,O,O,36
887,我感覺自己一直在被繼續掙扎著，我在這個世界裡找不到自己…我就覺得不不想活了 ，我想繼續這樣掙扎下去，總是被壓迫著，總是覺得自己不夠…,壓迫,S-D,O,O,O,O,O,37
887,我感覺自己一直在被繼續掙扎著，我在這個世界裡找不到自己…我就覺得不不想活了 ，我想繼續這樣掙扎下去，總是被壓迫著，總是覺得自己不夠…,著,O,O,O,O,O,O,38
887,我感覺自己一直在被繼續掙扎著，我在這個世界裡找不到自己…我就覺得不不想活了 ，我想繼續這樣掙扎下去，總是被壓迫著，總是覺得自己不夠…,，,O,O,O,O,O,O,39
887,我感覺自己一直在被繼續掙扎著，我在這個世界裡找不到自己…我就覺得不不想活了 ，我想繼續這樣掙扎下去，總是被壓迫著，總是覺得自己不夠…,總是,O,O,O,O,O,S-W,40
887,我感覺自己一直在被繼續掙扎著，我在這個世界裡找不到自己…我就覺得不不想活了 ，我想繼續這樣掙扎下去，總是被壓迫著，總是覺得自己不夠…,覺得,O,O,O,B-W,O,O,41
887,我感覺自己一直在被繼續掙扎著，我在這個世界裡找不到自己…我就覺得不不想活了 ，我想繼續這樣掙扎下去，總是被壓迫著，總是覺得自己不夠…,自己,B-W,O,O,E-W,O,缺失預測,42
887,我感覺自己一直在被繼續掙扎著，我在這個世界裡找不到自己…我就覺得不不想活了 ，我想繼續這樣掙扎下去，總是被壓迫著，總是覺得自己不夠…,不夠,E-W,B-W,O,缺失預測,O,缺失預測,43
887,我感覺自己一直在被繼續掙扎著，我在這個世界裡找不到自己…我就覺得不不想活了 ，我想繼續這樣掙扎下去，總是被壓迫著，總是覺得自己不夠…,…,O,E-W,缺失預測,缺失預測,O,缺失預測,44
888,《當你沒有興趣的時候，怎麼知道你需要休息？》 我們常常以為自己就是唯一的，也以為自己是唯一有責任的。如果這種自私感無法戒除，那我們就是會在工作和生活中失去興趣的。我是最近面對這種情況，我開始在日常的學業工作中過去了一個不清晰的時期，這與學業壓力有關，然後我就慢慢失去興趣。,《,O,O,O,O,O,O,1
888,《當你沒有興趣的時候，怎麼知道你需要休息？》 我們常常以為自己就是唯一的，也以為自己是唯一有責任的。如果這種自私感無法戒除，那我們就是會在工作和生活中失去興趣的。我是最近面對這種情況，我開始在日常的學業工作中過去了一個不清晰的時期，這與學業壓力有關，然後我就慢慢失去興趣。,當,O,O,O,O,O,O,2
888,《當你沒有興趣的時候，怎麼知道你需要休息？》 我們常常以為自己就是唯一的，也以為自己是唯一有責任的。如果這種自私感無法戒除，那我們就是會在工作和生活中失去興趣的。我是最近面對這種情況，我開始在日常的學業工作中過去了一個不清晰的時期，這與學業壓力有關，然後我就慢慢失去興趣。,你,O,O,O,O,O,O,3
888,《當你沒有興趣的時候，怎麼知道你需要休息？》 我們常常以為自己就是唯一的，也以為自己是唯一有責任的。如果這種自私感無法戒除，那我們就是會在工作和生活中失去興趣的。我是最近面對這種情況，我開始在日常的學業工作中過去了一個不清晰的時期，這與學業壓力有關，然後我就慢慢失去興趣。,沒有,O,O,O,O,O,O,4
888,《當你沒有興趣的時候，怎麼知道你需要休息？》 我們常常以為自己就是唯一的，也以為自己是唯一有責任的。如果這種自私感無法戒除，那我們就是會在工作和生活中失去興趣的。我是最近面對這種情況，我開始在日常的學業工作中過去了一個不清晰的時期，這與學業壓力有關，然後我就慢慢失去興趣。,興趣,O,O,O,O,O,O,5
888,《當你沒有興趣的時候，怎麼知道你需要休息？》 我們常常以為自己就是唯一的，也以為自己是唯一有責任的。如果這種自私感無法戒除，那我們就是會在工作和生活中失去興趣的。我是最近面對這種情況，我開始在日常的學業工作中過去了一個不清晰的時期，這與學業壓力有關，然後我就慢慢失去興趣。,的,O,O,O,O,O,O,6
888,《當你沒有興趣的時候，怎麼知道你需要休息？》 我們常常以為自己就是唯一的，也以為自己是唯一有責任的。如果這種自私感無法戒除，那我們就是會在工作和生活中失去興趣的。我是最近面對這種情況，我開始在日常的學業工作中過去了一個不清晰的時期，這與學業壓力有關，然後我就慢慢失去興趣。,時候,O,O,O,O,O,O,7
888,《當你沒有興趣的時候，怎麼知道你需要休息？》 我們常常以為自己就是唯一的，也以為自己是唯一有責任的。如果這種自私感無法戒除，那我們就是會在工作和生活中失去興趣的。我是最近面對這種情況，我開始在日常的學業工作中過去了一個不清晰的時期，這與學業壓力有關，然後我就慢慢失去興趣。,，,O,O,O,O,O,O,8
888,《當你沒有興趣的時候，怎麼知道你需要休息？》 我們常常以為自己就是唯一的，也以為自己是唯一有責任的。如果這種自私感無法戒除，那我們就是會在工作和生活中失去興趣的。我是最近面對這種情況，我開始在日常的學業工作中過去了一個不清晰的時期，這與學業壓力有關，然後我就慢慢失去興趣。,怎麼,O,O,O,O,O,O,9
888,《當你沒有興趣的時候，怎麼知道你需要休息？》 我們常常以為自己就是唯一的，也以為自己是唯一有責任的。如果這種自私感無法戒除，那我們就是會在工作和生活中失去興趣的。我是最近面對這種情況，我開始在日常的學業工作中過去了一個不清晰的時期，這與學業壓力有關，然後我就慢慢失去興趣。,知道,O,O,O,O,O,O,10
888,《當你沒有興趣的時候，怎麼知道你需要休息？》 我們常常以為自己就是唯一的，也以為自己是唯一有責任的。如果這種自私感無法戒除，那我們就是會在工作和生活中失去興趣的。我是最近面對這種情況，我開始在日常的學業工作中過去了一個不清晰的時期，這與學業壓力有關，然後我就慢慢失去興趣。,你,O,O,O,O,O,O,11
888,《當你沒有興趣的時候，怎麼知道你需要休息？》 我們常常以為自己就是唯一的，也以為自己是唯一有責任的。如果這種自私感無法戒除，那我們就是會在工作和生活中失去興趣的。我是最近面對這種情況，我開始在日常的學業工作中過去了一個不清晰的時期，這與學業壓力有關，然後我就慢慢失去興趣。,需要,O,O,O,O,O,O,12
888,《當你沒有興趣的時候，怎麼知道你需要休息？》 我們常常以為自己就是唯一的，也以為自己是唯一有責任的。如果這種自私感無法戒除，那我們就是會在工作和生活中失去興趣的。我是最近面對這種情況，我開始在日常的學業工作中過去了一個不清晰的時期，這與學業壓力有關，然後我就慢慢失去興趣。,休息,O,O,O,O,O,O,13
888,《當你沒有興趣的時候，怎麼知道你需要休息？》 我們常常以為自己就是唯一的，也以為自己是唯一有責任的。如果這種自私感無法戒除，那我們就是會在工作和生活中失去興趣的。我是最近面對這種情況，我開始在日常的學業工作中過去了一個不清晰的時期，這與學業壓力有關，然後我就慢慢失去興趣。,？,O,O,O,O,O,O,14
888,《當你沒有興趣的時候，怎麼知道你需要休息？》 我們常常以為自己就是唯一的，也以為自己是唯一有責任的。如果這種自私感無法戒除，那我們就是會在工作和生活中失去興趣的。我是最近面對這種情況，我開始在日常的學業工作中過去了一個不清晰的時期，這與學業壓力有關，然後我就慢慢失去興趣。,我們,O,O,O,O,O,O,15
888,《當你沒有興趣的時候，怎麼知道你需要休息？》 我們常常以為自己就是唯一的，也以為自己是唯一有責任的。如果這種自私感無法戒除，那我們就是會在工作和生活中失去興趣的。我是最近面對這種情況，我開始在日常的學業工作中過去了一個不清晰的時期，這與學業壓力有關，然後我就慢慢失去興趣。,常常,O,O,O,O,O,O,16
888,《當你沒有興趣的時候，怎麼知道你需要休息？》 我們常常以為自己就是唯一的，也以為自己是唯一有責任的。如果這種自私感無法戒除，那我們就是會在工作和生活中失去興趣的。我是最近面對這種情況，我開始在日常的學業工作中過去了一個不清晰的時期，這與學業壓力有關，然後我就慢慢失去興趣。,以為,O,O,O,O,O,O,17
888,《當你沒有興趣的時候，怎麼知道你需要休息？》 我們常常以為自己就是唯一的，也以為自己是唯一有責任的。如果這種自私感無法戒除，那我們就是會在工作和生活中失去興趣的。我是最近面對這種情況，我開始在日常的學業工作中過去了一個不清晰的時期，這與學業壓力有關，然後我就慢慢失去興趣。,自己,O,O,O,O,O,O,18
888,《當你沒有興趣的時候，怎麼知道你需要休息？》 我們常常以為自己就是唯一的，也以為自己是唯一有責任的。如果這種自私感無法戒除，那我們就是會在工作和生活中失去興趣的。我是最近面對這種情況，我開始在日常的學業工作中過去了一個不清晰的時期，這與學業壓力有關，然後我就慢慢失去興趣。,就是,O,O,O,O,O,O,19
888,《當你沒有興趣的時候，怎麼知道你需要休息？》 我們常常以為自己就是唯一的，也以為自己是唯一有責任的。如果這種自私感無法戒除，那我們就是會在工作和生活中失去興趣的。我是最近面對這種情況，我開始在日常的學業工作中過去了一個不清晰的時期，這與學業壓力有關，然後我就慢慢失去興趣。,唯一,O,O,O,O,O,O,20
888,《當你沒有興趣的時候，怎麼知道你需要休息？》 我們常常以為自己就是唯一的，也以為自己是唯一有責任的。如果這種自私感無法戒除，那我們就是會在工作和生活中失去興趣的。我是最近面對這種情況，我開始在日常的學業工作中過去了一個不清晰的時期，這與學業壓力有關，然後我就慢慢失去興趣。,的,O,O,O,O,O,O,21
888,《當你沒有興趣的時候，怎麼知道你需要休息？》 我們常常以為自己就是唯一的，也以為自己是唯一有責任的。如果這種自私感無法戒除，那我們就是會在工作和生活中失去興趣的。我是最近面對這種情況，我開始在日常的學業工作中過去了一個不清晰的時期，這與學業壓力有關，然後我就慢慢失去興趣。,，,O,O,O,O,O,O,22
888,《當你沒有興趣的時候，怎麼知道你需要休息？》 我們常常以為自己就是唯一的，也以為自己是唯一有責任的。如果這種自私感無法戒除，那我們就是會在工作和生活中失去興趣的。我是最近面對這種情況，我開始在日常的學業工作中過去了一個不清晰的時期，這與學業壓力有關，然後我就慢慢失去興趣。,也,O,O,O,O,O,O,23
888,《當你沒有興趣的時候，怎麼知道你需要休息？》 我們常常以為自己就是唯一的，也以為自己是唯一有責任的。如果這種自私感無法戒除，那我們就是會在工作和生活中失去興趣的。我是最近面對這種情況，我開始在日常的學業工作中過去了一個不清晰的時期，這與學業壓力有關，然後我就慢慢失去興趣。,以為,O,O,O,O,O,O,24
888,《當你沒有興趣的時候，怎麼知道你需要休息？》 我們常常以為自己就是唯一的，也以為自己是唯一有責任的。如果這種自私感無法戒除，那我們就是會在工作和生活中失去興趣的。我是最近面對這種情況，我開始在日常的學業工作中過去了一個不清晰的時期，這與學業壓力有關，然後我就慢慢失去興趣。,自己,O,O,O,O,O,O,25
888,《當你沒有興趣的時候，怎麼知道你需要休息？》 我們常常以為自己就是唯一的，也以為自己是唯一有責任的。如果這種自私感無法戒除，那我們就是會在工作和生活中失去興趣的。我是最近面對這種情況，我開始在日常的學業工作中過去了一個不清晰的時期，這與學業壓力有關，然後我就慢慢失去興趣。,是,O,O,O,O,O,O,26
888,《當你沒有興趣的時候，怎麼知道你需要休息？》 我們常常以為自己就是唯一的，也以為自己是唯一有責任的。如果這種自私感無法戒除，那我們就是會在工作和生活中失去興趣的。我是最近面對這種情況，我開始在日常的學業工作中過去了一個不清晰的時期，這與學業壓力有關，然後我就慢慢失去興趣。,唯一,O,O,O,O,O,O,27
888,《當你沒有興趣的時候，怎麼知道你需要休息？》 我們常常以為自己就是唯一的，也以為自己是唯一有責任的。如果這種自私感無法戒除，那我們就是會在工作和生活中失去興趣的。我是最近面對這種情況，我開始在日常的學業工作中過去了一個不清晰的時期，這與學業壓力有關，然後我就慢慢失去興趣。,有,O,O,O,O,O,O,28
888,《當你沒有興趣的時候，怎麼知道你需要休息？》 我們常常以為自己就是唯一的，也以為自己是唯一有責任的。如果這種自私感無法戒除，那我們就是會在工作和生活中失去興趣的。我是最近面對這種情況，我開始在日常的學業工作中過去了一個不清晰的時期，這與學業壓力有關，然後我就慢慢失去興趣。,責任,O,O,O,O,O,O,29
888,《當你沒有興趣的時候，怎麼知道你需要休息？》 我們常常以為自己就是唯一的，也以為自己是唯一有責任的。如果這種自私感無法戒除，那我們就是會在工作和生活中失去興趣的。我是最近面對這種情況，我開始在日常的學業工作中過去了一個不清晰的時期，這與學業壓力有關，然後我就慢慢失去興趣。,的,O,O,O,O,O,O,30
888,《當你沒有興趣的時候，怎麼知道你需要休息？》 我們常常以為自己就是唯一的，也以為自己是唯一有責任的。如果這種自私感無法戒除，那我們就是會在工作和生活中失去興趣的。我是最近面對這種情況，我開始在日常的學業工作中過去了一個不清晰的時期，這與學業壓力有關，然後我就慢慢失去興趣。,。,O,O,O,O,O,O,31
888,《當你沒有興趣的時候，怎麼知道你需要休息？》 我們常常以為自己就是唯一的，也以為自己是唯一有責任的。如果這種自私感無法戒除，那我們就是會在工作和生活中失去興趣的。我是最近面對這種情況，我開始在日常的學業工作中過去了一個不清晰的時期，這與學業壓力有關，然後我就慢慢失去興趣。,如果,O,O,O,O,O,O,32
888,《當你沒有興趣的時候，怎麼知道你需要休息？》 我們常常以為自己就是唯一的，也以為自己是唯一有責任的。如果這種自私感無法戒除，那我們就是會在工作和生活中失去興趣的。我是最近面對這種情況，我開始在日常的學業工作中過去了一個不清晰的時期，這與學業壓力有關，然後我就慢慢失去興趣。,這種,O,O,O,O,O,O,33
888,《當你沒有興趣的時候，怎麼知道你需要休息？》 我們常常以為自己就是唯一的，也以為自己是唯一有責任的。如果這種自私感無法戒除，那我們就是會在工作和生活中失去興趣的。我是最近面對這種情況，我開始在日常的學業工作中過去了一個不清晰的時期，這與學業壓力有關，然後我就慢慢失去興趣。,自私感,O,O,O,O,O,O,34
888,《當你沒有興趣的時候，怎麼知道你需要休息？》 我們常常以為自己就是唯一的，也以為自己是唯一有責任的。如果這種自私感無法戒除，那我們就是會在工作和生活中失去興趣的。我是最近面對這種情況，我開始在日常的學業工作中過去了一個不清晰的時期，這與學業壓力有關，然後我就慢慢失去興趣。,無法,O,O,O,O,O,O,35
888,《當你沒有興趣的時候，怎麼知道你需要休息？》 我們常常以為自己就是唯一的，也以為自己是唯一有責任的。如果這種自私感無法戒除，那我們就是會在工作和生活中失去興趣的。我是最近面對這種情況，我開始在日常的學業工作中過去了一個不清晰的時期，這與學業壓力有關，然後我就慢慢失去興趣。,戒除,O,O,O,O,O,O,36
888,《當你沒有興趣的時候，怎麼知道你需要休息？》 我們常常以為自己就是唯一的，也以為自己是唯一有責任的。如果這種自私感無法戒除，那我們就是會在工作和生活中失去興趣的。我是最近面對這種情況，我開始在日常的學業工作中過去了一個不清晰的時期，這與學業壓力有關，然後我就慢慢失去興趣。,，,O,O,O,O,O,O,37
888,《當你沒有興趣的時候，怎麼知道你需要休息？》 我們常常以為自己就是唯一的，也以為自己是唯一有責任的。如果這種自私感無法戒除，那我們就是會在工作和生活中失去興趣的。我是最近面對這種情況，我開始在日常的學業工作中過去了一個不清晰的時期，這與學業壓力有關，然後我就慢慢失去興趣。,那,O,O,O,O,O,O,38
888,《當你沒有興趣的時候，怎麼知道你需要休息？》 我們常常以為自己就是唯一的，也以為自己是唯一有責任的。如果這種自私感無法戒除，那我們就是會在工作和生活中失去興趣的。我是最近面對這種情況，我開始在日常的學業工作中過去了一個不清晰的時期，這與學業壓力有關，然後我就慢慢失去興趣。,我們,O,O,O,O,O,O,39
888,《當你沒有興趣的時候，怎麼知道你需要休息？》 我們常常以為自己就是唯一的，也以為自己是唯一有責任的。如果這種自私感無法戒除，那我們就是會在工作和生活中失去興趣的。我是最近面對這種情況，我開始在日常的學業工作中過去了一個不清晰的時期，這與學業壓力有關，然後我就慢慢失去興趣。,就是,O,O,O,O,O,O,40
888,《當你沒有興趣的時候，怎麼知道你需要休息？》 我們常常以為自己就是唯一的，也以為自己是唯一有責任的。如果這種自私感無法戒除，那我們就是會在工作和生活中失去興趣的。我是最近面對這種情況，我開始在日常的學業工作中過去了一個不清晰的時期，這與學業壓力有關，然後我就慢慢失去興趣。,會,O,O,O,O,O,O,41
888,《當你沒有興趣的時候，怎麼知道你需要休息？》 我們常常以為自己就是唯一的，也以為自己是唯一有責任的。如果這種自私感無法戒除，那我們就是會在工作和生活中失去興趣的。我是最近面對這種情況，我開始在日常的學業工作中過去了一個不清晰的時期，這與學業壓力有關，然後我就慢慢失去興趣。,在,O,O,O,O,O,O,42
888,《當你沒有興趣的時候，怎麼知道你需要休息？》 我們常常以為自己就是唯一的，也以為自己是唯一有責任的。如果這種自私感無法戒除，那我們就是會在工作和生活中失去興趣的。我是最近面對這種情況，我開始在日常的學業工作中過去了一個不清晰的時期，這與學業壓力有關，然後我就慢慢失去興趣。,工作,O,O,O,O,O,O,43
888,《當你沒有興趣的時候，怎麼知道你需要休息？》 我們常常以為自己就是唯一的，也以為自己是唯一有責任的。如果這種自私感無法戒除，那我們就是會在工作和生活中失去興趣的。我是最近面對這種情況，我開始在日常的學業工作中過去了一個不清晰的時期，這與學業壓力有關，然後我就慢慢失去興趣。,和,O,O,O,O,O,O,44
888,《當你沒有興趣的時候，怎麼知道你需要休息？》 我們常常以為自己就是唯一的，也以為自己是唯一有責任的。如果這種自私感無法戒除，那我們就是會在工作和生活中失去興趣的。我是最近面對這種情況，我開始在日常的學業工作中過去了一個不清晰的時期，這與學業壓力有關，然後我就慢慢失去興趣。,生活,O,O,O,O,O,O,45
888,《當你沒有興趣的時候，怎麼知道你需要休息？》 我們常常以為自己就是唯一的，也以為自己是唯一有責任的。如果這種自私感無法戒除，那我們就是會在工作和生活中失去興趣的。我是最近面對這種情況，我開始在日常的學業工作中過去了一個不清晰的時期，這與學業壓力有關，然後我就慢慢失去興趣。,中,O,O,O,O,O,O,46
888,《當你沒有興趣的時候，怎麼知道你需要休息？》 我們常常以為自己就是唯一的，也以為自己是唯一有責任的。如果這種自私感無法戒除，那我們就是會在工作和生活中失去興趣的。我是最近面對這種情況，我開始在日常的學業工作中過去了一個不清晰的時期，這與學業壓力有關，然後我就慢慢失去興趣。,失去,B-A,O,O,O,O,O,47
888,《當你沒有興趣的時候，怎麼知道你需要休息？》 我們常常以為自己就是唯一的，也以為自己是唯一有責任的。如果這種自私感無法戒除，那我們就是會在工作和生活中失去興趣的。我是最近面對這種情況，我開始在日常的學業工作中過去了一個不清晰的時期，這與學業壓力有關，然後我就慢慢失去興趣。,興趣,E-A,O,O,O,O,O,48
888,《當你沒有興趣的時候，怎麼知道你需要休息？》 我們常常以為自己就是唯一的，也以為自己是唯一有責任的。如果這種自私感無法戒除，那我們就是會在工作和生活中失去興趣的。我是最近面對這種情況，我開始在日常的學業工作中過去了一個不清晰的時期，這與學業壓力有關，然後我就慢慢失去興趣。,的,O,O,O,O,O,O,49
888,《當你沒有興趣的時候，怎麼知道你需要休息？》 我們常常以為自己就是唯一的，也以為自己是唯一有責任的。如果這種自私感無法戒除，那我們就是會在工作和生活中失去興趣的。我是最近面對這種情況，我開始在日常的學業工作中過去了一個不清晰的時期，這與學業壓力有關，然後我就慢慢失去興趣。,。,O,O,O,O,O,O,50
888,《當你沒有興趣的時候，怎麼知道你需要休息？》 我們常常以為自己就是唯一的，也以為自己是唯一有責任的。如果這種自私感無法戒除，那我們就是會在工作和生活中失去興趣的。我是最近面對這種情況，我開始在日常的學業工作中過去了一個不清晰的時期，這與學業壓力有關，然後我就慢慢失去興趣。,我,O,O,O,O,O,O,51
888,《當你沒有興趣的時候，怎麼知道你需要休息？》 我們常常以為自己就是唯一的，也以為自己是唯一有責任的。如果這種自私感無法戒除，那我們就是會在工作和生活中失去興趣的。我是最近面對這種情況，我開始在日常的學業工作中過去了一個不清晰的時期，這與學業壓力有關，然後我就慢慢失去興趣。,是,O,O,O,O,O,O,52
888,《當你沒有興趣的時候，怎麼知道你需要休息？》 我們常常以為自己就是唯一的，也以為自己是唯一有責任的。如果這種自私感無法戒除，那我們就是會在工作和生活中失去興趣的。我是最近面對這種情況，我開始在日常的學業工作中過去了一個不清晰的時期，這與學業壓力有關，然後我就慢慢失去興趣。,最近,O,O,O,O,O,O,53
888,《當你沒有興趣的時候，怎麼知道你需要休息？》 我們常常以為自己就是唯一的，也以為自己是唯一有責任的。如果這種自私感無法戒除，那我們就是會在工作和生活中失去興趣的。我是最近面對這種情況，我開始在日常的學業工作中過去了一個不清晰的時期，這與學業壓力有關，然後我就慢慢失去興趣。,面對,O,O,O,O,O,O,54
888,《當你沒有興趣的時候，怎麼知道你需要休息？》 我們常常以為自己就是唯一的，也以為自己是唯一有責任的。如果這種自私感無法戒除，那我們就是會在工作和生活中失去興趣的。我是最近面對這種情況，我開始在日常的學業工作中過去了一個不清晰的時期，這與學業壓力有關，然後我就慢慢失去興趣。,這種,O,O,O,O,O,O,55
888,《當你沒有興趣的時候，怎麼知道你需要休息？》 我們常常以為自己就是唯一的，也以為自己是唯一有責任的。如果這種自私感無法戒除，那我們就是會在工作和生活中失去興趣的。我是最近面對這種情況，我開始在日常的學業工作中過去了一個不清晰的時期，這與學業壓力有關，然後我就慢慢失去興趣。,情況,O,O,O,O,O,O,56
888,《當你沒有興趣的時候，怎麼知道你需要休息？》 我們常常以為自己就是唯一的，也以為自己是唯一有責任的。如果這種自私感無法戒除，那我們就是會在工作和生活中失去興趣的。我是最近面對這種情況，我開始在日常的學業工作中過去了一個不清晰的時期，這與學業壓力有關，然後我就慢慢失去興趣。,，,O,O,O,O,O,O,57
888,《當你沒有興趣的時候，怎麼知道你需要休息？》 我們常常以為自己就是唯一的，也以為自己是唯一有責任的。如果這種自私感無法戒除，那我們就是會在工作和生活中失去興趣的。我是最近面對這種情況，我開始在日常的學業工作中過去了一個不清晰的時期，這與學業壓力有關，然後我就慢慢失去興趣。,我,O,O,O,O,O,O,58
888,《當你沒有興趣的時候，怎麼知道你需要休息？》 我們常常以為自己就是唯一的，也以為自己是唯一有責任的。如果這種自私感無法戒除，那我們就是會在工作和生活中失去興趣的。我是最近面對這種情況，我開始在日常的學業工作中過去了一個不清晰的時期，這與學業壓力有關，然後我就慢慢失去興趣。,開始,O,O,O,O,O,O,59
888,《當你沒有興趣的時候，怎麼知道你需要休息？》 我們常常以為自己就是唯一的，也以為自己是唯一有責任的。如果這種自私感無法戒除，那我們就是會在工作和生活中失去興趣的。我是最近面對這種情況，我開始在日常的學業工作中過去了一個不清晰的時期，這與學業壓力有關，然後我就慢慢失去興趣。,在,O,O,O,O,O,O,60
888,《當你沒有興趣的時候，怎麼知道你需要休息？》 我們常常以為自己就是唯一的，也以為自己是唯一有責任的。如果這種自私感無法戒除，那我們就是會在工作和生活中失去興趣的。我是最近面對這種情況，我開始在日常的學業工作中過去了一個不清晰的時期，這與學業壓力有關，然後我就慢慢失去興趣。,日常,O,O,O,O,O,O,61
888,《當你沒有興趣的時候，怎麼知道你需要休息？》 我們常常以為自己就是唯一的，也以為自己是唯一有責任的。如果這種自私感無法戒除，那我們就是會在工作和生活中失去興趣的。我是最近面對這種情況，我開始在日常的學業工作中過去了一個不清晰的時期，這與學業壓力有關，然後我就慢慢失去興趣。,的,O,O,O,O,O,O,62
888,《當你沒有興趣的時候，怎麼知道你需要休息？》 我們常常以為自己就是唯一的，也以為自己是唯一有責任的。如果這種自私感無法戒除，那我們就是會在工作和生活中失去興趣的。我是最近面對這種情況，我開始在日常的學業工作中過去了一個不清晰的時期，這與學業壓力有關，然後我就慢慢失去興趣。,學業,O,O,O,O,O,O,63
888,《當你沒有興趣的時候，怎麼知道你需要休息？》 我們常常以為自己就是唯一的，也以為自己是唯一有責任的。如果這種自私感無法戒除，那我們就是會在工作和生活中失去興趣的。我是最近面對這種情況，我開始在日常的學業工作中過去了一個不清晰的時期，這與學業壓力有關，然後我就慢慢失去興趣。,工作,O,O,O,O,O,O,64
888,《當你沒有興趣的時候，怎麼知道你需要休息？》 我們常常以為自己就是唯一的，也以為自己是唯一有責任的。如果這種自私感無法戒除，那我們就是會在工作和生活中失去興趣的。我是最近面對這種情況，我開始在日常的學業工作中過去了一個不清晰的時期，這與學業壓力有關，然後我就慢慢失去興趣。,中,O,O,O,O,O,O,65
888,《當你沒有興趣的時候，怎麼知道你需要休息？》 我們常常以為自己就是唯一的，也以為自己是唯一有責任的。如果這種自私感無法戒除，那我們就是會在工作和生活中失去興趣的。我是最近面對這種情況，我開始在日常的學業工作中過去了一個不清晰的時期，這與學業壓力有關，然後我就慢慢失去興趣。,過去,O,O,O,O,O,O,66
888,《當你沒有興趣的時候，怎麼知道你需要休息？》 我們常常以為自己就是唯一的，也以為自己是唯一有責任的。如果這種自私感無法戒除，那我們就是會在工作和生活中失去興趣的。我是最近面對這種情況，我開始在日常的學業工作中過去了一個不清晰的時期，這與學業壓力有關，然後我就慢慢失去興趣。,了,O,O,O,O,O,O,67
888,《當你沒有興趣的時候，怎麼知道你需要休息？》 我們常常以為自己就是唯一的，也以為自己是唯一有責任的。如果這種自私感無法戒除，那我們就是會在工作和生活中失去興趣的。我是最近面對這種情況，我開始在日常的學業工作中過去了一個不清晰的時期，這與學業壓力有關，然後我就慢慢失去興趣。,一個,O,O,O,O,O,O,68
888,《當你沒有興趣的時候，怎麼知道你需要休息？》 我們常常以為自己就是唯一的，也以為自己是唯一有責任的。如果這種自私感無法戒除，那我們就是會在工作和生活中失去興趣的。我是最近面對這種情況，我開始在日常的學業工作中過去了一個不清晰的時期，這與學業壓力有關，然後我就慢慢失去興趣。,不,O,O,O,O,O,O,69
888,《當你沒有興趣的時候，怎麼知道你需要休息？》 我們常常以為自己就是唯一的，也以為自己是唯一有責任的。如果這種自私感無法戒除，那我們就是會在工作和生活中失去興趣的。我是最近面對這種情況，我開始在日常的學業工作中過去了一個不清晰的時期，這與學業壓力有關，然後我就慢慢失去興趣。,清晰,O,O,O,O,O,O,70
888,《當你沒有興趣的時候，怎麼知道你需要休息？》 我們常常以為自己就是唯一的，也以為自己是唯一有責任的。如果這種自私感無法戒除，那我們就是會在工作和生活中失去興趣的。我是最近面對這種情況，我開始在日常的學業工作中過去了一個不清晰的時期，這與學業壓力有關，然後我就慢慢失去興趣。,的,O,O,O,O,O,O,71
888,《當你沒有興趣的時候，怎麼知道你需要休息？》 我們常常以為自己就是唯一的，也以為自己是唯一有責任的。如果這種自私感無法戒除，那我們就是會在工作和生活中失去興趣的。我是最近面對這種情況，我開始在日常的學業工作中過去了一個不清晰的時期，這與學業壓力有關，然後我就慢慢失去興趣。,時期,O,O,O,O,O,O,72
888,《當你沒有興趣的時候，怎麼知道你需要休息？》 我們常常以為自己就是唯一的，也以為自己是唯一有責任的。如果這種自私感無法戒除，那我們就是會在工作和生活中失去興趣的。我是最近面對這種情況，我開始在日常的學業工作中過去了一個不清晰的時期，這與學業壓力有關，然後我就慢慢失去興趣。,，,O,O,O,O,O,O,73
888,《當你沒有興趣的時候，怎麼知道你需要休息？》 我們常常以為自己就是唯一的，也以為自己是唯一有責任的。如果這種自私感無法戒除，那我們就是會在工作和生活中失去興趣的。我是最近面對這種情況，我開始在日常的學業工作中過去了一個不清晰的時期，這與學業壓力有關，然後我就慢慢失去興趣。,這,O,O,O,O,O,O,74
888,《當你沒有興趣的時候，怎麼知道你需要休息？》 我們常常以為自己就是唯一的，也以為自己是唯一有責任的。如果這種自私感無法戒除，那我們就是會在工作和生活中失去興趣的。我是最近面對這種情況，我開始在日常的學業工作中過去了一個不清晰的時期，這與學業壓力有關，然後我就慢慢失去興趣。,與,O,O,O,O,O,O,75
888,《當你沒有興趣的時候，怎麼知道你需要休息？》 我們常常以為自己就是唯一的，也以為自己是唯一有責任的。如果這種自私感無法戒除，那我們就是會在工作和生活中失去興趣的。我是最近面對這種情況，我開始在日常的學業工作中過去了一個不清晰的時期，這與學業壓力有關，然後我就慢慢失去興趣。,學業,O,O,O,O,O,O,76
888,《當你沒有興趣的時候，怎麼知道你需要休息？》 我們常常以為自己就是唯一的，也以為自己是唯一有責任的。如果這種自私感無法戒除，那我們就是會在工作和生活中失去興趣的。我是最近面對這種情況，我開始在日常的學業工作中過去了一個不清晰的時期，這與學業壓力有關，然後我就慢慢失去興趣。,壓力,O,O,O,O,O,O,77
888,《當你沒有興趣的時候，怎麼知道你需要休息？》 我們常常以為自己就是唯一的，也以為自己是唯一有責任的。如果這種自私感無法戒除，那我們就是會在工作和生活中失去興趣的。我是最近面對這種情況，我開始在日常的學業工作中過去了一個不清晰的時期，這與學業壓力有關，然後我就慢慢失去興趣。,有,O,O,O,O,O,O,78
888,《當你沒有興趣的時候，怎麼知道你需要休息？》 我們常常以為自己就是唯一的，也以為自己是唯一有責任的。如果這種自私感無法戒除，那我們就是會在工作和生活中失去興趣的。我是最近面對這種情況，我開始在日常的學業工作中過去了一個不清晰的時期，這與學業壓力有關，然後我就慢慢失去興趣。,關,O,O,O,O,O,O,79
888,《當你沒有興趣的時候，怎麼知道你需要休息？》 我們常常以為自己就是唯一的，也以為自己是唯一有責任的。如果這種自私感無法戒除，那我們就是會在工作和生活中失去興趣的。我是最近面對這種情況，我開始在日常的學業工作中過去了一個不清晰的時期，這與學業壓力有關，然後我就慢慢失去興趣。,，,O,O,O,O,O,O,80
888,《當你沒有興趣的時候，怎麼知道你需要休息？》 我們常常以為自己就是唯一的，也以為自己是唯一有責任的。如果這種自私感無法戒除，那我們就是會在工作和生活中失去興趣的。我是最近面對這種情況，我開始在日常的學業工作中過去了一個不清晰的時期，這與學業壓力有關，然後我就慢慢失去興趣。,然後,O,O,O,O,O,O,81
888,《當你沒有興趣的時候，怎麼知道你需要休息？》 我們常常以為自己就是唯一的，也以為自己是唯一有責任的。如果這種自私感無法戒除，那我們就是會在工作和生活中失去興趣的。我是最近面對這種情況，我開始在日常的學業工作中過去了一個不清晰的時期，這與學業壓力有關，然後我就慢慢失去興趣。,我,O,O,O,O,O,O,82
888,《當你沒有興趣的時候，怎麼知道你需要休息？》 我們常常以為自己就是唯一的，也以為自己是唯一有責任的。如果這種自私感無法戒除，那我們就是會在工作和生活中失去興趣的。我是最近面對這種情況，我開始在日常的學業工作中過去了一個不清晰的時期，這與學業壓力有關，然後我就慢慢失去興趣。,就,O,O,O,O,O,O,83
888,《當你沒有興趣的時候，怎麼知道你需要休息？》 我們常常以為自己就是唯一的，也以為自己是唯一有責任的。如果這種自私感無法戒除，那我們就是會在工作和生活中失去興趣的。我是最近面對這種情況，我開始在日常的學業工作中過去了一個不清晰的時期，這與學業壓力有關，然後我就慢慢失去興趣。,慢慢,O,O,O,O,O,O,84
888,《當你沒有興趣的時候，怎麼知道你需要休息？》 我們常常以為自己就是唯一的，也以為自己是唯一有責任的。如果這種自私感無法戒除，那我們就是會在工作和生活中失去興趣的。我是最近面對這種情況，我開始在日常的學業工作中過去了一個不清晰的時期，這與學業壓力有關，然後我就慢慢失去興趣。,失去,B-A,O,O,O,O,O,85
888,《當你沒有興趣的時候，怎麼知道你需要休息？》 我們常常以為自己就是唯一的，也以為自己是唯一有責任的。如果這種自私感無法戒除，那我們就是會在工作和生活中失去興趣的。我是最近面對這種情況，我開始在日常的學業工作中過去了一個不清晰的時期，這與學業壓力有關，然後我就慢慢失去興趣。,興趣,E-A,O,O,O,O,O,86
888,《當你沒有興趣的時候，怎麼知道你需要休息？》 我們常常以為自己就是唯一的，也以為自己是唯一有責任的。如果這種自私感無法戒除，那我們就是會在工作和生活中失去興趣的。我是最近面對這種情況，我開始在日常的學業工作中過去了一個不清晰的時期，這與學業壓力有關，然後我就慢慢失去興趣。,。,O,O,O,O,O,O,87
889,我昨天晚上一直覺得無法完全放開心中的壓力感！今天這天，我覺得自己突然開始不再這樣。 這次我決定將自己對完美主義的厲害給打破一下！  來一起探索完美主義的困境，跟我一起創造一個有機的生活！,我,O,O,O,O,O,O,1
889,我昨天晚上一直覺得無法完全放開心中的壓力感！今天這天，我覺得自己突然開始不再這樣。 這次我決定將自己對完美主義的厲害給打破一下！  來一起探索完美主義的困境，跟我一起創造一個有機的生活！,昨天,O,O,O,O,O,O,2
889,我昨天晚上一直覺得無法完全放開心中的壓力感！今天這天，我覺得自己突然開始不再這樣。 這次我決定將自己對完美主義的厲害給打破一下！  來一起探索完美主義的困境，跟我一起創造一個有機的生活！,晚上,O,O,O,O,O,O,3
889,我昨天晚上一直覺得無法完全放開心中的壓力感！今天這天，我覺得自己突然開始不再這樣。 這次我決定將自己對完美主義的厲害給打破一下！  來一起探索完美主義的困境，跟我一起創造一個有機的生活！,一直,O,O,O,O,O,O,4
889,我昨天晚上一直覺得無法完全放開心中的壓力感！今天這天，我覺得自己突然開始不再這樣。 這次我決定將自己對完美主義的厲害給打破一下！  來一起探索完美主義的困境，跟我一起創造一個有機的生活！,覺得,O,O,O,O,O,O,5
889,我昨天晚上一直覺得無法完全放開心中的壓力感！今天這天，我覺得自己突然開始不再這樣。 這次我決定將自己對完美主義的厲害給打破一下！  來一起探索完美主義的困境，跟我一起創造一個有機的生活！,無法,B-D,B-D,B-D,B-D,B-D,B-D,6
889,我昨天晚上一直覺得無法完全放開心中的壓力感！今天這天，我覺得自己突然開始不再這樣。 這次我決定將自己對完美主義的厲害給打破一下！  來一起探索完美主義的困境，跟我一起創造一個有機的生活！,完全,M-D,M-D,M-D,M-D,M-D,M-D,7
889,我昨天晚上一直覺得無法完全放開心中的壓力感！今天這天，我覺得自己突然開始不再這樣。 這次我決定將自己對完美主義的厲害給打破一下！  來一起探索完美主義的困境，跟我一起創造一個有機的生活！,放開,E-D,E-D,E-D,E-D,E-D,E-D,8
889,我昨天晚上一直覺得無法完全放開心中的壓力感！今天這天，我覺得自己突然開始不再這樣。 這次我決定將自己對完美主義的厲害給打破一下！  來一起探索完美主義的困境，跟我一起創造一個有機的生活！,心中,O,O,O,O,O,O,9
889,我昨天晚上一直覺得無法完全放開心中的壓力感！今天這天，我覺得自己突然開始不再這樣。 這次我決定將自己對完美主義的厲害給打破一下！  來一起探索完美主義的困境，跟我一起創造一個有機的生活！,的,O,O,O,O,O,O,10
889,我昨天晚上一直覺得無法完全放開心中的壓力感！今天這天，我覺得自己突然開始不再這樣。 這次我決定將自己對完美主義的厲害給打破一下！  來一起探索完美主義的困境，跟我一起創造一個有機的生活！,壓力感,S-D,S-D,S-D,S-D,S-D,S-D,11
889,我昨天晚上一直覺得無法完全放開心中的壓力感！今天這天，我覺得自己突然開始不再這樣。 這次我決定將自己對完美主義的厲害給打破一下！  來一起探索完美主義的困境，跟我一起創造一個有機的生活！,！,O,O,O,O,O,O,12
889,我昨天晚上一直覺得無法完全放開心中的壓力感！今天這天，我覺得自己突然開始不再這樣。 這次我決定將自己對完美主義的厲害給打破一下！  來一起探索完美主義的困境，跟我一起創造一個有機的生活！,今天,O,O,O,O,O,O,13
889,我昨天晚上一直覺得無法完全放開心中的壓力感！今天這天，我覺得自己突然開始不再這樣。 這次我決定將自己對完美主義的厲害給打破一下！  來一起探索完美主義的困境，跟我一起創造一個有機的生活！,這,O,O,O,O,O,O,14
889,我昨天晚上一直覺得無法完全放開心中的壓力感！今天這天，我覺得自己突然開始不再這樣。 這次我決定將自己對完美主義的厲害給打破一下！  來一起探索完美主義的困境，跟我一起創造一個有機的生活！,天,O,O,O,O,O,O,15
889,我昨天晚上一直覺得無法完全放開心中的壓力感！今天這天，我覺得自己突然開始不再這樣。 這次我決定將自己對完美主義的厲害給打破一下！  來一起探索完美主義的困境，跟我一起創造一個有機的生活！,，,O,O,O,O,O,O,16
889,我昨天晚上一直覺得無法完全放開心中的壓力感！今天這天，我覺得自己突然開始不再這樣。 這次我決定將自己對完美主義的厲害給打破一下！  來一起探索完美主義的困境，跟我一起創造一個有機的生活！,我,O,O,O,O,O,O,17
889,我昨天晚上一直覺得無法完全放開心中的壓力感！今天這天，我覺得自己突然開始不再這樣。 這次我決定將自己對完美主義的厲害給打破一下！  來一起探索完美主義的困境，跟我一起創造一個有機的生活！,覺得,O,O,O,O,O,O,18
889,我昨天晚上一直覺得無法完全放開心中的壓力感！今天這天，我覺得自己突然開始不再這樣。 這次我決定將自己對完美主義的厲害給打破一下！  來一起探索完美主義的困境，跟我一起創造一個有機的生活！,自己,O,O,O,O,O,O,19
889,我昨天晚上一直覺得無法完全放開心中的壓力感！今天這天，我覺得自己突然開始不再這樣。 這次我決定將自己對完美主義的厲害給打破一下！  來一起探索完美主義的困境，跟我一起創造一個有機的生活！,突然,O,O,O,O,O,O,20
889,我昨天晚上一直覺得無法完全放開心中的壓力感！今天這天，我覺得自己突然開始不再這樣。 這次我決定將自己對完美主義的厲害給打破一下！  來一起探索完美主義的困境，跟我一起創造一個有機的生活！,開始,O,O,O,O,O,O,21
889,我昨天晚上一直覺得無法完全放開心中的壓力感！今天這天，我覺得自己突然開始不再這樣。 這次我決定將自己對完美主義的厲害給打破一下！  來一起探索完美主義的困境，跟我一起創造一個有機的生活！,不,O,O,O,O,O,O,22
889,我昨天晚上一直覺得無法完全放開心中的壓力感！今天這天，我覺得自己突然開始不再這樣。 這次我決定將自己對完美主義的厲害給打破一下！  來一起探索完美主義的困境，跟我一起創造一個有機的生活！,再,O,O,O,O,O,O,23
889,我昨天晚上一直覺得無法完全放開心中的壓力感！今天這天，我覺得自己突然開始不再這樣。 這次我決定將自己對完美主義的厲害給打破一下！  來一起探索完美主義的困境，跟我一起創造一個有機的生活！,這樣,O,O,O,O,O,O,24
889,我昨天晚上一直覺得無法完全放開心中的壓力感！今天這天，我覺得自己突然開始不再這樣。 這次我決定將自己對完美主義的厲害給打破一下！  來一起探索完美主義的困境，跟我一起創造一個有機的生活！,。,O,O,O,O,O,O,25
889,我昨天晚上一直覺得無法完全放開心中的壓力感！今天這天，我覺得自己突然開始不再這樣。 這次我決定將自己對完美主義的厲害給打破一下！  來一起探索完美主義的困境，跟我一起創造一個有機的生活！,這次,O,O,O,O,O,O,26
889,我昨天晚上一直覺得無法完全放開心中的壓力感！今天這天，我覺得自己突然開始不再這樣。 這次我決定將自己對完美主義的厲害給打破一下！  來一起探索完美主義的困境，跟我一起創造一個有機的生活！,我,O,O,O,O,O,O,27
889,我昨天晚上一直覺得無法完全放開心中的壓力感！今天這天，我覺得自己突然開始不再這樣。 這次我決定將自己對完美主義的厲害給打破一下！  來一起探索完美主義的困境，跟我一起創造一個有機的生活！,決定,O,O,O,O,O,O,28
889,我昨天晚上一直覺得無法完全放開心中的壓力感！今天這天，我覺得自己突然開始不再這樣。 這次我決定將自己對完美主義的厲害給打破一下！  來一起探索完美主義的困境，跟我一起創造一個有機的生活！,將,O,O,O,O,O,O,29
889,我昨天晚上一直覺得無法完全放開心中的壓力感！今天這天，我覺得自己突然開始不再這樣。 這次我決定將自己對完美主義的厲害給打破一下！  來一起探索完美主義的困境，跟我一起創造一個有機的生活！,自己,O,O,O,O,O,O,30
889,我昨天晚上一直覺得無法完全放開心中的壓力感！今天這天，我覺得自己突然開始不再這樣。 這次我決定將自己對完美主義的厲害給打破一下！  來一起探索完美主義的困境，跟我一起創造一個有機的生活！,對,O,O,O,O,O,O,31
889,我昨天晚上一直覺得無法完全放開心中的壓力感！今天這天，我覺得自己突然開始不再這樣。 這次我決定將自己對完美主義的厲害給打破一下！  來一起探索完美主義的困境，跟我一起創造一個有機的生活！,完美主義,O,O,O,O,O,O,32
889,我昨天晚上一直覺得無法完全放開心中的壓力感！今天這天，我覺得自己突然開始不再這樣。 這次我決定將自己對完美主義的厲害給打破一下！  來一起探索完美主義的困境，跟我一起創造一個有機的生活！,的,O,O,O,O,O,O,33
889,我昨天晚上一直覺得無法完全放開心中的壓力感！今天這天，我覺得自己突然開始不再這樣。 這次我決定將自己對完美主義的厲害給打破一下！  來一起探索完美主義的困境，跟我一起創造一個有機的生活！,厲害,O,O,O,O,O,O,34
889,我昨天晚上一直覺得無法完全放開心中的壓力感！今天這天，我覺得自己突然開始不再這樣。 這次我決定將自己對完美主義的厲害給打破一下！  來一起探索完美主義的困境，跟我一起創造一個有機的生活！,給,O,O,O,O,O,O,35
889,我昨天晚上一直覺得無法完全放開心中的壓力感！今天這天，我覺得自己突然開始不再這樣。 這次我決定將自己對完美主義的厲害給打破一下！  來一起探索完美主義的困境，跟我一起創造一個有機的生活！,打破,O,O,O,O,O,O,36
889,我昨天晚上一直覺得無法完全放開心中的壓力感！今天這天，我覺得自己突然開始不再這樣。 這次我決定將自己對完美主義的厲害給打破一下！  來一起探索完美主義的困境，跟我一起創造一個有機的生活！,一下,O,O,O,O,O,O,37
889,我昨天晚上一直覺得無法完全放開心中的壓力感！今天這天，我覺得自己突然開始不再這樣。 這次我決定將自己對完美主義的厲害給打破一下！  來一起探索完美主義的困境，跟我一起創造一個有機的生活！,！,O,O,O,O,O,O,38
889,我昨天晚上一直覺得無法完全放開心中的壓力感！今天這天，我覺得自己突然開始不再這樣。 這次我決定將自己對完美主義的厲害給打破一下！  來一起探索完美主義的困境，跟我一起創造一個有機的生活！,來,O,O,O,O,O,O,39
889,我昨天晚上一直覺得無法完全放開心中的壓力感！今天這天，我覺得自己突然開始不再這樣。 這次我決定將自己對完美主義的厲害給打破一下！  來一起探索完美主義的困境，跟我一起創造一個有機的生活！,一起,O,O,O,O,O,O,40
889,我昨天晚上一直覺得無法完全放開心中的壓力感！今天這天，我覺得自己突然開始不再這樣。 這次我決定將自己對完美主義的厲害給打破一下！  來一起探索完美主義的困境，跟我一起創造一個有機的生活！,探索,O,O,O,O,O,O,41
889,我昨天晚上一直覺得無法完全放開心中的壓力感！今天這天，我覺得自己突然開始不再這樣。 這次我決定將自己對完美主義的厲害給打破一下！  來一起探索完美主義的困境，跟我一起創造一個有機的生活！,完美主義,O,O,O,O,O,O,42
889,我昨天晚上一直覺得無法完全放開心中的壓力感！今天這天，我覺得自己突然開始不再這樣。 這次我決定將自己對完美主義的厲害給打破一下！  來一起探索完美主義的困境，跟我一起創造一個有機的生活！,的,O,O,O,O,O,O,43
889,我昨天晚上一直覺得無法完全放開心中的壓力感！今天這天，我覺得自己突然開始不再這樣。 這次我決定將自己對完美主義的厲害給打破一下！  來一起探索完美主義的困境，跟我一起創造一個有機的生活！,困境,O,O,O,O,O,O,44
889,我昨天晚上一直覺得無法完全放開心中的壓力感！今天這天，我覺得自己突然開始不再這樣。 這次我決定將自己對完美主義的厲害給打破一下！  來一起探索完美主義的困境，跟我一起創造一個有機的生活！,，,O,O,O,O,O,O,45
889,我昨天晚上一直覺得無法完全放開心中的壓力感！今天這天，我覺得自己突然開始不再這樣。 這次我決定將自己對完美主義的厲害給打破一下！  來一起探索完美主義的困境，跟我一起創造一個有機的生活！,跟,O,O,O,O,O,O,46
889,我昨天晚上一直覺得無法完全放開心中的壓力感！今天這天，我覺得自己突然開始不再這樣。 這次我決定將自己對完美主義的厲害給打破一下！  來一起探索完美主義的困境，跟我一起創造一個有機的生活！,我,O,O,O,O,O,O,47
889,我昨天晚上一直覺得無法完全放開心中的壓力感！今天這天，我覺得自己突然開始不再這樣。 這次我決定將自己對完美主義的厲害給打破一下！  來一起探索完美主義的困境，跟我一起創造一個有機的生活！,一起,O,O,O,O,O,O,48
889,我昨天晚上一直覺得無法完全放開心中的壓力感！今天這天，我覺得自己突然開始不再這樣。 這次我決定將自己對完美主義的厲害給打破一下！  來一起探索完美主義的困境，跟我一起創造一個有機的生活！,創造,O,O,O,O,O,O,49
889,我昨天晚上一直覺得無法完全放開心中的壓力感！今天這天，我覺得自己突然開始不再這樣。 這次我決定將自己對完美主義的厲害給打破一下！  來一起探索完美主義的困境，跟我一起創造一個有機的生活！,一個,O,O,O,O,O,O,50
889,我昨天晚上一直覺得無法完全放開心中的壓力感！今天這天，我覺得自己突然開始不再這樣。 這次我決定將自己對完美主義的厲害給打破一下！  來一起探索完美主義的困境，跟我一起創造一個有機的生活！,有機,O,O,O,O,O,O,51
889,我昨天晚上一直覺得無法完全放開心中的壓力感！今天這天，我覺得自己突然開始不再這樣。 這次我決定將自己對完美主義的厲害給打破一下！  來一起探索完美主義的困境，跟我一起創造一個有機的生活！,的,O,O,O,O,O,O,52
889,我昨天晚上一直覺得無法完全放開心中的壓力感！今天這天，我覺得自己突然開始不再這樣。 這次我決定將自己對完美主義的厲害給打破一下！  來一起探索完美主義的困境，跟我一起創造一個有機的生活！,生活,O,O,O,O,O,O,53
889,我昨天晚上一直覺得無法完全放開心中的壓力感！今天這天，我覺得自己突然開始不再這樣。 這次我決定將自己對完美主義的厲害給打破一下！  來一起探索完美主義的困境，跟我一起創造一個有機的生活！,！,O,O,O,O,O,O,54
890,我不是個有力人士，缺乏自信，無法承擔生活的重擔  我該怎么還有力量去應對這種困局？  是不是，我是被背叛的，被迫放棄我的夢想 ？ 我的工作失去了，我失去信任。我想一個人的生活還有什麼價值？  我在這裡是誰？,我,O,O,O,O,O,O,1
890,我不是個有力人士，缺乏自信，無法承擔生活的重擔  我該怎么還有力量去應對這種困局？  是不是，我是被背叛的，被迫放棄我的夢想 ？ 我的工作失去了，我失去信任。我想一個人的生活還有什麼價值？  我在這裡是誰？,不是,O,O,O,O,O,O,2
890,我不是個有力人士，缺乏自信，無法承擔生活的重擔  我該怎么還有力量去應對這種困局？  是不是，我是被背叛的，被迫放棄我的夢想 ？ 我的工作失去了，我失去信任。我想一個人的生活還有什麼價值？  我在這裡是誰？,個,O,O,O,O,O,O,3
890,我不是個有力人士，缺乏自信，無法承擔生活的重擔  我該怎么還有力量去應對這種困局？  是不是，我是被背叛的，被迫放棄我的夢想 ？ 我的工作失去了，我失去信任。我想一個人的生活還有什麼價值？  我在這裡是誰？,有力人士,O,S-W,S-W,S-W,S-W,S-W,4
890,我不是個有力人士，缺乏自信，無法承擔生活的重擔  我該怎么還有力量去應對這種困局？  是不是，我是被背叛的，被迫放棄我的夢想 ？ 我的工作失去了，我失去信任。我想一個人的生活還有什麼價值？  我在這裡是誰？,，,O,O,O,O,O,O,5
890,我不是個有力人士，缺乏自信，無法承擔生活的重擔  我該怎么還有力量去應對這種困局？  是不是，我是被背叛的，被迫放棄我的夢想 ？ 我的工作失去了，我失去信任。我想一個人的生活還有什麼價值？  我在這裡是誰？,缺乏,B-W,O,O,O,O,O,6
890,我不是個有力人士，缺乏自信，無法承擔生活的重擔  我該怎么還有力量去應對這種困局？  是不是，我是被背叛的，被迫放棄我的夢想 ？ 我的工作失去了，我失去信任。我想一個人的生活還有什麼價值？  我在這裡是誰？,自信,E-W,S-W,S-W,S-W,S-W,S-W,7
890,我不是個有力人士，缺乏自信，無法承擔生活的重擔  我該怎么還有力量去應對這種困局？  是不是，我是被背叛的，被迫放棄我的夢想 ？ 我的工作失去了，我失去信任。我想一個人的生活還有什麼價值？  我在這裡是誰？,，,O,O,O,O,O,O,8
890,我不是個有力人士，缺乏自信，無法承擔生活的重擔  我該怎么還有力量去應對這種困局？  是不是，我是被背叛的，被迫放棄我的夢想 ？ 我的工作失去了，我失去信任。我想一個人的生活還有什麼價值？  我在這裡是誰？,無法,B-D,O,O,O,O,O,9
890,我不是個有力人士，缺乏自信，無法承擔生活的重擔  我該怎么還有力量去應對這種困局？  是不是，我是被背叛的，被迫放棄我的夢想 ？ 我的工作失去了，我失去信任。我想一個人的生活還有什麼價值？  我在這裡是誰？,承擔,E-D,O,O,O,O,O,10
890,我不是個有力人士，缺乏自信，無法承擔生活的重擔  我該怎么還有力量去應對這種困局？  是不是，我是被背叛的，被迫放棄我的夢想 ？ 我的工作失去了，我失去信任。我想一個人的生活還有什麼價值？  我在這裡是誰？,生活,O,O,O,O,O,O,11
890,我不是個有力人士，缺乏自信，無法承擔生活的重擔  我該怎么還有力量去應對這種困局？  是不是，我是被背叛的，被迫放棄我的夢想 ？ 我的工作失去了，我失去信任。我想一個人的生活還有什麼價值？  我在這裡是誰？,的,O,O,O,O,O,O,12
890,我不是個有力人士，缺乏自信，無法承擔生活的重擔  我該怎么還有力量去應對這種困局？  是不是，我是被背叛的，被迫放棄我的夢想 ？ 我的工作失去了，我失去信任。我想一個人的生活還有什麼價值？  我在這裡是誰？,重擔,S-D,S-D,S-W,S-D,S-W,S-W,13
890,我不是個有力人士，缺乏自信，無法承擔生活的重擔  我該怎么還有力量去應對這種困局？  是不是，我是被背叛的，被迫放棄我的夢想 ？ 我的工作失去了，我失去信任。我想一個人的生活還有什麼價值？  我在這裡是誰？,O,O,O,O,O,O,O,14
890,我不是個有力人士，缺乏自信，無法承擔生活的重擔  我該怎么還有力量去應對這種困局？  是不是，我是被背叛的，被迫放棄我的夢想 ？ 我的工作失去了，我失去信任。我想一個人的生活還有什麼價值？  我在這裡是誰？,我,O,O,O,O,O,O,15
890,我不是個有力人士，缺乏自信，無法承擔生活的重擔  我該怎么還有力量去應對這種困局？  是不是，我是被背叛的，被迫放棄我的夢想 ？ 我的工作失去了，我失去信任。我想一個人的生活還有什麼價值？  我在這裡是誰？,該,O,O,O,O,O,O,16
890,我不是個有力人士，缺乏自信，無法承擔生活的重擔  我該怎么還有力量去應對這種困局？  是不是，我是被背叛的，被迫放棄我的夢想 ？ 我的工作失去了，我失去信任。我想一個人的生活還有什麼價值？  我在這裡是誰？,怎么,O,O,O,O,O,O,17
890,我不是個有力人士，缺乏自信，無法承擔生活的重擔  我該怎么還有力量去應對這種困局？  是不是，我是被背叛的，被迫放棄我的夢想 ？ 我的工作失去了，我失去信任。我想一個人的生活還有什麼價值？  我在這裡是誰？,還有,O,O,O,O,O,O,18
890,我不是個有力人士，缺乏自信，無法承擔生活的重擔  我該怎么還有力量去應對這種困局？  是不是，我是被背叛的，被迫放棄我的夢想 ？ 我的工作失去了，我失去信任。我想一個人的生活還有什麼價值？  我在這裡是誰？,力量,O,O,O,O,O,O,19
890,我不是個有力人士，缺乏自信，無法承擔生活的重擔  我該怎么還有力量去應對這種困局？  是不是，我是被背叛的，被迫放棄我的夢想 ？ 我的工作失去了，我失去信任。我想一個人的生活還有什麼價值？  我在這裡是誰？,去,O,O,O,O,O,O,20
890,我不是個有力人士，缺乏自信，無法承擔生活的重擔  我該怎么還有力量去應對這種困局？  是不是，我是被背叛的，被迫放棄我的夢想 ？ 我的工作失去了，我失去信任。我想一個人的生活還有什麼價值？  我在這裡是誰？,應對,O,O,O,O,O,O,21
890,我不是個有力人士，缺乏自信，無法承擔生活的重擔  我該怎么還有力量去應對這種困局？  是不是，我是被背叛的，被迫放棄我的夢想 ？ 我的工作失去了，我失去信任。我想一個人的生活還有什麼價值？  我在這裡是誰？,這種,O,O,O,O,O,O,22
890,我不是個有力人士，缺乏自信，無法承擔生活的重擔  我該怎么還有力量去應對這種困局？  是不是，我是被背叛的，被迫放棄我的夢想 ？ 我的工作失去了，我失去信任。我想一個人的生活還有什麼價值？  我在這裡是誰？,困局,S-D,S-D,O,S-D,O,S-W,23
890,我不是個有力人士，缺乏自信，無法承擔生活的重擔  我該怎么還有力量去應對這種困局？  是不是，我是被背叛的，被迫放棄我的夢想 ？ 我的工作失去了，我失去信任。我想一個人的生活還有什麼價值？  我在這裡是誰？,？,O,O,S-W,O,S-D,O,24
890,我不是個有力人士，缺乏自信，無法承擔生活的重擔  我該怎么還有力量去應對這種困局？  是不是，我是被背叛的，被迫放棄我的夢想 ？ 我的工作失去了，我失去信任。我想一個人的生活還有什麼價值？  我在這裡是誰？,是不是,O,O,O,O,O,O,25
890,我不是個有力人士，缺乏自信，無法承擔生活的重擔  我該怎么還有力量去應對這種困局？  是不是，我是被背叛的，被迫放棄我的夢想 ？ 我的工作失去了，我失去信任。我想一個人的生活還有什麼價值？  我在這裡是誰？,，,O,O,O,O,O,O,26
890,我不是個有力人士，缺乏自信，無法承擔生活的重擔  我該怎么還有力量去應對這種困局？  是不是，我是被背叛的，被迫放棄我的夢想 ？ 我的工作失去了，我失去信任。我想一個人的生活還有什麼價值？  我在這裡是誰？,我,O,O,O,O,O,O,27
890,我不是個有力人士，缺乏自信，無法承擔生活的重擔  我該怎么還有力量去應對這種困局？  是不是，我是被背叛的，被迫放棄我的夢想 ？ 我的工作失去了，我失去信任。我想一個人的生活還有什麼價值？  我在這裡是誰？,是,O,O,O,O,O,O,28
890,我不是個有力人士，缺乏自信，無法承擔生活的重擔  我該怎么還有力量去應對這種困局？  是不是，我是被背叛的，被迫放棄我的夢想 ？ 我的工作失去了，我失去信任。我想一個人的生活還有什麼價值？  我在這裡是誰？,被,O,O,O,O,O,O,29
890,我不是個有力人士，缺乏自信，無法承擔生活的重擔  我該怎么還有力量去應對這種困局？  是不是，我是被背叛的，被迫放棄我的夢想 ？ 我的工作失去了，我失去信任。我想一個人的生活還有什麼價值？  我在這裡是誰？,背叛,O,O,O,O,O,O,30
890,我不是個有力人士，缺乏自信，無法承擔生活的重擔  我該怎么還有力量去應對這種困局？  是不是，我是被背叛的，被迫放棄我的夢想 ？ 我的工作失去了，我失去信任。我想一個人的生活還有什麼價值？  我在這裡是誰？,的,O,O,O,O,O,O,31
890,我不是個有力人士，缺乏自信，無法承擔生活的重擔  我該怎么還有力量去應對這種困局？  是不是，我是被背叛的，被迫放棄我的夢想 ？ 我的工作失去了，我失去信任。我想一個人的生活還有什麼價值？  我在這裡是誰？,，,O,O,O,O,O,O,32
890,我不是個有力人士，缺乏自信，無法承擔生活的重擔  我該怎么還有力量去應對這種困局？  是不是，我是被背叛的，被迫放棄我的夢想 ？ 我的工作失去了，我失去信任。我想一個人的生活還有什麼價值？  我在這裡是誰？,被迫,O,O,O,O,O,O,33
890,我不是個有力人士，缺乏自信，無法承擔生活的重擔  我該怎么還有力量去應對這種困局？  是不是，我是被背叛的，被迫放棄我的夢想 ？ 我的工作失去了，我失去信任。我想一個人的生活還有什麼價值？  我在這裡是誰？,放棄,O,O,O,O,O,O,34
890,我不是個有力人士，缺乏自信，無法承擔生活的重擔  我該怎么還有力量去應對這種困局？  是不是，我是被背叛的，被迫放棄我的夢想 ？ 我的工作失去了，我失去信任。我想一個人的生活還有什麼價值？  我在這裡是誰？,我的,O,O,O,O,O,O,35
890,我不是個有力人士，缺乏自信，無法承擔生活的重擔  我該怎么還有力量去應對這種困局？  是不是，我是被背叛的，被迫放棄我的夢想 ？ 我的工作失去了，我失去信任。我想一個人的生活還有什麼價值？  我在這裡是誰？,夢想,O,S-W,O,S-W,O,S-W,36
890,我不是個有力人士，缺乏自信，無法承擔生活的重擔  我該怎么還有力量去應對這種困局？  是不是，我是被背叛的，被迫放棄我的夢想 ？ 我的工作失去了，我失去信任。我想一個人的生活還有什麼價值？  我在這裡是誰？,？,O,O,S-W,O,S-W,O,37
890,我不是個有力人士，缺乏自信，無法承擔生活的重擔  我該怎么還有力量去應對這種困局？  是不是，我是被背叛的，被迫放棄我的夢想 ？ 我的工作失去了，我失去信任。我想一個人的生活還有什麼價值？  我在這裡是誰？,我的,O,O,O,O,O,O,38
890,我不是個有力人士，缺乏自信，無法承擔生活的重擔  我該怎么還有力量去應對這種困局？  是不是，我是被背叛的，被迫放棄我的夢想 ？ 我的工作失去了，我失去信任。我想一個人的生活還有什麼價值？  我在這裡是誰？,工作,O,O,O,O,O,O,39
890,我不是個有力人士，缺乏自信，無法承擔生活的重擔  我該怎么還有力量去應對這種困局？  是不是，我是被背叛的，被迫放棄我的夢想 ？ 我的工作失去了，我失去信任。我想一個人的生活還有什麼價值？  我在這裡是誰？,失去了,O,S-W,O,S-W,O,O,40
890,我不是個有力人士，缺乏自信，無法承擔生活的重擔  我該怎么還有力量去應對這種困局？  是不是，我是被背叛的，被迫放棄我的夢想 ？ 我的工作失去了，我失去信任。我想一個人的生活還有什麼價值？  我在這裡是誰？,，,O,O,S-W,O,S-W,O,41
890,我不是個有力人士，缺乏自信，無法承擔生活的重擔  我該怎么還有力量去應對這種困局？  是不是，我是被背叛的，被迫放棄我的夢想 ？ 我的工作失去了，我失去信任。我想一個人的生活還有什麼價值？  我在這裡是誰？,我,O,O,O,O,O,O,42
890,我不是個有力人士，缺乏自信，無法承擔生活的重擔  我該怎么還有力量去應對這種困局？  是不是，我是被背叛的，被迫放棄我的夢想 ？ 我的工作失去了，我失去信任。我想一個人的生活還有什麼價值？  我在這裡是誰？,失去,O,O,O,O,O,O,43
890,我不是個有力人士，缺乏自信，無法承擔生活的重擔  我該怎么還有力量去應對這種困局？  是不是，我是被背叛的，被迫放棄我的夢想 ？ 我的工作失去了，我失去信任。我想一個人的生活還有什麼價值？  我在這裡是誰？,信任,O,S-W,O,S-W,O,S-W,44
890,我不是個有力人士，缺乏自信，無法承擔生活的重擔  我該怎么還有力量去應對這種困局？  是不是，我是被背叛的，被迫放棄我的夢想 ？ 我的工作失去了，我失去信任。我想一個人的生活還有什麼價值？  我在這裡是誰？,。,O,O,S-W,O,S-W,O,45
890,我不是個有力人士，缺乏自信，無法承擔生活的重擔  我該怎么還有力量去應對這種困局？  是不是，我是被背叛的，被迫放棄我的夢想 ？ 我的工作失去了，我失去信任。我想一個人的生活還有什麼價值？  我在這裡是誰？,我,O,O,O,O,O,O,46
890,我不是個有力人士，缺乏自信，無法承擔生活的重擔  我該怎么還有力量去應對這種困局？  是不是，我是被背叛的，被迫放棄我的夢想 ？ 我的工作失去了，我失去信任。我想一個人的生活還有什麼價值？  我在這裡是誰？,想,O,O,O,O,O,O,47
890,我不是個有力人士，缺乏自信，無法承擔生活的重擔  我該怎么還有力量去應對這種困局？  是不是，我是被背叛的，被迫放棄我的夢想 ？ 我的工作失去了，我失去信任。我想一個人的生活還有什麼價值？  我在這裡是誰？,一個,O,O,O,O,O,O,48
890,我不是個有力人士，缺乏自信，無法承擔生活的重擔  我該怎么還有力量去應對這種困局？  是不是，我是被背叛的，被迫放棄我的夢想 ？ 我的工作失去了，我失去信任。我想一個人的生活還有什麼價值？  我在這裡是誰？,人的,O,O,O,O,O,O,49
890,我不是個有力人士，缺乏自信，無法承擔生活的重擔  我該怎么還有力量去應對這種困局？  是不是，我是被背叛的，被迫放棄我的夢想 ？ 我的工作失去了，我失去信任。我想一個人的生活還有什麼價值？  我在這裡是誰？,生活,O,O,O,O,O,O,50
890,我不是個有力人士，缺乏自信，無法承擔生活的重擔  我該怎么還有力量去應對這種困局？  是不是，我是被背叛的，被迫放棄我的夢想 ？ 我的工作失去了，我失去信任。我想一個人的生活還有什麼價值？  我在這裡是誰？,還有,O,O,O,O,O,O,51
890,我不是個有力人士，缺乏自信，無法承擔生活的重擔  我該怎么還有力量去應對這種困局？  是不是，我是被背叛的，被迫放棄我的夢想 ？ 我的工作失去了，我失去信任。我想一個人的生活還有什麼價值？  我在這裡是誰？,什麼,O,O,O,O,O,O,52
890,我不是個有力人士，缺乏自信，無法承擔生活的重擔  我該怎么還有力量去應對這種困局？  是不是，我是被背叛的，被迫放棄我的夢想 ？ 我的工作失去了，我失去信任。我想一個人的生活還有什麼價值？  我在這裡是誰？,價值,S-W,S-W,O,O,O,S-W,53
890,我不是個有力人士，缺乏自信，無法承擔生活的重擔  我該怎么還有力量去應對這種困局？  是不是，我是被背叛的，被迫放棄我的夢想 ？ 我的工作失去了，我失去信任。我想一個人的生活還有什麼價值？  我在這裡是誰？,？,O,O,O,S-W,O,O,54
890,我不是個有力人士，缺乏自信，無法承擔生活的重擔  我該怎么還有力量去應對這種困局？  是不是，我是被背叛的，被迫放棄我的夢想 ？ 我的工作失去了，我失去信任。我想一個人的生活還有什麼價值？  我在這裡是誰？,我,O,O,O,O,S-W,O,55
890,我不是個有力人士，缺乏自信，無法承擔生活的重擔  我該怎么還有力量去應對這種困局？  是不是，我是被背叛的，被迫放棄我的夢想 ？ 我的工作失去了，我失去信任。我想一個人的生活還有什麼價值？  我在這裡是誰？,在,O,O,O,O,O,O,56
890,我不是個有力人士，缺乏自信，無法承擔生活的重擔  我該怎么還有力量去應對這種困局？  是不是，我是被背叛的，被迫放棄我的夢想 ？ 我的工作失去了，我失去信任。我想一個人的生活還有什麼價值？  我在這裡是誰？,這裡,O,O,O,O,O,O,57
890,我不是個有力人士，缺乏自信，無法承擔生活的重擔  我該怎么還有力量去應對這種困局？  是不是，我是被背叛的，被迫放棄我的夢想 ？ 我的工作失去了，我失去信任。我想一個人的生活還有什麼價值？  我在這裡是誰？,是,O,O,O,O,O,O,58
890,我不是個有力人士，缺乏自信，無法承擔生活的重擔  我該怎么還有力量去應對這種困局？  是不是，我是被背叛的，被迫放棄我的夢想 ？ 我的工作失去了，我失去信任。我想一個人的生活還有什麼價值？  我在這裡是誰？,誰,O,O,O,O,O,O,59
890,我不是個有力人士，缺乏自信，無法承擔生活的重擔  我該怎么還有力量去應對這種困局？  是不是，我是被背叛的，被迫放棄我的夢想 ？ 我的工作失去了，我失去信任。我想一個人的生活還有什麼價值？  我在這裡是誰？,？,O,O,O,O,O,O,60
891,今天再度坐了個下午，還是不能認真下班，不知道自己該該幹什麼了。整天都覺得自己沒用，無意義，毫無興趣。 😔😕😔 每天的生活過程都像在放置在一個木桨上，我們不斷往前推，卻無法超越任何困境。,今天,O,O,O,O,O,O,1
891,今天再度坐了個下午，還是不能認真下班，不知道自己該該幹什麼了。整天都覺得自己沒用，無意義，毫無興趣。 😔😕😔 每天的生活過程都像在放置在一個木桨上，我們不斷往前推，卻無法超越任何困境。,再度,O,O,O,O,O,O,2
891,今天再度坐了個下午，還是不能認真下班，不知道自己該該幹什麼了。整天都覺得自己沒用，無意義，毫無興趣。 😔😕😔 每天的生活過程都像在放置在一個木桨上，我們不斷往前推，卻無法超越任何困境。,坐,O,O,O,O,O,O,3
891,今天再度坐了個下午，還是不能認真下班，不知道自己該該幹什麼了。整天都覺得自己沒用，無意義，毫無興趣。 😔😕😔 每天的生活過程都像在放置在一個木桨上，我們不斷往前推，卻無法超越任何困境。,了,O,O,O,O,O,O,4
891,今天再度坐了個下午，還是不能認真下班，不知道自己該該幹什麼了。整天都覺得自己沒用，無意義，毫無興趣。 😔😕😔 每天的生活過程都像在放置在一個木桨上，我們不斷往前推，卻無法超越任何困境。,個,O,O,O,O,O,O,5
891,今天再度坐了個下午，還是不能認真下班，不知道自己該該幹什麼了。整天都覺得自己沒用，無意義，毫無興趣。 😔😕😔 每天的生活過程都像在放置在一個木桨上，我們不斷往前推，卻無法超越任何困境。,下午,O,O,O,O,O,O,6
891,今天再度坐了個下午，還是不能認真下班，不知道自己該該幹什麼了。整天都覺得自己沒用，無意義，毫無興趣。 😔😕😔 每天的生活過程都像在放置在一個木桨上，我們不斷往前推，卻無法超越任何困境。,，,O,O,O,O,O,O,7
891,今天再度坐了個下午，還是不能認真下班，不知道自己該該幹什麼了。整天都覺得自己沒用，無意義，毫無興趣。 😔😕😔 每天的生活過程都像在放置在一個木桨上，我們不斷往前推，卻無法超越任何困境。,還是,O,O,O,O,O,O,8
891,今天再度坐了個下午，還是不能認真下班，不知道自己該該幹什麼了。整天都覺得自己沒用，無意義，毫無興趣。 😔😕😔 每天的生活過程都像在放置在一個木桨上，我們不斷往前推，卻無法超越任何困境。,不能,O,O,O,O,O,O,9
891,今天再度坐了個下午，還是不能認真下班，不知道自己該該幹什麼了。整天都覺得自己沒用，無意義，毫無興趣。 😔😕😔 每天的生活過程都像在放置在一個木桨上，我們不斷往前推，卻無法超越任何困境。,認真,O,O,O,O,O,O,10
891,今天再度坐了個下午，還是不能認真下班，不知道自己該該幹什麼了。整天都覺得自己沒用，無意義，毫無興趣。 😔😕😔 每天的生活過程都像在放置在一個木桨上，我們不斷往前推，卻無法超越任何困境。,下班,O,O,O,O,O,O,11
891,今天再度坐了個下午，還是不能認真下班，不知道自己該該幹什麼了。整天都覺得自己沒用，無意義，毫無興趣。 😔😕😔 每天的生活過程都像在放置在一個木桨上，我們不斷往前推，卻無法超越任何困境。,，,O,O,O,O,O,O,12
891,今天再度坐了個下午，還是不能認真下班，不知道自己該該幹什麼了。整天都覺得自己沒用，無意義，毫無興趣。 😔😕😔 每天的生活過程都像在放置在一個木桨上，我們不斷往前推，卻無法超越任何困境。,不知道,O,O,O,O,O,O,13
891,今天再度坐了個下午，還是不能認真下班，不知道自己該該幹什麼了。整天都覺得自己沒用，無意義，毫無興趣。 😔😕😔 每天的生活過程都像在放置在一個木桨上，我們不斷往前推，卻無法超越任何困境。,自己,O,O,O,O,O,B-W,14
891,今天再度坐了個下午，還是不能認真下班，不知道自己該該幹什麼了。整天都覺得自己沒用，無意義，毫無興趣。 😔😕😔 每天的生活過程都像在放置在一個木桨上，我們不斷往前推，卻無法超越任何困境。,該,O,O,O,O,O,M-W,15
891,今天再度坐了個下午，還是不能認真下班，不知道自己該該幹什麼了。整天都覺得自己沒用，無意義，毫無興趣。 😔😕😔 每天的生活過程都像在放置在一個木桨上，我們不斷往前推，卻無法超越任何困境。,該,O,O,O,O,O,M-W,16
891,今天再度坐了個下午，還是不能認真下班，不知道自己該該幹什麼了。整天都覺得自己沒用，無意義，毫無興趣。 😔😕😔 每天的生活過程都像在放置在一個木桨上，我們不斷往前推，卻無法超越任何困境。,幹,O,O,O,O,O,E-W,17
891,今天再度坐了個下午，還是不能認真下班，不知道自己該該幹什麼了。整天都覺得自己沒用，無意義，毫無興趣。 😔😕😔 每天的生活過程都像在放置在一個木桨上，我們不斷往前推，卻無法超越任何困境。,什麼,O,O,O,O,O,O,18
891,今天再度坐了個下午，還是不能認真下班，不知道自己該該幹什麼了。整天都覺得自己沒用，無意義，毫無興趣。 😔😕😔 每天的生活過程都像在放置在一個木桨上，我們不斷往前推，卻無法超越任何困境。,了,O,O,O,O,O,O,19
891,今天再度坐了個下午，還是不能認真下班，不知道自己該該幹什麼了。整天都覺得自己沒用，無意義，毫無興趣。 😔😕😔 每天的生活過程都像在放置在一個木桨上，我們不斷往前推，卻無法超越任何困境。,。,O,O,O,O,O,O,20
891,今天再度坐了個下午，還是不能認真下班，不知道自己該該幹什麼了。整天都覺得自己沒用，無意義，毫無興趣。 😔😕😔 每天的生活過程都像在放置在一個木桨上，我們不斷往前推，卻無法超越任何困境。,整天,O,O,O,O,O,O,21
891,今天再度坐了個下午，還是不能認真下班，不知道自己該該幹什麼了。整天都覺得自己沒用，無意義，毫無興趣。 😔😕😔 每天的生活過程都像在放置在一個木桨上，我們不斷往前推，卻無法超越任何困境。,都,O,O,O,O,O,O,22
891,今天再度坐了個下午，還是不能認真下班，不知道自己該該幹什麼了。整天都覺得自己沒用，無意義，毫無興趣。 😔😕😔 每天的生活過程都像在放置在一個木桨上，我們不斷往前推，卻無法超越任何困境。,覺得,B-W,O,O,O,O,B-W,23
891,今天再度坐了個下午，還是不能認真下班，不知道自己該該幹什麼了。整天都覺得自己沒用，無意義，毫無興趣。 😔😕😔 每天的生活過程都像在放置在一個木桨上，我們不斷往前推，卻無法超越任何困境。,自己,M-W,O,O,O,O,M-W,24
891,今天再度坐了個下午，還是不能認真下班，不知道自己該該幹什麼了。整天都覺得自己沒用，無意義，毫無興趣。 😔😕😔 每天的生活過程都像在放置在一個木桨上，我們不斷往前推，卻無法超越任何困境。,沒用,E-W,S-W,S-W,S-W,S-W,E-W,25
891,今天再度坐了個下午，還是不能認真下班，不知道自己該該幹什麼了。整天都覺得自己沒用，無意義，毫無興趣。 😔😕😔 每天的生活過程都像在放置在一個木桨上，我們不斷往前推，卻無法超越任何困境。,，,O,O,O,O,O,O,26
891,今天再度坐了個下午，還是不能認真下班，不知道自己該該幹什麼了。整天都覺得自己沒用，無意義，毫無興趣。 😔😕😔 每天的生活過程都像在放置在一個木桨上，我們不斷往前推，卻無法超越任何困境。,無意義,S-W,S-W,S-W,S-W,S-W,S-W,27
891,今天再度坐了個下午，還是不能認真下班，不知道自己該該幹什麼了。整天都覺得自己沒用，無意義，毫無興趣。 😔😕😔 每天的生活過程都像在放置在一個木桨上，我們不斷往前推，卻無法超越任何困境。,，,O,O,O,O,O,O,28
891,今天再度坐了個下午，還是不能認真下班，不知道自己該該幹什麼了。整天都覺得自己沒用，無意義，毫無興趣。 😔😕😔 每天的生活過程都像在放置在一個木桨上，我們不斷往前推，卻無法超越任何困境。,毫無,B-A,O,O,O,O,S-D,29
891,今天再度坐了個下午，還是不能認真下班，不知道自己該該幹什麼了。整天都覺得自己沒用，無意義，毫無興趣。 😔😕😔 每天的生活過程都像在放置在一個木桨上，我們不斷往前推，卻無法超越任何困境。,興趣,E-A,S-W,S-A,S-D,S-D,O,30
891,今天再度坐了個下午，還是不能認真下班，不知道自己該該幹什麼了。整天都覺得自己沒用，無意義，毫無興趣。 😔😕😔 每天的生活過程都像在放置在一個木桨上，我們不斷往前推，卻無法超越任何困境。,。,O,O,O,O,O,O,31
891,今天再度坐了個下午，還是不能認真下班，不知道自己該該幹什麼了。整天都覺得自己沒用，無意義，毫無興趣。 😔😕😔 每天的生活過程都像在放置在一個木桨上，我們不斷往前推，卻無法超越任何困境。,😔,O,O,O,O,O,O,32
891,今天再度坐了個下午，還是不能認真下班，不知道自己該該幹什麼了。整天都覺得自己沒用，無意義，毫無興趣。 😔😕😔 每天的生活過程都像在放置在一個木桨上，我們不斷往前推，卻無法超越任何困境。,😕,O,O,O,O,O,O,33
891,今天再度坐了個下午，還是不能認真下班，不知道自己該該幹什麼了。整天都覺得自己沒用，無意義，毫無興趣。 😔😕😔 每天的生活過程都像在放置在一個木桨上，我們不斷往前推，卻無法超越任何困境。,😔,O,O,O,O,O,O,34
891,今天再度坐了個下午，還是不能認真下班，不知道自己該該幹什麼了。整天都覺得自己沒用，無意義，毫無興趣。 😔😕😔 每天的生活過程都像在放置在一個木桨上，我們不斷往前推，卻無法超越任何困境。,每天,O,O,O,O,O,O,35
891,今天再度坐了個下午，還是不能認真下班，不知道自己該該幹什麼了。整天都覺得自己沒用，無意義，毫無興趣。 😔😕😔 每天的生活過程都像在放置在一個木桨上，我們不斷往前推，卻無法超越任何困境。,的,O,O,O,O,O,O,36
891,今天再度坐了個下午，還是不能認真下班，不知道自己該該幹什麼了。整天都覺得自己沒用，無意義，毫無興趣。 😔😕😔 每天的生活過程都像在放置在一個木桨上，我們不斷往前推，卻無法超越任何困境。,生活,O,O,O,O,O,O,37
891,今天再度坐了個下午，還是不能認真下班，不知道自己該該幹什麼了。整天都覺得自己沒用，無意義，毫無興趣。 😔😕😔 每天的生活過程都像在放置在一個木桨上，我們不斷往前推，卻無法超越任何困境。,過程,O,O,O,O,O,O,38
891,今天再度坐了個下午，還是不能認真下班，不知道自己該該幹什麼了。整天都覺得自己沒用，無意義，毫無興趣。 😔😕😔 每天的生活過程都像在放置在一個木桨上，我們不斷往前推，卻無法超越任何困境。,都,O,O,O,O,O,O,39
891,今天再度坐了個下午，還是不能認真下班，不知道自己該該幹什麼了。整天都覺得自己沒用，無意義，毫無興趣。 😔😕😔 每天的生活過程都像在放置在一個木桨上，我們不斷往前推，卻無法超越任何困境。,像,O,O,O,O,O,O,40
891,今天再度坐了個下午，還是不能認真下班，不知道自己該該幹什麼了。整天都覺得自己沒用，無意義，毫無興趣。 😔😕😔 每天的生活過程都像在放置在一個木桨上，我們不斷往前推，卻無法超越任何困境。,在,O,O,O,O,O,O,41
891,今天再度坐了個下午，還是不能認真下班，不知道自己該該幹什麼了。整天都覺得自己沒用，無意義，毫無興趣。 😔😕😔 每天的生活過程都像在放置在一個木桨上，我們不斷往前推，卻無法超越任何困境。,放置,O,O,O,O,O,O,42
891,今天再度坐了個下午，還是不能認真下班，不知道自己該該幹什麼了。整天都覺得自己沒用，無意義，毫無興趣。 😔😕😔 每天的生活過程都像在放置在一個木桨上，我們不斷往前推，卻無法超越任何困境。,在,O,O,O,O,O,O,43
891,今天再度坐了個下午，還是不能認真下班，不知道自己該該幹什麼了。整天都覺得自己沒用，無意義，毫無興趣。 😔😕😔 每天的生活過程都像在放置在一個木桨上，我們不斷往前推，卻無法超越任何困境。,一個,O,O,O,O,O,O,44
891,今天再度坐了個下午，還是不能認真下班，不知道自己該該幹什麼了。整天都覺得自己沒用，無意義，毫無興趣。 😔😕😔 每天的生活過程都像在放置在一個木桨上，我們不斷往前推，卻無法超越任何困境。,木桨,O,O,O,O,O,O,45
891,今天再度坐了個下午，還是不能認真下班，不知道自己該該幹什麼了。整天都覺得自己沒用，無意義，毫無興趣。 😔😕😔 每天的生活過程都像在放置在一個木桨上，我們不斷往前推，卻無法超越任何困境。,上,O,O,O,O,O,O,46
891,今天再度坐了個下午，還是不能認真下班，不知道自己該該幹什麼了。整天都覺得自己沒用，無意義，毫無興趣。 😔😕😔 每天的生活過程都像在放置在一個木桨上，我們不斷往前推，卻無法超越任何困境。,，,O,O,O,O,O,O,47
891,今天再度坐了個下午，還是不能認真下班，不知道自己該該幹什麼了。整天都覺得自己沒用，無意義，毫無興趣。 😔😕😔 每天的生活過程都像在放置在一個木桨上，我們不斷往前推，卻無法超越任何困境。,我們,O,O,O,O,O,O,48
891,今天再度坐了個下午，還是不能認真下班，不知道自己該該幹什麼了。整天都覺得自己沒用，無意義，毫無興趣。 😔😕😔 每天的生活過程都像在放置在一個木桨上，我們不斷往前推，卻無法超越任何困境。,不斷,O,O,O,O,O,O,49
891,今天再度坐了個下午，還是不能認真下班，不知道自己該該幹什麼了。整天都覺得自己沒用，無意義，毫無興趣。 😔😕😔 每天的生活過程都像在放置在一個木桨上，我們不斷往前推，卻無法超越任何困境。,往,O,O,O,O,O,O,50
891,今天再度坐了個下午，還是不能認真下班，不知道自己該該幹什麼了。整天都覺得自己沒用，無意義，毫無興趣。 😔😕😔 每天的生活過程都像在放置在一個木桨上，我們不斷往前推，卻無法超越任何困境。,前,O,O,O,O,O,O,51
891,今天再度坐了個下午，還是不能認真下班，不知道自己該該幹什麼了。整天都覺得自己沒用，無意義，毫無興趣。 😔😕😔 每天的生活過程都像在放置在一個木桨上，我們不斷往前推，卻無法超越任何困境。,推,O,O,O,O,O,O,52
891,今天再度坐了個下午，還是不能認真下班，不知道自己該該幹什麼了。整天都覺得自己沒用，無意義，毫無興趣。 😔😕😔 每天的生活過程都像在放置在一個木桨上，我們不斷往前推，卻無法超越任何困境。,，,O,O,O,O,O,O,53
891,今天再度坐了個下午，還是不能認真下班，不知道自己該該幹什麼了。整天都覺得自己沒用，無意義，毫無興趣。 😔😕😔 每天的生活過程都像在放置在一個木桨上，我們不斷往前推，卻無法超越任何困境。,卻,O,O,O,B-D,B-D,B-D,54
891,今天再度坐了個下午，還是不能認真下班，不知道自己該該幹什麼了。整天都覺得自己沒用，無意義，毫無興趣。 😔😕😔 每天的生活過程都像在放置在一個木桨上，我們不斷往前推，卻無法超越任何困境。,無法,O,B-D,B-D,E-D,E-D,E-D,55
891,今天再度坐了個下午，還是不能認真下班，不知道自己該該幹什麼了。整天都覺得自己沒用，無意義，毫無興趣。 😔😕😔 每天的生活過程都像在放置在一個木桨上，我們不斷往前推，卻無法超越任何困境。,超越,O,E-D,E-D,O,O,O,56
891,今天再度坐了個下午，還是不能認真下班，不知道自己該該幹什麼了。整天都覺得自己沒用，無意義，毫無興趣。 😔😕😔 每天的生活過程都像在放置在一個木桨上，我們不斷往前推，卻無法超越任何困境。,任何,O,O,O,O,O,O,57
891,今天再度坐了個下午，還是不能認真下班，不知道自己該該幹什麼了。整天都覺得自己沒用，無意義，毫無興趣。 😔😕😔 每天的生活過程都像在放置在一個木桨上，我們不斷往前推，卻無法超越任何困境。,困境,O,O,O,O,O,O,58
891,今天再度坐了個下午，還是不能認真下班，不知道自己該該幹什麼了。整天都覺得自己沒用，無意義，毫無興趣。 😔😕😔 每天的生活過程都像在放置在一個木桨上，我們不斷往前推，卻無法超越任何困境。,。,O,O,O,缺失預測,缺失預測,缺失預測,59
892,天空被低迷的灰色罩住了。每天的日常都變成了無底的深淺。我不想再繼續走下去,天空,O,O,O,O,O,O,1
892,天空被低迷的灰色罩住了。每天的日常都變成了無底的深淺。我不想再繼續走下去,被,O,O,O,O,O,O,2
892,天空被低迷的灰色罩住了。每天的日常都變成了無底的深淺。我不想再繼續走下去,低迷,S-D,S-D,S-D,S-D,S-D,S-D,3
892,天空被低迷的灰色罩住了。每天的日常都變成了無底的深淺。我不想再繼續走下去,的,O,O,O,O,O,O,4
892,天空被低迷的灰色罩住了。每天的日常都變成了無底的深淺。我不想再繼續走下去,灰色,O,O,O,O,O,O,5
892,天空被低迷的灰色罩住了。每天的日常都變成了無底的深淺。我不想再繼續走下去,罩住,O,O,O,O,O,O,6
892,天空被低迷的灰色罩住了。每天的日常都變成了無底的深淺。我不想再繼續走下去,了,O,O,O,O,O,O,7
892,天空被低迷的灰色罩住了。每天的日常都變成了無底的深淺。我不想再繼續走下去,。,O,O,O,O,O,O,8
892,天空被低迷的灰色罩住了。每天的日常都變成了無底的深淺。我不想再繼續走下去,每天,O,O,O,O,O,O,9
892,天空被低迷的灰色罩住了。每天的日常都變成了無底的深淺。我不想再繼續走下去,的,O,O,O,O,O,O,10
892,天空被低迷的灰色罩住了。每天的日常都變成了無底的深淺。我不想再繼續走下去,日常,O,O,O,O,O,O,11
892,天空被低迷的灰色罩住了。每天的日常都變成了無底的深淺。我不想再繼續走下去,都,O,O,O,O,O,O,12
892,天空被低迷的灰色罩住了。每天的日常都變成了無底的深淺。我不想再繼續走下去,變成,O,O,O,O,O,O,13
892,天空被低迷的灰色罩住了。每天的日常都變成了無底的深淺。我不想再繼續走下去,了,O,O,O,O,O,O,14
892,天空被低迷的灰色罩住了。每天的日常都變成了無底的深淺。我不想再繼續走下去,無底,O,S-D,S-D,S-D,S-D,S-D,15
892,天空被低迷的灰色罩住了。每天的日常都變成了無底的深淺。我不想再繼續走下去,的,O,O,O,O,O,O,16
892,天空被低迷的灰色罩住了。每天的日常都變成了無底的深淺。我不想再繼續走下去,深淺,O,S-D,S-D,S-D,S-D,S-D,17
892,天空被低迷的灰色罩住了。每天的日常都變成了無底的深淺。我不想再繼續走下去,。,O,O,O,O,O,O,18
892,天空被低迷的灰色罩住了。每天的日常都變成了無底的深淺。我不想再繼續走下去,我,O,O,O,O,O,O,19
892,天空被低迷的灰色罩住了。每天的日常都變成了無底的深淺。我不想再繼續走下去,不,B-U,O,O,O,O,O,20
892,天空被低迷的灰色罩住了。每天的日常都變成了無底的深淺。我不想再繼續走下去,想,M-U,O,O,O,O,O,21
892,天空被低迷的灰色罩住了。每天的日常都變成了無底的深淺。我不想再繼續走下去,再,M-U,O,O,O,O,O,22
892,天空被低迷的灰色罩住了。每天的日常都變成了無底的深淺。我不想再繼續走下去,繼續,E-U,O,O,O,O,O,23
892,天空被低迷的灰色罩住了。每天的日常都變成了無底的深淺。我不想再繼續走下去,走,O,O,B-D,B-D,B-D,B-D,24
892,天空被低迷的灰色罩住了。每天的日常都變成了無底的深淺。我不想再繼續走下去,下去,O,O,E-D,E-D,E-D,E-D,25
892,天空被低迷的灰色罩住了。每天的日常都變成了無底的深淺。我不想再繼續走下去,。,O,O,缺失預測,缺失預測,O,O,26
893,我最近好不容易想起來這點，但還是感覺到了一點什麼都不起來的情緒 我想了很久，現在我覺得不想活了，完全不想去工作，不能做任何事，覺得什麼都不值得    如果我真的不行，我覺得我就會被人判斷和背叛，覺得自己完全無助,我,O,O,O,O,O,O,1
893,我最近好不容易想起來這點，但還是感覺到了一點什麼都不起來的情緒 我想了很久，現在我覺得不想活了，完全不想去工作，不能做任何事，覺得什麼都不值得    如果我真的不行，我覺得我就會被人判斷和背叛，覺得自己完全無助,最近,O,O,O,O,O,O,2
893,我最近好不容易想起來這點，但還是感覺到了一點什麼都不起來的情緒 我想了很久，現在我覺得不想活了，完全不想去工作，不能做任何事，覺得什麼都不值得    如果我真的不行，我覺得我就會被人判斷和背叛，覺得自己完全無助,好,O,O,O,O,O,O,3
893,我最近好不容易想起來這點，但還是感覺到了一點什麼都不起來的情緒 我想了很久，現在我覺得不想活了，完全不想去工作，不能做任何事，覺得什麼都不值得    如果我真的不行，我覺得我就會被人判斷和背叛，覺得自己完全無助,不,O,O,O,O,O,O,4
893,我最近好不容易想起來這點，但還是感覺到了一點什麼都不起來的情緒 我想了很久，現在我覺得不想活了，完全不想去工作，不能做任何事，覺得什麼都不值得    如果我真的不行，我覺得我就會被人判斷和背叛，覺得自己完全無助,容易,O,O,O,O,O,O,5
893,我最近好不容易想起來這點，但還是感覺到了一點什麼都不起來的情緒 我想了很久，現在我覺得不想活了，完全不想去工作，不能做任何事，覺得什麼都不值得    如果我真的不行，我覺得我就會被人判斷和背叛，覺得自己完全無助,想起來,O,O,O,O,O,O,6
893,我最近好不容易想起來這點，但還是感覺到了一點什麼都不起來的情緒 我想了很久，現在我覺得不想活了，完全不想去工作，不能做任何事，覺得什麼都不值得    如果我真的不行，我覺得我就會被人判斷和背叛，覺得自己完全無助,這,O,O,O,O,O,O,7
893,我最近好不容易想起來這點，但還是感覺到了一點什麼都不起來的情緒 我想了很久，現在我覺得不想活了，完全不想去工作，不能做任何事，覺得什麼都不值得    如果我真的不行，我覺得我就會被人判斷和背叛，覺得自己完全無助,點,O,O,O,O,O,O,8
893,我最近好不容易想起來這點，但還是感覺到了一點什麼都不起來的情緒 我想了很久，現在我覺得不想活了，完全不想去工作，不能做任何事，覺得什麼都不值得    如果我真的不行，我覺得我就會被人判斷和背叛，覺得自己完全無助,，,O,O,O,O,O,O,9
893,我最近好不容易想起來這點，但還是感覺到了一點什麼都不起來的情緒 我想了很久，現在我覺得不想活了，完全不想去工作，不能做任何事，覺得什麼都不值得    如果我真的不行，我覺得我就會被人判斷和背叛，覺得自己完全無助,但,O,O,O,O,O,O,10
893,我最近好不容易想起來這點，但還是感覺到了一點什麼都不起來的情緒 我想了很久，現在我覺得不想活了，完全不想去工作，不能做任何事，覺得什麼都不值得    如果我真的不行，我覺得我就會被人判斷和背叛，覺得自己完全無助,還是,O,O,O,O,O,O,11
893,我最近好不容易想起來這點，但還是感覺到了一點什麼都不起來的情緒 我想了很久，現在我覺得不想活了，完全不想去工作，不能做任何事，覺得什麼都不值得    如果我真的不行，我覺得我就會被人判斷和背叛，覺得自己完全無助,感覺到,O,O,O,O,O,O,12
893,我最近好不容易想起來這點，但還是感覺到了一點什麼都不起來的情緒 我想了很久，現在我覺得不想活了，完全不想去工作，不能做任何事，覺得什麼都不值得    如果我真的不行，我覺得我就會被人判斷和背叛，覺得自己完全無助,了,O,O,O,O,O,O,13
893,我最近好不容易想起來這點，但還是感覺到了一點什麼都不起來的情緒 我想了很久，現在我覺得不想活了，完全不想去工作，不能做任何事，覺得什麼都不值得    如果我真的不行，我覺得我就會被人判斷和背叛，覺得自己完全無助,一點,O,O,O,O,O,O,14
893,我最近好不容易想起來這點，但還是感覺到了一點什麼都不起來的情緒 我想了很久，現在我覺得不想活了，完全不想去工作，不能做任何事，覺得什麼都不值得    如果我真的不行，我覺得我就會被人判斷和背叛，覺得自己完全無助,什麼,O,O,O,O,O,O,15
893,我最近好不容易想起來這點，但還是感覺到了一點什麼都不起來的情緒 我想了很久，現在我覺得不想活了，完全不想去工作，不能做任何事，覺得什麼都不值得    如果我真的不行，我覺得我就會被人判斷和背叛，覺得自己完全無助,都,O,O,O,O,O,O,16
893,我最近好不容易想起來這點，但還是感覺到了一點什麼都不起來的情緒 我想了很久，現在我覺得不想活了，完全不想去工作，不能做任何事，覺得什麼都不值得    如果我真的不行，我覺得我就會被人判斷和背叛，覺得自己完全無助,不起來,O,S-D,S-D,O,S-D,S-D,17
893,我最近好不容易想起來這點，但還是感覺到了一點什麼都不起來的情緒 我想了很久，現在我覺得不想活了，完全不想去工作，不能做任何事，覺得什麼都不值得    如果我真的不行，我覺得我就會被人判斷和背叛，覺得自己完全無助,的,O,O,O,O,O,O,18
893,我最近好不容易想起來這點，但還是感覺到了一點什麼都不起來的情緒 我想了很久，現在我覺得不想活了，完全不想去工作，不能做任何事，覺得什麼都不值得    如果我真的不行，我覺得我就會被人判斷和背叛，覺得自己完全無助,情緒,O,O,O,O,O,O,19
893,我最近好不容易想起來這點，但還是感覺到了一點什麼都不起來的情緒 我想了很久，現在我覺得不想活了，完全不想去工作，不能做任何事，覺得什麼都不值得    如果我真的不行，我覺得我就會被人判斷和背叛，覺得自己完全無助,我,O,O,O,S-D,O,O,20
893,我最近好不容易想起來這點，但還是感覺到了一點什麼都不起來的情緒 我想了很久，現在我覺得不想活了，完全不想去工作，不能做任何事，覺得什麼都不值得    如果我真的不行，我覺得我就會被人判斷和背叛，覺得自己完全無助,想了,O,O,O,O,O,O,21
893,我最近好不容易想起來這點，但還是感覺到了一點什麼都不起來的情緒 我想了很久，現在我覺得不想活了，完全不想去工作，不能做任何事，覺得什麼都不值得    如果我真的不行，我覺得我就會被人判斷和背叛，覺得自己完全無助,很,O,O,O,O,O,O,22
893,我最近好不容易想起來這點，但還是感覺到了一點什麼都不起來的情緒 我想了很久，現在我覺得不想活了，完全不想去工作，不能做任何事，覺得什麼都不值得    如果我真的不行，我覺得我就會被人判斷和背叛，覺得自己完全無助,久,O,O,O,O,O,O,23
893,我最近好不容易想起來這點，但還是感覺到了一點什麼都不起來的情緒 我想了很久，現在我覺得不想活了，完全不想去工作，不能做任何事，覺得什麼都不值得    如果我真的不行，我覺得我就會被人判斷和背叛，覺得自己完全無助,，,O,O,O,O,O,O,24
893,我最近好不容易想起來這點，但還是感覺到了一點什麼都不起來的情緒 我想了很久，現在我覺得不想活了，完全不想去工作，不能做任何事，覺得什麼都不值得    如果我真的不行，我覺得我就會被人判斷和背叛，覺得自己完全無助,現在,O,O,O,O,O,O,25
893,我最近好不容易想起來這點，但還是感覺到了一點什麼都不起來的情緒 我想了很久，現在我覺得不想活了，完全不想去工作，不能做任何事，覺得什麼都不值得    如果我真的不行，我覺得我就會被人判斷和背叛，覺得自己完全無助,我,O,O,O,O,O,O,26
893,我最近好不容易想起來這點，但還是感覺到了一點什麼都不起來的情緒 我想了很久，現在我覺得不想活了，完全不想去工作，不能做任何事，覺得什麼都不值得    如果我真的不行，我覺得我就會被人判斷和背叛，覺得自己完全無助,覺得,O,O,O,O,O,O,27
893,我最近好不容易想起來這點，但還是感覺到了一點什麼都不起來的情緒 我想了很久，現在我覺得不想活了，完全不想去工作，不能做任何事，覺得什麼都不值得    如果我真的不行，我覺得我就會被人判斷和背叛，覺得自己完全無助,不想,B-U,B-U,B-U,O,B-U,B-U,28
893,我最近好不容易想起來這點，但還是感覺到了一點什麼都不起來的情緒 我想了很久，現在我覺得不想活了，完全不想去工作，不能做任何事，覺得什麼都不值得    如果我真的不行，我覺得我就會被人判斷和背叛，覺得自己完全無助,活了,E-U,E-U,E-U,B-U,E-U,E-U,29
893,我最近好不容易想起來這點，但還是感覺到了一點什麼都不起來的情緒 我想了很久，現在我覺得不想活了，完全不想去工作，不能做任何事，覺得什麼都不值得    如果我真的不行，我覺得我就會被人判斷和背叛，覺得自己完全無助,，,O,O,O,E-U,O,O,30
893,我最近好不容易想起來這點，但還是感覺到了一點什麼都不起來的情緒 我想了很久，現在我覺得不想活了，完全不想去工作，不能做任何事，覺得什麼都不值得    如果我真的不行，我覺得我就會被人判斷和背叛，覺得自己完全無助,完全,O,O,O,O,O,O,31
893,我最近好不容易想起來這點，但還是感覺到了一點什麼都不起來的情緒 我想了很久，現在我覺得不想活了，完全不想去工作，不能做任何事，覺得什麼都不值得    如果我真的不行，我覺得我就會被人判斷和背叛，覺得自己完全無助,不想,O,O,O,O,O,O,32
893,我最近好不容易想起來這點，但還是感覺到了一點什麼都不起來的情緒 我想了很久，現在我覺得不想活了，完全不想去工作，不能做任何事，覺得什麼都不值得    如果我真的不行，我覺得我就會被人判斷和背叛，覺得自己完全無助,去,O,O,O,O,O,O,33
893,我最近好不容易想起來這點，但還是感覺到了一點什麼都不起來的情緒 我想了很久，現在我覺得不想活了，完全不想去工作，不能做任何事，覺得什麼都不值得    如果我真的不行，我覺得我就會被人判斷和背叛，覺得自己完全無助,工作,O,O,O,O,O,O,34
893,我最近好不容易想起來這點，但還是感覺到了一點什麼都不起來的情緒 我想了很久，現在我覺得不想活了，完全不想去工作，不能做任何事，覺得什麼都不值得    如果我真的不行，我覺得我就會被人判斷和背叛，覺得自己完全無助,，,O,O,O,O,O,O,35
893,我最近好不容易想起來這點，但還是感覺到了一點什麼都不起來的情緒 我想了很久，現在我覺得不想活了，完全不想去工作，不能做任何事，覺得什麼都不值得    如果我真的不行，我覺得我就會被人判斷和背叛，覺得自己完全無助,不能,O,O,O,O,O,O,36
893,我最近好不容易想起來這點，但還是感覺到了一點什麼都不起來的情緒 我想了很久，現在我覺得不想活了，完全不想去工作，不能做任何事，覺得什麼都不值得    如果我真的不行，我覺得我就會被人判斷和背叛，覺得自己完全無助,做,O,O,O,O,O,O,37
893,我最近好不容易想起來這點，但還是感覺到了一點什麼都不起來的情緒 我想了很久，現在我覺得不想活了，完全不想去工作，不能做任何事，覺得什麼都不值得    如果我真的不行，我覺得我就會被人判斷和背叛，覺得自己完全無助,任何,O,O,O,O,O,O,38
893,我最近好不容易想起來這點，但還是感覺到了一點什麼都不起來的情緒 我想了很久，現在我覺得不想活了，完全不想去工作，不能做任何事，覺得什麼都不值得    如果我真的不行，我覺得我就會被人判斷和背叛，覺得自己完全無助,事,O,O,O,O,O,O,39
893,我最近好不容易想起來這點，但還是感覺到了一點什麼都不起來的情緒 我想了很久，現在我覺得不想活了，完全不想去工作，不能做任何事，覺得什麼都不值得    如果我真的不行，我覺得我就會被人判斷和背叛，覺得自己完全無助,，,O,O,O,O,O,O,40
893,我最近好不容易想起來這點，但還是感覺到了一點什麼都不起來的情緒 我想了很久，現在我覺得不想活了，完全不想去工作，不能做任何事，覺得什麼都不值得    如果我真的不行，我覺得我就會被人判斷和背叛，覺得自己完全無助,覺得,O,O,O,O,O,O,41
893,我最近好不容易想起來這點，但還是感覺到了一點什麼都不起來的情緒 我想了很久，現在我覺得不想活了，完全不想去工作，不能做任何事，覺得什麼都不值得    如果我真的不行，我覺得我就會被人判斷和背叛，覺得自己完全無助,什麼,O,O,O,O,O,O,42
893,我最近好不容易想起來這點，但還是感覺到了一點什麼都不起來的情緒 我想了很久，現在我覺得不想活了，完全不想去工作，不能做任何事，覺得什麼都不值得    如果我真的不行，我覺得我就會被人判斷和背叛，覺得自己完全無助,都,O,O,O,O,O,O,43
893,我最近好不容易想起來這點，但還是感覺到了一點什麼都不起來的情緒 我想了很久，現在我覺得不想活了，完全不想去工作，不能做任何事，覺得什麼都不值得    如果我真的不行，我覺得我就會被人判斷和背叛，覺得自己完全無助,不值得,S-W,S-W,S-W,O,S-W,S-D,44
893,我最近好不容易想起來這點，但還是感覺到了一點什麼都不起來的情緒 我想了很久，現在我覺得不想活了，完全不想去工作，不能做任何事，覺得什麼都不值得    如果我真的不行，我覺得我就會被人判斷和背叛，覺得自己完全無助,O,O,O,O,S-W,O,O,45
893,我最近好不容易想起來這點，但還是感覺到了一點什麼都不起來的情緒 我想了很久，現在我覺得不想活了，完全不想去工作，不能做任何事，覺得什麼都不值得    如果我真的不行，我覺得我就會被人判斷和背叛，覺得自己完全無助,如果,O,O,O,O,O,O,46
893,我最近好不容易想起來這點，但還是感覺到了一點什麼都不起來的情緒 我想了很久，現在我覺得不想活了，完全不想去工作，不能做任何事，覺得什麼都不值得    如果我真的不行，我覺得我就會被人判斷和背叛，覺得自己完全無助,我,O,O,O,O,O,O,47
893,我最近好不容易想起來這點，但還是感覺到了一點什麼都不起來的情緒 我想了很久，現在我覺得不想活了，完全不想去工作，不能做任何事，覺得什麼都不值得    如果我真的不行，我覺得我就會被人判斷和背叛，覺得自己完全無助,真的,O,O,O,O,O,O,48
893,我最近好不容易想起來這點，但還是感覺到了一點什麼都不起來的情緒 我想了很久，現在我覺得不想活了，完全不想去工作，不能做任何事，覺得什麼都不值得    如果我真的不行，我覺得我就會被人判斷和背叛，覺得自己完全無助,不行,O,O,O,O,O,O,49
893,我最近好不容易想起來這點，但還是感覺到了一點什麼都不起來的情緒 我想了很久，現在我覺得不想活了，完全不想去工作，不能做任何事，覺得什麼都不值得    如果我真的不行，我覺得我就會被人判斷和背叛，覺得自己完全無助,，,O,O,O,O,O,O,50
893,我最近好不容易想起來這點，但還是感覺到了一點什麼都不起來的情緒 我想了很久，現在我覺得不想活了，完全不想去工作，不能做任何事，覺得什麼都不值得    如果我真的不行，我覺得我就會被人判斷和背叛，覺得自己完全無助,我,O,O,O,O,O,O,51
893,我最近好不容易想起來這點，但還是感覺到了一點什麼都不起來的情緒 我想了很久，現在我覺得不想活了，完全不想去工作，不能做任何事，覺得什麼都不值得    如果我真的不行，我覺得我就會被人判斷和背叛，覺得自己完全無助,覺得,O,O,O,O,O,O,52
893,我最近好不容易想起來這點，但還是感覺到了一點什麼都不起來的情緒 我想了很久，現在我覺得不想活了，完全不想去工作，不能做任何事，覺得什麼都不值得    如果我真的不行，我覺得我就會被人判斷和背叛，覺得自己完全無助,我,O,O,O,O,O,O,53
893,我最近好不容易想起來這點，但還是感覺到了一點什麼都不起來的情緒 我想了很久，現在我覺得不想活了，完全不想去工作，不能做任何事，覺得什麼都不值得    如果我真的不行，我覺得我就會被人判斷和背叛，覺得自己完全無助,就,O,O,O,O,O,O,54
893,我最近好不容易想起來這點，但還是感覺到了一點什麼都不起來的情緒 我想了很久，現在我覺得不想活了，完全不想去工作，不能做任何事，覺得什麼都不值得    如果我真的不行，我覺得我就會被人判斷和背叛，覺得自己完全無助,會,O,O,O,O,O,O,55
893,我最近好不容易想起來這點，但還是感覺到了一點什麼都不起來的情緒 我想了很久，現在我覺得不想活了，完全不想去工作，不能做任何事，覺得什麼都不值得    如果我真的不行，我覺得我就會被人判斷和背叛，覺得自己完全無助,被,O,O,O,O,O,O,56
893,我最近好不容易想起來這點，但還是感覺到了一點什麼都不起來的情緒 我想了很久，現在我覺得不想活了，完全不想去工作，不能做任何事，覺得什麼都不值得    如果我真的不行，我覺得我就會被人判斷和背叛，覺得自己完全無助,人,O,O,O,O,O,O,57
893,我最近好不容易想起來這點，但還是感覺到了一點什麼都不起來的情緒 我想了很久，現在我覺得不想活了，完全不想去工作，不能做任何事，覺得什麼都不值得    如果我真的不行，我覺得我就會被人判斷和背叛，覺得自己完全無助,判斷,O,O,O,O,O,O,58
893,我最近好不容易想起來這點，但還是感覺到了一點什麼都不起來的情緒 我想了很久，現在我覺得不想活了，完全不想去工作，不能做任何事，覺得什麼都不值得    如果我真的不行，我覺得我就會被人判斷和背叛，覺得自己完全無助,和,O,O,O,O,O,O,59
893,我最近好不容易想起來這點，但還是感覺到了一點什麼都不起來的情緒 我想了很久，現在我覺得不想活了，完全不想去工作，不能做任何事，覺得什麼都不值得    如果我真的不行，我覺得我就會被人判斷和背叛，覺得自己完全無助,背叛,O,O,O,O,O,O,60
893,我最近好不容易想起來這點，但還是感覺到了一點什麼都不起來的情緒 我想了很久，現在我覺得不想活了，完全不想去工作，不能做任何事，覺得什麼都不值得    如果我真的不行，我覺得我就會被人判斷和背叛，覺得自己完全無助,，,O,O,O,O,O,O,61
893,我最近好不容易想起來這點，但還是感覺到了一點什麼都不起來的情緒 我想了很久，現在我覺得不想活了，完全不想去工作，不能做任何事，覺得什麼都不值得    如果我真的不行，我覺得我就會被人判斷和背叛，覺得自己完全無助,覺得,O,O,O,O,O,O,62
893,我最近好不容易想起來這點，但還是感覺到了一點什麼都不起來的情緒 我想了很久，現在我覺得不想活了，完全不想去工作，不能做任何事，覺得什麼都不值得    如果我真的不行，我覺得我就會被人判斷和背叛，覺得自己完全無助,自己,O,O,O,O,O,O,63
893,我最近好不容易想起來這點，但還是感覺到了一點什麼都不起來的情緒 我想了很久，現在我覺得不想活了，完全不想去工作，不能做任何事，覺得什麼都不值得    如果我真的不行，我覺得我就會被人判斷和背叛，覺得自己完全無助,完全,O,O,O,O,O,O,64
893,我最近好不容易想起來這點，但還是感覺到了一點什麼都不起來的情緒 我想了很久，現在我覺得不想活了，完全不想去工作，不能做任何事，覺得什麼都不值得    如果我真的不行，我覺得我就會被人判斷和背叛，覺得自己完全無助,無助,S-W,S-W,S-W,O,S-W,S-W,65
894,我的治療變得太好了？實在不太好地感受到，原本就缺乏自主感，而治療又把它給了我。不斷追蹤完美主義，覺得每一天都有新的挑戰而無法得以享受  我們都在為什麼要追求完美？  我們所有的美好都被過度完美的期待所摧壞  我不再享受,我的,O,O,O,O,O,O,1
894,我的治療變得太好了？實在不太好地感受到，原本就缺乏自主感，而治療又把它給了我。不斷追蹤完美主義，覺得每一天都有新的挑戰而無法得以享受  我們都在為什麼要追求完美？  我們所有的美好都被過度完美的期待所摧壞  我不再享受,治療,O,O,O,O,O,O,2
894,我的治療變得太好了？實在不太好地感受到，原本就缺乏自主感，而治療又把它給了我。不斷追蹤完美主義，覺得每一天都有新的挑戰而無法得以享受  我們都在為什麼要追求完美？  我們所有的美好都被過度完美的期待所摧壞  我不再享受,變得,O,O,O,O,O,O,3
894,我的治療變得太好了？實在不太好地感受到，原本就缺乏自主感，而治療又把它給了我。不斷追蹤完美主義，覺得每一天都有新的挑戰而無法得以享受  我們都在為什麼要追求完美？  我們所有的美好都被過度完美的期待所摧壞  我不再享受,太,O,O,O,O,O,O,4
894,我的治療變得太好了？實在不太好地感受到，原本就缺乏自主感，而治療又把它給了我。不斷追蹤完美主義，覺得每一天都有新的挑戰而無法得以享受  我們都在為什麼要追求完美？  我們所有的美好都被過度完美的期待所摧壞  我不再享受,好,O,O,O,O,O,O,5
894,我的治療變得太好了？實在不太好地感受到，原本就缺乏自主感，而治療又把它給了我。不斷追蹤完美主義，覺得每一天都有新的挑戰而無法得以享受  我們都在為什麼要追求完美？  我們所有的美好都被過度完美的期待所摧壞  我不再享受,了,O,O,O,O,O,O,6
894,我的治療變得太好了？實在不太好地感受到，原本就缺乏自主感，而治療又把它給了我。不斷追蹤完美主義，覺得每一天都有新的挑戰而無法得以享受  我們都在為什麼要追求完美？  我們所有的美好都被過度完美的期待所摧壞  我不再享受,？,O,O,O,O,O,O,7
894,我的治療變得太好了？實在不太好地感受到，原本就缺乏自主感，而治療又把它給了我。不斷追蹤完美主義，覺得每一天都有新的挑戰而無法得以享受  我們都在為什麼要追求完美？  我們所有的美好都被過度完美的期待所摧壞  我不再享受,實在,O,O,O,O,O,O,8
894,我的治療變得太好了？實在不太好地感受到，原本就缺乏自主感，而治療又把它給了我。不斷追蹤完美主義，覺得每一天都有新的挑戰而無法得以享受  我們都在為什麼要追求完美？  我們所有的美好都被過度完美的期待所摧壞  我不再享受,不,O,O,O,O,O,O,9
894,我的治療變得太好了？實在不太好地感受到，原本就缺乏自主感，而治療又把它給了我。不斷追蹤完美主義，覺得每一天都有新的挑戰而無法得以享受  我們都在為什麼要追求完美？  我們所有的美好都被過度完美的期待所摧壞  我不再享受,太,O,O,O,O,O,O,10
894,我的治療變得太好了？實在不太好地感受到，原本就缺乏自主感，而治療又把它給了我。不斷追蹤完美主義，覺得每一天都有新的挑戰而無法得以享受  我們都在為什麼要追求完美？  我們所有的美好都被過度完美的期待所摧壞  我不再享受,好,O,O,O,O,O,O,11
894,我的治療變得太好了？實在不太好地感受到，原本就缺乏自主感，而治療又把它給了我。不斷追蹤完美主義，覺得每一天都有新的挑戰而無法得以享受  我們都在為什麼要追求完美？  我們所有的美好都被過度完美的期待所摧壞  我不再享受,地,O,O,O,O,O,O,12
894,我的治療變得太好了？實在不太好地感受到，原本就缺乏自主感，而治療又把它給了我。不斷追蹤完美主義，覺得每一天都有新的挑戰而無法得以享受  我們都在為什麼要追求完美？  我們所有的美好都被過度完美的期待所摧壞  我不再享受,感受到,O,O,O,O,O,O,13
894,我的治療變得太好了？實在不太好地感受到，原本就缺乏自主感，而治療又把它給了我。不斷追蹤完美主義，覺得每一天都有新的挑戰而無法得以享受  我們都在為什麼要追求完美？  我們所有的美好都被過度完美的期待所摧壞  我不再享受,，,O,O,O,O,O,O,14
894,我的治療變得太好了？實在不太好地感受到，原本就缺乏自主感，而治療又把它給了我。不斷追蹤完美主義，覺得每一天都有新的挑戰而無法得以享受  我們都在為什麼要追求完美？  我們所有的美好都被過度完美的期待所摧壞  我不再享受,原本,O,O,O,O,O,O,15
894,我的治療變得太好了？實在不太好地感受到，原本就缺乏自主感，而治療又把它給了我。不斷追蹤完美主義，覺得每一天都有新的挑戰而無法得以享受  我們都在為什麼要追求完美？  我們所有的美好都被過度完美的期待所摧壞  我不再享受,就,O,O,O,O,O,O,16
894,我的治療變得太好了？實在不太好地感受到，原本就缺乏自主感，而治療又把它給了我。不斷追蹤完美主義，覺得每一天都有新的挑戰而無法得以享受  我們都在為什麼要追求完美？  我們所有的美好都被過度完美的期待所摧壞  我不再享受,缺乏,O,O,O,O,O,O,17
894,我的治療變得太好了？實在不太好地感受到，原本就缺乏自主感，而治療又把它給了我。不斷追蹤完美主義，覺得每一天都有新的挑戰而無法得以享受  我們都在為什麼要追求完美？  我們所有的美好都被過度完美的期待所摧壞  我不再享受,自主感,S-W,S-W,S-W,S-W,S-W,S-W,18
894,我的治療變得太好了？實在不太好地感受到，原本就缺乏自主感，而治療又把它給了我。不斷追蹤完美主義，覺得每一天都有新的挑戰而無法得以享受  我們都在為什麼要追求完美？  我們所有的美好都被過度完美的期待所摧壞  我不再享受,，,O,O,O,O,O,O,19
894,我的治療變得太好了？實在不太好地感受到，原本就缺乏自主感，而治療又把它給了我。不斷追蹤完美主義，覺得每一天都有新的挑戰而無法得以享受  我們都在為什麼要追求完美？  我們所有的美好都被過度完美的期待所摧壞  我不再享受,而,O,O,O,O,O,O,20
894,我的治療變得太好了？實在不太好地感受到，原本就缺乏自主感，而治療又把它給了我。不斷追蹤完美主義，覺得每一天都有新的挑戰而無法得以享受  我們都在為什麼要追求完美？  我們所有的美好都被過度完美的期待所摧壞  我不再享受,治療,O,O,O,O,O,O,21
894,我的治療變得太好了？實在不太好地感受到，原本就缺乏自主感，而治療又把它給了我。不斷追蹤完美主義，覺得每一天都有新的挑戰而無法得以享受  我們都在為什麼要追求完美？  我們所有的美好都被過度完美的期待所摧壞  我不再享受,又,O,O,O,O,O,O,22
894,我的治療變得太好了？實在不太好地感受到，原本就缺乏自主感，而治療又把它給了我。不斷追蹤完美主義，覺得每一天都有新的挑戰而無法得以享受  我們都在為什麼要追求完美？  我們所有的美好都被過度完美的期待所摧壞  我不再享受,把,O,O,O,O,O,O,23
894,我的治療變得太好了？實在不太好地感受到，原本就缺乏自主感，而治療又把它給了我。不斷追蹤完美主義，覺得每一天都有新的挑戰而無法得以享受  我們都在為什麼要追求完美？  我們所有的美好都被過度完美的期待所摧壞  我不再享受,它,O,O,O,O,O,O,24
894,我的治療變得太好了？實在不太好地感受到，原本就缺乏自主感，而治療又把它給了我。不斷追蹤完美主義，覺得每一天都有新的挑戰而無法得以享受  我們都在為什麼要追求完美？  我們所有的美好都被過度完美的期待所摧壞  我不再享受,給了,O,O,O,O,O,O,25
894,我的治療變得太好了？實在不太好地感受到，原本就缺乏自主感，而治療又把它給了我。不斷追蹤完美主義，覺得每一天都有新的挑戰而無法得以享受  我們都在為什麼要追求完美？  我們所有的美好都被過度完美的期待所摧壞  我不再享受,我,O,O,O,O,O,O,26
894,我的治療變得太好了？實在不太好地感受到，原本就缺乏自主感，而治療又把它給了我。不斷追蹤完美主義，覺得每一天都有新的挑戰而無法得以享受  我們都在為什麼要追求完美？  我們所有的美好都被過度完美的期待所摧壞  我不再享受,。,O,O,O,O,O,O,27
894,我的治療變得太好了？實在不太好地感受到，原本就缺乏自主感，而治療又把它給了我。不斷追蹤完美主義，覺得每一天都有新的挑戰而無法得以享受  我們都在為什麼要追求完美？  我們所有的美好都被過度完美的期待所摧壞  我不再享受,不斷,O,O,O,O,O,O,28
894,我的治療變得太好了？實在不太好地感受到，原本就缺乏自主感，而治療又把它給了我。不斷追蹤完美主義，覺得每一天都有新的挑戰而無法得以享受  我們都在為什麼要追求完美？  我們所有的美好都被過度完美的期待所摧壞  我不再享受,追蹤,O,O,O,O,O,O,29
894,我的治療變得太好了？實在不太好地感受到，原本就缺乏自主感，而治療又把它給了我。不斷追蹤完美主義，覺得每一天都有新的挑戰而無法得以享受  我們都在為什麼要追求完美？  我們所有的美好都被過度完美的期待所摧壞  我不再享受,完美主義,O,S-W,S-D,O,S-W,S-W,30
894,我的治療變得太好了？實在不太好地感受到，原本就缺乏自主感，而治療又把它給了我。不斷追蹤完美主義，覺得每一天都有新的挑戰而無法得以享受  我們都在為什麼要追求完美？  我們所有的美好都被過度完美的期待所摧壞  我不再享受,，,O,O,O,O,O,O,31
894,我的治療變得太好了？實在不太好地感受到，原本就缺乏自主感，而治療又把它給了我。不斷追蹤完美主義，覺得每一天都有新的挑戰而無法得以享受  我們都在為什麼要追求完美？  我們所有的美好都被過度完美的期待所摧壞  我不再享受,覺得,O,O,O,O,O,O,32
894,我的治療變得太好了？實在不太好地感受到，原本就缺乏自主感，而治療又把它給了我。不斷追蹤完美主義，覺得每一天都有新的挑戰而無法得以享受  我們都在為什麼要追求完美？  我們所有的美好都被過度完美的期待所摧壞  我不再享受,每,O,O,O,O,O,O,33
894,我的治療變得太好了？實在不太好地感受到，原本就缺乏自主感，而治療又把它給了我。不斷追蹤完美主義，覺得每一天都有新的挑戰而無法得以享受  我們都在為什麼要追求完美？  我們所有的美好都被過度完美的期待所摧壞  我不再享受,一天,O,O,O,O,O,O,34
894,我的治療變得太好了？實在不太好地感受到，原本就缺乏自主感，而治療又把它給了我。不斷追蹤完美主義，覺得每一天都有新的挑戰而無法得以享受  我們都在為什麼要追求完美？  我們所有的美好都被過度完美的期待所摧壞  我不再享受,都,O,O,O,O,O,O,35
894,我的治療變得太好了？實在不太好地感受到，原本就缺乏自主感，而治療又把它給了我。不斷追蹤完美主義，覺得每一天都有新的挑戰而無法得以享受  我們都在為什麼要追求完美？  我們所有的美好都被過度完美的期待所摧壞  我不再享受,有,O,O,O,O,O,O,36
894,我的治療變得太好了？實在不太好地感受到，原本就缺乏自主感，而治療又把它給了我。不斷追蹤完美主義，覺得每一天都有新的挑戰而無法得以享受  我們都在為什麼要追求完美？  我們所有的美好都被過度完美的期待所摧壞  我不再享受,新的,O,O,O,O,O,O,37
894,我的治療變得太好了？實在不太好地感受到，原本就缺乏自主感，而治療又把它給了我。不斷追蹤完美主義，覺得每一天都有新的挑戰而無法得以享受  我們都在為什麼要追求完美？  我們所有的美好都被過度完美的期待所摧壞  我不再享受,挑戰,O,O,O,O,O,O,38
894,我的治療變得太好了？實在不太好地感受到，原本就缺乏自主感，而治療又把它給了我。不斷追蹤完美主義，覺得每一天都有新的挑戰而無法得以享受  我們都在為什麼要追求完美？  我們所有的美好都被過度完美的期待所摧壞  我不再享受,而,O,O,O,O,O,O,39
894,我的治療變得太好了？實在不太好地感受到，原本就缺乏自主感，而治療又把它給了我。不斷追蹤完美主義，覺得每一天都有新的挑戰而無法得以享受  我們都在為什麼要追求完美？  我們所有的美好都被過度完美的期待所摧壞  我不再享受,無法,B-D,B-D,B-D,B-D,B-D,B-D,40
894,我的治療變得太好了？實在不太好地感受到，原本就缺乏自主感，而治療又把它給了我。不斷追蹤完美主義，覺得每一天都有新的挑戰而無法得以享受  我們都在為什麼要追求完美？  我們所有的美好都被過度完美的期待所摧壞  我不再享受,得以,E-D,E-D,E-D,E-D,E-D,E-D,41
894,我的治療變得太好了？實在不太好地感受到，原本就缺乏自主感，而治療又把它給了我。不斷追蹤完美主義，覺得每一天都有新的挑戰而無法得以享受  我們都在為什麼要追求完美？  我們所有的美好都被過度完美的期待所摧壞  我不再享受,享受,O,S-D,S-A,S-D,S-D,S-D,42
894,我的治療變得太好了？實在不太好地感受到，原本就缺乏自主感，而治療又把它給了我。不斷追蹤完美主義，覺得每一天都有新的挑戰而無法得以享受  我們都在為什麼要追求完美？  我們所有的美好都被過度完美的期待所摧壞  我不再享受,O,O,O,O,O,O,O,43
894,我的治療變得太好了？實在不太好地感受到，原本就缺乏自主感，而治療又把它給了我。不斷追蹤完美主義，覺得每一天都有新的挑戰而無法得以享受  我們都在為什麼要追求完美？  我們所有的美好都被過度完美的期待所摧壞  我不再享受,我們,O,O,O,O,O,O,44
894,我的治療變得太好了？實在不太好地感受到，原本就缺乏自主感，而治療又把它給了我。不斷追蹤完美主義，覺得每一天都有新的挑戰而無法得以享受  我們都在為什麼要追求完美？  我們所有的美好都被過度完美的期待所摧壞  我不再享受,都,O,O,O,O,O,O,45
894,我的治療變得太好了？實在不太好地感受到，原本就缺乏自主感，而治療又把它給了我。不斷追蹤完美主義，覺得每一天都有新的挑戰而無法得以享受  我們都在為什麼要追求完美？  我們所有的美好都被過度完美的期待所摧壞  我不再享受,在,O,O,O,O,O,O,46
894,我的治療變得太好了？實在不太好地感受到，原本就缺乏自主感，而治療又把它給了我。不斷追蹤完美主義，覺得每一天都有新的挑戰而無法得以享受  我們都在為什麼要追求完美？  我們所有的美好都被過度完美的期待所摧壞  我不再享受,為,O,O,O,O,O,O,47
894,我的治療變得太好了？實在不太好地感受到，原本就缺乏自主感，而治療又把它給了我。不斷追蹤完美主義，覺得每一天都有新的挑戰而無法得以享受  我們都在為什麼要追求完美？  我們所有的美好都被過度完美的期待所摧壞  我不再享受,什麼,O,O,O,O,O,O,48
894,我的治療變得太好了？實在不太好地感受到，原本就缺乏自主感，而治療又把它給了我。不斷追蹤完美主義，覺得每一天都有新的挑戰而無法得以享受  我們都在為什麼要追求完美？  我們所有的美好都被過度完美的期待所摧壞  我不再享受,要,O,O,O,O,O,O,49
894,我的治療變得太好了？實在不太好地感受到，原本就缺乏自主感，而治療又把它給了我。不斷追蹤完美主義，覺得每一天都有新的挑戰而無法得以享受  我們都在為什麼要追求完美？  我們所有的美好都被過度完美的期待所摧壞  我不再享受,追求,O,O,O,O,O,O,50
894,我的治療變得太好了？實在不太好地感受到，原本就缺乏自主感，而治療又把它給了我。不斷追蹤完美主義，覺得每一天都有新的挑戰而無法得以享受  我們都在為什麼要追求完美？  我們所有的美好都被過度完美的期待所摧壞  我不再享受,完美,O,O,O,O,O,O,51
894,我的治療變得太好了？實在不太好地感受到，原本就缺乏自主感，而治療又把它給了我。不斷追蹤完美主義，覺得每一天都有新的挑戰而無法得以享受  我們都在為什麼要追求完美？  我們所有的美好都被過度完美的期待所摧壞  我不再享受,？,O,O,O,O,O,O,52
894,我的治療變得太好了？實在不太好地感受到，原本就缺乏自主感，而治療又把它給了我。不斷追蹤完美主義，覺得每一天都有新的挑戰而無法得以享受  我們都在為什麼要追求完美？  我們所有的美好都被過度完美的期待所摧壞  我不再享受,我們,O,O,O,O,O,O,53
894,我的治療變得太好了？實在不太好地感受到，原本就缺乏自主感，而治療又把它給了我。不斷追蹤完美主義，覺得每一天都有新的挑戰而無法得以享受  我們都在為什麼要追求完美？  我們所有的美好都被過度完美的期待所摧壞  我不再享受,所有,O,O,O,O,O,O,54
894,我的治療變得太好了？實在不太好地感受到，原本就缺乏自主感，而治療又把它給了我。不斷追蹤完美主義，覺得每一天都有新的挑戰而無法得以享受  我們都在為什麼要追求完美？  我們所有的美好都被過度完美的期待所摧壞  我不再享受,的,O,O,O,O,O,O,55
894,我的治療變得太好了？實在不太好地感受到，原本就缺乏自主感，而治療又把它給了我。不斷追蹤完美主義，覺得每一天都有新的挑戰而無法得以享受  我們都在為什麼要追求完美？  我們所有的美好都被過度完美的期待所摧壞  我不再享受,美好,O,O,O,O,O,O,56
894,我的治療變得太好了？實在不太好地感受到，原本就缺乏自主感，而治療又把它給了我。不斷追蹤完美主義，覺得每一天都有新的挑戰而無法得以享受  我們都在為什麼要追求完美？  我們所有的美好都被過度完美的期待所摧壞  我不再享受,都,O,O,O,O,O,O,57
894,我的治療變得太好了？實在不太好地感受到，原本就缺乏自主感，而治療又把它給了我。不斷追蹤完美主義，覺得每一天都有新的挑戰而無法得以享受  我們都在為什麼要追求完美？  我們所有的美好都被過度完美的期待所摧壞  我不再享受,被,O,O,O,O,O,O,58
894,我的治療變得太好了？實在不太好地感受到，原本就缺乏自主感，而治療又把它給了我。不斷追蹤完美主義，覺得每一天都有新的挑戰而無法得以享受  我們都在為什麼要追求完美？  我們所有的美好都被過度完美的期待所摧壞  我不再享受,過度,O,O,O,O,O,O,59
894,我的治療變得太好了？實在不太好地感受到，原本就缺乏自主感，而治療又把它給了我。不斷追蹤完美主義，覺得每一天都有新的挑戰而無法得以享受  我們都在為什麼要追求完美？  我們所有的美好都被過度完美的期待所摧壞  我不再享受,完美,O,O,O,O,O,O,60
894,我的治療變得太好了？實在不太好地感受到，原本就缺乏自主感，而治療又把它給了我。不斷追蹤完美主義，覺得每一天都有新的挑戰而無法得以享受  我們都在為什麼要追求完美？  我們所有的美好都被過度完美的期待所摧壞  我不再享受,的,O,O,O,O,O,O,61
894,我的治療變得太好了？實在不太好地感受到，原本就缺乏自主感，而治療又把它給了我。不斷追蹤完美主義，覺得每一天都有新的挑戰而無法得以享受  我們都在為什麼要追求完美？  我們所有的美好都被過度完美的期待所摧壞  我不再享受,期待,O,O,O,O,O,O,62
894,我的治療變得太好了？實在不太好地感受到，原本就缺乏自主感，而治療又把它給了我。不斷追蹤完美主義，覺得每一天都有新的挑戰而無法得以享受  我們都在為什麼要追求完美？  我們所有的美好都被過度完美的期待所摧壞  我不再享受,所,O,O,O,O,O,O,63
894,我的治療變得太好了？實在不太好地感受到，原本就缺乏自主感，而治療又把它給了我。不斷追蹤完美主義，覺得每一天都有新的挑戰而無法得以享受  我們都在為什麼要追求完美？  我們所有的美好都被過度完美的期待所摧壞  我不再享受,摧壞,O,S-D,O,O,S-D,O,64
894,我的治療變得太好了？實在不太好地感受到，原本就缺乏自主感，而治療又把它給了我。不斷追蹤完美主義，覺得每一天都有新的挑戰而無法得以享受  我們都在為什麼要追求完美？  我們所有的美好都被過度完美的期待所摧壞  我不再享受,O,O,O,S-D,S-D,O,S-D,65
894,我的治療變得太好了？實在不太好地感受到，原本就缺乏自主感，而治療又把它給了我。不斷追蹤完美主義，覺得每一天都有新的挑戰而無法得以享受  我們都在為什麼要追求完美？  我們所有的美好都被過度完美的期待所摧壞  我不再享受,我,O,O,O,O,O,O,66
894,我的治療變得太好了？實在不太好地感受到，原本就缺乏自主感，而治療又把它給了我。不斷追蹤完美主義，覺得每一天都有新的挑戰而無法得以享受  我們都在為什麼要追求完美？  我們所有的美好都被過度完美的期待所摧壞  我不再享受,不,B-A,O,O,O,O,O,67
894,我的治療變得太好了？實在不太好地感受到，原本就缺乏自主感，而治療又把它給了我。不斷追蹤完美主義，覺得每一天都有新的挑戰而無法得以享受  我們都在為什麼要追求完美？  我們所有的美好都被過度完美的期待所摧壞  我不再享受,再,M-A,O,O,O,O,O,68
894,我的治療變得太好了？實在不太好地感受到，原本就缺乏自主感，而治療又把它給了我。不斷追蹤完美主義，覺得每一天都有新的挑戰而無法得以享受  我們都在為什麼要追求完美？  我們所有的美好都被過度完美的期待所摧壞  我不再享受,享受,E-A,S-D,O,O,S-D,O,69
895,今天又是一天，無力地開啟電腦，想處理這支工作的報告，卻因為無能為力而瘫瘫不前 。我真的感到自己是個失敗者，無法承受這樣的壓力 。不管是工作還是生活，整天都是自責感和罪惡感,今天,O,O,O,O,O,O,1
895,今天又是一天，無力地開啟電腦，想處理這支工作的報告，卻因為無能為力而瘫瘫不前 。我真的感到自己是個失敗者，無法承受這樣的壓力 。不管是工作還是生活，整天都是自責感和罪惡感,又,O,O,O,O,O,O,2
895,今天又是一天，無力地開啟電腦，想處理這支工作的報告，卻因為無能為力而瘫瘫不前 。我真的感到自己是個失敗者，無法承受這樣的壓力 。不管是工作還是生活，整天都是自責感和罪惡感,是,O,O,O,O,O,O,3
895,今天又是一天，無力地開啟電腦，想處理這支工作的報告，卻因為無能為力而瘫瘫不前 。我真的感到自己是個失敗者，無法承受這樣的壓力 。不管是工作還是生活，整天都是自責感和罪惡感,一天,O,O,O,O,O,O,4
895,今天又是一天，無力地開啟電腦，想處理這支工作的報告，卻因為無能為力而瘫瘫不前 。我真的感到自己是個失敗者，無法承受這樣的壓力 。不管是工作還是生活，整天都是自責感和罪惡感,，,O,O,O,O,O,O,5
895,今天又是一天，無力地開啟電腦，想處理這支工作的報告，卻因為無能為力而瘫瘫不前 。我真的感到自己是個失敗者，無法承受這樣的壓力 。不管是工作還是生活，整天都是自責感和罪惡感,無力地,B-W,B-W,B-W,B-W,B-W,B-W,6
895,今天又是一天，無力地開啟電腦，想處理這支工作的報告，卻因為無能為力而瘫瘫不前 。我真的感到自己是個失敗者，無法承受這樣的壓力 。不管是工作還是生活，整天都是自責感和罪惡感,開啟,E-W,E-W,E-W,E-W,E-W,E-W,7
895,今天又是一天，無力地開啟電腦，想處理這支工作的報告，卻因為無能為力而瘫瘫不前 。我真的感到自己是個失敗者，無法承受這樣的壓力 。不管是工作還是生活，整天都是自責感和罪惡感,電腦,O,O,O,O,O,O,8
895,今天又是一天，無力地開啟電腦，想處理這支工作的報告，卻因為無能為力而瘫瘫不前 。我真的感到自己是個失敗者，無法承受這樣的壓力 。不管是工作還是生活，整天都是自責感和罪惡感,，,O,O,O,O,O,O,9
895,今天又是一天，無力地開啟電腦，想處理這支工作的報告，卻因為無能為力而瘫瘫不前 。我真的感到自己是個失敗者，無法承受這樣的壓力 。不管是工作還是生活，整天都是自責感和罪惡感,想,O,O,O,O,O,O,10
895,今天又是一天，無力地開啟電腦，想處理這支工作的報告，卻因為無能為力而瘫瘫不前 。我真的感到自己是個失敗者，無法承受這樣的壓力 。不管是工作還是生活，整天都是自責感和罪惡感,處理,O,O,O,O,O,O,11
895,今天又是一天，無力地開啟電腦，想處理這支工作的報告，卻因為無能為力而瘫瘫不前 。我真的感到自己是個失敗者，無法承受這樣的壓力 。不管是工作還是生活，整天都是自責感和罪惡感,這,O,O,O,O,O,O,12
895,今天又是一天，無力地開啟電腦，想處理這支工作的報告，卻因為無能為力而瘫瘫不前 。我真的感到自己是個失敗者，無法承受這樣的壓力 。不管是工作還是生活，整天都是自責感和罪惡感,支,O,O,O,O,O,O,13
895,今天又是一天，無力地開啟電腦，想處理這支工作的報告，卻因為無能為力而瘫瘫不前 。我真的感到自己是個失敗者，無法承受這樣的壓力 。不管是工作還是生活，整天都是自責感和罪惡感,工作的,O,O,O,O,O,O,14
895,今天又是一天，無力地開啟電腦，想處理這支工作的報告，卻因為無能為力而瘫瘫不前 。我真的感到自己是個失敗者，無法承受這樣的壓力 。不管是工作還是生活，整天都是自責感和罪惡感,報告,O,O,O,O,O,O,15
895,今天又是一天，無力地開啟電腦，想處理這支工作的報告，卻因為無能為力而瘫瘫不前 。我真的感到自己是個失敗者，無法承受這樣的壓力 。不管是工作還是生活，整天都是自責感和罪惡感,，,O,O,O,O,O,O,16
895,今天又是一天，無力地開啟電腦，想處理這支工作的報告，卻因為無能為力而瘫瘫不前 。我真的感到自己是個失敗者，無法承受這樣的壓力 。不管是工作還是生活，整天都是自責感和罪惡感,卻,O,O,O,O,O,O,17
895,今天又是一天，無力地開啟電腦，想處理這支工作的報告，卻因為無能為力而瘫瘫不前 。我真的感到自己是個失敗者，無法承受這樣的壓力 。不管是工作還是生活，整天都是自責感和罪惡感,因為,O,O,O,S-W,O,O,18
895,今天又是一天，無力地開啟電腦，想處理這支工作的報告，卻因為無能為力而瘫瘫不前 。我真的感到自己是個失敗者，無法承受這樣的壓力 。不管是工作還是生活，整天都是自責感和罪惡感,無能為力,S-D,S-W,S-W,O,S-W,S-W,19
895,今天又是一天，無力地開啟電腦，想處理這支工作的報告，卻因為無能為力而瘫瘫不前 。我真的感到自己是個失敗者，無法承受這樣的壓力 。不管是工作還是生活，整天都是自責感和罪惡感,而,O,O,O,S-W,O,O,20
895,今天又是一天，無力地開啟電腦，想處理這支工作的報告，卻因為無能為力而瘫瘫不前 。我真的感到自己是個失敗者，無法承受這樣的壓力 。不管是工作還是生活，整天都是自責感和罪惡感,瘫瘫不前,O,S-W,S-D,O,S-W,S-D,21
895,今天又是一天，無力地開啟電腦，想處理這支工作的報告，卻因為無能為力而瘫瘫不前 。我真的感到自己是個失敗者，無法承受這樣的壓力 。不管是工作還是生活，整天都是自責感和罪惡感,。,O,O,O,O,O,O,22
895,今天又是一天，無力地開啟電腦，想處理這支工作的報告，卻因為無能為力而瘫瘫不前 。我真的感到自己是個失敗者，無法承受這樣的壓力 。不管是工作還是生活，整天都是自責感和罪惡感,我,O,O,O,O,O,O,23
895,今天又是一天，無力地開啟電腦，想處理這支工作的報告，卻因為無能為力而瘫瘫不前 。我真的感到自己是個失敗者，無法承受這樣的壓力 。不管是工作還是生活，整天都是自責感和罪惡感,真的,O,O,O,O,O,O,24
895,今天又是一天，無力地開啟電腦，想處理這支工作的報告，卻因為無能為力而瘫瘫不前 。我真的感到自己是個失敗者，無法承受這樣的壓力 。不管是工作還是生活，整天都是自責感和罪惡感,感到,O,O,O,O,O,O,25
895,今天又是一天，無力地開啟電腦，想處理這支工作的報告，卻因為無能為力而瘫瘫不前 。我真的感到自己是個失敗者，無法承受這樣的壓力 。不管是工作還是生活，整天都是自責感和罪惡感,自己,O,O,O,O,O,O,26
895,今天又是一天，無力地開啟電腦，想處理這支工作的報告，卻因為無能為力而瘫瘫不前 。我真的感到自己是個失敗者，無法承受這樣的壓力 。不管是工作還是生活，整天都是自責感和罪惡感,是,O,O,O,O,O,O,27
895,今天又是一天，無力地開啟電腦，想處理這支工作的報告，卻因為無能為力而瘫瘫不前 。我真的感到自己是個失敗者，無法承受這樣的壓力 。不管是工作還是生活，整天都是自責感和罪惡感,個,O,O,O,S-W,O,O,28
895,今天又是一天，無力地開啟電腦，想處理這支工作的報告，卻因為無能為力而瘫瘫不前 。我真的感到自己是個失敗者，無法承受這樣的壓力 。不管是工作還是生活，整天都是自責感和罪惡感,失敗者,S-W,S-W,S-W,O,S-W,S-W,29
895,今天又是一天，無力地開啟電腦，想處理這支工作的報告，卻因為無能為力而瘫瘫不前 。我真的感到自己是個失敗者，無法承受這樣的壓力 。不管是工作還是生活，整天都是自責感和罪惡感,，,O,O,O,B-W,O,O,30
895,今天又是一天，無力地開啟電腦，想處理這支工作的報告，卻因為無能為力而瘫瘫不前 。我真的感到自己是個失敗者，無法承受這樣的壓力 。不管是工作還是生活，整天都是自責感和罪惡感,無法,B-D,B-D,B-D,E-W,B-D,B-D,31
895,今天又是一天，無力地開啟電腦，想處理這支工作的報告，卻因為無能為力而瘫瘫不前 。我真的感到自己是個失敗者，無法承受這樣的壓力 。不管是工作還是生活，整天都是自責感和罪惡感,承受,E-D,E-D,E-D,O,E-D,E-D,32
895,今天又是一天，無力地開啟電腦，想處理這支工作的報告，卻因為無能為力而瘫瘫不前 。我真的感到自己是個失敗者，無法承受這樣的壓力 。不管是工作還是生活，整天都是自責感和罪惡感,這樣,O,O,O,O,O,O,33
895,今天又是一天，無力地開啟電腦，想處理這支工作的報告，卻因為無能為力而瘫瘫不前 。我真的感到自己是個失敗者，無法承受這樣的壓力 。不管是工作還是生活，整天都是自責感和罪惡感,的,O,O,O,S-W,O,O,34
895,今天又是一天，無力地開啟電腦，想處理這支工作的報告，卻因為無能為力而瘫瘫不前 。我真的感到自己是個失敗者，無法承受這樣的壓力 。不管是工作還是生活，整天都是自責感和罪惡感,壓力,S-D,O,S-D,O,S-D,O,35
895,今天又是一天，無力地開啟電腦，想處理這支工作的報告，卻因為無能為力而瘫瘫不前 。我真的感到自己是個失敗者，無法承受這樣的壓力 。不管是工作還是生活，整天都是自責感和罪惡感,。,O,O,O,O,O,O,36
895,今天又是一天，無力地開啟電腦，想處理這支工作的報告，卻因為無能為力而瘫瘫不前 。我真的感到自己是個失敗者，無法承受這樣的壓力 。不管是工作還是生活，整天都是自責感和罪惡感,不管,O,O,O,O,O,O,37
895,今天又是一天，無力地開啟電腦，想處理這支工作的報告，卻因為無能為力而瘫瘫不前 。我真的感到自己是個失敗者，無法承受這樣的壓力 。不管是工作還是生活，整天都是自責感和罪惡感,是,O,O,O,O,O,O,38
895,今天又是一天，無力地開啟電腦，想處理這支工作的報告，卻因為無能為力而瘫瘫不前 。我真的感到自己是個失敗者，無法承受這樣的壓力 。不管是工作還是生活，整天都是自責感和罪惡感,工作,O,O,O,O,O,O,39
895,今天又是一天，無力地開啟電腦，想處理這支工作的報告，卻因為無能為力而瘫瘫不前 。我真的感到自己是個失敗者，無法承受這樣的壓力 。不管是工作還是生活，整天都是自責感和罪惡感,還是,O,O,O,O,O,O,40
895,今天又是一天，無力地開啟電腦，想處理這支工作的報告，卻因為無能為力而瘫瘫不前 。我真的感到自己是個失敗者，無法承受這樣的壓力 。不管是工作還是生活，整天都是自責感和罪惡感,生活,O,O,O,O,O,O,41
895,今天又是一天，無力地開啟電腦，想處理這支工作的報告，卻因為無能為力而瘫瘫不前 。我真的感到自己是個失敗者，無法承受這樣的壓力 。不管是工作還是生活，整天都是自責感和罪惡感,，,O,O,O,O,O,O,42
895,今天又是一天，無力地開啟電腦，想處理這支工作的報告，卻因為無能為力而瘫瘫不前 。我真的感到自己是個失敗者，無法承受這樣的壓力 。不管是工作還是生活，整天都是自責感和罪惡感,整天,O,O,O,O,O,O,43
895,今天又是一天，無力地開啟電腦，想處理這支工作的報告，卻因為無能為力而瘫瘫不前 。我真的感到自己是個失敗者，無法承受這樣的壓力 。不管是工作還是生活，整天都是自責感和罪惡感,都,O,O,O,O,O,O,44
895,今天又是一天，無力地開啟電腦，想處理這支工作的報告，卻因為無能為力而瘫瘫不前 。我真的感到自己是個失敗者，無法承受這樣的壓力 。不管是工作還是生活，整天都是自責感和罪惡感,是,O,O,O,S-W,O,O,45
895,今天又是一天，無力地開啟電腦，想處理這支工作的報告，卻因為無能為力而瘫瘫不前 。我真的感到自己是個失敗者，無法承受這樣的壓力 。不管是工作還是生活，整天都是自責感和罪惡感,自責感,S-W,S-W,S-W,O,S-W,S-W,46
895,今天又是一天，無力地開啟電腦，想處理這支工作的報告，卻因為無能為力而瘫瘫不前 。我真的感到自己是個失敗者，無法承受這樣的壓力 。不管是工作還是生活，整天都是自責感和罪惡感,和,O,O,O,S-W,O,O,47
895,今天又是一天，無力地開啟電腦，想處理這支工作的報告，卻因為無能為力而瘫瘫不前 。我真的感到自己是個失敗者，無法承受這樣的壓力 。不管是工作還是生活，整天都是自責感和罪惡感,罪惡感,S-W,S-W,S-W,缺失預測,S-W,S-W,48
896,你在這個世界上找到了什麼？我沒有。我不想活了。我需要幫助，我需要愛。我失去了身边最亲愛的人，還無法找到我。,你,O,O,O,O,O,O,1
896,你在這個世界上找到了什麼？我沒有。我不想活了。我需要幫助，我需要愛。我失去了身边最亲愛的人，還無法找到我。,在,O,O,O,O,O,O,2
896,你在這個世界上找到了什麼？我沒有。我不想活了。我需要幫助，我需要愛。我失去了身边最亲愛的人，還無法找到我。,這個,O,O,O,O,O,O,3
896,你在這個世界上找到了什麼？我沒有。我不想活了。我需要幫助，我需要愛。我失去了身边最亲愛的人，還無法找到我。,世界,O,O,O,O,O,O,4
896,你在這個世界上找到了什麼？我沒有。我不想活了。我需要幫助，我需要愛。我失去了身边最亲愛的人，還無法找到我。,上,O,O,O,O,O,O,5
896,你在這個世界上找到了什麼？我沒有。我不想活了。我需要幫助，我需要愛。我失去了身边最亲愛的人，還無法找到我。,找到了,O,O,O,O,O,O,6
896,你在這個世界上找到了什麼？我沒有。我不想活了。我需要幫助，我需要愛。我失去了身边最亲愛的人，還無法找到我。,什麼,O,O,O,O,O,O,7
896,你在這個世界上找到了什麼？我沒有。我不想活了。我需要幫助，我需要愛。我失去了身边最亲愛的人，還無法找到我。,？,O,O,O,O,O,O,8
896,你在這個世界上找到了什麼？我沒有。我不想活了。我需要幫助，我需要愛。我失去了身边最亲愛的人，還無法找到我。,我,O,O,O,O,O,O,9
896,你在這個世界上找到了什麼？我沒有。我不想活了。我需要幫助，我需要愛。我失去了身边最亲愛的人，還無法找到我。,沒有,O,O,O,O,O,O,10
896,你在這個世界上找到了什麼？我沒有。我不想活了。我需要幫助，我需要愛。我失去了身边最亲愛的人，還無法找到我。,。,O,O,O,O,O,O,11
896,你在這個世界上找到了什麼？我沒有。我不想活了。我需要幫助，我需要愛。我失去了身边最亲愛的人，還無法找到我。,我,O,O,O,O,O,O,12
896,你在這個世界上找到了什麼？我沒有。我不想活了。我需要幫助，我需要愛。我失去了身边最亲愛的人，還無法找到我。,不想,B-U,B-U,B-U,B-U,B-U,B-U,13
896,你在這個世界上找到了什麼？我沒有。我不想活了。我需要幫助，我需要愛。我失去了身边最亲愛的人，還無法找到我。,活了,E-U,E-U,E-U,E-U,E-U,E-U,14
896,你在這個世界上找到了什麼？我沒有。我不想活了。我需要幫助，我需要愛。我失去了身边最亲愛的人，還無法找到我。,。,O,O,O,O,O,O,15
896,你在這個世界上找到了什麼？我沒有。我不想活了。我需要幫助，我需要愛。我失去了身边最亲愛的人，還無法找到我。,我,O,O,O,O,O,O,16
896,你在這個世界上找到了什麼？我沒有。我不想活了。我需要幫助，我需要愛。我失去了身边最亲愛的人，還無法找到我。,需要,O,B-W,B-W,O,B-W,B-W,17
896,你在這個世界上找到了什麼？我沒有。我不想活了。我需要幫助，我需要愛。我失去了身边最亲愛的人，還無法找到我。,幫助,O,E-W,E-W,O,E-W,E-W,18
896,你在這個世界上找到了什麼？我沒有。我不想活了。我需要幫助，我需要愛。我失去了身边最亲愛的人，還無法找到我。,，,O,O,O,O,O,O,19
896,你在這個世界上找到了什麼？我沒有。我不想活了。我需要幫助，我需要愛。我失去了身边最亲愛的人，還無法找到我。,我,O,O,O,O,O,O,20
896,你在這個世界上找到了什麼？我沒有。我不想活了。我需要幫助，我需要愛。我失去了身边最亲愛的人，還無法找到我。,需要,O,B-W,B-W,O,B-W,B-W,21
896,你在這個世界上找到了什麼？我沒有。我不想活了。我需要幫助，我需要愛。我失去了身边最亲愛的人，還無法找到我。,愛,O,E-W,E-W,O,E-W,E-W,22
896,你在這個世界上找到了什麼？我沒有。我不想活了。我需要幫助，我需要愛。我失去了身边最亲愛的人，還無法找到我。,。,O,O,O,O,O,O,23
896,你在這個世界上找到了什麼？我沒有。我不想活了。我需要幫助，我需要愛。我失去了身边最亲愛的人，還無法找到我。,我,O,O,O,O,O,O,24
896,你在這個世界上找到了什麼？我沒有。我不想活了。我需要幫助，我需要愛。我失去了身边最亲愛的人，還無法找到我。,失去,O,B-D,B-D,B-W,B-W,B-D,25
896,你在這個世界上找到了什麼？我沒有。我不想活了。我需要幫助，我需要愛。我失去了身边最亲愛的人，還無法找到我。,了,O,M-D,M-D,M-W,M-W,M-D,26
896,你在這個世界上找到了什麼？我沒有。我不想活了。我需要幫助，我需要愛。我失去了身边最亲愛的人，還無法找到我。,身边,O,O,M-D,M-W,M-W,M-D,27
896,你在這個世界上找到了什麼？我沒有。我不想活了。我需要幫助，我需要愛。我失去了身边最亲愛的人，還無法找到我。,最,O,O,E-D,E-W,E-W,E-D,28
896,你在這個世界上找到了什麼？我沒有。我不想活了。我需要幫助，我需要愛。我失去了身边最亲愛的人，還無法找到我。,亲愛,O,O,O,O,O,O,29
896,你在這個世界上找到了什麼？我沒有。我不想活了。我需要幫助，我需要愛。我失去了身边最亲愛的人，還無法找到我。,的,O,O,O,O,O,O,30
896,你在這個世界上找到了什麼？我沒有。我不想活了。我需要幫助，我需要愛。我失去了身边最亲愛的人，還無法找到我。,人,O,O,O,O,O,O,31
896,你在這個世界上找到了什麼？我沒有。我不想活了。我需要幫助，我需要愛。我失去了身边最亲愛的人，還無法找到我。,，,O,O,O,O,O,O,32
896,你在這個世界上找到了什麼？我沒有。我不想活了。我需要幫助，我需要愛。我失去了身边最亲愛的人，還無法找到我。,還,O,O,B-D,B-D,B-D,B-D,33
896,你在這個世界上找到了什麼？我沒有。我不想活了。我需要幫助，我需要愛。我失去了身边最亲愛的人，還無法找到我。,無法,O,B-D,M-D,M-D,M-D,M-D,34
896,你在這個世界上找到了什麼？我沒有。我不想活了。我需要幫助，我需要愛。我失去了身边最亲愛的人，還無法找到我。,找到,E-D,E-D,E-D,E-D,E-D,E-D,35
896,你在這個世界上找到了什麼？我沒有。我不想活了。我需要幫助，我需要愛。我失去了身边最亲愛的人，還無法找到我。,我,O,O,O,O,O,O,36
896,你在這個世界上找到了什麼？我沒有。我不想活了。我需要幫助，我需要愛。我失去了身边最亲愛的人，還無法找到我。,。,O,O,缺失預測,缺失預測,缺失預測,缺失預測,37
897,我們都有時候感到迷失了，像是什麼都沒有興趣，什麼都不再舒服。最近，我們要失去了一個很重要的人，他不再在這裡。 這種空虛中，我們需要自己照顧自己。請讓我們一起在這個黑暗的時光裡找尋一些光芒。 💡 這是個很艱難的路程，但我們一起走，天才也會升起。,我們,O,O,O,O,O,O,1
897,我們都有時候感到迷失了，像是什麼都沒有興趣，什麼都不再舒服。最近，我們要失去了一個很重要的人，他不再在這裡。 這種空虛中，我們需要自己照顧自己。請讓我們一起在這個黑暗的時光裡找尋一些光芒。 💡 這是個很艱難的路程，但我們一起走，天才也會升起。,都,O,O,O,O,O,O,2
897,我們都有時候感到迷失了，像是什麼都沒有興趣，什麼都不再舒服。最近，我們要失去了一個很重要的人，他不再在這裡。 這種空虛中，我們需要自己照顧自己。請讓我們一起在這個黑暗的時光裡找尋一些光芒。 💡 這是個很艱難的路程，但我們一起走，天才也會升起。,有,O,O,O,O,O,O,3
897,我們都有時候感到迷失了，像是什麼都沒有興趣，什麼都不再舒服。最近，我們要失去了一個很重要的人，他不再在這裡。 這種空虛中，我們需要自己照顧自己。請讓我們一起在這個黑暗的時光裡找尋一些光芒。 💡 這是個很艱難的路程，但我們一起走，天才也會升起。,時候,O,O,O,O,O,O,4
897,我們都有時候感到迷失了，像是什麼都沒有興趣，什麼都不再舒服。最近，我們要失去了一個很重要的人，他不再在這裡。 這種空虛中，我們需要自己照顧自己。請讓我們一起在這個黑暗的時光裡找尋一些光芒。 💡 這是個很艱難的路程，但我們一起走，天才也會升起。,感到,O,O,O,O,O,O,5
897,我們都有時候感到迷失了，像是什麼都沒有興趣，什麼都不再舒服。最近，我們要失去了一個很重要的人，他不再在這裡。 這種空虛中，我們需要自己照顧自己。請讓我們一起在這個黑暗的時光裡找尋一些光芒。 💡 這是個很艱難的路程，但我們一起走，天才也會升起。,迷失,S-D,S-D,S-D,S-D,S-D,S-D,6
897,我們都有時候感到迷失了，像是什麼都沒有興趣，什麼都不再舒服。最近，我們要失去了一個很重要的人，他不再在這裡。 這種空虛中，我們需要自己照顧自己。請讓我們一起在這個黑暗的時光裡找尋一些光芒。 💡 這是個很艱難的路程，但我們一起走，天才也會升起。,了,O,O,O,O,O,O,7
897,我們都有時候感到迷失了，像是什麼都沒有興趣，什麼都不再舒服。最近，我們要失去了一個很重要的人，他不再在這裡。 這種空虛中，我們需要自己照顧自己。請讓我們一起在這個黑暗的時光裡找尋一些光芒。 💡 這是個很艱難的路程，但我們一起走，天才也會升起。,，,O,O,O,O,O,O,8
897,我們都有時候感到迷失了，像是什麼都沒有興趣，什麼都不再舒服。最近，我們要失去了一個很重要的人，他不再在這裡。 這種空虛中，我們需要自己照顧自己。請讓我們一起在這個黑暗的時光裡找尋一些光芒。 💡 這是個很艱難的路程，但我們一起走，天才也會升起。,像是,O,O,O,O,O,O,9
897,我們都有時候感到迷失了，像是什麼都沒有興趣，什麼都不再舒服。最近，我們要失去了一個很重要的人，他不再在這裡。 這種空虛中，我們需要自己照顧自己。請讓我們一起在這個黑暗的時光裡找尋一些光芒。 💡 這是個很艱難的路程，但我們一起走，天才也會升起。,什麼,O,O,O,O,O,O,10
897,我們都有時候感到迷失了，像是什麼都沒有興趣，什麼都不再舒服。最近，我們要失去了一個很重要的人，他不再在這裡。 這種空虛中，我們需要自己照顧自己。請讓我們一起在這個黑暗的時光裡找尋一些光芒。 💡 這是個很艱難的路程，但我們一起走，天才也會升起。,都,O,O,O,O,O,O,11
897,我們都有時候感到迷失了，像是什麼都沒有興趣，什麼都不再舒服。最近，我們要失去了一個很重要的人，他不再在這裡。 這種空虛中，我們需要自己照顧自己。請讓我們一起在這個黑暗的時光裡找尋一些光芒。 💡 這是個很艱難的路程，但我們一起走，天才也會升起。,沒有,B-A,O,O,O,O,O,12
897,我們都有時候感到迷失了，像是什麼都沒有興趣，什麼都不再舒服。最近，我們要失去了一個很重要的人，他不再在這裡。 這種空虛中，我們需要自己照顧自己。請讓我們一起在這個黑暗的時光裡找尋一些光芒。 💡 這是個很艱難的路程，但我們一起走，天才也會升起。,興趣,E-A,O,O,O,O,O,13
897,我們都有時候感到迷失了，像是什麼都沒有興趣，什麼都不再舒服。最近，我們要失去了一個很重要的人，他不再在這裡。 這種空虛中，我們需要自己照顧自己。請讓我們一起在這個黑暗的時光裡找尋一些光芒。 💡 這是個很艱難的路程，但我們一起走，天才也會升起。,，,O,O,O,O,O,O,14
897,我們都有時候感到迷失了，像是什麼都沒有興趣，什麼都不再舒服。最近，我們要失去了一個很重要的人，他不再在這裡。 這種空虛中，我們需要自己照顧自己。請讓我們一起在這個黑暗的時光裡找尋一些光芒。 💡 這是個很艱難的路程，但我們一起走，天才也會升起。,什麼,O,O,O,O,O,O,15
897,我們都有時候感到迷失了，像是什麼都沒有興趣，什麼都不再舒服。最近，我們要失去了一個很重要的人，他不再在這裡。 這種空虛中，我們需要自己照顧自己。請讓我們一起在這個黑暗的時光裡找尋一些光芒。 💡 這是個很艱難的路程，但我們一起走，天才也會升起。,都,O,O,O,O,O,O,16
897,我們都有時候感到迷失了，像是什麼都沒有興趣，什麼都不再舒服。最近，我們要失去了一個很重要的人，他不再在這裡。 這種空虛中，我們需要自己照顧自己。請讓我們一起在這個黑暗的時光裡找尋一些光芒。 💡 這是個很艱難的路程，但我們一起走，天才也會升起。,不,O,O,O,O,O,O,17
897,我們都有時候感到迷失了，像是什麼都沒有興趣，什麼都不再舒服。最近，我們要失去了一個很重要的人，他不再在這裡。 這種空虛中，我們需要自己照顧自己。請讓我們一起在這個黑暗的時光裡找尋一些光芒。 💡 這是個很艱難的路程，但我們一起走，天才也會升起。,再,O,O,O,O,O,S-D,18
897,我們都有時候感到迷失了，像是什麼都沒有興趣，什麼都不再舒服。最近，我們要失去了一個很重要的人，他不再在這裡。 這種空虛中，我們需要自己照顧自己。請讓我們一起在這個黑暗的時光裡找尋一些光芒。 💡 這是個很艱難的路程，但我們一起走，天才也會升起。,舒服,O,O,O,O,O,O,19
897,我們都有時候感到迷失了，像是什麼都沒有興趣，什麼都不再舒服。最近，我們要失去了一個很重要的人，他不再在這裡。 這種空虛中，我們需要自己照顧自己。請讓我們一起在這個黑暗的時光裡找尋一些光芒。 💡 這是個很艱難的路程，但我們一起走，天才也會升起。,。,O,O,O,O,O,O,20
897,我們都有時候感到迷失了，像是什麼都沒有興趣，什麼都不再舒服。最近，我們要失去了一個很重要的人，他不再在這裡。 這種空虛中，我們需要自己照顧自己。請讓我們一起在這個黑暗的時光裡找尋一些光芒。 💡 這是個很艱難的路程，但我們一起走，天才也會升起。,最近,O,O,O,O,O,O,21
897,我們都有時候感到迷失了，像是什麼都沒有興趣，什麼都不再舒服。最近，我們要失去了一個很重要的人，他不再在這裡。 這種空虛中，我們需要自己照顧自己。請讓我們一起在這個黑暗的時光裡找尋一些光芒。 💡 這是個很艱難的路程，但我們一起走，天才也會升起。,，,O,O,O,O,O,O,22
897,我們都有時候感到迷失了，像是什麼都沒有興趣，什麼都不再舒服。最近，我們要失去了一個很重要的人，他不再在這裡。 這種空虛中，我們需要自己照顧自己。請讓我們一起在這個黑暗的時光裡找尋一些光芒。 💡 這是個很艱難的路程，但我們一起走，天才也會升起。,我們,O,O,O,O,O,O,23
897,我們都有時候感到迷失了，像是什麼都沒有興趣，什麼都不再舒服。最近，我們要失去了一個很重要的人，他不再在這裡。 這種空虛中，我們需要自己照顧自己。請讓我們一起在這個黑暗的時光裡找尋一些光芒。 💡 這是個很艱難的路程，但我們一起走，天才也會升起。,要,O,O,O,O,O,B-D,24
897,我們都有時候感到迷失了，像是什麼都沒有興趣，什麼都不再舒服。最近，我們要失去了一個很重要的人，他不再在這裡。 這種空虛中，我們需要自己照顧自己。請讓我們一起在這個黑暗的時光裡找尋一些光芒。 💡 這是個很艱難的路程，但我們一起走，天才也會升起。,失去,S-D,B-D,B-D,B-D,B-D,M-D,25
897,我們都有時候感到迷失了，像是什麼都沒有興趣，什麼都不再舒服。最近，我們要失去了一個很重要的人，他不再在這裡。 這種空虛中，我們需要自己照顧自己。請讓我們一起在這個黑暗的時光裡找尋一些光芒。 💡 這是個很艱難的路程，但我們一起走，天才也會升起。,了,O,M-D,M-D,M-D,M-D,O,26
897,我們都有時候感到迷失了，像是什麼都沒有興趣，什麼都不再舒服。最近，我們要失去了一個很重要的人，他不再在這裡。 這種空虛中，我們需要自己照顧自己。請讓我們一起在這個黑暗的時光裡找尋一些光芒。 💡 這是個很艱難的路程，但我們一起走，天才也會升起。,一個,O,O,M-D,O,M-D,O,27
897,我們都有時候感到迷失了，像是什麼都沒有興趣，什麼都不再舒服。最近，我們要失去了一個很重要的人，他不再在這裡。 這種空虛中，我們需要自己照顧自己。請讓我們一起在這個黑暗的時光裡找尋一些光芒。 💡 這是個很艱難的路程，但我們一起走，天才也會升起。,很,O,O,M-D,O,M-D,O,28
897,我們都有時候感到迷失了，像是什麼都沒有興趣，什麼都不再舒服。最近，我們要失去了一個很重要的人，他不再在這裡。 這種空虛中，我們需要自己照顧自己。請讓我們一起在這個黑暗的時光裡找尋一些光芒。 💡 這是個很艱難的路程，但我們一起走，天才也會升起。,重要,O,O,E-D,O,E-D,O,29
897,我們都有時候感到迷失了，像是什麼都沒有興趣，什麼都不再舒服。最近，我們要失去了一個很重要的人，他不再在這裡。 這種空虛中，我們需要自己照顧自己。請讓我們一起在這個黑暗的時光裡找尋一些光芒。 💡 這是個很艱難的路程，但我們一起走，天才也會升起。,的人,O,O,O,O,O,O,30
897,我們都有時候感到迷失了，像是什麼都沒有興趣，什麼都不再舒服。最近，我們要失去了一個很重要的人，他不再在這裡。 這種空虛中，我們需要自己照顧自己。請讓我們一起在這個黑暗的時光裡找尋一些光芒。 💡 這是個很艱難的路程，但我們一起走，天才也會升起。,，,O,O,O,O,O,O,31
897,我們都有時候感到迷失了，像是什麼都沒有興趣，什麼都不再舒服。最近，我們要失去了一個很重要的人，他不再在這裡。 這種空虛中，我們需要自己照顧自己。請讓我們一起在這個黑暗的時光裡找尋一些光芒。 💡 這是個很艱難的路程，但我們一起走，天才也會升起。,他,O,O,O,O,O,O,32
897,我們都有時候感到迷失了，像是什麼都沒有興趣，什麼都不再舒服。最近，我們要失去了一個很重要的人，他不再在這裡。 這種空虛中，我們需要自己照顧自己。請讓我們一起在這個黑暗的時光裡找尋一些光芒。 💡 這是個很艱難的路程，但我們一起走，天才也會升起。,不,O,O,O,O,O,O,33
897,我們都有時候感到迷失了，像是什麼都沒有興趣，什麼都不再舒服。最近，我們要失去了一個很重要的人，他不再在這裡。 這種空虛中，我們需要自己照顧自己。請讓我們一起在這個黑暗的時光裡找尋一些光芒。 💡 這是個很艱難的路程，但我們一起走，天才也會升起。,再,O,O,O,O,O,O,34
897,我們都有時候感到迷失了，像是什麼都沒有興趣，什麼都不再舒服。最近，我們要失去了一個很重要的人，他不再在這裡。 這種空虛中，我們需要自己照顧自己。請讓我們一起在這個黑暗的時光裡找尋一些光芒。 💡 這是個很艱難的路程，但我們一起走，天才也會升起。,在,O,O,O,O,O,O,35
897,我們都有時候感到迷失了，像是什麼都沒有興趣，什麼都不再舒服。最近，我們要失去了一個很重要的人，他不再在這裡。 這種空虛中，我們需要自己照顧自己。請讓我們一起在這個黑暗的時光裡找尋一些光芒。 💡 這是個很艱難的路程，但我們一起走，天才也會升起。,這裡,O,O,O,O,O,O,36
897,我們都有時候感到迷失了，像是什麼都沒有興趣，什麼都不再舒服。最近，我們要失去了一個很重要的人，他不再在這裡。 這種空虛中，我們需要自己照顧自己。請讓我們一起在這個黑暗的時光裡找尋一些光芒。 💡 這是個很艱難的路程，但我們一起走，天才也會升起。,。,O,O,O,O,O,O,37
897,我們都有時候感到迷失了，像是什麼都沒有興趣，什麼都不再舒服。最近，我們要失去了一個很重要的人，他不再在這裡。 這種空虛中，我們需要自己照顧自己。請讓我們一起在這個黑暗的時光裡找尋一些光芒。 💡 這是個很艱難的路程，但我們一起走，天才也會升起。,這種,O,O,O,O,O,S-D,38
897,我們都有時候感到迷失了，像是什麼都沒有興趣，什麼都不再舒服。最近，我們要失去了一個很重要的人，他不再在這裡。 這種空虛中，我們需要自己照顧自己。請讓我們一起在這個黑暗的時光裡找尋一些光芒。 💡 這是個很艱難的路程，但我們一起走，天才也會升起。,空虛,S-A,S-D,S-D,S-D,S-D,O,39
897,我們都有時候感到迷失了，像是什麼都沒有興趣，什麼都不再舒服。最近，我們要失去了一個很重要的人，他不再在這裡。 這種空虛中，我們需要自己照顧自己。請讓我們一起在這個黑暗的時光裡找尋一些光芒。 💡 這是個很艱難的路程，但我們一起走，天才也會升起。,中,O,O,O,O,O,O,40
897,我們都有時候感到迷失了，像是什麼都沒有興趣，什麼都不再舒服。最近，我們要失去了一個很重要的人，他不再在這裡。 這種空虛中，我們需要自己照顧自己。請讓我們一起在這個黑暗的時光裡找尋一些光芒。 💡 這是個很艱難的路程，但我們一起走，天才也會升起。,，,O,O,O,O,O,O,41
897,我們都有時候感到迷失了，像是什麼都沒有興趣，什麼都不再舒服。最近，我們要失去了一個很重要的人，他不再在這裡。 這種空虛中，我們需要自己照顧自己。請讓我們一起在這個黑暗的時光裡找尋一些光芒。 💡 這是個很艱難的路程，但我們一起走，天才也會升起。,我們,O,O,O,O,O,O,42
897,我們都有時候感到迷失了，像是什麼都沒有興趣，什麼都不再舒服。最近，我們要失去了一個很重要的人，他不再在這裡。 這種空虛中，我們需要自己照顧自己。請讓我們一起在這個黑暗的時光裡找尋一些光芒。 💡 這是個很艱難的路程，但我們一起走，天才也會升起。,需要,O,O,O,O,O,O,43
897,我們都有時候感到迷失了，像是什麼都沒有興趣，什麼都不再舒服。最近，我們要失去了一個很重要的人，他不再在這裡。 這種空虛中，我們需要自己照顧自己。請讓我們一起在這個黑暗的時光裡找尋一些光芒。 💡 這是個很艱難的路程，但我們一起走，天才也會升起。,自己,O,O,O,O,O,O,44
897,我們都有時候感到迷失了，像是什麼都沒有興趣，什麼都不再舒服。最近，我們要失去了一個很重要的人，他不再在這裡。 這種空虛中，我們需要自己照顧自己。請讓我們一起在這個黑暗的時光裡找尋一些光芒。 💡 這是個很艱難的路程，但我們一起走，天才也會升起。,照顧,O,O,O,O,O,O,45
897,我們都有時候感到迷失了，像是什麼都沒有興趣，什麼都不再舒服。最近，我們要失去了一個很重要的人，他不再在這裡。 這種空虛中，我們需要自己照顧自己。請讓我們一起在這個黑暗的時光裡找尋一些光芒。 💡 這是個很艱難的路程，但我們一起走，天才也會升起。,自己,O,O,O,O,O,O,46
897,我們都有時候感到迷失了，像是什麼都沒有興趣，什麼都不再舒服。最近，我們要失去了一個很重要的人，他不再在這裡。 這種空虛中，我們需要自己照顧自己。請讓我們一起在這個黑暗的時光裡找尋一些光芒。 💡 這是個很艱難的路程，但我們一起走，天才也會升起。,。,O,O,O,O,O,O,47
897,我們都有時候感到迷失了，像是什麼都沒有興趣，什麼都不再舒服。最近，我們要失去了一個很重要的人，他不再在這裡。 這種空虛中，我們需要自己照顧自己。請讓我們一起在這個黑暗的時光裡找尋一些光芒。 💡 這是個很艱難的路程，但我們一起走，天才也會升起。,請,O,O,O,O,O,O,48
897,我們都有時候感到迷失了，像是什麼都沒有興趣，什麼都不再舒服。最近，我們要失去了一個很重要的人，他不再在這裡。 這種空虛中，我們需要自己照顧自己。請讓我們一起在這個黑暗的時光裡找尋一些光芒。 💡 這是個很艱難的路程，但我們一起走，天才也會升起。,讓,O,O,O,O,O,O,49
897,我們都有時候感到迷失了，像是什麼都沒有興趣，什麼都不再舒服。最近，我們要失去了一個很重要的人，他不再在這裡。 這種空虛中，我們需要自己照顧自己。請讓我們一起在這個黑暗的時光裡找尋一些光芒。 💡 這是個很艱難的路程，但我們一起走，天才也會升起。,我們,O,O,O,O,O,O,50
897,我們都有時候感到迷失了，像是什麼都沒有興趣，什麼都不再舒服。最近，我們要失去了一個很重要的人，他不再在這裡。 這種空虛中，我們需要自己照顧自己。請讓我們一起在這個黑暗的時光裡找尋一些光芒。 💡 這是個很艱難的路程，但我們一起走，天才也會升起。,一起,O,O,O,O,O,O,51
897,我們都有時候感到迷失了，像是什麼都沒有興趣，什麼都不再舒服。最近，我們要失去了一個很重要的人，他不再在這裡。 這種空虛中，我們需要自己照顧自己。請讓我們一起在這個黑暗的時光裡找尋一些光芒。 💡 這是個很艱難的路程，但我們一起走，天才也會升起。,在,O,O,O,O,O,O,52
897,我們都有時候感到迷失了，像是什麼都沒有興趣，什麼都不再舒服。最近，我們要失去了一個很重要的人，他不再在這裡。 這種空虛中，我們需要自己照顧自己。請讓我們一起在這個黑暗的時光裡找尋一些光芒。 💡 這是個很艱難的路程，但我們一起走，天才也會升起。,這個,O,O,O,O,O,S-D,53
897,我們都有時候感到迷失了，像是什麼都沒有興趣，什麼都不再舒服。最近，我們要失去了一個很重要的人，他不再在這裡。 這種空虛中，我們需要自己照顧自己。請讓我們一起在這個黑暗的時光裡找尋一些光芒。 💡 這是個很艱難的路程，但我們一起走，天才也會升起。,黑暗,S-D,S-D,S-D,S-D,S-D,O,54
897,我們都有時候感到迷失了，像是什麼都沒有興趣，什麼都不再舒服。最近，我們要失去了一個很重要的人，他不再在這裡。 這種空虛中，我們需要自己照顧自己。請讓我們一起在這個黑暗的時光裡找尋一些光芒。 💡 這是個很艱難的路程，但我們一起走，天才也會升起。,的,O,O,O,O,O,O,55
897,我們都有時候感到迷失了，像是什麼都沒有興趣，什麼都不再舒服。最近，我們要失去了一個很重要的人，他不再在這裡。 這種空虛中，我們需要自己照顧自己。請讓我們一起在這個黑暗的時光裡找尋一些光芒。 💡 這是個很艱難的路程，但我們一起走，天才也會升起。,時光,O,O,O,O,O,O,56
897,我們都有時候感到迷失了，像是什麼都沒有興趣，什麼都不再舒服。最近，我們要失去了一個很重要的人，他不再在這裡。 這種空虛中，我們需要自己照顧自己。請讓我們一起在這個黑暗的時光裡找尋一些光芒。 💡 這是個很艱難的路程，但我們一起走，天才也會升起。,裡,O,O,O,O,O,O,57
897,我們都有時候感到迷失了，像是什麼都沒有興趣，什麼都不再舒服。最近，我們要失去了一個很重要的人，他不再在這裡。 這種空虛中，我們需要自己照顧自己。請讓我們一起在這個黑暗的時光裡找尋一些光芒。 💡 這是個很艱難的路程，但我們一起走，天才也會升起。,找尋,O,O,O,O,O,O,58
897,我們都有時候感到迷失了，像是什麼都沒有興趣，什麼都不再舒服。最近，我們要失去了一個很重要的人，他不再在這裡。 這種空虛中，我們需要自己照顧自己。請讓我們一起在這個黑暗的時光裡找尋一些光芒。 💡 這是個很艱難的路程，但我們一起走，天才也會升起。,一些,O,O,O,O,O,O,59
897,我們都有時候感到迷失了，像是什麼都沒有興趣，什麼都不再舒服。最近，我們要失去了一個很重要的人，他不再在這裡。 這種空虛中，我們需要自己照顧自己。請讓我們一起在這個黑暗的時光裡找尋一些光芒。 💡 這是個很艱難的路程，但我們一起走，天才也會升起。,光芒,O,O,O,O,O,O,60
897,我們都有時候感到迷失了，像是什麼都沒有興趣，什麼都不再舒服。最近，我們要失去了一個很重要的人，他不再在這裡。 這種空虛中，我們需要自己照顧自己。請讓我們一起在這個黑暗的時光裡找尋一些光芒。 💡 這是個很艱難的路程，但我們一起走，天才也會升起。,。,O,O,O,O,O,O,61
897,我們都有時候感到迷失了，像是什麼都沒有興趣，什麼都不再舒服。最近，我們要失去了一個很重要的人，他不再在這裡。 這種空虛中，我們需要自己照顧自己。請讓我們一起在這個黑暗的時光裡找尋一些光芒。 💡 這是個很艱難的路程，但我們一起走，天才也會升起。,💡,O,O,O,O,O,O,62
897,我們都有時候感到迷失了，像是什麼都沒有興趣，什麼都不再舒服。最近，我們要失去了一個很重要的人，他不再在這裡。 這種空虛中，我們需要自己照顧自己。請讓我們一起在這個黑暗的時光裡找尋一些光芒。 💡 這是個很艱難的路程，但我們一起走，天才也會升起。,這是,O,O,O,O,O,O,63
897,我們都有時候感到迷失了，像是什麼都沒有興趣，什麼都不再舒服。最近，我們要失去了一個很重要的人，他不再在這裡。 這種空虛中，我們需要自己照顧自己。請讓我們一起在這個黑暗的時光裡找尋一些光芒。 💡 這是個很艱難的路程，但我們一起走，天才也會升起。,個,O,O,O,O,O,O,64
897,我們都有時候感到迷失了，像是什麼都沒有興趣，什麼都不再舒服。最近，我們要失去了一個很重要的人，他不再在這裡。 這種空虛中，我們需要自己照顧自己。請讓我們一起在這個黑暗的時光裡找尋一些光芒。 💡 這是個很艱難的路程，但我們一起走，天才也會升起。,很,O,O,O,O,O,O,65
897,我們都有時候感到迷失了，像是什麼都沒有興趣，什麼都不再舒服。最近，我們要失去了一個很重要的人，他不再在這裡。 這種空虛中，我們需要自己照顧自己。請讓我們一起在這個黑暗的時光裡找尋一些光芒。 💡 這是個很艱難的路程，但我們一起走，天才也會升起。,艱難,S-D,O,O,O,S-D,O,66
897,我們都有時候感到迷失了，像是什麼都沒有興趣，什麼都不再舒服。最近，我們要失去了一個很重要的人，他不再在這裡。 這種空虛中，我們需要自己照顧自己。請讓我們一起在這個黑暗的時光裡找尋一些光芒。 💡 這是個很艱難的路程，但我們一起走，天才也會升起。,的,O,O,O,O,O,O,67
897,我們都有時候感到迷失了，像是什麼都沒有興趣，什麼都不再舒服。最近，我們要失去了一個很重要的人，他不再在這裡。 這種空虛中，我們需要自己照顧自己。請讓我們一起在這個黑暗的時光裡找尋一些光芒。 💡 這是個很艱難的路程，但我們一起走，天才也會升起。,路程,O,O,O,O,O,O,68
897,我們都有時候感到迷失了，像是什麼都沒有興趣，什麼都不再舒服。最近，我們要失去了一個很重要的人，他不再在這裡。 這種空虛中，我們需要自己照顧自己。請讓我們一起在這個黑暗的時光裡找尋一些光芒。 💡 這是個很艱難的路程，但我們一起走，天才也會升起。,，,O,O,O,O,O,O,69
897,我們都有時候感到迷失了，像是什麼都沒有興趣，什麼都不再舒服。最近，我們要失去了一個很重要的人，他不再在這裡。 這種空虛中，我們需要自己照顧自己。請讓我們一起在這個黑暗的時光裡找尋一些光芒。 💡 這是個很艱難的路程，但我們一起走，天才也會升起。,但,O,O,O,O,O,O,70
897,我們都有時候感到迷失了，像是什麼都沒有興趣，什麼都不再舒服。最近，我們要失去了一個很重要的人，他不再在這裡。 這種空虛中，我們需要自己照顧自己。請讓我們一起在這個黑暗的時光裡找尋一些光芒。 💡 這是個很艱難的路程，但我們一起走，天才也會升起。,我們,O,O,O,O,O,O,71
897,我們都有時候感到迷失了，像是什麼都沒有興趣，什麼都不再舒服。最近，我們要失去了一個很重要的人，他不再在這裡。 這種空虛中，我們需要自己照顧自己。請讓我們一起在這個黑暗的時光裡找尋一些光芒。 💡 這是個很艱難的路程，但我們一起走，天才也會升起。,一起,O,O,O,O,O,O,72
897,我們都有時候感到迷失了，像是什麼都沒有興趣，什麼都不再舒服。最近，我們要失去了一個很重要的人，他不再在這裡。 這種空虛中，我們需要自己照顧自己。請讓我們一起在這個黑暗的時光裡找尋一些光芒。 💡 這是個很艱難的路程，但我們一起走，天才也會升起。,走,O,O,O,O,O,O,73
897,我們都有時候感到迷失了，像是什麼都沒有興趣，什麼都不再舒服。最近，我們要失去了一個很重要的人，他不再在這裡。 這種空虛中，我們需要自己照顧自己。請讓我們一起在這個黑暗的時光裡找尋一些光芒。 💡 這是個很艱難的路程，但我們一起走，天才也會升起。,，,O,O,O,O,O,O,74
897,我們都有時候感到迷失了，像是什麼都沒有興趣，什麼都不再舒服。最近，我們要失去了一個很重要的人，他不再在這裡。 這種空虛中，我們需要自己照顧自己。請讓我們一起在這個黑暗的時光裡找尋一些光芒。 💡 這是個很艱難的路程，但我們一起走，天才也會升起。,天才,O,O,O,O,O,O,75
897,我們都有時候感到迷失了，像是什麼都沒有興趣，什麼都不再舒服。最近，我們要失去了一個很重要的人，他不再在這裡。 這種空虛中，我們需要自己照顧自己。請讓我們一起在這個黑暗的時光裡找尋一些光芒。 💡 這是個很艱難的路程，但我們一起走，天才也會升起。,也,O,O,O,O,O,O,76
897,我們都有時候感到迷失了，像是什麼都沒有興趣，什麼都不再舒服。最近，我們要失去了一個很重要的人，他不再在這裡。 這種空虛中，我們需要自己照顧自己。請讓我們一起在這個黑暗的時光裡找尋一些光芒。 💡 這是個很艱難的路程，但我們一起走，天才也會升起。,會,O,O,O,O,O,O,77
897,我們都有時候感到迷失了，像是什麼都沒有興趣，什麼都不再舒服。最近，我們要失去了一個很重要的人，他不再在這裡。 這種空虛中，我們需要自己照顧自己。請讓我們一起在這個黑暗的時光裡找尋一些光芒。 💡 這是個很艱難的路程，但我們一起走，天才也會升起。,升起,O,O,O,O,O,O,78
897,我們都有時候感到迷失了，像是什麼都沒有興趣，什麼都不再舒服。最近，我們要失去了一個很重要的人，他不再在這裡。 這種空虛中，我們需要自己照顧自己。請讓我們一起在這個黑暗的時光裡找尋一些光芒。 💡 這是個很艱難的路程，但我們一起走，天才也會升起。,。,O,O,O,O,O,缺失預測,79
898,你今天遇到了什麼事？我今天很迷茫，所有事物都顯得毫無意義，我什麼也沒有興趣，而且對未來的未知也感到了一點恐懼 。  那我還是可以接受自己吧？,你,O,O,O,O,O,O,1
898,你今天遇到了什麼事？我今天很迷茫，所有事物都顯得毫無意義，我什麼也沒有興趣，而且對未來的未知也感到了一點恐懼 。  那我還是可以接受自己吧？,今天,O,O,O,O,O,O,2
898,你今天遇到了什麼事？我今天很迷茫，所有事物都顯得毫無意義，我什麼也沒有興趣，而且對未來的未知也感到了一點恐懼 。  那我還是可以接受自己吧？,遇到,O,O,O,O,O,O,3
898,你今天遇到了什麼事？我今天很迷茫，所有事物都顯得毫無意義，我什麼也沒有興趣，而且對未來的未知也感到了一點恐懼 。  那我還是可以接受自己吧？,了,O,O,O,O,O,O,4
898,你今天遇到了什麼事？我今天很迷茫，所有事物都顯得毫無意義，我什麼也沒有興趣，而且對未來的未知也感到了一點恐懼 。  那我還是可以接受自己吧？,什麼,O,O,O,O,O,O,5
898,你今天遇到了什麼事？我今天很迷茫，所有事物都顯得毫無意義，我什麼也沒有興趣，而且對未來的未知也感到了一點恐懼 。  那我還是可以接受自己吧？,事,O,O,O,O,O,O,6
898,你今天遇到了什麼事？我今天很迷茫，所有事物都顯得毫無意義，我什麼也沒有興趣，而且對未來的未知也感到了一點恐懼 。  那我還是可以接受自己吧？,？,O,O,O,O,O,O,7
898,你今天遇到了什麼事？我今天很迷茫，所有事物都顯得毫無意義，我什麼也沒有興趣，而且對未來的未知也感到了一點恐懼 。  那我還是可以接受自己吧？,我,O,O,O,O,O,O,8
898,你今天遇到了什麼事？我今天很迷茫，所有事物都顯得毫無意義，我什麼也沒有興趣，而且對未來的未知也感到了一點恐懼 。  那我還是可以接受自己吧？,今天,O,O,O,O,O,O,9
898,你今天遇到了什麼事？我今天很迷茫，所有事物都顯得毫無意義，我什麼也沒有興趣，而且對未來的未知也感到了一點恐懼 。  那我還是可以接受自己吧？,很,O,O,O,O,O,O,10
898,你今天遇到了什麼事？我今天很迷茫，所有事物都顯得毫無意義，我什麼也沒有興趣，而且對未來的未知也感到了一點恐懼 。  那我還是可以接受自己吧？,迷茫,S-D,S-D,S-D,S-D,S-D,S-D,11
898,你今天遇到了什麼事？我今天很迷茫，所有事物都顯得毫無意義，我什麼也沒有興趣，而且對未來的未知也感到了一點恐懼 。  那我還是可以接受自己吧？,，,O,O,O,O,O,O,12
898,你今天遇到了什麼事？我今天很迷茫，所有事物都顯得毫無意義，我什麼也沒有興趣，而且對未來的未知也感到了一點恐懼 。  那我還是可以接受自己吧？,所有,O,O,O,O,O,O,13
898,你今天遇到了什麼事？我今天很迷茫，所有事物都顯得毫無意義，我什麼也沒有興趣，而且對未來的未知也感到了一點恐懼 。  那我還是可以接受自己吧？,事物,O,O,O,O,O,O,14
898,你今天遇到了什麼事？我今天很迷茫，所有事物都顯得毫無意義，我什麼也沒有興趣，而且對未來的未知也感到了一點恐懼 。  那我還是可以接受自己吧？,都,O,O,O,O,O,O,15
898,你今天遇到了什麼事？我今天很迷茫，所有事物都顯得毫無意義，我什麼也沒有興趣，而且對未來的未知也感到了一點恐懼 。  那我還是可以接受自己吧？,顯得,O,O,O,O,O,O,16
898,你今天遇到了什麼事？我今天很迷茫，所有事物都顯得毫無意義，我什麼也沒有興趣，而且對未來的未知也感到了一點恐懼 。  那我還是可以接受自己吧？,毫無,O,O,O,O,O,O,17
898,你今天遇到了什麼事？我今天很迷茫，所有事物都顯得毫無意義，我什麼也沒有興趣，而且對未來的未知也感到了一點恐懼 。  那我還是可以接受自己吧？,意義,S-D,S-D,S-D,S-D,S-D,S-D,18
898,你今天遇到了什麼事？我今天很迷茫，所有事物都顯得毫無意義，我什麼也沒有興趣，而且對未來的未知也感到了一點恐懼 。  那我還是可以接受自己吧？,，,O,O,O,O,O,O,19
898,你今天遇到了什麼事？我今天很迷茫，所有事物都顯得毫無意義，我什麼也沒有興趣，而且對未來的未知也感到了一點恐懼 。  那我還是可以接受自己吧？,我,O,O,O,O,O,O,20
898,你今天遇到了什麼事？我今天很迷茫，所有事物都顯得毫無意義，我什麼也沒有興趣，而且對未來的未知也感到了一點恐懼 。  那我還是可以接受自己吧？,什麼,O,O,O,O,O,O,21
898,你今天遇到了什麼事？我今天很迷茫，所有事物都顯得毫無意義，我什麼也沒有興趣，而且對未來的未知也感到了一點恐懼 。  那我還是可以接受自己吧？,也,O,O,O,O,O,O,22
898,你今天遇到了什麼事？我今天很迷茫，所有事物都顯得毫無意義，我什麼也沒有興趣，而且對未來的未知也感到了一點恐懼 。  那我還是可以接受自己吧？,沒有,O,O,O,O,O,O,23
898,你今天遇到了什麼事？我今天很迷茫，所有事物都顯得毫無意義，我什麼也沒有興趣，而且對未來的未知也感到了一點恐懼 。  那我還是可以接受自己吧？,興趣,O,O,O,O,O,O,24
898,你今天遇到了什麼事？我今天很迷茫，所有事物都顯得毫無意義，我什麼也沒有興趣，而且對未來的未知也感到了一點恐懼 。  那我還是可以接受自己吧？,，,O,O,O,O,O,O,25
898,你今天遇到了什麼事？我今天很迷茫，所有事物都顯得毫無意義，我什麼也沒有興趣，而且對未來的未知也感到了一點恐懼 。  那我還是可以接受自己吧？,而且,O,O,O,O,O,O,26
898,你今天遇到了什麼事？我今天很迷茫，所有事物都顯得毫無意義，我什麼也沒有興趣，而且對未來的未知也感到了一點恐懼 。  那我還是可以接受自己吧？,對,O,O,O,O,O,O,27
898,你今天遇到了什麼事？我今天很迷茫，所有事物都顯得毫無意義，我什麼也沒有興趣，而且對未來的未知也感到了一點恐懼 。  那我還是可以接受自己吧？,未來,O,O,O,O,O,O,28
898,你今天遇到了什麼事？我今天很迷茫，所有事物都顯得毫無意義，我什麼也沒有興趣，而且對未來的未知也感到了一點恐懼 。  那我還是可以接受自己吧？,的,O,O,O,O,O,O,29
898,你今天遇到了什麼事？我今天很迷茫，所有事物都顯得毫無意義，我什麼也沒有興趣，而且對未來的未知也感到了一點恐懼 。  那我還是可以接受自己吧？,未知,O,O,O,O,O,O,30
898,你今天遇到了什麼事？我今天很迷茫，所有事物都顯得毫無意義，我什麼也沒有興趣，而且對未來的未知也感到了一點恐懼 。  那我還是可以接受自己吧？,也,O,O,O,O,O,O,31
898,你今天遇到了什麼事？我今天很迷茫，所有事物都顯得毫無意義，我什麼也沒有興趣，而且對未來的未知也感到了一點恐懼 。  那我還是可以接受自己吧？,感到,O,O,O,O,O,O,32
898,你今天遇到了什麼事？我今天很迷茫，所有事物都顯得毫無意義，我什麼也沒有興趣，而且對未來的未知也感到了一點恐懼 。  那我還是可以接受自己吧？,了,O,O,O,O,O,O,33
898,你今天遇到了什麼事？我今天很迷茫，所有事物都顯得毫無意義，我什麼也沒有興趣，而且對未來的未知也感到了一點恐懼 。  那我還是可以接受自己吧？,一點,O,O,O,O,O,O,34
898,你今天遇到了什麼事？我今天很迷茫，所有事物都顯得毫無意義，我什麼也沒有興趣，而且對未來的未知也感到了一點恐懼 。  那我還是可以接受自己吧？,恐懼,S-D,S-D,S-D,S-D,S-D,S-D,35
898,你今天遇到了什麼事？我今天很迷茫，所有事物都顯得毫無意義，我什麼也沒有興趣，而且對未來的未知也感到了一點恐懼 。  那我還是可以接受自己吧？,。,O,O,O,O,O,O,36
898,你今天遇到了什麼事？我今天很迷茫，所有事物都顯得毫無意義，我什麼也沒有興趣，而且對未來的未知也感到了一點恐懼 。  那我還是可以接受自己吧？,那,O,O,O,O,O,O,37
898,你今天遇到了什麼事？我今天很迷茫，所有事物都顯得毫無意義，我什麼也沒有興趣，而且對未來的未知也感到了一點恐懼 。  那我還是可以接受自己吧？,我,O,O,O,O,O,O,38
898,你今天遇到了什麼事？我今天很迷茫，所有事物都顯得毫無意義，我什麼也沒有興趣，而且對未來的未知也感到了一點恐懼 。  那我還是可以接受自己吧？,還是,O,O,O,O,O,O,39
898,你今天遇到了什麼事？我今天很迷茫，所有事物都顯得毫無意義，我什麼也沒有興趣，而且對未來的未知也感到了一點恐懼 。  那我還是可以接受自己吧？,可以,O,O,O,O,O,O,40
898,你今天遇到了什麼事？我今天很迷茫，所有事物都顯得毫無意義，我什麼也沒有興趣，而且對未來的未知也感到了一點恐懼 。  那我還是可以接受自己吧？,接受,O,O,O,O,O,O,41
898,你今天遇到了什麼事？我今天很迷茫，所有事物都顯得毫無意義，我什麼也沒有興趣，而且對未來的未知也感到了一點恐懼 。  那我還是可以接受自己吧？,自己,O,O,O,O,O,O,42
898,你今天遇到了什麼事？我今天很迷茫，所有事物都顯得毫無意義，我什麼也沒有興趣，而且對未來的未知也感到了一點恐懼 。  那我還是可以接受自己吧？,吧,O,O,O,O,O,O,43
898,你今天遇到了什麼事？我今天很迷茫，所有事物都顯得毫無意義，我什麼也沒有興趣，而且對未來的未知也感到了一點恐懼 。  那我還是可以接受自己吧？,？,O,O,O,O,O,O,44
899,每天都有這種感覺，沒有什麼意思了 。什麼都無關興趣。不再享受每天的生活,每天,O,O,O,O,O,O,1
899,每天都有這種感覺，沒有什麼意思了 。什麼都無關興趣。不再享受每天的生活,都有,O,O,O,O,O,O,2
899,每天都有這種感覺，沒有什麼意思了 。什麼都無關興趣。不再享受每天的生活,這種,O,O,O,O,O,O,3
899,每天都有這種感覺，沒有什麼意思了 。什麼都無關興趣。不再享受每天的生活,感覺,O,S-D,S-D,O,O,S-D,4
899,每天都有這種感覺，沒有什麼意思了 。什麼都無關興趣。不再享受每天的生活,，,O,O,O,S-D,S-D,O,5
899,每天都有這種感覺，沒有什麼意思了 。什麼都無關興趣。不再享受每天的生活,沒有,B-A,O,O,O,O,O,6
899,每天都有這種感覺，沒有什麼意思了 。什麼都無關興趣。不再享受每天的生活,什麼,M-A,O,O,O,O,O,7
899,每天都有這種感覺，沒有什麼意思了 。什麼都無關興趣。不再享受每天的生活,意思,E-A,S-D,S-D,O,O,S-D,8
899,每天都有這種感覺，沒有什麼意思了 。什麼都無關興趣。不再享受每天的生活,了,O,O,O,O,O,O,9
899,每天都有這種感覺，沒有什麼意思了 。什麼都無關興趣。不再享受每天的生活,。,O,O,O,O,O,O,10
899,每天都有這種感覺，沒有什麼意思了 。什麼都無關興趣。不再享受每天的生活,什麼,O,O,O,O,O,O,11
899,每天都有這種感覺，沒有什麼意思了 。什麼都無關興趣。不再享受每天的生活,都,O,O,O,O,O,O,12
899,每天都有這種感覺，沒有什麼意思了 。什麼都無關興趣。不再享受每天的生活,無關,O,O,O,O,O,O,13
899,每天都有這種感覺，沒有什麼意思了 。什麼都無關興趣。不再享受每天的生活,興趣,O,O,O,O,O,O,14
899,每天都有這種感覺，沒有什麼意思了 。什麼都無關興趣。不再享受每天的生活,。,O,O,O,O,O,O,15
899,每天都有這種感覺，沒有什麼意思了 。什麼都無關興趣。不再享受每天的生活,不再,B-A,B-A,B-A,O,O,B-D,16
899,每天都有這種感覺，沒有什麼意思了 。什麼都無關興趣。不再享受每天的生活,享受,E-A,E-A,E-A,B-A,B-A,E-D,17
899,每天都有這種感覺，沒有什麼意思了 。什麼都無關興趣。不再享受每天的生活,每天,O,O,O,E-A,E-A,O,18
899,每天都有這種感覺，沒有什麼意思了 。什麼都無關興趣。不再享受每天的生活,的,O,O,O,O,O,O,19
899,每天都有這種感覺，沒有什麼意思了 。什麼都無關興趣。不再享受每天的生活,生活,O,O,O,O,O,O,20
900,這學期終於結束了，但我似乎是失去的自我。 沒有這樣的動力，沒有這樣的興趣。 每天都感受到一種無力感，像是自己的心臟沒有跳動了。 在課堂上，一個人等待教師的說話，似乎也像是在等待自己的命運。 這種感受像是一種病毒，我們都感受到，我們都處處感受到。,這,O,O,O,O,O,O,1
900,這學期終於結束了，但我似乎是失去的自我。 沒有這樣的動力，沒有這樣的興趣。 每天都感受到一種無力感，像是自己的心臟沒有跳動了。 在課堂上，一個人等待教師的說話，似乎也像是在等待自己的命運。 這種感受像是一種病毒，我們都感受到，我們都處處感受到。,學期,O,O,O,O,O,O,2
900,這學期終於結束了，但我似乎是失去的自我。 沒有這樣的動力，沒有這樣的興趣。 每天都感受到一種無力感，像是自己的心臟沒有跳動了。 在課堂上，一個人等待教師的說話，似乎也像是在等待自己的命運。 這種感受像是一種病毒，我們都感受到，我們都處處感受到。,終於,O,O,O,O,O,O,3
900,這學期終於結束了，但我似乎是失去的自我。 沒有這樣的動力，沒有這樣的興趣。 每天都感受到一種無力感，像是自己的心臟沒有跳動了。 在課堂上，一個人等待教師的說話，似乎也像是在等待自己的命運。 這種感受像是一種病毒，我們都感受到，我們都處處感受到。,結束,O,O,O,O,O,O,4
900,這學期終於結束了，但我似乎是失去的自我。 沒有這樣的動力，沒有這樣的興趣。 每天都感受到一種無力感，像是自己的心臟沒有跳動了。 在課堂上，一個人等待教師的說話，似乎也像是在等待自己的命運。 這種感受像是一種病毒，我們都感受到，我們都處處感受到。,了,O,O,O,O,O,O,5
900,這學期終於結束了，但我似乎是失去的自我。 沒有這樣的動力，沒有這樣的興趣。 每天都感受到一種無力感，像是自己的心臟沒有跳動了。 在課堂上，一個人等待教師的說話，似乎也像是在等待自己的命運。 這種感受像是一種病毒，我們都感受到，我們都處處感受到。,，,O,O,O,O,O,O,6
900,這學期終於結束了，但我似乎是失去的自我。 沒有這樣的動力，沒有這樣的興趣。 每天都感受到一種無力感，像是自己的心臟沒有跳動了。 在課堂上，一個人等待教師的說話，似乎也像是在等待自己的命運。 這種感受像是一種病毒，我們都感受到，我們都處處感受到。,但,O,O,O,O,O,O,7
900,這學期終於結束了，但我似乎是失去的自我。 沒有這樣的動力，沒有這樣的興趣。 每天都感受到一種無力感，像是自己的心臟沒有跳動了。 在課堂上，一個人等待教師的說話，似乎也像是在等待自己的命運。 這種感受像是一種病毒，我們都感受到，我們都處處感受到。,我,O,O,O,O,O,O,8
900,這學期終於結束了，但我似乎是失去的自我。 沒有這樣的動力，沒有這樣的興趣。 每天都感受到一種無力感，像是自己的心臟沒有跳動了。 在課堂上，一個人等待教師的說話，似乎也像是在等待自己的命運。 這種感受像是一種病毒，我們都感受到，我們都處處感受到。,似乎,O,O,O,O,O,O,9
900,這學期終於結束了，但我似乎是失去的自我。 沒有這樣的動力，沒有這樣的興趣。 每天都感受到一種無力感，像是自己的心臟沒有跳動了。 在課堂上，一個人等待教師的說話，似乎也像是在等待自己的命運。 這種感受像是一種病毒，我們都感受到，我們都處處感受到。,是,O,O,O,O,O,O,10
900,這學期終於結束了，但我似乎是失去的自我。 沒有這樣的動力，沒有這樣的興趣。 每天都感受到一種無力感，像是自己的心臟沒有跳動了。 在課堂上，一個人等待教師的說話，似乎也像是在等待自己的命運。 這種感受像是一種病毒，我們都感受到，我們都處處感受到。,失去,B-W,B-W,B-W,B-W,B-W,B-W,11
900,這學期終於結束了，但我似乎是失去的自我。 沒有這樣的動力，沒有這樣的興趣。 每天都感受到一種無力感，像是自己的心臟沒有跳動了。 在課堂上，一個人等待教師的說話，似乎也像是在等待自己的命運。 這種感受像是一種病毒，我們都感受到，我們都處處感受到。,的,M-W,M-W,M-W,M-W,M-W,M-W,12
900,這學期終於結束了，但我似乎是失去的自我。 沒有這樣的動力，沒有這樣的興趣。 每天都感受到一種無力感，像是自己的心臟沒有跳動了。 在課堂上，一個人等待教師的說話，似乎也像是在等待自己的命運。 這種感受像是一種病毒，我們都感受到，我們都處處感受到。,自我,E-W,E-W,E-W,E-W,E-W,E-W,13
900,這學期終於結束了，但我似乎是失去的自我。 沒有這樣的動力，沒有這樣的興趣。 每天都感受到一種無力感，像是自己的心臟沒有跳動了。 在課堂上，一個人等待教師的說話，似乎也像是在等待自己的命運。 這種感受像是一種病毒，我們都感受到，我們都處處感受到。,。,O,O,O,O,O,O,14
900,這學期終於結束了，但我似乎是失去的自我。 沒有這樣的動力，沒有這樣的興趣。 每天都感受到一種無力感，像是自己的心臟沒有跳動了。 在課堂上，一個人等待教師的說話，似乎也像是在等待自己的命運。 這種感受像是一種病毒，我們都感受到，我們都處處感受到。,沒有,O,O,O,O,O,O,15
900,這學期終於結束了，但我似乎是失去的自我。 沒有這樣的動力，沒有這樣的興趣。 每天都感受到一種無力感，像是自己的心臟沒有跳動了。 在課堂上，一個人等待教師的說話，似乎也像是在等待自己的命運。 這種感受像是一種病毒，我們都感受到，我們都處處感受到。,這樣,O,O,O,O,O,O,16
900,這學期終於結束了，但我似乎是失去的自我。 沒有這樣的動力，沒有這樣的興趣。 每天都感受到一種無力感，像是自己的心臟沒有跳動了。 在課堂上，一個人等待教師的說話，似乎也像是在等待自己的命運。 這種感受像是一種病毒，我們都感受到，我們都處處感受到。,的,O,O,O,O,O,O,17
900,這學期終於結束了，但我似乎是失去的自我。 沒有這樣的動力，沒有這樣的興趣。 每天都感受到一種無力感，像是自己的心臟沒有跳動了。 在課堂上，一個人等待教師的說話，似乎也像是在等待自己的命運。 這種感受像是一種病毒，我們都感受到，我們都處處感受到。,動力,O,S-W,O,S-W,S-W,S-W,18
900,這學期終於結束了，但我似乎是失去的自我。 沒有這樣的動力，沒有這樣的興趣。 每天都感受到一種無力感，像是自己的心臟沒有跳動了。 在課堂上，一個人等待教師的說話，似乎也像是在等待自己的命運。 這種感受像是一種病毒，我們都感受到，我們都處處感受到。,，,O,O,O,O,O,O,19
900,這學期終於結束了，但我似乎是失去的自我。 沒有這樣的動力，沒有這樣的興趣。 每天都感受到一種無力感，像是自己的心臟沒有跳動了。 在課堂上，一個人等待教師的說話，似乎也像是在等待自己的命運。 這種感受像是一種病毒，我們都感受到，我們都處處感受到。,沒有,O,O,O,O,O,O,20
900,這學期終於結束了，但我似乎是失去的自我。 沒有這樣的動力，沒有這樣的興趣。 每天都感受到一種無力感，像是自己的心臟沒有跳動了。 在課堂上，一個人等待教師的說話，似乎也像是在等待自己的命運。 這種感受像是一種病毒，我們都感受到，我們都處處感受到。,這樣,O,O,O,O,O,O,21
900,這學期終於結束了，但我似乎是失去的自我。 沒有這樣的動力，沒有這樣的興趣。 每天都感受到一種無力感，像是自己的心臟沒有跳動了。 在課堂上，一個人等待教師的說話，似乎也像是在等待自己的命運。 這種感受像是一種病毒，我們都感受到，我們都處處感受到。,的,O,O,O,O,O,O,22
900,這學期終於結束了，但我似乎是失去的自我。 沒有這樣的動力，沒有這樣的興趣。 每天都感受到一種無力感，像是自己的心臟沒有跳動了。 在課堂上，一個人等待教師的說話，似乎也像是在等待自己的命運。 這種感受像是一種病毒，我們都感受到，我們都處處感受到。,興趣,O,O,O,O,O,O,23
900,這學期終於結束了，但我似乎是失去的自我。 沒有這樣的動力，沒有這樣的興趣。 每天都感受到一種無力感，像是自己的心臟沒有跳動了。 在課堂上，一個人等待教師的說話，似乎也像是在等待自己的命運。 這種感受像是一種病毒，我們都感受到，我們都處處感受到。,。,O,O,O,O,O,O,24
900,這學期終於結束了，但我似乎是失去的自我。 沒有這樣的動力，沒有這樣的興趣。 每天都感受到一種無力感，像是自己的心臟沒有跳動了。 在課堂上，一個人等待教師的說話，似乎也像是在等待自己的命運。 這種感受像是一種病毒，我們都感受到，我們都處處感受到。,每天,O,O,O,O,O,O,25
900,這學期終於結束了，但我似乎是失去的自我。 沒有這樣的動力，沒有這樣的興趣。 每天都感受到一種無力感，像是自己的心臟沒有跳動了。 在課堂上，一個人等待教師的說話，似乎也像是在等待自己的命運。 這種感受像是一種病毒，我們都感受到，我們都處處感受到。,都,O,O,O,O,O,O,26
900,這學期終於結束了，但我似乎是失去的自我。 沒有這樣的動力，沒有這樣的興趣。 每天都感受到一種無力感，像是自己的心臟沒有跳動了。 在課堂上，一個人等待教師的說話，似乎也像是在等待自己的命運。 這種感受像是一種病毒，我們都感受到，我們都處處感受到。,感受到,O,O,O,O,O,O,27
900,這學期終於結束了，但我似乎是失去的自我。 沒有這樣的動力，沒有這樣的興趣。 每天都感受到一種無力感，像是自己的心臟沒有跳動了。 在課堂上，一個人等待教師的說話，似乎也像是在等待自己的命運。 這種感受像是一種病毒，我們都感受到，我們都處處感受到。,一種,O,O,O,O,O,O,28
900,這學期終於結束了，但我似乎是失去的自我。 沒有這樣的動力，沒有這樣的興趣。 每天都感受到一種無力感，像是自己的心臟沒有跳動了。 在課堂上，一個人等待教師的說話，似乎也像是在等待自己的命運。 這種感受像是一種病毒，我們都感受到，我們都處處感受到。,無力感,S-D,S-W,S-W,S-W,S-W,S-W,29
900,這學期終於結束了，但我似乎是失去的自我。 沒有這樣的動力，沒有這樣的興趣。 每天都感受到一種無力感，像是自己的心臟沒有跳動了。 在課堂上，一個人等待教師的說話，似乎也像是在等待自己的命運。 這種感受像是一種病毒，我們都感受到，我們都處處感受到。,，,O,O,O,O,O,O,30
900,這學期終於結束了，但我似乎是失去的自我。 沒有這樣的動力，沒有這樣的興趣。 每天都感受到一種無力感，像是自己的心臟沒有跳動了。 在課堂上，一個人等待教師的說話，似乎也像是在等待自己的命運。 這種感受像是一種病毒，我們都感受到，我們都處處感受到。,像是,O,O,O,O,O,O,31
900,這學期終於結束了，但我似乎是失去的自我。 沒有這樣的動力，沒有這樣的興趣。 每天都感受到一種無力感，像是自己的心臟沒有跳動了。 在課堂上，一個人等待教師的說話，似乎也像是在等待自己的命運。 這種感受像是一種病毒，我們都感受到，我們都處處感受到。,自己,O,O,O,O,O,O,32
900,這學期終於結束了，但我似乎是失去的自我。 沒有這樣的動力，沒有這樣的興趣。 每天都感受到一種無力感，像是自己的心臟沒有跳動了。 在課堂上，一個人等待教師的說話，似乎也像是在等待自己的命運。 這種感受像是一種病毒，我們都感受到，我們都處處感受到。,的,O,O,O,O,O,O,33
900,這學期終於結束了，但我似乎是失去的自我。 沒有這樣的動力，沒有這樣的興趣。 每天都感受到一種無力感，像是自己的心臟沒有跳動了。 在課堂上，一個人等待教師的說話，似乎也像是在等待自己的命運。 這種感受像是一種病毒，我們都感受到，我們都處處感受到。,心臟,O,O,O,O,O,O,34
900,這學期終於結束了，但我似乎是失去的自我。 沒有這樣的動力，沒有這樣的興趣。 每天都感受到一種無力感，像是自己的心臟沒有跳動了。 在課堂上，一個人等待教師的說話，似乎也像是在等待自己的命運。 這種感受像是一種病毒，我們都感受到，我們都處處感受到。,沒有,O,O,O,O,O,O,35
900,這學期終於結束了，但我似乎是失去的自我。 沒有這樣的動力，沒有這樣的興趣。 每天都感受到一種無力感，像是自己的心臟沒有跳動了。 在課堂上，一個人等待教師的說話，似乎也像是在等待自己的命運。 這種感受像是一種病毒，我們都感受到，我們都處處感受到。,跳動,O,O,O,O,B-D,O,36
900,這學期終於結束了，但我似乎是失去的自我。 沒有這樣的動力，沒有這樣的興趣。 每天都感受到一種無力感，像是自己的心臟沒有跳動了。 在課堂上，一個人等待教師的說話，似乎也像是在等待自己的命運。 這種感受像是一種病毒，我們都感受到，我們都處處感受到。,了,O,O,O,O,E-D,O,37
900,這學期終於結束了，但我似乎是失去的自我。 沒有這樣的動力，沒有這樣的興趣。 每天都感受到一種無力感，像是自己的心臟沒有跳動了。 在課堂上，一個人等待教師的說話，似乎也像是在等待自己的命運。 這種感受像是一種病毒，我們都感受到，我們都處處感受到。,。,O,O,O,O,O,O,38
900,這學期終於結束了，但我似乎是失去的自我。 沒有這樣的動力，沒有這樣的興趣。 每天都感受到一種無力感，像是自己的心臟沒有跳動了。 在課堂上，一個人等待教師的說話，似乎也像是在等待自己的命運。 這種感受像是一種病毒，我們都感受到，我們都處處感受到。,在,O,O,O,O,O,O,39
900,這學期終於結束了，但我似乎是失去的自我。 沒有這樣的動力，沒有這樣的興趣。 每天都感受到一種無力感，像是自己的心臟沒有跳動了。 在課堂上，一個人等待教師的說話，似乎也像是在等待自己的命運。 這種感受像是一種病毒，我們都感受到，我們都處處感受到。,課堂,O,O,O,O,O,O,40
900,這學期終於結束了，但我似乎是失去的自我。 沒有這樣的動力，沒有這樣的興趣。 每天都感受到一種無力感，像是自己的心臟沒有跳動了。 在課堂上，一個人等待教師的說話，似乎也像是在等待自己的命運。 這種感受像是一種病毒，我們都感受到，我們都處處感受到。,上,O,O,O,O,O,O,41
900,這學期終於結束了，但我似乎是失去的自我。 沒有這樣的動力，沒有這樣的興趣。 每天都感受到一種無力感，像是自己的心臟沒有跳動了。 在課堂上，一個人等待教師的說話，似乎也像是在等待自己的命運。 這種感受像是一種病毒，我們都感受到，我們都處處感受到。,，,O,O,O,O,O,O,42
900,這學期終於結束了，但我似乎是失去的自我。 沒有這樣的動力，沒有這樣的興趣。 每天都感受到一種無力感，像是自己的心臟沒有跳動了。 在課堂上，一個人等待教師的說話，似乎也像是在等待自己的命運。 這種感受像是一種病毒，我們都感受到，我們都處處感受到。,一個,O,O,O,O,O,O,43
900,這學期終於結束了，但我似乎是失去的自我。 沒有這樣的動力，沒有這樣的興趣。 每天都感受到一種無力感，像是自己的心臟沒有跳動了。 在課堂上，一個人等待教師的說話，似乎也像是在等待自己的命運。 這種感受像是一種病毒，我們都感受到，我們都處處感受到。,人,O,O,O,O,O,O,44
900,這學期終於結束了，但我似乎是失去的自我。 沒有這樣的動力，沒有這樣的興趣。 每天都感受到一種無力感，像是自己的心臟沒有跳動了。 在課堂上，一個人等待教師的說話，似乎也像是在等待自己的命運。 這種感受像是一種病毒，我們都感受到，我們都處處感受到。,等待,O,O,O,O,O,O,45
900,這學期終於結束了，但我似乎是失去的自我。 沒有這樣的動力，沒有這樣的興趣。 每天都感受到一種無力感，像是自己的心臟沒有跳動了。 在課堂上，一個人等待教師的說話，似乎也像是在等待自己的命運。 這種感受像是一種病毒，我們都感受到，我們都處處感受到。,教師,O,O,O,O,O,O,46
900,這學期終於結束了，但我似乎是失去的自我。 沒有這樣的動力，沒有這樣的興趣。 每天都感受到一種無力感，像是自己的心臟沒有跳動了。 在課堂上，一個人等待教師的說話，似乎也像是在等待自己的命運。 這種感受像是一種病毒，我們都感受到，我們都處處感受到。,的,O,O,O,O,O,O,47
900,這學期終於結束了，但我似乎是失去的自我。 沒有這樣的動力，沒有這樣的興趣。 每天都感受到一種無力感，像是自己的心臟沒有跳動了。 在課堂上，一個人等待教師的說話，似乎也像是在等待自己的命運。 這種感受像是一種病毒，我們都感受到，我們都處處感受到。,說話,O,O,O,O,O,O,48
900,這學期終於結束了，但我似乎是失去的自我。 沒有這樣的動力，沒有這樣的興趣。 每天都感受到一種無力感，像是自己的心臟沒有跳動了。 在課堂上，一個人等待教師的說話，似乎也像是在等待自己的命運。 這種感受像是一種病毒，我們都感受到，我們都處處感受到。,，,O,O,O,O,O,O,49
900,這學期終於結束了，但我似乎是失去的自我。 沒有這樣的動力，沒有這樣的興趣。 每天都感受到一種無力感，像是自己的心臟沒有跳動了。 在課堂上，一個人等待教師的說話，似乎也像是在等待自己的命運。 這種感受像是一種病毒，我們都感受到，我們都處處感受到。,似乎,O,O,O,O,O,O,50
900,這學期終於結束了，但我似乎是失去的自我。 沒有這樣的動力，沒有這樣的興趣。 每天都感受到一種無力感，像是自己的心臟沒有跳動了。 在課堂上，一個人等待教師的說話，似乎也像是在等待自己的命運。 這種感受像是一種病毒，我們都感受到，我們都處處感受到。,也,O,O,O,O,O,O,51
900,這學期終於結束了，但我似乎是失去的自我。 沒有這樣的動力，沒有這樣的興趣。 每天都感受到一種無力感，像是自己的心臟沒有跳動了。 在課堂上，一個人等待教師的說話，似乎也像是在等待自己的命運。 這種感受像是一種病毒，我們都感受到，我們都處處感受到。,像是在,O,O,O,O,O,O,52
900,這學期終於結束了，但我似乎是失去的自我。 沒有這樣的動力，沒有這樣的興趣。 每天都感受到一種無力感，像是自己的心臟沒有跳動了。 在課堂上，一個人等待教師的說話，似乎也像是在等待自己的命運。 這種感受像是一種病毒，我們都感受到，我們都處處感受到。,等待,O,O,O,O,O,O,53
900,這學期終於結束了，但我似乎是失去的自我。 沒有這樣的動力，沒有這樣的興趣。 每天都感受到一種無力感，像是自己的心臟沒有跳動了。 在課堂上，一個人等待教師的說話，似乎也像是在等待自己的命運。 這種感受像是一種病毒，我們都感受到，我們都處處感受到。,自己,O,O,O,O,O,O,54
900,這學期終於結束了，但我似乎是失去的自我。 沒有這樣的動力，沒有這樣的興趣。 每天都感受到一種無力感，像是自己的心臟沒有跳動了。 在課堂上，一個人等待教師的說話，似乎也像是在等待自己的命運。 這種感受像是一種病毒，我們都感受到，我們都處處感受到。,的,O,O,O,O,O,O,55
900,這學期終於結束了，但我似乎是失去的自我。 沒有這樣的動力，沒有這樣的興趣。 每天都感受到一種無力感，像是自己的心臟沒有跳動了。 在課堂上，一個人等待教師的說話，似乎也像是在等待自己的命運。 這種感受像是一種病毒，我們都感受到，我們都處處感受到。,命運,O,O,O,O,O,O,56
900,這學期終於結束了，但我似乎是失去的自我。 沒有這樣的動力，沒有這樣的興趣。 每天都感受到一種無力感，像是自己的心臟沒有跳動了。 在課堂上，一個人等待教師的說話，似乎也像是在等待自己的命運。 這種感受像是一種病毒，我們都感受到，我們都處處感受到。,。,O,O,O,O,O,O,57
900,這學期終於結束了，但我似乎是失去的自我。 沒有這樣的動力，沒有這樣的興趣。 每天都感受到一種無力感，像是自己的心臟沒有跳動了。 在課堂上，一個人等待教師的說話，似乎也像是在等待自己的命運。 這種感受像是一種病毒，我們都感受到，我們都處處感受到。,這種,O,O,O,O,O,O,58
900,這學期終於結束了，但我似乎是失去的自我。 沒有這樣的動力，沒有這樣的興趣。 每天都感受到一種無力感，像是自己的心臟沒有跳動了。 在課堂上，一個人等待教師的說話，似乎也像是在等待自己的命運。 這種感受像是一種病毒，我們都感受到，我們都處處感受到。,感受,O,O,O,O,O,O,59
900,這學期終於結束了，但我似乎是失去的自我。 沒有這樣的動力，沒有這樣的興趣。 每天都感受到一種無力感，像是自己的心臟沒有跳動了。 在課堂上，一個人等待教師的說話，似乎也像是在等待自己的命運。 這種感受像是一種病毒，我們都感受到，我們都處處感受到。,像是,O,O,O,O,O,O,60
900,這學期終於結束了，但我似乎是失去的自我。 沒有這樣的動力，沒有這樣的興趣。 每天都感受到一種無力感，像是自己的心臟沒有跳動了。 在課堂上，一個人等待教師的說話，似乎也像是在等待自己的命運。 這種感受像是一種病毒，我們都感受到，我們都處處感受到。,一種,O,O,O,O,O,O,61
900,這學期終於結束了，但我似乎是失去的自我。 沒有這樣的動力，沒有這樣的興趣。 每天都感受到一種無力感，像是自己的心臟沒有跳動了。 在課堂上，一個人等待教師的說話，似乎也像是在等待自己的命運。 這種感受像是一種病毒，我們都感受到，我們都處處感受到。,病毒,O,O,O,O,O,O,62
900,這學期終於結束了，但我似乎是失去的自我。 沒有這樣的動力，沒有這樣的興趣。 每天都感受到一種無力感，像是自己的心臟沒有跳動了。 在課堂上，一個人等待教師的說話，似乎也像是在等待自己的命運。 這種感受像是一種病毒，我們都感受到，我們都處處感受到。,，,O,O,O,O,O,O,63
900,這學期終於結束了，但我似乎是失去的自我。 沒有這樣的動力，沒有這樣的興趣。 每天都感受到一種無力感，像是自己的心臟沒有跳動了。 在課堂上，一個人等待教師的說話，似乎也像是在等待自己的命運。 這種感受像是一種病毒，我們都感受到，我們都處處感受到。,我們,O,O,O,O,O,O,64
900,這學期終於結束了，但我似乎是失去的自我。 沒有這樣的動力，沒有這樣的興趣。 每天都感受到一種無力感，像是自己的心臟沒有跳動了。 在課堂上，一個人等待教師的說話，似乎也像是在等待自己的命運。 這種感受像是一種病毒，我們都感受到，我們都處處感受到。,都,O,O,O,O,O,O,65
900,這學期終於結束了，但我似乎是失去的自我。 沒有這樣的動力，沒有這樣的興趣。 每天都感受到一種無力感，像是自己的心臟沒有跳動了。 在課堂上，一個人等待教師的說話，似乎也像是在等待自己的命運。 這種感受像是一種病毒，我們都感受到，我們都處處感受到。,感受到,O,O,O,O,O,O,66
900,這學期終於結束了，但我似乎是失去的自我。 沒有這樣的動力，沒有這樣的興趣。 每天都感受到一種無力感，像是自己的心臟沒有跳動了。 在課堂上，一個人等待教師的說話，似乎也像是在等待自己的命運。 這種感受像是一種病毒，我們都感受到，我們都處處感受到。,，,O,O,O,O,O,O,67
900,這學期終於結束了，但我似乎是失去的自我。 沒有這樣的動力，沒有這樣的興趣。 每天都感受到一種無力感，像是自己的心臟沒有跳動了。 在課堂上，一個人等待教師的說話，似乎也像是在等待自己的命運。 這種感受像是一種病毒，我們都感受到，我們都處處感受到。,我們,O,O,O,O,O,O,68
900,這學期終於結束了，但我似乎是失去的自我。 沒有這樣的動力，沒有這樣的興趣。 每天都感受到一種無力感，像是自己的心臟沒有跳動了。 在課堂上，一個人等待教師的說話，似乎也像是在等待自己的命運。 這種感受像是一種病毒，我們都感受到，我們都處處感受到。,都,O,O,O,O,O,O,69
900,這學期終於結束了，但我似乎是失去的自我。 沒有這樣的動力，沒有這樣的興趣。 每天都感受到一種無力感，像是自己的心臟沒有跳動了。 在課堂上，一個人等待教師的說話，似乎也像是在等待自己的命運。 這種感受像是一種病毒，我們都感受到，我們都處處感受到。,處處,O,O,O,O,O,O,70
900,這學期終於結束了，但我似乎是失去的自我。 沒有這樣的動力，沒有這樣的興趣。 每天都感受到一種無力感，像是自己的心臟沒有跳動了。 在課堂上，一個人等待教師的說話，似乎也像是在等待自己的命運。 這種感受像是一種病毒，我們都感受到，我們都處處感受到。,感受到,O,O,O,O,O,O,71
900,這學期終於結束了，但我似乎是失去的自我。 沒有這樣的動力，沒有這樣的興趣。 每天都感受到一種無力感，像是自己的心臟沒有跳動了。 在課堂上，一個人等待教師的說話，似乎也像是在等待自己的命運。 這種感受像是一種病毒，我們都感受到，我們都處處感受到。,。,O,O,O,O,O,O,72
901,今天，我們再次面對了這塊無底線的無盡的挑戰.我開始意識到，無憂鬱症狀的存在會幫助我更好地持續。 但當我看到所有的分數和結果，反而让我感到絕望.我開始失去興趣，不能再看到這裡的美好和成就 ‍♂️.但我知道，我需要再繼續前進 .我需要再找,今天,O,O,O,O,O,O,1
901,今天，我們再次面對了這塊無底線的無盡的挑戰.我開始意識到，無憂鬱症狀的存在會幫助我更好地持續。 但當我看到所有的分數和結果，反而让我感到絕望.我開始失去興趣，不能再看到這裡的美好和成就 ‍♂️.但我知道，我需要再繼續前進 .我需要再找,，,O,O,O,O,O,O,2
901,今天，我們再次面對了這塊無底線的無盡的挑戰.我開始意識到，無憂鬱症狀的存在會幫助我更好地持續。 但當我看到所有的分數和結果，反而让我感到絕望.我開始失去興趣，不能再看到這裡的美好和成就 ‍♂️.但我知道，我需要再繼續前進 .我需要再找,我們,O,O,O,O,O,O,3
901,今天，我們再次面對了這塊無底線的無盡的挑戰.我開始意識到，無憂鬱症狀的存在會幫助我更好地持續。 但當我看到所有的分數和結果，反而让我感到絕望.我開始失去興趣，不能再看到這裡的美好和成就 ‍♂️.但我知道，我需要再繼續前進 .我需要再找,再次,O,O,O,O,O,O,4
901,今天，我們再次面對了這塊無底線的無盡的挑戰.我開始意識到，無憂鬱症狀的存在會幫助我更好地持續。 但當我看到所有的分數和結果，反而让我感到絕望.我開始失去興趣，不能再看到這裡的美好和成就 ‍♂️.但我知道，我需要再繼續前進 .我需要再找,面對,O,O,O,O,O,O,5
901,今天，我們再次面對了這塊無底線的無盡的挑戰.我開始意識到，無憂鬱症狀的存在會幫助我更好地持續。 但當我看到所有的分數和結果，反而让我感到絕望.我開始失去興趣，不能再看到這裡的美好和成就 ‍♂️.但我知道，我需要再繼續前進 .我需要再找,了,O,O,O,O,O,O,6
901,今天，我們再次面對了這塊無底線的無盡的挑戰.我開始意識到，無憂鬱症狀的存在會幫助我更好地持續。 但當我看到所有的分數和結果，反而让我感到絕望.我開始失去興趣，不能再看到這裡的美好和成就 ‍♂️.但我知道，我需要再繼續前進 .我需要再找,這塊,O,O,O,O,O,O,7
901,今天，我們再次面對了這塊無底線的無盡的挑戰.我開始意識到，無憂鬱症狀的存在會幫助我更好地持續。 但當我看到所有的分數和結果，反而让我感到絕望.我開始失去興趣，不能再看到這裡的美好和成就 ‍♂️.但我知道，我需要再繼續前進 .我需要再找,無底線,O,O,O,O,O,O,8
901,今天，我們再次面對了這塊無底線的無盡的挑戰.我開始意識到，無憂鬱症狀的存在會幫助我更好地持續。 但當我看到所有的分數和結果，反而让我感到絕望.我開始失去興趣，不能再看到這裡的美好和成就 ‍♂️.但我知道，我需要再繼續前進 .我需要再找,的,O,O,O,O,O,O,9
901,今天，我們再次面對了這塊無底線的無盡的挑戰.我開始意識到，無憂鬱症狀的存在會幫助我更好地持續。 但當我看到所有的分數和結果，反而让我感到絕望.我開始失去興趣，不能再看到這裡的美好和成就 ‍♂️.但我知道，我需要再繼續前進 .我需要再找,無盡,O,O,O,O,O,O,10
901,今天，我們再次面對了這塊無底線的無盡的挑戰.我開始意識到，無憂鬱症狀的存在會幫助我更好地持續。 但當我看到所有的分數和結果，反而让我感到絕望.我開始失去興趣，不能再看到這裡的美好和成就 ‍♂️.但我知道，我需要再繼續前進 .我需要再找,的,O,O,O,O,O,O,11
901,今天，我們再次面對了這塊無底線的無盡的挑戰.我開始意識到，無憂鬱症狀的存在會幫助我更好地持續。 但當我看到所有的分數和結果，反而让我感到絕望.我開始失去興趣，不能再看到這裡的美好和成就 ‍♂️.但我知道，我需要再繼續前進 .我需要再找,挑戰,O,O,O,O,O,O,12
901,今天，我們再次面對了這塊無底線的無盡的挑戰.我開始意識到，無憂鬱症狀的存在會幫助我更好地持續。 但當我看到所有的分數和結果，反而让我感到絕望.我開始失去興趣，不能再看到這裡的美好和成就 ‍♂️.但我知道，我需要再繼續前進 .我需要再找,.,O,O,O,O,O,O,13
901,今天，我們再次面對了這塊無底線的無盡的挑戰.我開始意識到，無憂鬱症狀的存在會幫助我更好地持續。 但當我看到所有的分數和結果，反而让我感到絕望.我開始失去興趣，不能再看到這裡的美好和成就 ‍♂️.但我知道，我需要再繼續前進 .我需要再找,我,O,O,O,O,O,O,14
901,今天，我們再次面對了這塊無底線的無盡的挑戰.我開始意識到，無憂鬱症狀的存在會幫助我更好地持續。 但當我看到所有的分數和結果，反而让我感到絕望.我開始失去興趣，不能再看到這裡的美好和成就 ‍♂️.但我知道，我需要再繼續前進 .我需要再找,開始,O,O,O,O,O,O,15
901,今天，我們再次面對了這塊無底線的無盡的挑戰.我開始意識到，無憂鬱症狀的存在會幫助我更好地持續。 但當我看到所有的分數和結果，反而让我感到絕望.我開始失去興趣，不能再看到這裡的美好和成就 ‍♂️.但我知道，我需要再繼續前進 .我需要再找,意識到,O,O,O,O,O,O,16
901,今天，我們再次面對了這塊無底線的無盡的挑戰.我開始意識到，無憂鬱症狀的存在會幫助我更好地持續。 但當我看到所有的分數和結果，反而让我感到絕望.我開始失去興趣，不能再看到這裡的美好和成就 ‍♂️.但我知道，我需要再繼續前進 .我需要再找,，,O,O,O,O,O,O,17
901,今天，我們再次面對了這塊無底線的無盡的挑戰.我開始意識到，無憂鬱症狀的存在會幫助我更好地持續。 但當我看到所有的分數和結果，反而让我感到絕望.我開始失去興趣，不能再看到這裡的美好和成就 ‍♂️.但我知道，我需要再繼續前進 .我需要再找,無憂鬱症狀,O,O,O,O,O,O,18
901,今天，我們再次面對了這塊無底線的無盡的挑戰.我開始意識到，無憂鬱症狀的存在會幫助我更好地持續。 但當我看到所有的分數和結果，反而让我感到絕望.我開始失去興趣，不能再看到這裡的美好和成就 ‍♂️.但我知道，我需要再繼續前進 .我需要再找,的,O,O,O,O,O,O,19
901,今天，我們再次面對了這塊無底線的無盡的挑戰.我開始意識到，無憂鬱症狀的存在會幫助我更好地持續。 但當我看到所有的分數和結果，反而让我感到絕望.我開始失去興趣，不能再看到這裡的美好和成就 ‍♂️.但我知道，我需要再繼續前進 .我需要再找,存在,O,O,O,O,O,O,20
901,今天，我們再次面對了這塊無底線的無盡的挑戰.我開始意識到，無憂鬱症狀的存在會幫助我更好地持續。 但當我看到所有的分數和結果，反而让我感到絕望.我開始失去興趣，不能再看到這裡的美好和成就 ‍♂️.但我知道，我需要再繼續前進 .我需要再找,會,O,O,O,O,O,O,21
901,今天，我們再次面對了這塊無底線的無盡的挑戰.我開始意識到，無憂鬱症狀的存在會幫助我更好地持續。 但當我看到所有的分數和結果，反而让我感到絕望.我開始失去興趣，不能再看到這裡的美好和成就 ‍♂️.但我知道，我需要再繼續前進 .我需要再找,幫助,O,O,O,O,O,O,22
901,今天，我們再次面對了這塊無底線的無盡的挑戰.我開始意識到，無憂鬱症狀的存在會幫助我更好地持續。 但當我看到所有的分數和結果，反而让我感到絕望.我開始失去興趣，不能再看到這裡的美好和成就 ‍♂️.但我知道，我需要再繼續前進 .我需要再找,我,O,O,O,O,O,O,23
901,今天，我們再次面對了這塊無底線的無盡的挑戰.我開始意識到，無憂鬱症狀的存在會幫助我更好地持續。 但當我看到所有的分數和結果，反而让我感到絕望.我開始失去興趣，不能再看到這裡的美好和成就 ‍♂️.但我知道，我需要再繼續前進 .我需要再找,更,O,O,O,O,O,O,24
901,今天，我們再次面對了這塊無底線的無盡的挑戰.我開始意識到，無憂鬱症狀的存在會幫助我更好地持續。 但當我看到所有的分數和結果，反而让我感到絕望.我開始失去興趣，不能再看到這裡的美好和成就 ‍♂️.但我知道，我需要再繼續前進 .我需要再找,好地,O,O,O,O,O,O,25
901,今天，我們再次面對了這塊無底線的無盡的挑戰.我開始意識到，無憂鬱症狀的存在會幫助我更好地持續。 但當我看到所有的分數和結果，反而让我感到絕望.我開始失去興趣，不能再看到這裡的美好和成就 ‍♂️.但我知道，我需要再繼續前進 .我需要再找,持續,O,O,O,O,O,O,26
901,今天，我們再次面對了這塊無底線的無盡的挑戰.我開始意識到，無憂鬱症狀的存在會幫助我更好地持續。 但當我看到所有的分數和結果，反而让我感到絕望.我開始失去興趣，不能再看到這裡的美好和成就 ‍♂️.但我知道，我需要再繼續前進 .我需要再找,。,O,O,O,O,O,O,27
901,今天，我們再次面對了這塊無底線的無盡的挑戰.我開始意識到，無憂鬱症狀的存在會幫助我更好地持續。 但當我看到所有的分數和結果，反而让我感到絕望.我開始失去興趣，不能再看到這裡的美好和成就 ‍♂️.但我知道，我需要再繼續前進 .我需要再找,但,O,O,O,O,O,O,28
901,今天，我們再次面對了這塊無底線的無盡的挑戰.我開始意識到，無憂鬱症狀的存在會幫助我更好地持續。 但當我看到所有的分數和結果，反而让我感到絕望.我開始失去興趣，不能再看到這裡的美好和成就 ‍♂️.但我知道，我需要再繼續前進 .我需要再找,當,O,O,O,O,O,O,29
901,今天，我們再次面對了這塊無底線的無盡的挑戰.我開始意識到，無憂鬱症狀的存在會幫助我更好地持續。 但當我看到所有的分數和結果，反而让我感到絕望.我開始失去興趣，不能再看到這裡的美好和成就 ‍♂️.但我知道，我需要再繼續前進 .我需要再找,我,O,O,O,O,O,O,30
901,今天，我們再次面對了這塊無底線的無盡的挑戰.我開始意識到，無憂鬱症狀的存在會幫助我更好地持續。 但當我看到所有的分數和結果，反而让我感到絕望.我開始失去興趣，不能再看到這裡的美好和成就 ‍♂️.但我知道，我需要再繼續前進 .我需要再找,看到,O,O,O,O,O,O,31
901,今天，我們再次面對了這塊無底線的無盡的挑戰.我開始意識到，無憂鬱症狀的存在會幫助我更好地持續。 但當我看到所有的分數和結果，反而让我感到絕望.我開始失去興趣，不能再看到這裡的美好和成就 ‍♂️.但我知道，我需要再繼續前進 .我需要再找,所有,O,O,O,O,O,O,32
901,今天，我們再次面對了這塊無底線的無盡的挑戰.我開始意識到，無憂鬱症狀的存在會幫助我更好地持續。 但當我看到所有的分數和結果，反而让我感到絕望.我開始失去興趣，不能再看到這裡的美好和成就 ‍♂️.但我知道，我需要再繼續前進 .我需要再找,的,O,O,O,O,O,O,33
901,今天，我們再次面對了這塊無底線的無盡的挑戰.我開始意識到，無憂鬱症狀的存在會幫助我更好地持續。 但當我看到所有的分數和結果，反而让我感到絕望.我開始失去興趣，不能再看到這裡的美好和成就 ‍♂️.但我知道，我需要再繼續前進 .我需要再找,分數,O,O,O,O,O,O,34
901,今天，我們再次面對了這塊無底線的無盡的挑戰.我開始意識到，無憂鬱症狀的存在會幫助我更好地持續。 但當我看到所有的分數和結果，反而让我感到絕望.我開始失去興趣，不能再看到這裡的美好和成就 ‍♂️.但我知道，我需要再繼續前進 .我需要再找,和,O,O,O,O,O,O,35
901,今天，我們再次面對了這塊無底線的無盡的挑戰.我開始意識到，無憂鬱症狀的存在會幫助我更好地持續。 但當我看到所有的分數和結果，反而让我感到絕望.我開始失去興趣，不能再看到這裡的美好和成就 ‍♂️.但我知道，我需要再繼續前進 .我需要再找,結果,O,O,O,O,O,O,36
901,今天，我們再次面對了這塊無底線的無盡的挑戰.我開始意識到，無憂鬱症狀的存在會幫助我更好地持續。 但當我看到所有的分數和結果，反而让我感到絕望.我開始失去興趣，不能再看到這裡的美好和成就 ‍♂️.但我知道，我需要再繼續前進 .我需要再找,，,O,O,O,O,O,O,37
901,今天，我們再次面對了這塊無底線的無盡的挑戰.我開始意識到，無憂鬱症狀的存在會幫助我更好地持續。 但當我看到所有的分數和結果，反而让我感到絕望.我開始失去興趣，不能再看到這裡的美好和成就 ‍♂️.但我知道，我需要再繼續前進 .我需要再找,反而,O,O,O,O,O,O,38
901,今天，我們再次面對了這塊無底線的無盡的挑戰.我開始意識到，無憂鬱症狀的存在會幫助我更好地持續。 但當我看到所有的分數和結果，反而让我感到絕望.我開始失去興趣，不能再看到這裡的美好和成就 ‍♂️.但我知道，我需要再繼續前進 .我需要再找,让我,O,O,O,O,O,O,39
901,今天，我們再次面對了這塊無底線的無盡的挑戰.我開始意識到，無憂鬱症狀的存在會幫助我更好地持續。 但當我看到所有的分數和結果，反而让我感到絕望.我開始失去興趣，不能再看到這裡的美好和成就 ‍♂️.但我知道，我需要再繼續前進 .我需要再找,感到,B-D,B-D,B-D,B-D,B-D,O,40
901,今天，我們再次面對了這塊無底線的無盡的挑戰.我開始意識到，無憂鬱症狀的存在會幫助我更好地持續。 但當我看到所有的分數和結果，反而让我感到絕望.我開始失去興趣，不能再看到這裡的美好和成就 ‍♂️.但我知道，我需要再繼續前進 .我需要再找,絕望,E-D,E-D,E-D,E-D,E-D,B-D,41
901,今天，我們再次面對了這塊無底線的無盡的挑戰.我開始意識到，無憂鬱症狀的存在會幫助我更好地持續。 但當我看到所有的分數和結果，反而让我感到絕望.我開始失去興趣，不能再看到這裡的美好和成就 ‍♂️.但我知道，我需要再繼續前進 .我需要再找,.,O,O,O,O,O,E-D,42
901,今天，我們再次面對了這塊無底線的無盡的挑戰.我開始意識到，無憂鬱症狀的存在會幫助我更好地持續。 但當我看到所有的分數和結果，反而让我感到絕望.我開始失去興趣，不能再看到這裡的美好和成就 ‍♂️.但我知道，我需要再繼續前進 .我需要再找,我,O,O,O,O,O,O,43
901,今天，我們再次面對了這塊無底線的無盡的挑戰.我開始意識到，無憂鬱症狀的存在會幫助我更好地持續。 但當我看到所有的分數和結果，反而让我感到絕望.我開始失去興趣，不能再看到這裡的美好和成就 ‍♂️.但我知道，我需要再繼續前進 .我需要再找,開始,O,O,O,O,O,O,44
901,今天，我們再次面對了這塊無底線的無盡的挑戰.我開始意識到，無憂鬱症狀的存在會幫助我更好地持續。 但當我看到所有的分數和結果，反而让我感到絕望.我開始失去興趣，不能再看到這裡的美好和成就 ‍♂️.但我知道，我需要再繼續前進 .我需要再找,失去,B-A,B-A,B-A,B-A,B-A,O,45
901,今天，我們再次面對了這塊無底線的無盡的挑戰.我開始意識到，無憂鬱症狀的存在會幫助我更好地持續。 但當我看到所有的分數和結果，反而让我感到絕望.我開始失去興趣，不能再看到這裡的美好和成就 ‍♂️.但我知道，我需要再繼續前進 .我需要再找,興趣,E-A,E-A,E-A,E-A,E-A,B-A,46
901,今天，我們再次面對了這塊無底線的無盡的挑戰.我開始意識到，無憂鬱症狀的存在會幫助我更好地持續。 但當我看到所有的分數和結果，反而让我感到絕望.我開始失去興趣，不能再看到這裡的美好和成就 ‍♂️.但我知道，我需要再繼續前進 .我需要再找,，,O,O,O,O,O,E-A,47
901,今天，我們再次面對了這塊無底線的無盡的挑戰.我開始意識到，無憂鬱症狀的存在會幫助我更好地持續。 但當我看到所有的分數和結果，反而让我感到絕望.我開始失去興趣，不能再看到這裡的美好和成就 ‍♂️.但我知道，我需要再繼續前進 .我需要再找,不能,O,O,O,O,O,O,48
901,今天，我們再次面對了這塊無底線的無盡的挑戰.我開始意識到，無憂鬱症狀的存在會幫助我更好地持續。 但當我看到所有的分數和結果，反而让我感到絕望.我開始失去興趣，不能再看到這裡的美好和成就 ‍♂️.但我知道，我需要再繼續前進 .我需要再找,再,O,O,O,O,O,O,49
901,今天，我們再次面對了這塊無底線的無盡的挑戰.我開始意識到，無憂鬱症狀的存在會幫助我更好地持續。 但當我看到所有的分數和結果，反而让我感到絕望.我開始失去興趣，不能再看到這裡的美好和成就 ‍♂️.但我知道，我需要再繼續前進 .我需要再找,看到,O,O,O,O,O,O,50
901,今天，我們再次面對了這塊無底線的無盡的挑戰.我開始意識到，無憂鬱症狀的存在會幫助我更好地持續。 但當我看到所有的分數和結果，反而让我感到絕望.我開始失去興趣，不能再看到這裡的美好和成就 ‍♂️.但我知道，我需要再繼續前進 .我需要再找,這裡,O,O,O,O,O,O,51
901,今天，我們再次面對了這塊無底線的無盡的挑戰.我開始意識到，無憂鬱症狀的存在會幫助我更好地持續。 但當我看到所有的分數和結果，反而让我感到絕望.我開始失去興趣，不能再看到這裡的美好和成就 ‍♂️.但我知道，我需要再繼續前進 .我需要再找,的,O,O,O,O,O,O,52
901,今天，我們再次面對了這塊無底線的無盡的挑戰.我開始意識到，無憂鬱症狀的存在會幫助我更好地持續。 但當我看到所有的分數和結果，反而让我感到絕望.我開始失去興趣，不能再看到這裡的美好和成就 ‍♂️.但我知道，我需要再繼續前進 .我需要再找,美好,O,O,O,O,O,O,53
901,今天，我們再次面對了這塊無底線的無盡的挑戰.我開始意識到，無憂鬱症狀的存在會幫助我更好地持續。 但當我看到所有的分數和結果，反而让我感到絕望.我開始失去興趣，不能再看到這裡的美好和成就 ‍♂️.但我知道，我需要再繼續前進 .我需要再找,和,O,O,O,O,O,O,54
901,今天，我們再次面對了這塊無底線的無盡的挑戰.我開始意識到，無憂鬱症狀的存在會幫助我更好地持續。 但當我看到所有的分數和結果，反而让我感到絕望.我開始失去興趣，不能再看到這裡的美好和成就 ‍♂️.但我知道，我需要再繼續前進 .我需要再找,成就,O,O,O,O,O,O,55
901,今天，我們再次面對了這塊無底線的無盡的挑戰.我開始意識到，無憂鬱症狀的存在會幫助我更好地持續。 但當我看到所有的分數和結果，反而让我感到絕望.我開始失去興趣，不能再看到這裡的美好和成就 ‍♂️.但我知道，我需要再繼續前進 .我需要再找,‍♂️,O,O,O,O,O,O,56
901,今天，我們再次面對了這塊無底線的無盡的挑戰.我開始意識到，無憂鬱症狀的存在會幫助我更好地持續。 但當我看到所有的分數和結果，反而让我感到絕望.我開始失去興趣，不能再看到這裡的美好和成就 ‍♂️.但我知道，我需要再繼續前進 .我需要再找,.,O,O,O,O,O,O,57
901,今天，我們再次面對了這塊無底線的無盡的挑戰.我開始意識到，無憂鬱症狀的存在會幫助我更好地持續。 但當我看到所有的分數和結果，反而让我感到絕望.我開始失去興趣，不能再看到這裡的美好和成就 ‍♂️.但我知道，我需要再繼續前進 .我需要再找,但,O,O,O,O,O,O,58
901,今天，我們再次面對了這塊無底線的無盡的挑戰.我開始意識到，無憂鬱症狀的存在會幫助我更好地持續。 但當我看到所有的分數和結果，反而让我感到絕望.我開始失去興趣，不能再看到這裡的美好和成就 ‍♂️.但我知道，我需要再繼續前進 .我需要再找,我,O,O,O,O,O,O,59
901,今天，我們再次面對了這塊無底線的無盡的挑戰.我開始意識到，無憂鬱症狀的存在會幫助我更好地持續。 但當我看到所有的分數和結果，反而让我感到絕望.我開始失去興趣，不能再看到這裡的美好和成就 ‍♂️.但我知道，我需要再繼續前進 .我需要再找,知道,O,O,O,O,O,O,60
901,今天，我們再次面對了這塊無底線的無盡的挑戰.我開始意識到，無憂鬱症狀的存在會幫助我更好地持續。 但當我看到所有的分數和結果，反而让我感到絕望.我開始失去興趣，不能再看到這裡的美好和成就 ‍♂️.但我知道，我需要再繼續前進 .我需要再找,，,O,O,O,O,O,O,61
901,今天，我們再次面對了這塊無底線的無盡的挑戰.我開始意識到，無憂鬱症狀的存在會幫助我更好地持續。 但當我看到所有的分數和結果，反而让我感到絕望.我開始失去興趣，不能再看到這裡的美好和成就 ‍♂️.但我知道，我需要再繼續前進 .我需要再找,我,O,O,O,O,O,O,62
901,今天，我們再次面對了這塊無底線的無盡的挑戰.我開始意識到，無憂鬱症狀的存在會幫助我更好地持續。 但當我看到所有的分數和結果，反而让我感到絕望.我開始失去興趣，不能再看到這裡的美好和成就 ‍♂️.但我知道，我需要再繼續前進 .我需要再找,需要,O,O,O,O,O,O,63
901,今天，我們再次面對了這塊無底線的無盡的挑戰.我開始意識到，無憂鬱症狀的存在會幫助我更好地持續。 但當我看到所有的分數和結果，反而让我感到絕望.我開始失去興趣，不能再看到這裡的美好和成就 ‍♂️.但我知道，我需要再繼續前進 .我需要再找,再,O,O,O,O,O,O,64
901,今天，我們再次面對了這塊無底線的無盡的挑戰.我開始意識到，無憂鬱症狀的存在會幫助我更好地持續。 但當我看到所有的分數和結果，反而让我感到絕望.我開始失去興趣，不能再看到這裡的美好和成就 ‍♂️.但我知道，我需要再繼續前進 .我需要再找,繼續,O,O,O,O,O,O,65
901,今天，我們再次面對了這塊無底線的無盡的挑戰.我開始意識到，無憂鬱症狀的存在會幫助我更好地持續。 但當我看到所有的分數和結果，反而让我感到絕望.我開始失去興趣，不能再看到這裡的美好和成就 ‍♂️.但我知道，我需要再繼續前進 .我需要再找,前進,O,O,O,O,O,O,66
901,今天，我們再次面對了這塊無底線的無盡的挑戰.我開始意識到，無憂鬱症狀的存在會幫助我更好地持續。 但當我看到所有的分數和結果，反而让我感到絕望.我開始失去興趣，不能再看到這裡的美好和成就 ‍♂️.但我知道，我需要再繼續前進 .我需要再找,.,O,O,O,O,O,O,67
901,今天，我們再次面對了這塊無底線的無盡的挑戰.我開始意識到，無憂鬱症狀的存在會幫助我更好地持續。 但當我看到所有的分數和結果，反而让我感到絕望.我開始失去興趣，不能再看到這裡的美好和成就 ‍♂️.但我知道，我需要再繼續前進 .我需要再找,我,O,O,O,O,O,O,68
901,今天，我們再次面對了這塊無底線的無盡的挑戰.我開始意識到，無憂鬱症狀的存在會幫助我更好地持續。 但當我看到所有的分數和結果，反而让我感到絕望.我開始失去興趣，不能再看到這裡的美好和成就 ‍♂️.但我知道，我需要再繼續前進 .我需要再找,需要,O,O,O,O,O,O,69
901,今天，我們再次面對了這塊無底線的無盡的挑戰.我開始意識到，無憂鬱症狀的存在會幫助我更好地持續。 但當我看到所有的分數和結果，反而让我感到絕望.我開始失去興趣，不能再看到這裡的美好和成就 ‍♂️.但我知道，我需要再繼續前進 .我需要再找,再,O,O,O,O,O,O,70
901,今天，我們再次面對了這塊無底線的無盡的挑戰.我開始意識到，無憂鬱症狀的存在會幫助我更好地持續。 但當我看到所有的分數和結果，反而让我感到絕望.我開始失去興趣，不能再看到這裡的美好和成就 ‍♂️.但我知道，我需要再繼續前進 .我需要再找,找,O,O,O,O,O,O,71
902,你會覺得自己是否存在於過度完美主義的囚牽中? 每天都在嘗試去完善自己，但總是找不到一個「完美」的自己。,你,O,O,O,O,O,O,1
902,你會覺得自己是否存在於過度完美主義的囚牽中? 每天都在嘗試去完善自己，但總是找不到一個「完美」的自己。,會,O,O,O,O,O,O,2
902,你會覺得自己是否存在於過度完美主義的囚牽中? 每天都在嘗試去完善自己，但總是找不到一個「完美」的自己。,覺得,O,O,O,O,O,O,3
902,你會覺得自己是否存在於過度完美主義的囚牽中? 每天都在嘗試去完善自己，但總是找不到一個「完美」的自己。,自己,O,O,O,O,O,B-W,4
902,你會覺得自己是否存在於過度完美主義的囚牽中? 每天都在嘗試去完善自己，但總是找不到一個「完美」的自己。,是否,O,O,O,O,O,O,5
902,你會覺得自己是否存在於過度完美主義的囚牽中? 每天都在嘗試去完善自己，但總是找不到一個「完美」的自己。,存在,O,O,O,O,O,O,6
902,你會覺得自己是否存在於過度完美主義的囚牽中? 每天都在嘗試去完善自己，但總是找不到一個「完美」的自己。,於,O,O,O,O,O,O,7
902,你會覺得自己是否存在於過度完美主義的囚牽中? 每天都在嘗試去完善自己，但總是找不到一個「完美」的自己。,過度,O,O,O,O,O,O,8
902,你會覺得自己是否存在於過度完美主義的囚牽中? 每天都在嘗試去完善自己，但總是找不到一個「完美」的自己。,完美主義,O,O,O,O,O,O,9
902,你會覺得自己是否存在於過度完美主義的囚牽中? 每天都在嘗試去完善自己，但總是找不到一個「完美」的自己。,的,O,O,O,O,O,O,10
902,你會覺得自己是否存在於過度完美主義的囚牽中? 每天都在嘗試去完善自己，但總是找不到一個「完美」的自己。,囚牽,O,O,O,O,O,O,11
902,你會覺得自己是否存在於過度完美主義的囚牽中? 每天都在嘗試去完善自己，但總是找不到一個「完美」的自己。,中,O,O,O,O,O,O,12
902,你會覺得自己是否存在於過度完美主義的囚牽中? 每天都在嘗試去完善自己，但總是找不到一個「完美」的自己。,?,O,O,O,O,O,O,13
902,你會覺得自己是否存在於過度完美主義的囚牽中? 每天都在嘗試去完善自己，但總是找不到一個「完美」的自己。,每天,O,O,O,O,O,O,14
902,你會覺得自己是否存在於過度完美主義的囚牽中? 每天都在嘗試去完善自己，但總是找不到一個「完美」的自己。,都,O,O,O,O,O,O,15
902,你會覺得自己是否存在於過度完美主義的囚牽中? 每天都在嘗試去完善自己，但總是找不到一個「完美」的自己。,在,O,O,O,O,O,O,16
902,你會覺得自己是否存在於過度完美主義的囚牽中? 每天都在嘗試去完善自己，但總是找不到一個「完美」的自己。,嘗試,O,O,O,O,O,O,17
902,你會覺得自己是否存在於過度完美主義的囚牽中? 每天都在嘗試去完善自己，但總是找不到一個「完美」的自己。,去,O,O,O,O,O,O,18
902,你會覺得自己是否存在於過度完美主義的囚牽中? 每天都在嘗試去完善自己，但總是找不到一個「完美」的自己。,完善,O,O,O,O,O,O,19
902,你會覺得自己是否存在於過度完美主義的囚牽中? 每天都在嘗試去完善自己，但總是找不到一個「完美」的自己。,自己,O,O,O,O,O,B-W,20
902,你會覺得自己是否存在於過度完美主義的囚牽中? 每天都在嘗試去完善自己，但總是找不到一個「完美」的自己。,，,O,O,O,O,O,O,21
902,你會覺得自己是否存在於過度完美主義的囚牽中? 每天都在嘗試去完善自己，但總是找不到一個「完美」的自己。,但,O,O,O,O,O,O,22
902,你會覺得自己是否存在於過度完美主義的囚牽中? 每天都在嘗試去完善自己，但總是找不到一個「完美」的自己。,總是,O,O,O,O,O,O,23
902,你會覺得自己是否存在於過度完美主義的囚牽中? 每天都在嘗試去完善自己，但總是找不到一個「完美」的自己。,找不到,B-W,O,O,O,O,O,24
902,你會覺得自己是否存在於過度完美主義的囚牽中? 每天都在嘗試去完善自己，但總是找不到一個「完美」的自己。,一個,M-W,O,O,O,O,O,25
902,你會覺得自己是否存在於過度完美主義的囚牽中? 每天都在嘗試去完善自己，但總是找不到一個「完美」的自己。,「,M-W,O,O,O,O,O,26
902,你會覺得自己是否存在於過度完美主義的囚牽中? 每天都在嘗試去完善自己，但總是找不到一個「完美」的自己。,完美,M-W,S-A,S-A,S-A,S-A,S-A,27
902,你會覺得自己是否存在於過度完美主義的囚牽中? 每天都在嘗試去完善自己，但總是找不到一個「完美」的自己。,」,M-W,O,O,O,O,O,28
902,你會覺得自己是否存在於過度完美主義的囚牽中? 每天都在嘗試去完善自己，但總是找不到一個「完美」的自己。,的,M-W,O,O,O,O,O,29
902,你會覺得自己是否存在於過度完美主義的囚牽中? 每天都在嘗試去完善自己，但總是找不到一個「完美」的自己。,自己,E-W,O,O,O,O,O,30
902,你會覺得自己是否存在於過度完美主義的囚牽中? 每天都在嘗試去完善自己，但總是找不到一個「完美」的自己。,。,O,O,O,O,O,O,31
903,我什麼時候才會知道自己需要幫助？ 是當我總是被自我評價的陰影包裹著？ 還是當我因為過去的錯誤，心情都惡劣？ 或者，我是那種人，因為在未來的擁抱，我每天都失去興趣？,我,O,O,O,O,O,O,1
903,我什麼時候才會知道自己需要幫助？ 是當我總是被自我評價的陰影包裹著？ 還是當我因為過去的錯誤，心情都惡劣？ 或者，我是那種人，因為在未來的擁抱，我每天都失去興趣？,什麼,O,O,O,O,O,O,2
903,我什麼時候才會知道自己需要幫助？ 是當我總是被自我評價的陰影包裹著？ 還是當我因為過去的錯誤，心情都惡劣？ 或者，我是那種人，因為在未來的擁抱，我每天都失去興趣？,時候,O,O,O,O,O,O,3
903,我什麼時候才會知道自己需要幫助？ 是當我總是被自我評價的陰影包裹著？ 還是當我因為過去的錯誤，心情都惡劣？ 或者，我是那種人，因為在未來的擁抱，我每天都失去興趣？,才,O,O,O,O,O,O,4
903,我什麼時候才會知道自己需要幫助？ 是當我總是被自我評價的陰影包裹著？ 還是當我因為過去的錯誤，心情都惡劣？ 或者，我是那種人，因為在未來的擁抱，我每天都失去興趣？,會,O,O,O,O,O,O,5
903,我什麼時候才會知道自己需要幫助？ 是當我總是被自我評價的陰影包裹著？ 還是當我因為過去的錯誤，心情都惡劣？ 或者，我是那種人，因為在未來的擁抱，我每天都失去興趣？,知道,O,O,O,O,O,O,6
903,我什麼時候才會知道自己需要幫助？ 是當我總是被自我評價的陰影包裹著？ 還是當我因為過去的錯誤，心情都惡劣？ 或者，我是那種人，因為在未來的擁抱，我每天都失去興趣？,自己,O,O,O,O,O,O,7
903,我什麼時候才會知道自己需要幫助？ 是當我總是被自我評價的陰影包裹著？ 還是當我因為過去的錯誤，心情都惡劣？ 或者，我是那種人，因為在未來的擁抱，我每天都失去興趣？,需要,O,O,O,O,O,O,8
903,我什麼時候才會知道自己需要幫助？ 是當我總是被自我評價的陰影包裹著？ 還是當我因為過去的錯誤，心情都惡劣？ 或者，我是那種人，因為在未來的擁抱，我每天都失去興趣？,幫助,O,O,O,O,O,O,9
903,我什麼時候才會知道自己需要幫助？ 是當我總是被自我評價的陰影包裹著？ 還是當我因為過去的錯誤，心情都惡劣？ 或者，我是那種人，因為在未來的擁抱，我每天都失去興趣？,？,O,O,O,O,O,O,10
903,我什麼時候才會知道自己需要幫助？ 是當我總是被自我評價的陰影包裹著？ 還是當我因為過去的錯誤，心情都惡劣？ 或者，我是那種人，因為在未來的擁抱，我每天都失去興趣？,是,O,O,O,O,O,O,11
903,我什麼時候才會知道自己需要幫助？ 是當我總是被自我評價的陰影包裹著？ 還是當我因為過去的錯誤，心情都惡劣？ 或者，我是那種人，因為在未來的擁抱，我每天都失去興趣？,當,O,O,O,O,O,O,12
903,我什麼時候才會知道自己需要幫助？ 是當我總是被自我評價的陰影包裹著？ 還是當我因為過去的錯誤，心情都惡劣？ 或者，我是那種人，因為在未來的擁抱，我每天都失去興趣？,我,O,O,O,O,O,O,13
903,我什麼時候才會知道自己需要幫助？ 是當我總是被自我評價的陰影包裹著？ 還是當我因為過去的錯誤，心情都惡劣？ 或者，我是那種人，因為在未來的擁抱，我每天都失去興趣？,總是,O,O,O,O,O,O,14
903,我什麼時候才會知道自己需要幫助？ 是當我總是被自我評價的陰影包裹著？ 還是當我因為過去的錯誤，心情都惡劣？ 或者，我是那種人，因為在未來的擁抱，我每天都失去興趣？,被,O,O,O,O,O,O,15
903,我什麼時候才會知道自己需要幫助？ 是當我總是被自我評價的陰影包裹著？ 還是當我因為過去的錯誤，心情都惡劣？ 或者，我是那種人，因為在未來的擁抱，我每天都失去興趣？,自我,O,O,O,O,O,O,16
903,我什麼時候才會知道自己需要幫助？ 是當我總是被自我評價的陰影包裹著？ 還是當我因為過去的錯誤，心情都惡劣？ 或者，我是那種人，因為在未來的擁抱，我每天都失去興趣？,評價,O,O,O,O,O,O,17
903,我什麼時候才會知道自己需要幫助？ 是當我總是被自我評價的陰影包裹著？ 還是當我因為過去的錯誤，心情都惡劣？ 或者，我是那種人，因為在未來的擁抱，我每天都失去興趣？,的,O,O,O,O,O,O,18
903,我什麼時候才會知道自己需要幫助？ 是當我總是被自我評價的陰影包裹著？ 還是當我因為過去的錯誤，心情都惡劣？ 或者，我是那種人，因為在未來的擁抱，我每天都失去興趣？,陰影,S-W,S-W,S-W,S-W,S-W,S-W,19
903,我什麼時候才會知道自己需要幫助？ 是當我總是被自我評價的陰影包裹著？ 還是當我因為過去的錯誤，心情都惡劣？ 或者，我是那種人，因為在未來的擁抱，我每天都失去興趣？,包裹著,O,O,O,O,O,O,20
903,我什麼時候才會知道自己需要幫助？ 是當我總是被自我評價的陰影包裹著？ 還是當我因為過去的錯誤，心情都惡劣？ 或者，我是那種人，因為在未來的擁抱，我每天都失去興趣？,？,O,O,O,O,O,O,21
903,我什麼時候才會知道自己需要幫助？ 是當我總是被自我評價的陰影包裹著？ 還是當我因為過去的錯誤，心情都惡劣？ 或者，我是那種人，因為在未來的擁抱，我每天都失去興趣？,還是,O,O,O,O,O,O,22
903,我什麼時候才會知道自己需要幫助？ 是當我總是被自我評價的陰影包裹著？ 還是當我因為過去的錯誤，心情都惡劣？ 或者，我是那種人，因為在未來的擁抱，我每天都失去興趣？,當,O,O,O,O,O,O,23
903,我什麼時候才會知道自己需要幫助？ 是當我總是被自我評價的陰影包裹著？ 還是當我因為過去的錯誤，心情都惡劣？ 或者，我是那種人，因為在未來的擁抱，我每天都失去興趣？,我,O,O,O,O,O,O,24
903,我什麼時候才會知道自己需要幫助？ 是當我總是被自我評價的陰影包裹著？ 還是當我因為過去的錯誤，心情都惡劣？ 或者，我是那種人，因為在未來的擁抱，我每天都失去興趣？,因為,O,O,O,O,O,O,25
903,我什麼時候才會知道自己需要幫助？ 是當我總是被自我評價的陰影包裹著？ 還是當我因為過去的錯誤，心情都惡劣？ 或者，我是那種人，因為在未來的擁抱，我每天都失去興趣？,過去,O,O,O,O,O,O,26
903,我什麼時候才會知道自己需要幫助？ 是當我總是被自我評價的陰影包裹著？ 還是當我因為過去的錯誤，心情都惡劣？ 或者，我是那種人，因為在未來的擁抱，我每天都失去興趣？,的,O,O,O,O,O,O,27
903,我什麼時候才會知道自己需要幫助？ 是當我總是被自我評價的陰影包裹著？ 還是當我因為過去的錯誤，心情都惡劣？ 或者，我是那種人，因為在未來的擁抱，我每天都失去興趣？,錯誤,S-W,S-W,S-W,S-W,S-W,S-W,28
903,我什麼時候才會知道自己需要幫助？ 是當我總是被自我評價的陰影包裹著？ 還是當我因為過去的錯誤，心情都惡劣？ 或者，我是那種人，因為在未來的擁抱，我每天都失去興趣？,，,O,O,O,O,O,O,29
903,我什麼時候才會知道自己需要幫助？ 是當我總是被自我評價的陰影包裹著？ 還是當我因為過去的錯誤，心情都惡劣？ 或者，我是那種人，因為在未來的擁抱，我每天都失去興趣？,心情,O,O,O,O,O,O,30
903,我什麼時候才會知道自己需要幫助？ 是當我總是被自我評價的陰影包裹著？ 還是當我因為過去的錯誤，心情都惡劣？ 或者，我是那種人，因為在未來的擁抱，我每天都失去興趣？,都,O,O,O,O,O,O,31
903,我什麼時候才會知道自己需要幫助？ 是當我總是被自我評價的陰影包裹著？ 還是當我因為過去的錯誤，心情都惡劣？ 或者，我是那種人，因為在未來的擁抱，我每天都失去興趣？,惡劣,O,S-D,S-D,S-D,S-D,S-D,32
903,我什麼時候才會知道自己需要幫助？ 是當我總是被自我評價的陰影包裹著？ 還是當我因為過去的錯誤，心情都惡劣？ 或者，我是那種人，因為在未來的擁抱，我每天都失去興趣？,？,O,O,O,O,O,O,33
903,我什麼時候才會知道自己需要幫助？ 是當我總是被自我評價的陰影包裹著？ 還是當我因為過去的錯誤，心情都惡劣？ 或者，我是那種人，因為在未來的擁抱，我每天都失去興趣？,或者,O,O,O,O,O,O,34
903,我什麼時候才會知道自己需要幫助？ 是當我總是被自我評價的陰影包裹著？ 還是當我因為過去的錯誤，心情都惡劣？ 或者，我是那種人，因為在未來的擁抱，我每天都失去興趣？,，,O,O,O,O,O,O,35
903,我什麼時候才會知道自己需要幫助？ 是當我總是被自我評價的陰影包裹著？ 還是當我因為過去的錯誤，心情都惡劣？ 或者，我是那種人，因為在未來的擁抱，我每天都失去興趣？,我,O,O,O,O,O,O,36
903,我什麼時候才會知道自己需要幫助？ 是當我總是被自我評價的陰影包裹著？ 還是當我因為過去的錯誤，心情都惡劣？ 或者，我是那種人，因為在未來的擁抱，我每天都失去興趣？,是,O,O,O,O,O,O,37
903,我什麼時候才會知道自己需要幫助？ 是當我總是被自我評價的陰影包裹著？ 還是當我因為過去的錯誤，心情都惡劣？ 或者，我是那種人，因為在未來的擁抱，我每天都失去興趣？,那種,O,O,O,O,O,O,38
903,我什麼時候才會知道自己需要幫助？ 是當我總是被自我評價的陰影包裹著？ 還是當我因為過去的錯誤，心情都惡劣？ 或者，我是那種人，因為在未來的擁抱，我每天都失去興趣？,人,O,O,O,O,O,O,39
903,我什麼時候才會知道自己需要幫助？ 是當我總是被自我評價的陰影包裹著？ 還是當我因為過去的錯誤，心情都惡劣？ 或者，我是那種人，因為在未來的擁抱，我每天都失去興趣？,，,O,O,O,O,O,O,40
903,我什麼時候才會知道自己需要幫助？ 是當我總是被自我評價的陰影包裹著？ 還是當我因為過去的錯誤，心情都惡劣？ 或者，我是那種人，因為在未來的擁抱，我每天都失去興趣？,因為,O,O,O,O,O,O,41
903,我什麼時候才會知道自己需要幫助？ 是當我總是被自我評價的陰影包裹著？ 還是當我因為過去的錯誤，心情都惡劣？ 或者，我是那種人，因為在未來的擁抱，我每天都失去興趣？,在,O,O,O,O,O,O,42
903,我什麼時候才會知道自己需要幫助？ 是當我總是被自我評價的陰影包裹著？ 還是當我因為過去的錯誤，心情都惡劣？ 或者，我是那種人，因為在未來的擁抱，我每天都失去興趣？,未來,O,O,O,O,O,O,43
903,我什麼時候才會知道自己需要幫助？ 是當我總是被自我評價的陰影包裹著？ 還是當我因為過去的錯誤，心情都惡劣？ 或者，我是那種人，因為在未來的擁抱，我每天都失去興趣？,的,O,O,O,O,O,O,44
903,我什麼時候才會知道自己需要幫助？ 是當我總是被自我評價的陰影包裹著？ 還是當我因為過去的錯誤，心情都惡劣？ 或者，我是那種人，因為在未來的擁抱，我每天都失去興趣？,擁抱,O,O,O,O,O,O,45
903,我什麼時候才會知道自己需要幫助？ 是當我總是被自我評價的陰影包裹著？ 還是當我因為過去的錯誤，心情都惡劣？ 或者，我是那種人，因為在未來的擁抱，我每天都失去興趣？,，,O,O,O,O,O,O,46
903,我什麼時候才會知道自己需要幫助？ 是當我總是被自我評價的陰影包裹著？ 還是當我因為過去的錯誤，心情都惡劣？ 或者，我是那種人，因為在未來的擁抱，我每天都失去興趣？,我,O,O,O,O,O,O,47
903,我什麼時候才會知道自己需要幫助？ 是當我總是被自我評價的陰影包裹著？ 還是當我因為過去的錯誤，心情都惡劣？ 或者，我是那種人，因為在未來的擁抱，我每天都失去興趣？,每天,O,O,O,O,O,O,48
903,我什麼時候才會知道自己需要幫助？ 是當我總是被自我評價的陰影包裹著？ 還是當我因為過去的錯誤，心情都惡劣？ 或者，我是那種人，因為在未來的擁抱，我每天都失去興趣？,都,O,O,O,O,O,O,49
903,我什麼時候才會知道自己需要幫助？ 是當我總是被自我評價的陰影包裹著？ 還是當我因為過去的錯誤，心情都惡劣？ 或者，我是那種人，因為在未來的擁抱，我每天都失去興趣？,失去,B-A,B-A,B-A,B-A,B-A,B-A,50
903,我什麼時候才會知道自己需要幫助？ 是當我總是被自我評價的陰影包裹著？ 還是當我因為過去的錯誤，心情都惡劣？ 或者，我是那種人，因為在未來的擁抱，我每天都失去興趣？,興趣,E-A,E-A,E-A,E-A,E-A,E-A,51
903,我什麼時候才會知道自己需要幫助？ 是當我總是被自我評價的陰影包裹著？ 還是當我因為過去的錯誤，心情都惡劣？ 或者，我是那種人，因為在未來的擁抱，我每天都失去興趣？,？,O,O,O,O,O,O,52
904,我們已經把所有的力量都輸掉了。我們完全沒有了。財務困難的壓力和身體無力和心理憂鬱的沉重感都在消耗我們的最後一絲的希望。我想結束一切，想解決這些無法解決的問題。,我們,O,O,O,O,O,O,1
904,我們已經把所有的力量都輸掉了。我們完全沒有了。財務困難的壓力和身體無力和心理憂鬱的沉重感都在消耗我們的最後一絲的希望。我想結束一切，想解決這些無法解決的問題。,已經,O,O,O,O,O,O,2
904,我們已經把所有的力量都輸掉了。我們完全沒有了。財務困難的壓力和身體無力和心理憂鬱的沉重感都在消耗我們的最後一絲的希望。我想結束一切，想解決這些無法解決的問題。,把,O,O,O,O,O,O,3
904,我們已經把所有的力量都輸掉了。我們完全沒有了。財務困難的壓力和身體無力和心理憂鬱的沉重感都在消耗我們的最後一絲的希望。我想結束一切，想解決這些無法解決的問題。,所有,O,O,O,O,O,O,4
904,我們已經把所有的力量都輸掉了。我們完全沒有了。財務困難的壓力和身體無力和心理憂鬱的沉重感都在消耗我們的最後一絲的希望。我想結束一切，想解決這些無法解決的問題。,的,O,O,O,O,O,O,5
904,我們已經把所有的力量都輸掉了。我們完全沒有了。財務困難的壓力和身體無力和心理憂鬱的沉重感都在消耗我們的最後一絲的希望。我想結束一切，想解決這些無法解決的問題。,力量,O,O,O,O,O,O,6
904,我們已經把所有的力量都輸掉了。我們完全沒有了。財務困難的壓力和身體無力和心理憂鬱的沉重感都在消耗我們的最後一絲的希望。我想結束一切，想解決這些無法解決的問題。,都,O,O,O,O,O,O,7
904,我們已經把所有的力量都輸掉了。我們完全沒有了。財務困難的壓力和身體無力和心理憂鬱的沉重感都在消耗我們的最後一絲的希望。我想結束一切，想解決這些無法解決的問題。,輸掉,O,O,O,O,O,O,8
904,我們已經把所有的力量都輸掉了。我們完全沒有了。財務困難的壓力和身體無力和心理憂鬱的沉重感都在消耗我們的最後一絲的希望。我想結束一切，想解決這些無法解決的問題。,了,O,O,O,O,O,O,9
904,我們已經把所有的力量都輸掉了。我們完全沒有了。財務困難的壓力和身體無力和心理憂鬱的沉重感都在消耗我們的最後一絲的希望。我想結束一切，想解決這些無法解決的問題。,。,O,O,O,O,O,O,10
904,我們已經把所有的力量都輸掉了。我們完全沒有了。財務困難的壓力和身體無力和心理憂鬱的沉重感都在消耗我們的最後一絲的希望。我想結束一切，想解決這些無法解決的問題。,我們,O,O,O,O,O,O,11
904,我們已經把所有的力量都輸掉了。我們完全沒有了。財務困難的壓力和身體無力和心理憂鬱的沉重感都在消耗我們的最後一絲的希望。我想結束一切，想解決這些無法解決的問題。,完全,O,O,O,O,O,O,12
904,我們已經把所有的力量都輸掉了。我們完全沒有了。財務困難的壓力和身體無力和心理憂鬱的沉重感都在消耗我們的最後一絲的希望。我想結束一切，想解決這些無法解決的問題。,沒有,O,O,O,O,O,O,13
904,我們已經把所有的力量都輸掉了。我們完全沒有了。財務困難的壓力和身體無力和心理憂鬱的沉重感都在消耗我們的最後一絲的希望。我想結束一切，想解決這些無法解決的問題。,了,O,O,O,O,O,O,14
904,我們已經把所有的力量都輸掉了。我們完全沒有了。財務困難的壓力和身體無力和心理憂鬱的沉重感都在消耗我們的最後一絲的希望。我想結束一切，想解決這些無法解決的問題。,。,O,O,O,O,O,O,15
904,我們已經把所有的力量都輸掉了。我們完全沒有了。財務困難的壓力和身體無力和心理憂鬱的沉重感都在消耗我們的最後一絲的希望。我想結束一切，想解決這些無法解決的問題。,財務,O,O,O,O,O,O,16
904,我們已經把所有的力量都輸掉了。我們完全沒有了。財務困難的壓力和身體無力和心理憂鬱的沉重感都在消耗我們的最後一絲的希望。我想結束一切，想解決這些無法解決的問題。,困難,O,O,O,O,O,O,17
904,我們已經把所有的力量都輸掉了。我們完全沒有了。財務困難的壓力和身體無力和心理憂鬱的沉重感都在消耗我們的最後一絲的希望。我想結束一切，想解決這些無法解決的問題。,的,O,O,O,O,O,O,18
904,我們已經把所有的力量都輸掉了。我們完全沒有了。財務困難的壓力和身體無力和心理憂鬱的沉重感都在消耗我們的最後一絲的希望。我想結束一切，想解決這些無法解決的問題。,壓力,O,O,O,O,O,O,19
904,我們已經把所有的力量都輸掉了。我們完全沒有了。財務困難的壓力和身體無力和心理憂鬱的沉重感都在消耗我們的最後一絲的希望。我想結束一切，想解決這些無法解決的問題。,和,O,O,O,O,O,O,20
904,我們已經把所有的力量都輸掉了。我們完全沒有了。財務困難的壓力和身體無力和心理憂鬱的沉重感都在消耗我們的最後一絲的希望。我想結束一切，想解決這些無法解決的問題。,身體,O,O,O,O,O,O,21
904,我們已經把所有的力量都輸掉了。我們完全沒有了。財務困難的壓力和身體無力和心理憂鬱的沉重感都在消耗我們的最後一絲的希望。我想結束一切，想解決這些無法解決的問題。,無力,O,O,O,O,O,O,22
904,我們已經把所有的力量都輸掉了。我們完全沒有了。財務困難的壓力和身體無力和心理憂鬱的沉重感都在消耗我們的最後一絲的希望。我想結束一切，想解決這些無法解決的問題。,和,O,O,O,O,O,O,23
904,我們已經把所有的力量都輸掉了。我們完全沒有了。財務困難的壓力和身體無力和心理憂鬱的沉重感都在消耗我們的最後一絲的希望。我想結束一切，想解決這些無法解決的問題。,心理,O,O,O,O,O,O,24
904,我們已經把所有的力量都輸掉了。我們完全沒有了。財務困難的壓力和身體無力和心理憂鬱的沉重感都在消耗我們的最後一絲的希望。我想結束一切，想解決這些無法解決的問題。,憂鬱,S-D,S-D,S-D,S-D,S-D,S-D,25
904,我們已經把所有的力量都輸掉了。我們完全沒有了。財務困難的壓力和身體無力和心理憂鬱的沉重感都在消耗我們的最後一絲的希望。我想結束一切，想解決這些無法解決的問題。,的,O,O,O,O,O,O,26
904,我們已經把所有的力量都輸掉了。我們完全沒有了。財務困難的壓力和身體無力和心理憂鬱的沉重感都在消耗我們的最後一絲的希望。我想結束一切，想解決這些無法解決的問題。,沉重感,O,O,O,O,O,O,27
904,我們已經把所有的力量都輸掉了。我們完全沒有了。財務困難的壓力和身體無力和心理憂鬱的沉重感都在消耗我們的最後一絲的希望。我想結束一切，想解決這些無法解決的問題。,都,O,O,O,O,O,O,28
904,我們已經把所有的力量都輸掉了。我們完全沒有了。財務困難的壓力和身體無力和心理憂鬱的沉重感都在消耗我們的最後一絲的希望。我想結束一切，想解決這些無法解決的問題。,在,O,O,O,O,O,O,29
904,我們已經把所有的力量都輸掉了。我們完全沒有了。財務困難的壓力和身體無力和心理憂鬱的沉重感都在消耗我們的最後一絲的希望。我想結束一切，想解決這些無法解決的問題。,消耗,O,O,O,O,O,O,30
904,我們已經把所有的力量都輸掉了。我們完全沒有了。財務困難的壓力和身體無力和心理憂鬱的沉重感都在消耗我們的最後一絲的希望。我想結束一切，想解決這些無法解決的問題。,我們,O,O,O,O,O,O,31
904,我們已經把所有的力量都輸掉了。我們完全沒有了。財務困難的壓力和身體無力和心理憂鬱的沉重感都在消耗我們的最後一絲的希望。我想結束一切，想解決這些無法解決的問題。,的,O,O,O,O,O,O,32
904,我們已經把所有的力量都輸掉了。我們完全沒有了。財務困難的壓力和身體無力和心理憂鬱的沉重感都在消耗我們的最後一絲的希望。我想結束一切，想解決這些無法解決的問題。,最後,O,O,O,O,O,O,33
904,我們已經把所有的力量都輸掉了。我們完全沒有了。財務困難的壓力和身體無力和心理憂鬱的沉重感都在消耗我們的最後一絲的希望。我想結束一切，想解決這些無法解決的問題。,一絲,O,O,O,O,O,O,34
904,我們已經把所有的力量都輸掉了。我們完全沒有了。財務困難的壓力和身體無力和心理憂鬱的沉重感都在消耗我們的最後一絲的希望。我想結束一切，想解決這些無法解決的問題。,的,O,O,O,O,O,O,35
904,我們已經把所有的力量都輸掉了。我們完全沒有了。財務困難的壓力和身體無力和心理憂鬱的沉重感都在消耗我們的最後一絲的希望。我想結束一切，想解決這些無法解決的問題。,希望,O,S-A,S-A,S-A,S-A,S-D,36
904,我們已經把所有的力量都輸掉了。我們完全沒有了。財務困難的壓力和身體無力和心理憂鬱的沉重感都在消耗我們的最後一絲的希望。我想結束一切，想解決這些無法解決的問題。,。,O,O,O,O,O,O,37
904,我們已經把所有的力量都輸掉了。我們完全沒有了。財務困難的壓力和身體無力和心理憂鬱的沉重感都在消耗我們的最後一絲的希望。我想結束一切，想解決這些無法解決的問題。,我,O,O,O,O,O,O,38
904,我們已經把所有的力量都輸掉了。我們完全沒有了。財務困難的壓力和身體無力和心理憂鬱的沉重感都在消耗我們的最後一絲的希望。我想結束一切，想解決這些無法解決的問題。,想,O,O,O,O,O,O,39
904,我們已經把所有的力量都輸掉了。我們完全沒有了。財務困難的壓力和身體無力和心理憂鬱的沉重感都在消耗我們的最後一絲的希望。我想結束一切，想解決這些無法解決的問題。,結束,O,O,O,O,O,O,40
904,我們已經把所有的力量都輸掉了。我們完全沒有了。財務困難的壓力和身體無力和心理憂鬱的沉重感都在消耗我們的最後一絲的希望。我想結束一切，想解決這些無法解決的問題。,一切,O,O,O,O,O,O,41
904,我們已經把所有的力量都輸掉了。我們完全沒有了。財務困難的壓力和身體無力和心理憂鬱的沉重感都在消耗我們的最後一絲的希望。我想結束一切，想解決這些無法解決的問題。,，,O,O,O,O,O,O,42
904,我們已經把所有的力量都輸掉了。我們完全沒有了。財務困難的壓力和身體無力和心理憂鬱的沉重感都在消耗我們的最後一絲的希望。我想結束一切，想解決這些無法解決的問題。,想,O,O,O,O,O,O,43
904,我們已經把所有的力量都輸掉了。我們完全沒有了。財務困難的壓力和身體無力和心理憂鬱的沉重感都在消耗我們的最後一絲的希望。我想結束一切，想解決這些無法解決的問題。,解決,O,O,O,O,O,O,44
904,我們已經把所有的力量都輸掉了。我們完全沒有了。財務困難的壓力和身體無力和心理憂鬱的沉重感都在消耗我們的最後一絲的希望。我想結束一切，想解決這些無法解決的問題。,這些,O,O,O,O,O,O,45
904,我們已經把所有的力量都輸掉了。我們完全沒有了。財務困難的壓力和身體無力和心理憂鬱的沉重感都在消耗我們的最後一絲的希望。我想結束一切，想解決這些無法解決的問題。,無法,O,O,O,O,O,O,46
904,我們已經把所有的力量都輸掉了。我們完全沒有了。財務困難的壓力和身體無力和心理憂鬱的沉重感都在消耗我們的最後一絲的希望。我想結束一切，想解決這些無法解決的問題。,解決,O,O,O,O,O,O,47
904,我們已經把所有的力量都輸掉了。我們完全沒有了。財務困難的壓力和身體無力和心理憂鬱的沉重感都在消耗我們的最後一絲的希望。我想結束一切，想解決這些無法解決的問題。,的,O,O,O,O,O,O,48
904,我們已經把所有的力量都輸掉了。我們完全沒有了。財務困難的壓力和身體無力和心理憂鬱的沉重感都在消耗我們的最後一絲的希望。我想結束一切，想解決這些無法解決的問題。,問題,O,O,O,O,O,O,49
904,我們已經把所有的力量都輸掉了。我們完全沒有了。財務困難的壓力和身體無力和心理憂鬱的沉重感都在消耗我們的最後一絲的希望。我想結束一切，想解決這些無法解決的問題。,。,O,O,O,O,O,O,50
905,我知道我不重要 完美主義使我陷入無限的挫折,我,O,O,O,O,O,O,1
905,我知道我不重要 完美主義使我陷入無限的挫折,知道,O,O,O,O,O,O,2
905,我知道我不重要 完美主義使我陷入無限的挫折,我,O,O,O,O,O,O,3
905,我知道我不重要 完美主義使我陷入無限的挫折,不,B-W,O,O,O,O,O,4
905,我知道我不重要 完美主義使我陷入無限的挫折,重要,E-W,S-W,S-W,S-W,S-W,S-W,5
905,我知道我不重要 完美主義使我陷入無限的挫折,完美主義,O,S-W,S-W,S-W,S-W,S-W,6
905,我知道我不重要 完美主義使我陷入無限的挫折,使,O,O,O,O,O,O,7
905,我知道我不重要 完美主義使我陷入無限的挫折,我,O,O,O,O,O,O,8
905,我知道我不重要 完美主義使我陷入無限的挫折,陷入,O,O,O,O,O,O,9
905,我知道我不重要 完美主義使我陷入無限的挫折,無限,O,O,O,O,O,O,10
905,我知道我不重要 完美主義使我陷入無限的挫折,的,O,O,O,O,O,O,11
905,我知道我不重要 完美主義使我陷入無限的挫折,挫折,S-D,S-W,S-D,S-W,S-D,S-D,12
906,這個周末我又回去工作了，還是覺得自己很差勁。每天都在思索著這些東西，我開始覺得自己是個有缺陷的人，所有其他人都比我更好的，我這樣的想法根本是無法克服的。,這個,O,O,O,O,O,O,1
906,這個周末我又回去工作了，還是覺得自己很差勁。每天都在思索著這些東西，我開始覺得自己是個有缺陷的人，所有其他人都比我更好的，我這樣的想法根本是無法克服的。,周末,O,O,O,O,O,O,2
906,這個周末我又回去工作了，還是覺得自己很差勁。每天都在思索著這些東西，我開始覺得自己是個有缺陷的人，所有其他人都比我更好的，我這樣的想法根本是無法克服的。,我,O,O,O,O,O,O,3
906,這個周末我又回去工作了，還是覺得自己很差勁。每天都在思索著這些東西，我開始覺得自己是個有缺陷的人，所有其他人都比我更好的，我這樣的想法根本是無法克服的。,又,O,O,O,O,O,O,4
906,這個周末我又回去工作了，還是覺得自己很差勁。每天都在思索著這些東西，我開始覺得自己是個有缺陷的人，所有其他人都比我更好的，我這樣的想法根本是無法克服的。,回去,O,O,O,O,O,O,5
906,這個周末我又回去工作了，還是覺得自己很差勁。每天都在思索著這些東西，我開始覺得自己是個有缺陷的人，所有其他人都比我更好的，我這樣的想法根本是無法克服的。,工作,O,O,O,O,O,O,6
906,這個周末我又回去工作了，還是覺得自己很差勁。每天都在思索著這些東西，我開始覺得自己是個有缺陷的人，所有其他人都比我更好的，我這樣的想法根本是無法克服的。,了,O,O,O,O,O,O,7
906,這個周末我又回去工作了，還是覺得自己很差勁。每天都在思索著這些東西，我開始覺得自己是個有缺陷的人，所有其他人都比我更好的，我這樣的想法根本是無法克服的。,，,O,O,O,O,O,O,8
906,這個周末我又回去工作了，還是覺得自己很差勁。每天都在思索著這些東西，我開始覺得自己是個有缺陷的人，所有其他人都比我更好的，我這樣的想法根本是無法克服的。,還是,O,O,O,O,O,O,9
906,這個周末我又回去工作了，還是覺得自己很差勁。每天都在思索著這些東西，我開始覺得自己是個有缺陷的人，所有其他人都比我更好的，我這樣的想法根本是無法克服的。,覺得,B-W,B-W,B-W,B-W,B-W,B-W,10
906,這個周末我又回去工作了，還是覺得自己很差勁。每天都在思索著這些東西，我開始覺得自己是個有缺陷的人，所有其他人都比我更好的，我這樣的想法根本是無法克服的。,自己,M-W,M-W,M-W,M-W,M-W,M-W,11
906,這個周末我又回去工作了，還是覺得自己很差勁。每天都在思索著這些東西，我開始覺得自己是個有缺陷的人，所有其他人都比我更好的，我這樣的想法根本是無法克服的。,很,M-W,M-W,M-W,M-W,M-W,M-W,12
906,這個周末我又回去工作了，還是覺得自己很差勁。每天都在思索著這些東西，我開始覺得自己是個有缺陷的人，所有其他人都比我更好的，我這樣的想法根本是無法克服的。,差勁,E-W,E-W,E-W,E-W,E-W,E-W,13
906,這個周末我又回去工作了，還是覺得自己很差勁。每天都在思索著這些東西，我開始覺得自己是個有缺陷的人，所有其他人都比我更好的，我這樣的想法根本是無法克服的。,。,O,O,O,O,O,O,14
906,這個周末我又回去工作了，還是覺得自己很差勁。每天都在思索著這些東西，我開始覺得自己是個有缺陷的人，所有其他人都比我更好的，我這樣的想法根本是無法克服的。,每天,O,O,O,O,O,O,15
906,這個周末我又回去工作了，還是覺得自己很差勁。每天都在思索著這些東西，我開始覺得自己是個有缺陷的人，所有其他人都比我更好的，我這樣的想法根本是無法克服的。,都,O,O,O,O,O,O,16
906,這個周末我又回去工作了，還是覺得自己很差勁。每天都在思索著這些東西，我開始覺得自己是個有缺陷的人，所有其他人都比我更好的，我這樣的想法根本是無法克服的。,在,O,O,O,O,O,O,17
906,這個周末我又回去工作了，還是覺得自己很差勁。每天都在思索著這些東西，我開始覺得自己是個有缺陷的人，所有其他人都比我更好的，我這樣的想法根本是無法克服的。,思索,O,O,O,O,O,O,18
906,這個周末我又回去工作了，還是覺得自己很差勁。每天都在思索著這些東西，我開始覺得自己是個有缺陷的人，所有其他人都比我更好的，我這樣的想法根本是無法克服的。,著,O,O,O,O,O,O,19
906,這個周末我又回去工作了，還是覺得自己很差勁。每天都在思索著這些東西，我開始覺得自己是個有缺陷的人，所有其他人都比我更好的，我這樣的想法根本是無法克服的。,這些,O,O,O,O,O,O,20
906,這個周末我又回去工作了，還是覺得自己很差勁。每天都在思索著這些東西，我開始覺得自己是個有缺陷的人，所有其他人都比我更好的，我這樣的想法根本是無法克服的。,東西,O,O,O,O,O,O,21
906,這個周末我又回去工作了，還是覺得自己很差勁。每天都在思索著這些東西，我開始覺得自己是個有缺陷的人，所有其他人都比我更好的，我這樣的想法根本是無法克服的。,，,O,O,O,O,O,O,22
906,這個周末我又回去工作了，還是覺得自己很差勁。每天都在思索著這些東西，我開始覺得自己是個有缺陷的人，所有其他人都比我更好的，我這樣的想法根本是無法克服的。,我,O,O,O,O,O,O,23
906,這個周末我又回去工作了，還是覺得自己很差勁。每天都在思索著這些東西，我開始覺得自己是個有缺陷的人，所有其他人都比我更好的，我這樣的想法根本是無法克服的。,開始,O,O,O,O,O,O,24
906,這個周末我又回去工作了，還是覺得自己很差勁。每天都在思索著這些東西，我開始覺得自己是個有缺陷的人，所有其他人都比我更好的，我這樣的想法根本是無法克服的。,覺得,O,B-W,B-W,B-W,B-W,B-W,25
906,這個周末我又回去工作了，還是覺得自己很差勁。每天都在思索著這些東西，我開始覺得自己是個有缺陷的人，所有其他人都比我更好的，我這樣的想法根本是無法克服的。,自己,O,M-W,M-W,M-W,M-W,M-W,26
906,這個周末我又回去工作了，還是覺得自己很差勁。每天都在思索著這些東西，我開始覺得自己是個有缺陷的人，所有其他人都比我更好的，我這樣的想法根本是無法克服的。,是,O,O,O,O,O,O,27
906,這個周末我又回去工作了，還是覺得自己很差勁。每天都在思索著這些東西，我開始覺得自己是個有缺陷的人，所有其他人都比我更好的，我這樣的想法根本是無法克服的。,個,O,O,O,O,O,O,28
906,這個周末我又回去工作了，還是覺得自己很差勁。每天都在思索著這些東西，我開始覺得自己是個有缺陷的人，所有其他人都比我更好的，我這樣的想法根本是無法克服的。,有,O,O,O,O,O,O,29
906,這個周末我又回去工作了，還是覺得自己很差勁。每天都在思索著這些東西，我開始覺得自己是個有缺陷的人，所有其他人都比我更好的，我這樣的想法根本是無法克服的。,缺陷,S-W,O,O,O,O,O,30
906,這個周末我又回去工作了，還是覺得自己很差勁。每天都在思索著這些東西，我開始覺得自己是個有缺陷的人，所有其他人都比我更好的，我這樣的想法根本是無法克服的。,的,O,O,O,O,O,O,31
906,這個周末我又回去工作了，還是覺得自己很差勁。每天都在思索著這些東西，我開始覺得自己是個有缺陷的人，所有其他人都比我更好的，我這樣的想法根本是無法克服的。,人,O,O,O,O,O,O,32
906,這個周末我又回去工作了，還是覺得自己很差勁。每天都在思索著這些東西，我開始覺得自己是個有缺陷的人，所有其他人都比我更好的，我這樣的想法根本是無法克服的。,，,O,O,O,O,O,O,33
906,這個周末我又回去工作了，還是覺得自己很差勁。每天都在思索著這些東西，我開始覺得自己是個有缺陷的人，所有其他人都比我更好的，我這樣的想法根本是無法克服的。,所有,O,O,O,O,O,O,34
906,這個周末我又回去工作了，還是覺得自己很差勁。每天都在思索著這些東西，我開始覺得自己是個有缺陷的人，所有其他人都比我更好的，我這樣的想法根本是無法克服的。,其他,O,O,O,O,O,O,35
906,這個周末我又回去工作了，還是覺得自己很差勁。每天都在思索著這些東西，我開始覺得自己是個有缺陷的人，所有其他人都比我更好的，我這樣的想法根本是無法克服的。,人,O,O,O,O,O,O,36
906,這個周末我又回去工作了，還是覺得自己很差勁。每天都在思索著這些東西，我開始覺得自己是個有缺陷的人，所有其他人都比我更好的，我這樣的想法根本是無法克服的。,都,O,O,O,O,O,O,37
906,這個周末我又回去工作了，還是覺得自己很差勁。每天都在思索著這些東西，我開始覺得自己是個有缺陷的人，所有其他人都比我更好的，我這樣的想法根本是無法克服的。,比,O,O,O,O,O,O,38
906,這個周末我又回去工作了，還是覺得自己很差勁。每天都在思索著這些東西，我開始覺得自己是個有缺陷的人，所有其他人都比我更好的，我這樣的想法根本是無法克服的。,我,O,O,O,O,O,O,39
906,這個周末我又回去工作了，還是覺得自己很差勁。每天都在思索著這些東西，我開始覺得自己是個有缺陷的人，所有其他人都比我更好的，我這樣的想法根本是無法克服的。,更,O,O,O,O,O,O,40
906,這個周末我又回去工作了，還是覺得自己很差勁。每天都在思索著這些東西，我開始覺得自己是個有缺陷的人，所有其他人都比我更好的，我這樣的想法根本是無法克服的。,好,O,O,O,O,O,O,41
906,這個周末我又回去工作了，還是覺得自己很差勁。每天都在思索著這些東西，我開始覺得自己是個有缺陷的人，所有其他人都比我更好的，我這樣的想法根本是無法克服的。,的,O,O,O,O,O,O,42
906,這個周末我又回去工作了，還是覺得自己很差勁。每天都在思索著這些東西，我開始覺得自己是個有缺陷的人，所有其他人都比我更好的，我這樣的想法根本是無法克服的。,，,O,O,O,O,O,O,43
906,這個周末我又回去工作了，還是覺得自己很差勁。每天都在思索著這些東西，我開始覺得自己是個有缺陷的人，所有其他人都比我更好的，我這樣的想法根本是無法克服的。,我,O,O,O,O,O,O,44
906,這個周末我又回去工作了，還是覺得自己很差勁。每天都在思索著這些東西，我開始覺得自己是個有缺陷的人，所有其他人都比我更好的，我這樣的想法根本是無法克服的。,這樣,O,O,O,O,O,O,45
906,這個周末我又回去工作了，還是覺得自己很差勁。每天都在思索著這些東西，我開始覺得自己是個有缺陷的人，所有其他人都比我更好的，我這樣的想法根本是無法克服的。,的,O,O,O,O,O,O,46
906,這個周末我又回去工作了，還是覺得自己很差勁。每天都在思索著這些東西，我開始覺得自己是個有缺陷的人，所有其他人都比我更好的，我這樣的想法根本是無法克服的。,想法,O,O,O,O,O,O,47
906,這個周末我又回去工作了，還是覺得自己很差勁。每天都在思索著這些東西，我開始覺得自己是個有缺陷的人，所有其他人都比我更好的，我這樣的想法根本是無法克服的。,根本,O,O,O,O,O,O,48
906,這個周末我又回去工作了，還是覺得自己很差勁。每天都在思索著這些東西，我開始覺得自己是個有缺陷的人，所有其他人都比我更好的，我這樣的想法根本是無法克服的。,是,O,O,B-D,B-D,B-D,B-D,49
906,這個周末我又回去工作了，還是覺得自己很差勁。每天都在思索著這些東西，我開始覺得自己是個有缺陷的人，所有其他人都比我更好的，我這樣的想法根本是無法克服的。,無法,B-D,B-D,E-D,E-D,E-D,E-D,50
906,這個周末我又回去工作了，還是覺得自己很差勁。每天都在思索著這些東西，我開始覺得自己是個有缺陷的人，所有其他人都比我更好的，我這樣的想法根本是無法克服的。,克服,E-D,E-D,O,O,O,O,51
906,這個周末我又回去工作了，還是覺得自己很差勁。每天都在思索著這些東西，我開始覺得自己是個有缺陷的人，所有其他人都比我更好的，我這樣的想法根本是無法克服的。,的,O,O,O,O,O,O,52
906,這個周末我又回去工作了，還是覺得自己很差勁。每天都在思索著這些東西，我開始覺得自己是個有缺陷的人，所有其他人都比我更好的，我這樣的想法根本是無法克服的。,。,O,O,缺失預測,缺失預測,缺失預測,缺失預測,53
907,我什麼都沒有興趣了  什麼都不想吃，什麼都不想做。就像我什麼都沒有目的 ✨，什麼都沒有方向 ️。一切都變得了無用  我該如何找到我自己 ...?,我,O,O,O,O,O,O,1
907,我什麼都沒有興趣了  什麼都不想吃，什麼都不想做。就像我什麼都沒有目的 ✨，什麼都沒有方向 ️。一切都變得了無用  我該如何找到我自己 ...?,什麼,O,O,O,O,O,O,2
907,我什麼都沒有興趣了  什麼都不想吃，什麼都不想做。就像我什麼都沒有目的 ✨，什麼都沒有方向 ️。一切都變得了無用  我該如何找到我自己 ...?,都,O,O,O,O,O,O,3
907,我什麼都沒有興趣了  什麼都不想吃，什麼都不想做。就像我什麼都沒有目的 ✨，什麼都沒有方向 ️。一切都變得了無用  我該如何找到我自己 ...?,沒有,B-A,O,B-A,B-A,O,O,4
907,我什麼都沒有興趣了  什麼都不想吃，什麼都不想做。就像我什麼都沒有目的 ✨，什麼都沒有方向 ️。一切都變得了無用  我該如何找到我自己 ...?,興趣,E-A,O,E-A,E-A,O,O,5
907,我什麼都沒有興趣了  什麼都不想吃，什麼都不想做。就像我什麼都沒有目的 ✨，什麼都沒有方向 ️。一切都變得了無用  我該如何找到我自己 ...?,了,O,O,O,O,O,O,6
907,我什麼都沒有興趣了  什麼都不想吃，什麼都不想做。就像我什麼都沒有目的 ✨，什麼都沒有方向 ️。一切都變得了無用  我該如何找到我自己 ...?,O,O,O,O,O,O,O,7
907,我什麼都沒有興趣了  什麼都不想吃，什麼都不想做。就像我什麼都沒有目的 ✨，什麼都沒有方向 ️。一切都變得了無用  我該如何找到我自己 ...?,什麼,O,O,O,O,O,O,8
907,我什麼都沒有興趣了  什麼都不想吃，什麼都不想做。就像我什麼都沒有目的 ✨，什麼都沒有方向 ️。一切都變得了無用  我該如何找到我自己 ...?,都,O,O,O,O,O,O,9
907,我什麼都沒有興趣了  什麼都不想吃，什麼都不想做。就像我什麼都沒有目的 ✨，什麼都沒有方向 ️。一切都變得了無用  我該如何找到我自己 ...?,不,O,O,O,O,O,O,10
907,我什麼都沒有興趣了  什麼都不想吃，什麼都不想做。就像我什麼都沒有目的 ✨，什麼都沒有方向 ️。一切都變得了無用  我該如何找到我自己 ...?,想,O,O,O,O,O,O,11
907,我什麼都沒有興趣了  什麼都不想吃，什麼都不想做。就像我什麼都沒有目的 ✨，什麼都沒有方向 ️。一切都變得了無用  我該如何找到我自己 ...?,吃,O,O,O,O,O,O,12
907,我什麼都沒有興趣了  什麼都不想吃，什麼都不想做。就像我什麼都沒有目的 ✨，什麼都沒有方向 ️。一切都變得了無用  我該如何找到我自己 ...?,，,O,O,O,O,O,O,13
907,我什麼都沒有興趣了  什麼都不想吃，什麼都不想做。就像我什麼都沒有目的 ✨，什麼都沒有方向 ️。一切都變得了無用  我該如何找到我自己 ...?,什麼,O,O,O,O,O,O,14
907,我什麼都沒有興趣了  什麼都不想吃，什麼都不想做。就像我什麼都沒有目的 ✨，什麼都沒有方向 ️。一切都變得了無用  我該如何找到我自己 ...?,都,O,O,O,O,O,O,15
907,我什麼都沒有興趣了  什麼都不想吃，什麼都不想做。就像我什麼都沒有目的 ✨，什麼都沒有方向 ️。一切都變得了無用  我該如何找到我自己 ...?,不,O,O,O,O,O,O,16
907,我什麼都沒有興趣了  什麼都不想吃，什麼都不想做。就像我什麼都沒有目的 ✨，什麼都沒有方向 ️。一切都變得了無用  我該如何找到我自己 ...?,想,O,O,O,O,O,O,17
907,我什麼都沒有興趣了  什麼都不想吃，什麼都不想做。就像我什麼都沒有目的 ✨，什麼都沒有方向 ️。一切都變得了無用  我該如何找到我自己 ...?,做,O,O,O,O,O,O,18
907,我什麼都沒有興趣了  什麼都不想吃，什麼都不想做。就像我什麼都沒有目的 ✨，什麼都沒有方向 ️。一切都變得了無用  我該如何找到我自己 ...?,。,O,O,O,O,O,O,19
907,我什麼都沒有興趣了  什麼都不想吃，什麼都不想做。就像我什麼都沒有目的 ✨，什麼都沒有方向 ️。一切都變得了無用  我該如何找到我自己 ...?,就,O,O,O,O,O,O,20
907,我什麼都沒有興趣了  什麼都不想吃，什麼都不想做。就像我什麼都沒有目的 ✨，什麼都沒有方向 ️。一切都變得了無用  我該如何找到我自己 ...?,像,O,O,O,O,O,O,21
907,我什麼都沒有興趣了  什麼都不想吃，什麼都不想做。就像我什麼都沒有目的 ✨，什麼都沒有方向 ️。一切都變得了無用  我該如何找到我自己 ...?,我,O,O,O,O,O,O,22
907,我什麼都沒有興趣了  什麼都不想吃，什麼都不想做。就像我什麼都沒有目的 ✨，什麼都沒有方向 ️。一切都變得了無用  我該如何找到我自己 ...?,什麼,O,O,O,O,O,O,23
907,我什麼都沒有興趣了  什麼都不想吃，什麼都不想做。就像我什麼都沒有目的 ✨，什麼都沒有方向 ️。一切都變得了無用  我該如何找到我自己 ...?,都,O,O,O,O,O,O,24
907,我什麼都沒有興趣了  什麼都不想吃，什麼都不想做。就像我什麼都沒有目的 ✨，什麼都沒有方向 ️。一切都變得了無用  我該如何找到我自己 ...?,沒有,B-A,O,B-A,B-A,O,O,25
907,我什麼都沒有興趣了  什麼都不想吃，什麼都不想做。就像我什麼都沒有目的 ✨，什麼都沒有方向 ️。一切都變得了無用  我該如何找到我自己 ...?,目的,E-A,S-W,E-A,E-A,S-W,S-W,26
907,我什麼都沒有興趣了  什麼都不想吃，什麼都不想做。就像我什麼都沒有目的 ✨，什麼都沒有方向 ️。一切都變得了無用  我該如何找到我自己 ...?,✨,O,O,O,O,O,O,27
907,我什麼都沒有興趣了  什麼都不想吃，什麼都不想做。就像我什麼都沒有目的 ✨，什麼都沒有方向 ️。一切都變得了無用  我該如何找到我自己 ...?,，,O,O,O,O,O,O,28
907,我什麼都沒有興趣了  什麼都不想吃，什麼都不想做。就像我什麼都沒有目的 ✨，什麼都沒有方向 ️。一切都變得了無用  我該如何找到我自己 ...?,什麼,O,O,O,O,O,O,29
907,我什麼都沒有興趣了  什麼都不想吃，什麼都不想做。就像我什麼都沒有目的 ✨，什麼都沒有方向 ️。一切都變得了無用  我該如何找到我自己 ...?,都,O,O,O,O,O,O,30
907,我什麼都沒有興趣了  什麼都不想吃，什麼都不想做。就像我什麼都沒有目的 ✨，什麼都沒有方向 ️。一切都變得了無用  我該如何找到我自己 ...?,沒有,B-A,O,B-A,B-A,O,O,31
907,我什麼都沒有興趣了  什麼都不想吃，什麼都不想做。就像我什麼都沒有目的 ✨，什麼都沒有方向 ️。一切都變得了無用  我該如何找到我自己 ...?,方向,E-A,S-W,E-A,E-A,S-W,S-W,32
907,我什麼都沒有興趣了  什麼都不想吃，什麼都不想做。就像我什麼都沒有目的 ✨，什麼都沒有方向 ️。一切都變得了無用  我該如何找到我自己 ...?,️,O,O,O,O,O,O,33
907,我什麼都沒有興趣了  什麼都不想吃，什麼都不想做。就像我什麼都沒有目的 ✨，什麼都沒有方向 ️。一切都變得了無用  我該如何找到我自己 ...?,。,O,O,O,O,O,O,34
907,我什麼都沒有興趣了  什麼都不想吃，什麼都不想做。就像我什麼都沒有目的 ✨，什麼都沒有方向 ️。一切都變得了無用  我該如何找到我自己 ...?,一切,O,O,O,O,O,O,35
907,我什麼都沒有興趣了  什麼都不想吃，什麼都不想做。就像我什麼都沒有目的 ✨，什麼都沒有方向 ️。一切都變得了無用  我該如何找到我自己 ...?,都,O,O,O,O,O,O,36
907,我什麼都沒有興趣了  什麼都不想吃，什麼都不想做。就像我什麼都沒有目的 ✨，什麼都沒有方向 ️。一切都變得了無用  我該如何找到我自己 ...?,變得,O,O,O,O,O,O,37
907,我什麼都沒有興趣了  什麼都不想吃，什麼都不想做。就像我什麼都沒有目的 ✨，什麼都沒有方向 ️。一切都變得了無用  我該如何找到我自己 ...?,了,O,O,O,O,O,O,38
907,我什麼都沒有興趣了  什麼都不想吃，什麼都不想做。就像我什麼都沒有目的 ✨，什麼都沒有方向 ️。一切都變得了無用  我該如何找到我自己 ...?,無用,S-W,S-W,S-W,S-W,S-W,S-W,39
907,我什麼都沒有興趣了  什麼都不想吃，什麼都不想做。就像我什麼都沒有目的 ✨，什麼都沒有方向 ️。一切都變得了無用  我該如何找到我自己 ...?,O,O,O,O,O,O,O,40
907,我什麼都沒有興趣了  什麼都不想吃，什麼都不想做。就像我什麼都沒有目的 ✨，什麼都沒有方向 ️。一切都變得了無用  我該如何找到我自己 ...?,我,O,O,O,O,O,O,41
907,我什麼都沒有興趣了  什麼都不想吃，什麼都不想做。就像我什麼都沒有目的 ✨，什麼都沒有方向 ️。一切都變得了無用  我該如何找到我自己 ...?,該,O,O,O,O,O,O,42
907,我什麼都沒有興趣了  什麼都不想吃，什麼都不想做。就像我什麼都沒有目的 ✨，什麼都沒有方向 ️。一切都變得了無用  我該如何找到我自己 ...?,如何,O,O,O,O,O,O,43
907,我什麼都沒有興趣了  什麼都不想吃，什麼都不想做。就像我什麼都沒有目的 ✨，什麼都沒有方向 ️。一切都變得了無用  我該如何找到我自己 ...?,找到,O,O,O,O,O,O,44
907,我什麼都沒有興趣了  什麼都不想吃，什麼都不想做。就像我什麼都沒有目的 ✨，什麼都沒有方向 ️。一切都變得了無用  我該如何找到我自己 ...?,我,O,O,O,O,O,O,45
907,我什麼都沒有興趣了  什麼都不想吃，什麼都不想做。就像我什麼都沒有目的 ✨，什麼都沒有方向 ️。一切都變得了無用  我該如何找到我自己 ...?,自己,O,O,O,O,O,O,46
907,我什麼都沒有興趣了  什麼都不想吃，什麼都不想做。就像我什麼都沒有目的 ✨，什麼都沒有方向 ️。一切都變得了無用  我該如何找到我自己 ...?,...,O,O,O,O,O,O,47
907,我什麼都沒有興趣了  什麼都不想吃，什麼都不想做。就像我什麼都沒有目的 ✨，什麼都沒有方向 ️。一切都變得了無用  我該如何找到我自己 ...?,?,O,O,O,O,O,O,48
908,就是這樣，自己無法完成一件小事，不知道自己還能做些什麼了，每天開始就像被壓縮在一個盒子裡，無法喘氣。 感覺自己是一個無能為力的機器人， 只是在重覆著一天相同的步驟，永遠無法解脫。,就是,O,O,O,O,O,O,1
908,就是這樣，自己無法完成一件小事，不知道自己還能做些什麼了，每天開始就像被壓縮在一個盒子裡，無法喘氣。 感覺自己是一個無能為力的機器人， 只是在重覆著一天相同的步驟，永遠無法解脫。,這樣,O,O,O,O,O,O,2
908,就是這樣，自己無法完成一件小事，不知道自己還能做些什麼了，每天開始就像被壓縮在一個盒子裡，無法喘氣。 感覺自己是一個無能為力的機器人， 只是在重覆著一天相同的步驟，永遠無法解脫。,，,O,O,O,O,O,O,3
908,就是這樣，自己無法完成一件小事，不知道自己還能做些什麼了，每天開始就像被壓縮在一個盒子裡，無法喘氣。 感覺自己是一個無能為力的機器人， 只是在重覆著一天相同的步驟，永遠無法解脫。,自己,B-W,B-W,B-W,B-W,B-W,B-W,4
908,就是這樣，自己無法完成一件小事，不知道自己還能做些什麼了，每天開始就像被壓縮在一個盒子裡，無法喘氣。 感覺自己是一個無能為力的機器人， 只是在重覆著一天相同的步驟，永遠無法解脫。,無法,M-W,E-W,M-W,E-W,E-W,E-W,5
908,就是這樣，自己無法完成一件小事，不知道自己還能做些什麼了，每天開始就像被壓縮在一個盒子裡，無法喘氣。 感覺自己是一個無能為力的機器人， 只是在重覆著一天相同的步驟，永遠無法解脫。,完成,E-W,O,E-W,O,O,O,6
908,就是這樣，自己無法完成一件小事，不知道自己還能做些什麼了，每天開始就像被壓縮在一個盒子裡，無法喘氣。 感覺自己是一個無能為力的機器人， 只是在重覆著一天相同的步驟，永遠無法解脫。,一件,O,O,O,O,O,O,7
908,就是這樣，自己無法完成一件小事，不知道自己還能做些什麼了，每天開始就像被壓縮在一個盒子裡，無法喘氣。 感覺自己是一個無能為力的機器人， 只是在重覆著一天相同的步驟，永遠無法解脫。,小事,O,O,O,O,O,O,8
908,就是這樣，自己無法完成一件小事，不知道自己還能做些什麼了，每天開始就像被壓縮在一個盒子裡，無法喘氣。 感覺自己是一個無能為力的機器人， 只是在重覆著一天相同的步驟，永遠無法解脫。,，,O,O,O,O,O,O,9
908,就是這樣，自己無法完成一件小事，不知道自己還能做些什麼了，每天開始就像被壓縮在一個盒子裡，無法喘氣。 感覺自己是一個無能為力的機器人， 只是在重覆著一天相同的步驟，永遠無法解脫。,不知道,O,O,O,O,O,O,10
908,就是這樣，自己無法完成一件小事，不知道自己還能做些什麼了，每天開始就像被壓縮在一個盒子裡，無法喘氣。 感覺自己是一個無能為力的機器人， 只是在重覆著一天相同的步驟，永遠無法解脫。,自己,O,O,O,O,O,O,11
908,就是這樣，自己無法完成一件小事，不知道自己還能做些什麼了，每天開始就像被壓縮在一個盒子裡，無法喘氣。 感覺自己是一個無能為力的機器人， 只是在重覆著一天相同的步驟，永遠無法解脫。,還能,O,O,O,O,O,O,12
908,就是這樣，自己無法完成一件小事，不知道自己還能做些什麼了，每天開始就像被壓縮在一個盒子裡，無法喘氣。 感覺自己是一個無能為力的機器人， 只是在重覆著一天相同的步驟，永遠無法解脫。,做,O,O,O,O,O,O,13
908,就是這樣，自己無法完成一件小事，不知道自己還能做些什麼了，每天開始就像被壓縮在一個盒子裡，無法喘氣。 感覺自己是一個無能為力的機器人， 只是在重覆著一天相同的步驟，永遠無法解脫。,些,O,O,O,O,O,O,14
908,就是這樣，自己無法完成一件小事，不知道自己還能做些什麼了，每天開始就像被壓縮在一個盒子裡，無法喘氣。 感覺自己是一個無能為力的機器人， 只是在重覆著一天相同的步驟，永遠無法解脫。,什麼,O,O,O,O,O,O,15
908,就是這樣，自己無法完成一件小事，不知道自己還能做些什麼了，每天開始就像被壓縮在一個盒子裡，無法喘氣。 感覺自己是一個無能為力的機器人， 只是在重覆著一天相同的步驟，永遠無法解脫。,了,O,O,O,O,O,O,16
908,就是這樣，自己無法完成一件小事，不知道自己還能做些什麼了，每天開始就像被壓縮在一個盒子裡，無法喘氣。 感覺自己是一個無能為力的機器人， 只是在重覆著一天相同的步驟，永遠無法解脫。,，,O,O,O,O,O,O,17
908,就是這樣，自己無法完成一件小事，不知道自己還能做些什麼了，每天開始就像被壓縮在一個盒子裡，無法喘氣。 感覺自己是一個無能為力的機器人， 只是在重覆著一天相同的步驟，永遠無法解脫。,每天,O,O,O,O,O,O,18
908,就是這樣，自己無法完成一件小事，不知道自己還能做些什麼了，每天開始就像被壓縮在一個盒子裡，無法喘氣。 感覺自己是一個無能為力的機器人， 只是在重覆著一天相同的步驟，永遠無法解脫。,開始,O,O,O,O,O,O,19
908,就是這樣，自己無法完成一件小事，不知道自己還能做些什麼了，每天開始就像被壓縮在一個盒子裡，無法喘氣。 感覺自己是一個無能為力的機器人， 只是在重覆著一天相同的步驟，永遠無法解脫。,就,O,O,O,O,O,O,20
908,就是這樣，自己無法完成一件小事，不知道自己還能做些什麼了，每天開始就像被壓縮在一個盒子裡，無法喘氣。 感覺自己是一個無能為力的機器人， 只是在重覆著一天相同的步驟，永遠無法解脫。,像,O,O,O,O,O,O,21
908,就是這樣，自己無法完成一件小事，不知道自己還能做些什麼了，每天開始就像被壓縮在一個盒子裡，無法喘氣。 感覺自己是一個無能為力的機器人， 只是在重覆著一天相同的步驟，永遠無法解脫。,被,O,O,O,O,O,O,22
908,就是這樣，自己無法完成一件小事，不知道自己還能做些什麼了，每天開始就像被壓縮在一個盒子裡，無法喘氣。 感覺自己是一個無能為力的機器人， 只是在重覆著一天相同的步驟，永遠無法解脫。,壓縮,O,O,O,O,O,O,23
908,就是這樣，自己無法完成一件小事，不知道自己還能做些什麼了，每天開始就像被壓縮在一個盒子裡，無法喘氣。 感覺自己是一個無能為力的機器人， 只是在重覆著一天相同的步驟，永遠無法解脫。,在,O,O,O,O,O,O,24
908,就是這樣，自己無法完成一件小事，不知道自己還能做些什麼了，每天開始就像被壓縮在一個盒子裡，無法喘氣。 感覺自己是一個無能為力的機器人， 只是在重覆著一天相同的步驟，永遠無法解脫。,一個,O,O,O,O,O,O,25
908,就是這樣，自己無法完成一件小事，不知道自己還能做些什麼了，每天開始就像被壓縮在一個盒子裡，無法喘氣。 感覺自己是一個無能為力的機器人， 只是在重覆著一天相同的步驟，永遠無法解脫。,盒子,O,O,O,O,O,O,26
908,就是這樣，自己無法完成一件小事，不知道自己還能做些什麼了，每天開始就像被壓縮在一個盒子裡，無法喘氣。 感覺自己是一個無能為力的機器人， 只是在重覆著一天相同的步驟，永遠無法解脫。,裡,O,O,O,O,O,O,27
908,就是這樣，自己無法完成一件小事，不知道自己還能做些什麼了，每天開始就像被壓縮在一個盒子裡，無法喘氣。 感覺自己是一個無能為力的機器人， 只是在重覆著一天相同的步驟，永遠無法解脫。,，,O,O,O,O,O,O,28
908,就是這樣，自己無法完成一件小事，不知道自己還能做些什麼了，每天開始就像被壓縮在一個盒子裡，無法喘氣。 感覺自己是一個無能為力的機器人， 只是在重覆著一天相同的步驟，永遠無法解脫。,無法,B-D,B-D,B-D,B-D,B-D,B-D,29
908,就是這樣，自己無法完成一件小事，不知道自己還能做些什麼了，每天開始就像被壓縮在一個盒子裡，無法喘氣。 感覺自己是一個無能為力的機器人， 只是在重覆著一天相同的步驟，永遠無法解脫。,喘氣,E-D,E-D,E-D,E-D,E-D,E-D,30
908,就是這樣，自己無法完成一件小事，不知道自己還能做些什麼了，每天開始就像被壓縮在一個盒子裡，無法喘氣。 感覺自己是一個無能為力的機器人， 只是在重覆著一天相同的步驟，永遠無法解脫。,。,O,O,O,O,O,O,31
908,就是這樣，自己無法完成一件小事，不知道自己還能做些什麼了，每天開始就像被壓縮在一個盒子裡，無法喘氣。 感覺自己是一個無能為力的機器人， 只是在重覆著一天相同的步驟，永遠無法解脫。,感覺,O,O,O,O,O,O,32
908,就是這樣，自己無法完成一件小事，不知道自己還能做些什麼了，每天開始就像被壓縮在一個盒子裡，無法喘氣。 感覺自己是一個無能為力的機器人， 只是在重覆著一天相同的步驟，永遠無法解脫。,自己,O,O,O,O,O,O,33
908,就是這樣，自己無法完成一件小事，不知道自己還能做些什麼了，每天開始就像被壓縮在一個盒子裡，無法喘氣。 感覺自己是一個無能為力的機器人， 只是在重覆著一天相同的步驟，永遠無法解脫。,是,O,O,O,O,O,O,34
908,就是這樣，自己無法完成一件小事，不知道自己還能做些什麼了，每天開始就像被壓縮在一個盒子裡，無法喘氣。 感覺自己是一個無能為力的機器人， 只是在重覆著一天相同的步驟，永遠無法解脫。,一個,O,O,O,O,O,O,35
908,就是這樣，自己無法完成一件小事，不知道自己還能做些什麼了，每天開始就像被壓縮在一個盒子裡，無法喘氣。 感覺自己是一個無能為力的機器人， 只是在重覆著一天相同的步驟，永遠無法解脫。,無能為力,S-W,S-W,S-W,S-W,S-W,S-W,36
908,就是這樣，自己無法完成一件小事，不知道自己還能做些什麼了，每天開始就像被壓縮在一個盒子裡，無法喘氣。 感覺自己是一個無能為力的機器人， 只是在重覆著一天相同的步驟，永遠無法解脫。,的,O,O,O,O,O,O,37
908,就是這樣，自己無法完成一件小事，不知道自己還能做些什麼了，每天開始就像被壓縮在一個盒子裡，無法喘氣。 感覺自己是一個無能為力的機器人， 只是在重覆著一天相同的步驟，永遠無法解脫。,機器人,O,O,O,O,O,O,38
908,就是這樣，自己無法完成一件小事，不知道自己還能做些什麼了，每天開始就像被壓縮在一個盒子裡，無法喘氣。 感覺自己是一個無能為力的機器人， 只是在重覆著一天相同的步驟，永遠無法解脫。,，,O,O,O,O,O,O,39
908,就是這樣，自己無法完成一件小事，不知道自己還能做些什麼了，每天開始就像被壓縮在一個盒子裡，無法喘氣。 感覺自己是一個無能為力的機器人， 只是在重覆著一天相同的步驟，永遠無法解脫。,只,O,O,O,O,O,O,40
908,就是這樣，自己無法完成一件小事，不知道自己還能做些什麼了，每天開始就像被壓縮在一個盒子裡，無法喘氣。 感覺自己是一個無能為力的機器人， 只是在重覆著一天相同的步驟，永遠無法解脫。,是在,O,O,O,O,O,O,41
908,就是這樣，自己無法完成一件小事，不知道自己還能做些什麼了，每天開始就像被壓縮在一個盒子裡，無法喘氣。 感覺自己是一個無能為力的機器人， 只是在重覆著一天相同的步驟，永遠無法解脫。,重覆,O,O,O,O,O,O,42
908,就是這樣，自己無法完成一件小事，不知道自己還能做些什麼了，每天開始就像被壓縮在一個盒子裡，無法喘氣。 感覺自己是一個無能為力的機器人， 只是在重覆著一天相同的步驟，永遠無法解脫。,著,O,O,O,O,O,O,43
908,就是這樣，自己無法完成一件小事，不知道自己還能做些什麼了，每天開始就像被壓縮在一個盒子裡，無法喘氣。 感覺自己是一個無能為力的機器人， 只是在重覆著一天相同的步驟，永遠無法解脫。,一天,O,O,O,O,O,O,44
908,就是這樣，自己無法完成一件小事，不知道自己還能做些什麼了，每天開始就像被壓縮在一個盒子裡，無法喘氣。 感覺自己是一個無能為力的機器人， 只是在重覆著一天相同的步驟，永遠無法解脫。,相同,O,O,O,O,O,O,45
908,就是這樣，自己無法完成一件小事，不知道自己還能做些什麼了，每天開始就像被壓縮在一個盒子裡，無法喘氣。 感覺自己是一個無能為力的機器人， 只是在重覆著一天相同的步驟，永遠無法解脫。,的,O,O,O,O,O,O,46
908,就是這樣，自己無法完成一件小事，不知道自己還能做些什麼了，每天開始就像被壓縮在一個盒子裡，無法喘氣。 感覺自己是一個無能為力的機器人， 只是在重覆著一天相同的步驟，永遠無法解脫。,步驟,O,O,O,O,O,O,47
908,就是這樣，自己無法完成一件小事，不知道自己還能做些什麼了，每天開始就像被壓縮在一個盒子裡，無法喘氣。 感覺自己是一個無能為力的機器人， 只是在重覆著一天相同的步驟，永遠無法解脫。,，,O,O,O,O,O,O,48
908,就是這樣，自己無法完成一件小事，不知道自己還能做些什麼了，每天開始就像被壓縮在一個盒子裡，無法喘氣。 感覺自己是一個無能為力的機器人， 只是在重覆著一天相同的步驟，永遠無法解脫。,永遠,O,O,O,O,O,O,49
908,就是這樣，自己無法完成一件小事，不知道自己還能做些什麼了，每天開始就像被壓縮在一個盒子裡，無法喘氣。 感覺自己是一個無能為力的機器人， 只是在重覆著一天相同的步驟，永遠無法解脫。,無法,B-D,B-D,O,B-D,B-D,B-D,50
908,就是這樣，自己無法完成一件小事，不知道自己還能做些什麼了，每天開始就像被壓縮在一個盒子裡，無法喘氣。 感覺自己是一個無能為力的機器人， 只是在重覆著一天相同的步驟，永遠無法解脫。,解脫,E-D,E-D,B-D,E-D,E-D,E-D,51
908,就是這樣，自己無法完成一件小事，不知道自己還能做些什麼了，每天開始就像被壓縮在一個盒子裡，無法喘氣。 感覺自己是一個無能為力的機器人， 只是在重覆著一天相同的步驟，永遠無法解脫。,。,O,O,E-D,O,O,O,52
909,每天晚上都會感到一點點無力感，不過近日來這種感受越來越厭惡了。我不想活了，我想結束一切，因為我無法承受這種無法控制的痛苦,每天,O,O,O,O,O,O,1
909,每天晚上都會感到一點點無力感，不過近日來這種感受越來越厭惡了。我不想活了，我想結束一切，因為我無法承受這種無法控制的痛苦,晚上,O,O,O,O,O,O,2
909,每天晚上都會感到一點點無力感，不過近日來這種感受越來越厭惡了。我不想活了，我想結束一切，因為我無法承受這種無法控制的痛苦,都,O,O,O,O,O,O,3
909,每天晚上都會感到一點點無力感，不過近日來這種感受越來越厭惡了。我不想活了，我想結束一切，因為我無法承受這種無法控制的痛苦,會,O,O,O,O,O,O,4
909,每天晚上都會感到一點點無力感，不過近日來這種感受越來越厭惡了。我不想活了，我想結束一切，因為我無法承受這種無法控制的痛苦,感到,O,O,O,O,O,O,5
909,每天晚上都會感到一點點無力感，不過近日來這種感受越來越厭惡了。我不想活了，我想結束一切，因為我無法承受這種無法控制的痛苦,一點點,O,O,O,O,O,O,6
909,每天晚上都會感到一點點無力感，不過近日來這種感受越來越厭惡了。我不想活了，我想結束一切，因為我無法承受這種無法控制的痛苦,無力感,S-W,S-W,S-W,S-W,S-W,S-W,7
909,每天晚上都會感到一點點無力感，不過近日來這種感受越來越厭惡了。我不想活了，我想結束一切，因為我無法承受這種無法控制的痛苦,，,O,O,O,O,O,O,8
909,每天晚上都會感到一點點無力感，不過近日來這種感受越來越厭惡了。我不想活了，我想結束一切，因為我無法承受這種無法控制的痛苦,不過,O,O,O,O,O,O,9
909,每天晚上都會感到一點點無力感，不過近日來這種感受越來越厭惡了。我不想活了，我想結束一切，因為我無法承受這種無法控制的痛苦,近日,O,O,O,O,O,O,10
909,每天晚上都會感到一點點無力感，不過近日來這種感受越來越厭惡了。我不想活了，我想結束一切，因為我無法承受這種無法控制的痛苦,來,O,O,O,O,O,O,11
909,每天晚上都會感到一點點無力感，不過近日來這種感受越來越厭惡了。我不想活了，我想結束一切，因為我無法承受這種無法控制的痛苦,這種,O,O,O,O,O,O,12
909,每天晚上都會感到一點點無力感，不過近日來這種感受越來越厭惡了。我不想活了，我想結束一切，因為我無法承受這種無法控制的痛苦,感受,O,O,O,O,O,O,13
909,每天晚上都會感到一點點無力感，不過近日來這種感受越來越厭惡了。我不想活了，我想結束一切，因為我無法承受這種無法控制的痛苦,越來越,O,O,O,O,O,O,14
909,每天晚上都會感到一點點無力感，不過近日來這種感受越來越厭惡了。我不想活了，我想結束一切，因為我無法承受這種無法控制的痛苦,厭惡,S-D,S-D,S-D,S-D,S-D,S-D,15
909,每天晚上都會感到一點點無力感，不過近日來這種感受越來越厭惡了。我不想活了，我想結束一切，因為我無法承受這種無法控制的痛苦,了,O,O,O,O,O,O,16
909,每天晚上都會感到一點點無力感，不過近日來這種感受越來越厭惡了。我不想活了，我想結束一切，因為我無法承受這種無法控制的痛苦,。,O,O,O,O,O,O,17
909,每天晚上都會感到一點點無力感，不過近日來這種感受越來越厭惡了。我不想活了，我想結束一切，因為我無法承受這種無法控制的痛苦,我,O,O,O,O,O,O,18
909,每天晚上都會感到一點點無力感，不過近日來這種感受越來越厭惡了。我不想活了，我想結束一切，因為我無法承受這種無法控制的痛苦,不想,B-U,O,O,O,O,O,19
909,每天晚上都會感到一點點無力感，不過近日來這種感受越來越厭惡了。我不想活了，我想結束一切，因為我無法承受這種無法控制的痛苦,活了,E-U,S-U,O,S-U,O,S-U,20
909,每天晚上都會感到一點點無力感，不過近日來這種感受越來越厭惡了。我不想活了，我想結束一切，因為我無法承受這種無法控制的痛苦,，,O,O,S-U,O,S-U,O,21
909,每天晚上都會感到一點點無力感，不過近日來這種感受越來越厭惡了。我不想活了，我想結束一切，因為我無法承受這種無法控制的痛苦,我,O,O,O,O,O,O,22
909,每天晚上都會感到一點點無力感，不過近日來這種感受越來越厭惡了。我不想活了，我想結束一切，因為我無法承受這種無法控制的痛苦,想,O,O,O,O,O,O,23
909,每天晚上都會感到一點點無力感，不過近日來這種感受越來越厭惡了。我不想活了，我想結束一切，因為我無法承受這種無法控制的痛苦,結束,O,O,O,O,O,O,24
909,每天晚上都會感到一點點無力感，不過近日來這種感受越來越厭惡了。我不想活了，我想結束一切，因為我無法承受這種無法控制的痛苦,一切,O,O,O,O,O,O,25
909,每天晚上都會感到一點點無力感，不過近日來這種感受越來越厭惡了。我不想活了，我想結束一切，因為我無法承受這種無法控制的痛苦,，,O,O,O,O,O,O,26
909,每天晚上都會感到一點點無力感，不過近日來這種感受越來越厭惡了。我不想活了，我想結束一切，因為我無法承受這種無法控制的痛苦,因為,O,O,O,O,O,O,27
909,每天晚上都會感到一點點無力感，不過近日來這種感受越來越厭惡了。我不想活了，我想結束一切，因為我無法承受這種無法控制的痛苦,我,O,O,O,O,O,O,28
909,每天晚上都會感到一點點無力感，不過近日來這種感受越來越厭惡了。我不想活了，我想結束一切，因為我無法承受這種無法控制的痛苦,無法,B-D,B-D,O,B-D,O,B-D,29
909,每天晚上都會感到一點點無力感，不過近日來這種感受越來越厭惡了。我不想活了，我想結束一切，因為我無法承受這種無法控制的痛苦,承受,E-D,M-D,B-D,M-D,B-D,M-D,30
909,每天晚上都會感到一點點無力感，不過近日來這種感受越來越厭惡了。我不想活了，我想結束一切，因為我無法承受這種無法控制的痛苦,這種,O,O,M-D,M-D,M-D,E-D,31
909,每天晚上都會感到一點點無力感，不過近日來這種感受越來越厭惡了。我不想活了，我想結束一切，因為我無法承受這種無法控制的痛苦,無法控制,O,S-D,E-D,E-D,M-D,S-D,32
909,每天晚上都會感到一點點無力感，不過近日來這種感受越來越厭惡了。我不想活了，我想結束一切，因為我無法承受這種無法控制的痛苦,的,O,O,S-D,O,E-D,O,33
909,每天晚上都會感到一點點無力感，不過近日來這種感受越來越厭惡了。我不想活了，我想結束一切，因為我無法承受這種無法控制的痛苦,痛苦,S-D,S-D,O,S-D,O,S-D,34
909,每天晚上都會感到一點點無力感，不過近日來這種感受越來越厭惡了。我不想活了，我想結束一切，因為我無法承受這種無法控制的痛苦,。,O,O,S-D,O,S-D,缺失預測,35
910,每天都是一場戰役。整理學業工作，做完後還要看書。這種「努力」到底是為了什麼？ 為了要達到點點成就感，這樣累得不想再繼續了！,每天,O,O,O,O,O,O,1
910,每天都是一場戰役。整理學業工作，做完後還要看書。這種「努力」到底是為了什麼？ 為了要達到點點成就感，這樣累得不想再繼續了！,都是,O,O,O,O,O,O,2
910,每天都是一場戰役。整理學業工作，做完後還要看書。這種「努力」到底是為了什麼？ 為了要達到點點成就感，這樣累得不想再繼續了！,一場,O,O,O,O,O,O,3
910,每天都是一場戰役。整理學業工作，做完後還要看書。這種「努力」到底是為了什麼？ 為了要達到點點成就感，這樣累得不想再繼續了！,戰役,O,O,O,O,O,O,4
910,每天都是一場戰役。整理學業工作，做完後還要看書。這種「努力」到底是為了什麼？ 為了要達到點點成就感，這樣累得不想再繼續了！,。,O,O,O,O,O,O,5
910,每天都是一場戰役。整理學業工作，做完後還要看書。這種「努力」到底是為了什麼？ 為了要達到點點成就感，這樣累得不想再繼續了！,整理,O,O,O,O,O,O,6
910,每天都是一場戰役。整理學業工作，做完後還要看書。這種「努力」到底是為了什麼？ 為了要達到點點成就感，這樣累得不想再繼續了！,學業,O,O,O,O,O,O,7
910,每天都是一場戰役。整理學業工作，做完後還要看書。這種「努力」到底是為了什麼？ 為了要達到點點成就感，這樣累得不想再繼續了！,工作,O,O,O,O,O,O,8
910,每天都是一場戰役。整理學業工作，做完後還要看書。這種「努力」到底是為了什麼？ 為了要達到點點成就感，這樣累得不想再繼續了！,，,O,O,O,O,O,O,9
910,每天都是一場戰役。整理學業工作，做完後還要看書。這種「努力」到底是為了什麼？ 為了要達到點點成就感，這樣累得不想再繼續了！,做,O,O,O,O,O,O,10
910,每天都是一場戰役。整理學業工作，做完後還要看書。這種「努力」到底是為了什麼？ 為了要達到點點成就感，這樣累得不想再繼續了！,完,O,O,O,O,O,O,11
910,每天都是一場戰役。整理學業工作，做完後還要看書。這種「努力」到底是為了什麼？ 為了要達到點點成就感，這樣累得不想再繼續了！,後,O,O,O,O,O,O,12
910,每天都是一場戰役。整理學業工作，做完後還要看書。這種「努力」到底是為了什麼？ 為了要達到點點成就感，這樣累得不想再繼續了！,還,O,O,O,O,O,O,13
910,每天都是一場戰役。整理學業工作，做完後還要看書。這種「努力」到底是為了什麼？ 為了要達到點點成就感，這樣累得不想再繼續了！,要,O,O,O,O,O,O,14
910,每天都是一場戰役。整理學業工作，做完後還要看書。這種「努力」到底是為了什麼？ 為了要達到點點成就感，這樣累得不想再繼續了！,看,O,O,O,O,O,O,15
910,每天都是一場戰役。整理學業工作，做完後還要看書。這種「努力」到底是為了什麼？ 為了要達到點點成就感，這樣累得不想再繼續了！,書,O,O,O,O,O,O,16
910,每天都是一場戰役。整理學業工作，做完後還要看書。這種「努力」到底是為了什麼？ 為了要達到點點成就感，這樣累得不想再繼續了！,。,O,O,O,O,O,O,17
910,每天都是一場戰役。整理學業工作，做完後還要看書。這種「努力」到底是為了什麼？ 為了要達到點點成就感，這樣累得不想再繼續了！,這種,O,O,O,O,O,O,18
910,每天都是一場戰役。整理學業工作，做完後還要看書。這種「努力」到底是為了什麼？ 為了要達到點點成就感，這樣累得不想再繼續了！,「,O,O,O,O,O,O,19
910,每天都是一場戰役。整理學業工作，做完後還要看書。這種「努力」到底是為了什麼？ 為了要達到點點成就感，這樣累得不想再繼續了！,努力,O,S-W,O,O,O,O,20
910,每天都是一場戰役。整理學業工作，做完後還要看書。這種「努力」到底是為了什麼？ 為了要達到點點成就感，這樣累得不想再繼續了！,」,O,O,S-W,S-W,B-D,O,21
910,每天都是一場戰役。整理學業工作，做完後還要看書。這種「努力」到底是為了什麼？ 為了要達到點點成就感，這樣累得不想再繼續了！,到底,O,O,O,O,E-D,O,22
910,每天都是一場戰役。整理學業工作，做完後還要看書。這種「努力」到底是為了什麼？ 為了要達到點點成就感，這樣累得不想再繼續了！,是,O,O,O,O,O,O,23
910,每天都是一場戰役。整理學業工作，做完後還要看書。這種「努力」到底是為了什麼？ 為了要達到點點成就感，這樣累得不想再繼續了！,為了,O,O,O,O,O,O,24
910,每天都是一場戰役。整理學業工作，做完後還要看書。這種「努力」到底是為了什麼？ 為了要達到點點成就感，這樣累得不想再繼續了！,什麼,O,O,O,O,O,O,25
910,每天都是一場戰役。整理學業工作，做完後還要看書。這種「努力」到底是為了什麼？ 為了要達到點點成就感，這樣累得不想再繼續了！,？,O,O,O,O,O,O,26
910,每天都是一場戰役。整理學業工作，做完後還要看書。這種「努力」到底是為了什麼？ 為了要達到點點成就感，這樣累得不想再繼續了！,為了,O,O,O,O,O,O,27
910,每天都是一場戰役。整理學業工作，做完後還要看書。這種「努力」到底是為了什麼？ 為了要達到點點成就感，這樣累得不想再繼續了！,要,O,O,O,O,O,O,28
910,每天都是一場戰役。整理學業工作，做完後還要看書。這種「努力」到底是為了什麼？ 為了要達到點點成就感，這樣累得不想再繼續了！,達到,O,O,O,O,O,O,29
910,每天都是一場戰役。整理學業工作，做完後還要看書。這種「努力」到底是為了什麼？ 為了要達到點點成就感，這樣累得不想再繼續了！,點點,O,O,O,O,O,O,30
910,每天都是一場戰役。整理學業工作，做完後還要看書。這種「努力」到底是為了什麼？ 為了要達到點點成就感，這樣累得不想再繼續了！,成就感,O,S-A,O,O,O,O,31
910,每天都是一場戰役。整理學業工作，做完後還要看書。這種「努力」到底是為了什麼？ 為了要達到點點成就感，這樣累得不想再繼續了！,，,O,O,S-A,S-A,S-A,O,32
910,每天都是一場戰役。整理學業工作，做完後還要看書。這種「努力」到底是為了什麼？ 為了要達到點點成就感，這樣累得不想再繼續了！,這樣,O,O,O,O,O,O,33
910,每天都是一場戰役。整理學業工作，做完後還要看書。這種「努力」到底是為了什麼？ 為了要達到點點成就感，這樣累得不想再繼續了！,累得,S-D,O,O,O,O,O,34
910,每天都是一場戰役。整理學業工作，做完後還要看書。這種「努力」到底是為了什麼？ 為了要達到點點成就感，這樣累得不想再繼續了！,不,O,O,O,O,O,O,35
910,每天都是一場戰役。整理學業工作，做完後還要看書。這種「努力」到底是為了什麼？ 為了要達到點點成就感，這樣累得不想再繼續了！,想,O,O,O,O,O,O,36
910,每天都是一場戰役。整理學業工作，做完後還要看書。這種「努力」到底是為了什麼？ 為了要達到點點成就感，這樣累得不想再繼續了！,再,O,O,O,O,O,O,37
910,每天都是一場戰役。整理學業工作，做完後還要看書。這種「努力」到底是為了什麼？ 為了要達到點點成就感，這樣累得不想再繼續了！,繼續,O,O,O,O,O,O,38
910,每天都是一場戰役。整理學業工作，做完後還要看書。這種「努力」到底是為了什麼？ 為了要達到點點成就感，這樣累得不想再繼續了！,了,O,O,O,O,O,O,39
910,每天都是一場戰役。整理學業工作，做完後還要看書。這種「努力」到底是為了什麼？ 為了要達到點點成就感，這樣累得不想再繼續了！,！,O,O,O,O,O,O,40
911,今天我又被剝削了不再享受工作了。我的工作不再使我高興 。 我不再想花時間思考、研究、創作 。過去我都很努力，一個完美主義者。,今天,O,O,O,O,O,O,1
911,今天我又被剝削了不再享受工作了。我的工作不再使我高興 。 我不再想花時間思考、研究、創作 。過去我都很努力，一個完美主義者。,我,O,O,O,O,O,O,2
911,今天我又被剝削了不再享受工作了。我的工作不再使我高興 。 我不再想花時間思考、研究、創作 。過去我都很努力，一個完美主義者。,又,O,O,O,O,O,O,3
911,今天我又被剝削了不再享受工作了。我的工作不再使我高興 。 我不再想花時間思考、研究、創作 。過去我都很努力，一個完美主義者。,被,O,O,O,O,O,O,4
911,今天我又被剝削了不再享受工作了。我的工作不再使我高興 。 我不再想花時間思考、研究、創作 。過去我都很努力，一個完美主義者。,剝削,S-W,S-W,S-W,S-W,S-W,S-W,5
911,今天我又被剝削了不再享受工作了。我的工作不再使我高興 。 我不再想花時間思考、研究、創作 。過去我都很努力，一個完美主義者。,了,O,O,O,O,O,O,6
911,今天我又被剝削了不再享受工作了。我的工作不再使我高興 。 我不再想花時間思考、研究、創作 。過去我都很努力，一個完美主義者。,不,B-A,O,O,O,O,O,7
911,今天我又被剝削了不再享受工作了。我的工作不再使我高興 。 我不再想花時間思考、研究、創作 。過去我都很努力，一個完美主義者。,再,M-A,O,O,O,O,O,8
911,今天我又被剝削了不再享受工作了。我的工作不再使我高興 。 我不再想花時間思考、研究、創作 。過去我都很努力，一個完美主義者。,享受,E-A,S-A,O,S-A,S-A,S-A,9
911,今天我又被剝削了不再享受工作了。我的工作不再使我高興 。 我不再想花時間思考、研究、創作 。過去我都很努力，一個完美主義者。,工作,O,O,O,O,O,O,10
911,今天我又被剝削了不再享受工作了。我的工作不再使我高興 。 我不再想花時間思考、研究、創作 。過去我都很努力，一個完美主義者。,了,O,O,O,O,O,O,11
911,今天我又被剝削了不再享受工作了。我的工作不再使我高興 。 我不再想花時間思考、研究、創作 。過去我都很努力，一個完美主義者。,。,O,O,O,O,O,O,12
911,今天我又被剝削了不再享受工作了。我的工作不再使我高興 。 我不再想花時間思考、研究、創作 。過去我都很努力，一個完美主義者。,我的,O,O,O,O,O,O,13
911,今天我又被剝削了不再享受工作了。我的工作不再使我高興 。 我不再想花時間思考、研究、創作 。過去我都很努力，一個完美主義者。,工作,O,O,O,O,O,O,14
911,今天我又被剝削了不再享受工作了。我的工作不再使我高興 。 我不再想花時間思考、研究、創作 。過去我都很努力，一個完美主義者。,不,O,O,O,O,O,O,15
911,今天我又被剝削了不再享受工作了。我的工作不再使我高興 。 我不再想花時間思考、研究、創作 。過去我都很努力，一個完美主義者。,再,O,O,O,O,O,O,16
911,今天我又被剝削了不再享受工作了。我的工作不再使我高興 。 我不再想花時間思考、研究、創作 。過去我都很努力，一個完美主義者。,使,O,O,O,O,O,O,17
911,今天我又被剝削了不再享受工作了。我的工作不再使我高興 。 我不再想花時間思考、研究、創作 。過去我都很努力，一個完美主義者。,我,O,O,O,O,O,O,18
911,今天我又被剝削了不再享受工作了。我的工作不再使我高興 。 我不再想花時間思考、研究、創作 。過去我都很努力，一個完美主義者。,高興,S-A,S-A,S-A,S-A,S-A,S-A,19
911,今天我又被剝削了不再享受工作了。我的工作不再使我高興 。 我不再想花時間思考、研究、創作 。過去我都很努力，一個完美主義者。,。,O,O,O,O,O,O,20
911,今天我又被剝削了不再享受工作了。我的工作不再使我高興 。 我不再想花時間思考、研究、創作 。過去我都很努力，一個完美主義者。,我,O,O,O,O,O,O,21
911,今天我又被剝削了不再享受工作了。我的工作不再使我高興 。 我不再想花時間思考、研究、創作 。過去我都很努力，一個完美主義者。,不,O,O,O,O,O,O,22
911,今天我又被剝削了不再享受工作了。我的工作不再使我高興 。 我不再想花時間思考、研究、創作 。過去我都很努力，一個完美主義者。,再,O,O,O,O,O,O,23
911,今天我又被剝削了不再享受工作了。我的工作不再使我高興 。 我不再想花時間思考、研究、創作 。過去我都很努力，一個完美主義者。,想,O,O,O,O,O,O,24
911,今天我又被剝削了不再享受工作了。我的工作不再使我高興 。 我不再想花時間思考、研究、創作 。過去我都很努力，一個完美主義者。,花,O,O,O,O,O,O,25
911,今天我又被剝削了不再享受工作了。我的工作不再使我高興 。 我不再想花時間思考、研究、創作 。過去我都很努力，一個完美主義者。,時間,O,O,O,O,O,O,26
911,今天我又被剝削了不再享受工作了。我的工作不再使我高興 。 我不再想花時間思考、研究、創作 。過去我都很努力，一個完美主義者。,思考,O,O,O,O,O,O,27
911,今天我又被剝削了不再享受工作了。我的工作不再使我高興 。 我不再想花時間思考、研究、創作 。過去我都很努力，一個完美主義者。,、,O,O,O,O,O,O,28
911,今天我又被剝削了不再享受工作了。我的工作不再使我高興 。 我不再想花時間思考、研究、創作 。過去我都很努力，一個完美主義者。,研究,O,O,O,O,O,O,29
911,今天我又被剝削了不再享受工作了。我的工作不再使我高興 。 我不再想花時間思考、研究、創作 。過去我都很努力，一個完美主義者。,、,O,O,O,O,O,O,30
911,今天我又被剝削了不再享受工作了。我的工作不再使我高興 。 我不再想花時間思考、研究、創作 。過去我都很努力，一個完美主義者。,創作,O,O,O,O,O,O,31
911,今天我又被剝削了不再享受工作了。我的工作不再使我高興 。 我不再想花時間思考、研究、創作 。過去我都很努力，一個完美主義者。,。,O,O,O,O,O,O,32
911,今天我又被剝削了不再享受工作了。我的工作不再使我高興 。 我不再想花時間思考、研究、創作 。過去我都很努力，一個完美主義者。,過去,O,O,O,O,O,O,33
911,今天我又被剝削了不再享受工作了。我的工作不再使我高興 。 我不再想花時間思考、研究、創作 。過去我都很努力，一個完美主義者。,我,O,O,O,O,O,O,34
911,今天我又被剝削了不再享受工作了。我的工作不再使我高興 。 我不再想花時間思考、研究、創作 。過去我都很努力，一個完美主義者。,都,O,O,O,O,O,O,35
911,今天我又被剝削了不再享受工作了。我的工作不再使我高興 。 我不再想花時間思考、研究、創作 。過去我都很努力，一個完美主義者。,很,O,O,O,O,O,O,36
911,今天我又被剝削了不再享受工作了。我的工作不再使我高興 。 我不再想花時間思考、研究、創作 。過去我都很努力，一個完美主義者。,努力,O,O,O,O,O,O,37
911,今天我又被剝削了不再享受工作了。我的工作不再使我高興 。 我不再想花時間思考、研究、創作 。過去我都很努力，一個完美主義者。,，,O,O,O,O,O,O,38
911,今天我又被剝削了不再享受工作了。我的工作不再使我高興 。 我不再想花時間思考、研究、創作 。過去我都很努力，一個完美主義者。,一個,O,O,O,O,O,O,39
911,今天我又被剝削了不再享受工作了。我的工作不再使我高興 。 我不再想花時間思考、研究、創作 。過去我都很努力，一個完美主義者。,完美主義者,O,O,S-W,O,O,O,40
911,今天我又被剝削了不再享受工作了。我的工作不再使我高興 。 我不再想花時間思考、研究、創作 。過去我都很努力，一個完美主義者。,。,O,O,O,O,O,O,41
912,這天又是一天了。 我在想著那天的每個細節... 我是誰？ 我在幹嘛？ 我該幹嘛？  我什麼都沒有興趣了...  生活變得這麼平淡，好像沒有什麼值得我擔心的。 ️       ---,這天,O,O,O,O,O,O,1
912,這天又是一天了。 我在想著那天的每個細節... 我是誰？ 我在幹嘛？ 我該幹嘛？  我什麼都沒有興趣了...  生活變得這麼平淡，好像沒有什麼值得我擔心的。 ️       ---,又,O,O,O,O,O,O,2
912,這天又是一天了。 我在想著那天的每個細節... 我是誰？ 我在幹嘛？ 我該幹嘛？  我什麼都沒有興趣了...  生活變得這麼平淡，好像沒有什麼值得我擔心的。 ️       ---,是,O,O,O,O,O,O,3
912,這天又是一天了。 我在想著那天的每個細節... 我是誰？ 我在幹嘛？ 我該幹嘛？  我什麼都沒有興趣了...  生活變得這麼平淡，好像沒有什麼值得我擔心的。 ️       ---,一天,O,O,O,O,O,O,4
912,這天又是一天了。 我在想著那天的每個細節... 我是誰？ 我在幹嘛？ 我該幹嘛？  我什麼都沒有興趣了...  生活變得這麼平淡，好像沒有什麼值得我擔心的。 ️       ---,了,O,O,O,O,O,O,5
912,這天又是一天了。 我在想著那天的每個細節... 我是誰？ 我在幹嘛？ 我該幹嘛？  我什麼都沒有興趣了...  生活變得這麼平淡，好像沒有什麼值得我擔心的。 ️       ---,。,O,O,O,O,O,O,6
912,這天又是一天了。 我在想著那天的每個細節... 我是誰？ 我在幹嘛？ 我該幹嘛？  我什麼都沒有興趣了...  生活變得這麼平淡，好像沒有什麼值得我擔心的。 ️       ---,我,O,O,O,O,O,O,7
912,這天又是一天了。 我在想著那天的每個細節... 我是誰？ 我在幹嘛？ 我該幹嘛？  我什麼都沒有興趣了...  生活變得這麼平淡，好像沒有什麼值得我擔心的。 ️       ---,在,O,O,O,O,O,O,8
912,這天又是一天了。 我在想著那天的每個細節... 我是誰？ 我在幹嘛？ 我該幹嘛？  我什麼都沒有興趣了...  生活變得這麼平淡，好像沒有什麼值得我擔心的。 ️       ---,想著,O,O,O,O,O,O,9
912,這天又是一天了。 我在想著那天的每個細節... 我是誰？ 我在幹嘛？ 我該幹嘛？  我什麼都沒有興趣了...  生活變得這麼平淡，好像沒有什麼值得我擔心的。 ️       ---,那天,O,O,O,O,O,O,10
912,這天又是一天了。 我在想著那天的每個細節... 我是誰？ 我在幹嘛？ 我該幹嘛？  我什麼都沒有興趣了...  生活變得這麼平淡，好像沒有什麼值得我擔心的。 ️       ---,的,O,O,O,O,O,O,11
912,這天又是一天了。 我在想著那天的每個細節... 我是誰？ 我在幹嘛？ 我該幹嘛？  我什麼都沒有興趣了...  生活變得這麼平淡，好像沒有什麼值得我擔心的。 ️       ---,每個,O,O,O,O,O,O,12
912,這天又是一天了。 我在想著那天的每個細節... 我是誰？ 我在幹嘛？ 我該幹嘛？  我什麼都沒有興趣了...  生活變得這麼平淡，好像沒有什麼值得我擔心的。 ️       ---,細節,O,O,O,O,O,O,13
912,這天又是一天了。 我在想著那天的每個細節... 我是誰？ 我在幹嘛？ 我該幹嘛？  我什麼都沒有興趣了...  生活變得這麼平淡，好像沒有什麼值得我擔心的。 ️       ---,...,O,O,O,O,O,O,14
912,這天又是一天了。 我在想著那天的每個細節... 我是誰？ 我在幹嘛？ 我該幹嘛？  我什麼都沒有興趣了...  生活變得這麼平淡，好像沒有什麼值得我擔心的。 ️       ---,我,O,O,O,O,O,O,15
912,這天又是一天了。 我在想著那天的每個細節... 我是誰？ 我在幹嘛？ 我該幹嘛？  我什麼都沒有興趣了...  生活變得這麼平淡，好像沒有什麼值得我擔心的。 ️       ---,是,O,O,O,O,O,O,16
912,這天又是一天了。 我在想著那天的每個細節... 我是誰？ 我在幹嘛？ 我該幹嘛？  我什麼都沒有興趣了...  生活變得這麼平淡，好像沒有什麼值得我擔心的。 ️       ---,誰,O,O,O,O,O,O,17
912,這天又是一天了。 我在想著那天的每個細節... 我是誰？ 我在幹嘛？ 我該幹嘛？  我什麼都沒有興趣了...  生活變得這麼平淡，好像沒有什麼值得我擔心的。 ️       ---,？,O,O,O,O,O,O,18
912,這天又是一天了。 我在想著那天的每個細節... 我是誰？ 我在幹嘛？ 我該幹嘛？  我什麼都沒有興趣了...  生活變得這麼平淡，好像沒有什麼值得我擔心的。 ️       ---,我,O,O,O,O,O,O,19
912,這天又是一天了。 我在想著那天的每個細節... 我是誰？ 我在幹嘛？ 我該幹嘛？  我什麼都沒有興趣了...  生活變得這麼平淡，好像沒有什麼值得我擔心的。 ️       ---,在,O,O,O,O,O,O,20
912,這天又是一天了。 我在想著那天的每個細節... 我是誰？ 我在幹嘛？ 我該幹嘛？  我什麼都沒有興趣了...  生活變得這麼平淡，好像沒有什麼值得我擔心的。 ️       ---,幹嘛,O,O,O,O,O,O,21
912,這天又是一天了。 我在想著那天的每個細節... 我是誰？ 我在幹嘛？ 我該幹嘛？  我什麼都沒有興趣了...  生活變得這麼平淡，好像沒有什麼值得我擔心的。 ️       ---,？,O,O,O,O,O,O,22
912,這天又是一天了。 我在想著那天的每個細節... 我是誰？ 我在幹嘛？ 我該幹嘛？  我什麼都沒有興趣了...  生活變得這麼平淡，好像沒有什麼值得我擔心的。 ️       ---,我,O,O,O,O,O,O,23
912,這天又是一天了。 我在想著那天的每個細節... 我是誰？ 我在幹嘛？ 我該幹嘛？  我什麼都沒有興趣了...  生活變得這麼平淡，好像沒有什麼值得我擔心的。 ️       ---,該,O,O,O,O,O,O,24
912,這天又是一天了。 我在想著那天的每個細節... 我是誰？ 我在幹嘛？ 我該幹嘛？  我什麼都沒有興趣了...  生活變得這麼平淡，好像沒有什麼值得我擔心的。 ️       ---,幹嘛,O,O,O,O,O,O,25
912,這天又是一天了。 我在想著那天的每個細節... 我是誰？ 我在幹嘛？ 我該幹嘛？  我什麼都沒有興趣了...  生活變得這麼平淡，好像沒有什麼值得我擔心的。 ️       ---,？,O,O,O,O,O,O,26
912,這天又是一天了。 我在想著那天的每個細節... 我是誰？ 我在幹嘛？ 我該幹嘛？  我什麼都沒有興趣了...  生活變得這麼平淡，好像沒有什麼值得我擔心的。 ️       ---,我,O,O,O,O,O,O,27
912,這天又是一天了。 我在想著那天的每個細節... 我是誰？ 我在幹嘛？ 我該幹嘛？  我什麼都沒有興趣了...  生活變得這麼平淡，好像沒有什麼值得我擔心的。 ️       ---,什麼,O,O,O,O,O,O,28
912,這天又是一天了。 我在想著那天的每個細節... 我是誰？ 我在幹嘛？ 我該幹嘛？  我什麼都沒有興趣了...  生活變得這麼平淡，好像沒有什麼值得我擔心的。 ️       ---,都,O,O,O,O,O,O,29
912,這天又是一天了。 我在想著那天的每個細節... 我是誰？ 我在幹嘛？ 我該幹嘛？  我什麼都沒有興趣了...  生活變得這麼平淡，好像沒有什麼值得我擔心的。 ️       ---,沒有,O,O,O,O,O,O,30
912,這天又是一天了。 我在想著那天的每個細節... 我是誰？ 我在幹嘛？ 我該幹嘛？  我什麼都沒有興趣了...  生活變得這麼平淡，好像沒有什麼值得我擔心的。 ️       ---,興趣,O,O,O,O,O,O,31
912,這天又是一天了。 我在想著那天的每個細節... 我是誰？ 我在幹嘛？ 我該幹嘛？  我什麼都沒有興趣了...  生活變得這麼平淡，好像沒有什麼值得我擔心的。 ️       ---,了,O,O,O,O,O,O,32
912,這天又是一天了。 我在想著那天的每個細節... 我是誰？ 我在幹嘛？ 我該幹嘛？  我什麼都沒有興趣了...  生活變得這麼平淡，好像沒有什麼值得我擔心的。 ️       ---,...,O,O,O,O,O,O,33
912,這天又是一天了。 我在想著那天的每個細節... 我是誰？ 我在幹嘛？ 我該幹嘛？  我什麼都沒有興趣了...  生活變得這麼平淡，好像沒有什麼值得我擔心的。 ️       ---,生活,O,O,O,O,O,O,34
912,這天又是一天了。 我在想著那天的每個細節... 我是誰？ 我在幹嘛？ 我該幹嘛？  我什麼都沒有興趣了...  生活變得這麼平淡，好像沒有什麼值得我擔心的。 ️       ---,變得,O,O,O,O,O,O,35
912,這天又是一天了。 我在想著那天的每個細節... 我是誰？ 我在幹嘛？ 我該幹嘛？  我什麼都沒有興趣了...  生活變得這麼平淡，好像沒有什麼值得我擔心的。 ️       ---,這麼,O,O,O,O,O,O,36
912,這天又是一天了。 我在想著那天的每個細節... 我是誰？ 我在幹嘛？ 我該幹嘛？  我什麼都沒有興趣了...  生活變得這麼平淡，好像沒有什麼值得我擔心的。 ️       ---,平淡,O,O,O,S-D,O,O,37
912,這天又是一天了。 我在想著那天的每個細節... 我是誰？ 我在幹嘛？ 我該幹嘛？  我什麼都沒有興趣了...  生活變得這麼平淡，好像沒有什麼值得我擔心的。 ️       ---,，,O,O,O,O,O,O,38
912,這天又是一天了。 我在想著那天的每個細節... 我是誰？ 我在幹嘛？ 我該幹嘛？  我什麼都沒有興趣了...  生活變得這麼平淡，好像沒有什麼值得我擔心的。 ️       ---,好像,O,O,O,O,O,O,39
912,這天又是一天了。 我在想著那天的每個細節... 我是誰？ 我在幹嘛？ 我該幹嘛？  我什麼都沒有興趣了...  生活變得這麼平淡，好像沒有什麼值得我擔心的。 ️       ---,沒有,O,O,O,O,O,O,40
912,這天又是一天了。 我在想著那天的每個細節... 我是誰？ 我在幹嘛？ 我該幹嘛？  我什麼都沒有興趣了...  生活變得這麼平淡，好像沒有什麼值得我擔心的。 ️       ---,什麼,O,O,O,O,O,O,41
912,這天又是一天了。 我在想著那天的每個細節... 我是誰？ 我在幹嘛？ 我該幹嘛？  我什麼都沒有興趣了...  生活變得這麼平淡，好像沒有什麼值得我擔心的。 ️       ---,值得,O,O,O,O,O,O,42
912,這天又是一天了。 我在想著那天的每個細節... 我是誰？ 我在幹嘛？ 我該幹嘛？  我什麼都沒有興趣了...  生活變得這麼平淡，好像沒有什麼值得我擔心的。 ️       ---,我,O,O,O,O,O,O,43
912,這天又是一天了。 我在想著那天的每個細節... 我是誰？ 我在幹嘛？ 我該幹嘛？  我什麼都沒有興趣了...  生活變得這麼平淡，好像沒有什麼值得我擔心的。 ️       ---,擔心,O,O,O,O,O,O,44
912,這天又是一天了。 我在想著那天的每個細節... 我是誰？ 我在幹嘛？ 我該幹嘛？  我什麼都沒有興趣了...  生活變得這麼平淡，好像沒有什麼值得我擔心的。 ️       ---,的,O,O,O,O,O,O,45
912,這天又是一天了。 我在想著那天的每個細節... 我是誰？ 我在幹嘛？ 我該幹嘛？  我什麼都沒有興趣了...  生活變得這麼平淡，好像沒有什麼值得我擔心的。 ️       ---,。,O,O,O,O,O,O,46
912,這天又是一天了。 我在想著那天的每個細節... 我是誰？ 我在幹嘛？ 我該幹嘛？  我什麼都沒有興趣了...  生活變得這麼平淡，好像沒有什麼值得我擔心的。 ️       ---,️,O,O,O,O,O,O,47
912,這天又是一天了。 我在想著那天的每個細節... 我是誰？ 我在幹嘛？ 我該幹嘛？  我什麼都沒有興趣了...  生活變得這麼平淡，好像沒有什麼值得我擔心的。 ️       ---,---,O,O,O,O,O,O,48
913,我真的忘記自己是什麼了。我在生活中完全沒有自信。失去自己的一個重要夠用的人後，我總是感到罪惡感。似乎我什麼都能夠做得不好 。我在努力找尋自己是什麼樣的人，但好像就像是在摸黑走路。,我,O,O,O,O,O,O,1
913,我真的忘記自己是什麼了。我在生活中完全沒有自信。失去自己的一個重要夠用的人後，我總是感到罪惡感。似乎我什麼都能夠做得不好 。我在努力找尋自己是什麼樣的人，但好像就像是在摸黑走路。,真的,O,O,O,O,O,O,2
913,我真的忘記自己是什麼了。我在生活中完全沒有自信。失去自己的一個重要夠用的人後，我總是感到罪惡感。似乎我什麼都能夠做得不好 。我在努力找尋自己是什麼樣的人，但好像就像是在摸黑走路。,忘記,O,O,O,O,O,O,3
913,我真的忘記自己是什麼了。我在生活中完全沒有自信。失去自己的一個重要夠用的人後，我總是感到罪惡感。似乎我什麼都能夠做得不好 。我在努力找尋自己是什麼樣的人，但好像就像是在摸黑走路。,自己,O,O,B-W,O,B-W,B-W,4
913,我真的忘記自己是什麼了。我在生活中完全沒有自信。失去自己的一個重要夠用的人後，我總是感到罪惡感。似乎我什麼都能夠做得不好 。我在努力找尋自己是什麼樣的人，但好像就像是在摸黑走路。,是,O,O,O,O,O,O,5
913,我真的忘記自己是什麼了。我在生活中完全沒有自信。失去自己的一個重要夠用的人後，我總是感到罪惡感。似乎我什麼都能夠做得不好 。我在努力找尋自己是什麼樣的人，但好像就像是在摸黑走路。,什麼,O,O,O,O,O,O,6
913,我真的忘記自己是什麼了。我在生活中完全沒有自信。失去自己的一個重要夠用的人後，我總是感到罪惡感。似乎我什麼都能夠做得不好 。我在努力找尋自己是什麼樣的人，但好像就像是在摸黑走路。,了,O,O,O,O,O,O,7
913,我真的忘記自己是什麼了。我在生活中完全沒有自信。失去自己的一個重要夠用的人後，我總是感到罪惡感。似乎我什麼都能夠做得不好 。我在努力找尋自己是什麼樣的人，但好像就像是在摸黑走路。,。,O,O,O,O,O,O,8
913,我真的忘記自己是什麼了。我在生活中完全沒有自信。失去自己的一個重要夠用的人後，我總是感到罪惡感。似乎我什麼都能夠做得不好 。我在努力找尋自己是什麼樣的人，但好像就像是在摸黑走路。,我,O,O,O,O,O,O,9
913,我真的忘記自己是什麼了。我在生活中完全沒有自信。失去自己的一個重要夠用的人後，我總是感到罪惡感。似乎我什麼都能夠做得不好 。我在努力找尋自己是什麼樣的人，但好像就像是在摸黑走路。,在,O,O,O,O,O,O,10
913,我真的忘記自己是什麼了。我在生活中完全沒有自信。失去自己的一個重要夠用的人後，我總是感到罪惡感。似乎我什麼都能夠做得不好 。我在努力找尋自己是什麼樣的人，但好像就像是在摸黑走路。,生活,O,O,O,O,O,O,11
913,我真的忘記自己是什麼了。我在生活中完全沒有自信。失去自己的一個重要夠用的人後，我總是感到罪惡感。似乎我什麼都能夠做得不好 。我在努力找尋自己是什麼樣的人，但好像就像是在摸黑走路。,中,O,O,O,O,O,O,12
913,我真的忘記自己是什麼了。我在生活中完全沒有自信。失去自己的一個重要夠用的人後，我總是感到罪惡感。似乎我什麼都能夠做得不好 。我在努力找尋自己是什麼樣的人，但好像就像是在摸黑走路。,完全,O,O,O,O,O,O,13
913,我真的忘記自己是什麼了。我在生活中完全沒有自信。失去自己的一個重要夠用的人後，我總是感到罪惡感。似乎我什麼都能夠做得不好 。我在努力找尋自己是什麼樣的人，但好像就像是在摸黑走路。,沒有,O,O,O,O,O,O,14
913,我真的忘記自己是什麼了。我在生活中完全沒有自信。失去自己的一個重要夠用的人後，我總是感到罪惡感。似乎我什麼都能夠做得不好 。我在努力找尋自己是什麼樣的人，但好像就像是在摸黑走路。,自信,S-W,S-W,S-W,S-W,S-W,S-W,15
913,我真的忘記自己是什麼了。我在生活中完全沒有自信。失去自己的一個重要夠用的人後，我總是感到罪惡感。似乎我什麼都能夠做得不好 。我在努力找尋自己是什麼樣的人，但好像就像是在摸黑走路。,。,O,O,O,O,O,O,16
913,我真的忘記自己是什麼了。我在生活中完全沒有自信。失去自己的一個重要夠用的人後，我總是感到罪惡感。似乎我什麼都能夠做得不好 。我在努力找尋自己是什麼樣的人，但好像就像是在摸黑走路。,失去,O,O,O,O,O,O,17
913,我真的忘記自己是什麼了。我在生活中完全沒有自信。失去自己的一個重要夠用的人後，我總是感到罪惡感。似乎我什麼都能夠做得不好 。我在努力找尋自己是什麼樣的人，但好像就像是在摸黑走路。,自己,O,O,O,O,O,O,18
913,我真的忘記自己是什麼了。我在生活中完全沒有自信。失去自己的一個重要夠用的人後，我總是感到罪惡感。似乎我什麼都能夠做得不好 。我在努力找尋自己是什麼樣的人，但好像就像是在摸黑走路。,的,O,O,O,O,O,O,19
913,我真的忘記自己是什麼了。我在生活中完全沒有自信。失去自己的一個重要夠用的人後，我總是感到罪惡感。似乎我什麼都能夠做得不好 。我在努力找尋自己是什麼樣的人，但好像就像是在摸黑走路。,一個,O,O,O,O,O,O,20
913,我真的忘記自己是什麼了。我在生活中完全沒有自信。失去自己的一個重要夠用的人後，我總是感到罪惡感。似乎我什麼都能夠做得不好 。我在努力找尋自己是什麼樣的人，但好像就像是在摸黑走路。,重要,O,O,O,O,O,O,21
913,我真的忘記自己是什麼了。我在生活中完全沒有自信。失去自己的一個重要夠用的人後，我總是感到罪惡感。似乎我什麼都能夠做得不好 。我在努力找尋自己是什麼樣的人，但好像就像是在摸黑走路。,夠用,O,O,O,O,O,O,22
913,我真的忘記自己是什麼了。我在生活中完全沒有自信。失去自己的一個重要夠用的人後，我總是感到罪惡感。似乎我什麼都能夠做得不好 。我在努力找尋自己是什麼樣的人，但好像就像是在摸黑走路。,的人,O,O,O,O,O,O,23
913,我真的忘記自己是什麼了。我在生活中完全沒有自信。失去自己的一個重要夠用的人後，我總是感到罪惡感。似乎我什麼都能夠做得不好 。我在努力找尋自己是什麼樣的人，但好像就像是在摸黑走路。,後,O,O,O,O,O,O,24
913,我真的忘記自己是什麼了。我在生活中完全沒有自信。失去自己的一個重要夠用的人後，我總是感到罪惡感。似乎我什麼都能夠做得不好 。我在努力找尋自己是什麼樣的人，但好像就像是在摸黑走路。,，,O,O,O,O,O,O,25
913,我真的忘記自己是什麼了。我在生活中完全沒有自信。失去自己的一個重要夠用的人後，我總是感到罪惡感。似乎我什麼都能夠做得不好 。我在努力找尋自己是什麼樣的人，但好像就像是在摸黑走路。,我,O,O,O,O,O,O,26
913,我真的忘記自己是什麼了。我在生活中完全沒有自信。失去自己的一個重要夠用的人後，我總是感到罪惡感。似乎我什麼都能夠做得不好 。我在努力找尋自己是什麼樣的人，但好像就像是在摸黑走路。,總是,O,O,O,O,O,O,27
913,我真的忘記自己是什麼了。我在生活中完全沒有自信。失去自己的一個重要夠用的人後，我總是感到罪惡感。似乎我什麼都能夠做得不好 。我在努力找尋自己是什麼樣的人，但好像就像是在摸黑走路。,感到,B-W,O,B-W,O,O,B-W,28
913,我真的忘記自己是什麼了。我在生活中完全沒有自信。失去自己的一個重要夠用的人後，我總是感到罪惡感。似乎我什麼都能夠做得不好 。我在努力找尋自己是什麼樣的人，但好像就像是在摸黑走路。,罪惡感,E-W,S-W,E-W,S-W,B-W,E-W,29
913,我真的忘記自己是什麼了。我在生活中完全沒有自信。失去自己的一個重要夠用的人後，我總是感到罪惡感。似乎我什麼都能夠做得不好 。我在努力找尋自己是什麼樣的人，但好像就像是在摸黑走路。,。,O,O,O,O,E-W,O,30
913,我真的忘記自己是什麼了。我在生活中完全沒有自信。失去自己的一個重要夠用的人後，我總是感到罪惡感。似乎我什麼都能夠做得不好 。我在努力找尋自己是什麼樣的人，但好像就像是在摸黑走路。,似乎,O,O,O,O,O,O,31
913,我真的忘記自己是什麼了。我在生活中完全沒有自信。失去自己的一個重要夠用的人後，我總是感到罪惡感。似乎我什麼都能夠做得不好 。我在努力找尋自己是什麼樣的人，但好像就像是在摸黑走路。,我,O,O,O,O,O,O,32
913,我真的忘記自己是什麼了。我在生活中完全沒有自信。失去自己的一個重要夠用的人後，我總是感到罪惡感。似乎我什麼都能夠做得不好 。我在努力找尋自己是什麼樣的人，但好像就像是在摸黑走路。,什麼,O,O,O,O,O,O,33
913,我真的忘記自己是什麼了。我在生活中完全沒有自信。失去自己的一個重要夠用的人後，我總是感到罪惡感。似乎我什麼都能夠做得不好 。我在努力找尋自己是什麼樣的人，但好像就像是在摸黑走路。,都,O,O,O,O,O,O,34
913,我真的忘記自己是什麼了。我在生活中完全沒有自信。失去自己的一個重要夠用的人後，我總是感到罪惡感。似乎我什麼都能夠做得不好 。我在努力找尋自己是什麼樣的人，但好像就像是在摸黑走路。,能夠,O,O,O,O,O,O,35
913,我真的忘記自己是什麼了。我在生活中完全沒有自信。失去自己的一個重要夠用的人後，我總是感到罪惡感。似乎我什麼都能夠做得不好 。我在努力找尋自己是什麼樣的人，但好像就像是在摸黑走路。,做得,B-W,O,O,O,O,O,36
913,我真的忘記自己是什麼了。我在生活中完全沒有自信。失去自己的一個重要夠用的人後，我總是感到罪惡感。似乎我什麼都能夠做得不好 。我在努力找尋自己是什麼樣的人，但好像就像是在摸黑走路。,不好,E-W,S-W,S-W,S-W,O,S-W,37
913,我真的忘記自己是什麼了。我在生活中完全沒有自信。失去自己的一個重要夠用的人後，我總是感到罪惡感。似乎我什麼都能夠做得不好 。我在努力找尋自己是什麼樣的人，但好像就像是在摸黑走路。,。,O,O,O,O,S-W,O,38
913,我真的忘記自己是什麼了。我在生活中完全沒有自信。失去自己的一個重要夠用的人後，我總是感到罪惡感。似乎我什麼都能夠做得不好 。我在努力找尋自己是什麼樣的人，但好像就像是在摸黑走路。,我,O,O,O,O,O,O,39
913,我真的忘記自己是什麼了。我在生活中完全沒有自信。失去自己的一個重要夠用的人後，我總是感到罪惡感。似乎我什麼都能夠做得不好 。我在努力找尋自己是什麼樣的人，但好像就像是在摸黑走路。,在,O,O,O,O,O,O,40
913,我真的忘記自己是什麼了。我在生活中完全沒有自信。失去自己的一個重要夠用的人後，我總是感到罪惡感。似乎我什麼都能夠做得不好 。我在努力找尋自己是什麼樣的人，但好像就像是在摸黑走路。,努力,O,O,O,O,O,O,41
913,我真的忘記自己是什麼了。我在生活中完全沒有自信。失去自己的一個重要夠用的人後，我總是感到罪惡感。似乎我什麼都能夠做得不好 。我在努力找尋自己是什麼樣的人，但好像就像是在摸黑走路。,找尋,O,O,O,O,O,O,42
913,我真的忘記自己是什麼了。我在生活中完全沒有自信。失去自己的一個重要夠用的人後，我總是感到罪惡感。似乎我什麼都能夠做得不好 。我在努力找尋自己是什麼樣的人，但好像就像是在摸黑走路。,自己,O,O,O,O,O,O,43
913,我真的忘記自己是什麼了。我在生活中完全沒有自信。失去自己的一個重要夠用的人後，我總是感到罪惡感。似乎我什麼都能夠做得不好 。我在努力找尋自己是什麼樣的人，但好像就像是在摸黑走路。,是,O,O,O,O,O,O,44
913,我真的忘記自己是什麼了。我在生活中完全沒有自信。失去自己的一個重要夠用的人後，我總是感到罪惡感。似乎我什麼都能夠做得不好 。我在努力找尋自己是什麼樣的人，但好像就像是在摸黑走路。,什麼,O,O,O,O,O,O,45
913,我真的忘記自己是什麼了。我在生活中完全沒有自信。失去自己的一個重要夠用的人後，我總是感到罪惡感。似乎我什麼都能夠做得不好 。我在努力找尋自己是什麼樣的人，但好像就像是在摸黑走路。,樣,O,O,O,O,O,O,46
913,我真的忘記自己是什麼了。我在生活中完全沒有自信。失去自己的一個重要夠用的人後，我總是感到罪惡感。似乎我什麼都能夠做得不好 。我在努力找尋自己是什麼樣的人，但好像就像是在摸黑走路。,的人,O,O,O,O,O,O,47
913,我真的忘記自己是什麼了。我在生活中完全沒有自信。失去自己的一個重要夠用的人後，我總是感到罪惡感。似乎我什麼都能夠做得不好 。我在努力找尋自己是什麼樣的人，但好像就像是在摸黑走路。,，,O,O,O,O,O,O,48
913,我真的忘記自己是什麼了。我在生活中完全沒有自信。失去自己的一個重要夠用的人後，我總是感到罪惡感。似乎我什麼都能夠做得不好 。我在努力找尋自己是什麼樣的人，但好像就像是在摸黑走路。,但,O,O,O,O,O,O,49
913,我真的忘記自己是什麼了。我在生活中完全沒有自信。失去自己的一個重要夠用的人後，我總是感到罪惡感。似乎我什麼都能夠做得不好 。我在努力找尋自己是什麼樣的人，但好像就像是在摸黑走路。,好像,O,O,O,O,O,O,50
913,我真的忘記自己是什麼了。我在生活中完全沒有自信。失去自己的一個重要夠用的人後，我總是感到罪惡感。似乎我什麼都能夠做得不好 。我在努力找尋自己是什麼樣的人，但好像就像是在摸黑走路。,就,O,O,O,O,O,O,51
913,我真的忘記自己是什麼了。我在生活中完全沒有自信。失去自己的一個重要夠用的人後，我總是感到罪惡感。似乎我什麼都能夠做得不好 。我在努力找尋自己是什麼樣的人，但好像就像是在摸黑走路。,像,O,O,O,O,O,O,52
913,我真的忘記自己是什麼了。我在生活中完全沒有自信。失去自己的一個重要夠用的人後，我總是感到罪惡感。似乎我什麼都能夠做得不好 。我在努力找尋自己是什麼樣的人，但好像就像是在摸黑走路。,是在,O,O,O,O,O,O,53
913,我真的忘記自己是什麼了。我在生活中完全沒有自信。失去自己的一個重要夠用的人後，我總是感到罪惡感。似乎我什麼都能夠做得不好 。我在努力找尋自己是什麼樣的人，但好像就像是在摸黑走路。,摸黑,O,O,O,O,O,O,54
913,我真的忘記自己是什麼了。我在生活中完全沒有自信。失去自己的一個重要夠用的人後，我總是感到罪惡感。似乎我什麼都能夠做得不好 。我在努力找尋自己是什麼樣的人，但好像就像是在摸黑走路。,走路,O,O,O,O,O,O,55
913,我真的忘記自己是什麼了。我在生活中完全沒有自信。失去自己的一個重要夠用的人後，我總是感到罪惡感。似乎我什麼都能夠做得不好 。我在努力找尋自己是什麼樣的人，但好像就像是在摸黑走路。,。,O,O,O,O,O,O,56
914,在人際關係中，我感覺自己無法表達心聲。好像整個世界都在亂。 這是什麼地方了？因為我一直無法找到答案 ‍,在,O,O,O,O,O,O,1
914,在人際關係中，我感覺自己無法表達心聲。好像整個世界都在亂。 這是什麼地方了？因為我一直無法找到答案 ‍,人際,O,O,O,O,O,O,2
914,在人際關係中，我感覺自己無法表達心聲。好像整個世界都在亂。 這是什麼地方了？因為我一直無法找到答案 ‍,關係,O,O,O,O,O,O,3
914,在人際關係中，我感覺自己無法表達心聲。好像整個世界都在亂。 這是什麼地方了？因為我一直無法找到答案 ‍,中,O,O,O,O,O,O,4
914,在人際關係中，我感覺自己無法表達心聲。好像整個世界都在亂。 這是什麼地方了？因為我一直無法找到答案 ‍,，,O,O,O,O,O,O,5
914,在人際關係中，我感覺自己無法表達心聲。好像整個世界都在亂。 這是什麼地方了？因為我一直無法找到答案 ‍,我,O,O,O,O,O,O,6
914,在人際關係中，我感覺自己無法表達心聲。好像整個世界都在亂。 這是什麼地方了？因為我一直無法找到答案 ‍,感覺,O,O,O,O,O,O,7
914,在人際關係中，我感覺自己無法表達心聲。好像整個世界都在亂。 這是什麼地方了？因為我一直無法找到答案 ‍,自己,O,O,O,O,B-W,O,8
914,在人際關係中，我感覺自己無法表達心聲。好像整個世界都在亂。 這是什麼地方了？因為我一直無法找到答案 ‍,無法,B-D,B-W,B-W,B-W,M-W,B-W,9
914,在人際關係中，我感覺自己無法表達心聲。好像整個世界都在亂。 這是什麼地方了？因為我一直無法找到答案 ‍,表達,M-D,E-W,E-W,E-W,E-W,E-W,10
914,在人際關係中，我感覺自己無法表達心聲。好像整個世界都在亂。 這是什麼地方了？因為我一直無法找到答案 ‍,心聲,E-D,O,O,O,S-W,O,11
914,在人際關係中，我感覺自己無法表達心聲。好像整個世界都在亂。 這是什麼地方了？因為我一直無法找到答案 ‍,。,O,O,O,O,O,O,12
914,在人際關係中，我感覺自己無法表達心聲。好像整個世界都在亂。 這是什麼地方了？因為我一直無法找到答案 ‍,好像,O,O,O,O,O,O,13
914,在人際關係中，我感覺自己無法表達心聲。好像整個世界都在亂。 這是什麼地方了？因為我一直無法找到答案 ‍,整個,O,O,O,O,O,O,14
914,在人際關係中，我感覺自己無法表達心聲。好像整個世界都在亂。 這是什麼地方了？因為我一直無法找到答案 ‍,世界,O,O,O,O,O,O,15
914,在人際關係中，我感覺自己無法表達心聲。好像整個世界都在亂。 這是什麼地方了？因為我一直無法找到答案 ‍,都,O,O,O,O,O,O,16
914,在人際關係中，我感覺自己無法表達心聲。好像整個世界都在亂。 這是什麼地方了？因為我一直無法找到答案 ‍,在,O,O,O,O,O,O,17
914,在人際關係中，我感覺自己無法表達心聲。好像整個世界都在亂。 這是什麼地方了？因為我一直無法找到答案 ‍,亂,S-D,O,S-D,S-D,S-D,O,18
914,在人際關係中，我感覺自己無法表達心聲。好像整個世界都在亂。 這是什麼地方了？因為我一直無法找到答案 ‍,。,O,O,O,O,O,O,19
914,在人際關係中，我感覺自己無法表達心聲。好像整個世界都在亂。 這是什麼地方了？因為我一直無法找到答案 ‍,這,O,O,O,O,O,O,20
914,在人際關係中，我感覺自己無法表達心聲。好像整個世界都在亂。 這是什麼地方了？因為我一直無法找到答案 ‍,是,O,O,O,O,O,O,21
914,在人際關係中，我感覺自己無法表達心聲。好像整個世界都在亂。 這是什麼地方了？因為我一直無法找到答案 ‍,什麼,O,O,O,O,O,O,22
914,在人際關係中，我感覺自己無法表達心聲。好像整個世界都在亂。 這是什麼地方了？因為我一直無法找到答案 ‍,地方,O,O,O,O,O,O,23
914,在人際關係中，我感覺自己無法表達心聲。好像整個世界都在亂。 這是什麼地方了？因為我一直無法找到答案 ‍,了,O,O,O,O,O,O,24
914,在人際關係中，我感覺自己無法表達心聲。好像整個世界都在亂。 這是什麼地方了？因為我一直無法找到答案 ‍,？,O,O,O,O,O,O,25
914,在人際關係中，我感覺自己無法表達心聲。好像整個世界都在亂。 這是什麼地方了？因為我一直無法找到答案 ‍,因為,O,O,O,O,O,O,26
914,在人際關係中，我感覺自己無法表達心聲。好像整個世界都在亂。 這是什麼地方了？因為我一直無法找到答案 ‍,我,O,O,O,O,O,O,27
914,在人際關係中，我感覺自己無法表達心聲。好像整個世界都在亂。 這是什麼地方了？因為我一直無法找到答案 ‍,一直,O,O,O,O,O,O,28
914,在人際關係中，我感覺自己無法表達心聲。好像整個世界都在亂。 這是什麼地方了？因為我一直無法找到答案 ‍,無法,B-D,B-D,B-D,B-D,B-D,B-W,29
914,在人際關係中，我感覺自己無法表達心聲。好像整個世界都在亂。 這是什麼地方了？因為我一直無法找到答案 ‍,找到,M-D,E-D,E-D,E-D,M-D,E-W,30
914,在人際關係中，我感覺自己無法表達心聲。好像整個世界都在亂。 這是什麼地方了？因為我一直無法找到答案 ‍,答案,E-D,O,O,O,E-D,O,31
914,在人際關係中，我感覺自己無法表達心聲。好像整個世界都在亂。 這是什麼地方了？因為我一直無法找到答案 ‍,。,O,O,O,O,O,O,32
915,最近一直在感受到無助和空虛，好像失去了原本的動力和興趣,最近,O,O,O,O,O,O,1
915,最近一直在感受到無助和空虛，好像失去了原本的動力和興趣,一直,O,O,O,O,O,O,2
915,最近一直在感受到無助和空虛，好像失去了原本的動力和興趣,在,O,O,O,O,O,O,3
915,最近一直在感受到無助和空虛，好像失去了原本的動力和興趣,感受到,O,B-W,B-W,B-W,B-W,B-W,4
915,最近一直在感受到無助和空虛，好像失去了原本的動力和興趣,無助,S-D,E-W,E-W,E-W,E-W,E-W,5
915,最近一直在感受到無助和空虛，好像失去了原本的動力和興趣,和,O,O,O,O,O,O,6
915,最近一直在感受到無助和空虛，好像失去了原本的動力和興趣,空虛,S-D,S-D,S-D,S-D,S-D,S-D,7
915,最近一直在感受到無助和空虛，好像失去了原本的動力和興趣,，,O,O,O,O,O,O,8
915,最近一直在感受到無助和空虛，好像失去了原本的動力和興趣,好像,O,O,O,O,O,O,9
915,最近一直在感受到無助和空虛，好像失去了原本的動力和興趣,失去,B-A,B-W,B-D,B-W,B-D,B-W,10
915,最近一直在感受到無助和空虛，好像失去了原本的動力和興趣,了,M-A,M-W,M-D,M-W,M-D,M-W,11
915,最近一直在感受到無助和空虛，好像失去了原本的動力和興趣,原本,M-A,E-W,E-D,E-W,E-D,E-W,12
915,最近一直在感受到無助和空虛，好像失去了原本的動力和興趣,的,M-A,O,O,O,O,O,13
915,最近一直在感受到無助和空虛，好像失去了原本的動力和興趣,動力,E-A,O,O,O,O,O,14
915,最近一直在感受到無助和空虛，好像失去了原本的動力和興趣,和,O,O,O,O,O,O,15
915,最近一直在感受到無助和空虛，好像失去了原本的動力和興趣,興趣,O,O,O,O,O,O,16
916,我想問自己：為什麼會這樣？為什麼還是這樣？ 這種感覺，像是一種絕望感，無法逃離。 每天我都感受到這種絕望感，只是不知道要逃過這樣的日子到底有多久。 我最怕的是，該不該終止一切。  這種想法讓我感到不堪重負。,我,O,O,O,O,O,O,1
916,我想問自己：為什麼會這樣？為什麼還是這樣？ 這種感覺，像是一種絕望感，無法逃離。 每天我都感受到這種絕望感，只是不知道要逃過這樣的日子到底有多久。 我最怕的是，該不該終止一切。  這種想法讓我感到不堪重負。,想,O,O,O,O,O,O,2
916,我想問自己：為什麼會這樣？為什麼還是這樣？ 這種感覺，像是一種絕望感，無法逃離。 每天我都感受到這種絕望感，只是不知道要逃過這樣的日子到底有多久。 我最怕的是，該不該終止一切。  這種想法讓我感到不堪重負。,問,O,O,O,O,O,O,3
916,我想問自己：為什麼會這樣？為什麼還是這樣？ 這種感覺，像是一種絕望感，無法逃離。 每天我都感受到這種絕望感，只是不知道要逃過這樣的日子到底有多久。 我最怕的是，該不該終止一切。  這種想法讓我感到不堪重負。,自己,O,O,O,O,O,O,4
916,我想問自己：為什麼會這樣？為什麼還是這樣？ 這種感覺，像是一種絕望感，無法逃離。 每天我都感受到這種絕望感，只是不知道要逃過這樣的日子到底有多久。 我最怕的是，該不該終止一切。  這種想法讓我感到不堪重負。,：,O,O,O,O,O,O,5
916,我想問自己：為什麼會這樣？為什麼還是這樣？ 這種感覺，像是一種絕望感，無法逃離。 每天我都感受到這種絕望感，只是不知道要逃過這樣的日子到底有多久。 我最怕的是，該不該終止一切。  這種想法讓我感到不堪重負。,為什麼,O,O,O,O,O,O,6
916,我想問自己：為什麼會這樣？為什麼還是這樣？ 這種感覺，像是一種絕望感，無法逃離。 每天我都感受到這種絕望感，只是不知道要逃過這樣的日子到底有多久。 我最怕的是，該不該終止一切。  這種想法讓我感到不堪重負。,會,O,O,O,O,O,O,7
916,我想問自己：為什麼會這樣？為什麼還是這樣？ 這種感覺，像是一種絕望感，無法逃離。 每天我都感受到這種絕望感，只是不知道要逃過這樣的日子到底有多久。 我最怕的是，該不該終止一切。  這種想法讓我感到不堪重負。,這樣,O,O,O,O,O,O,8
916,我想問自己：為什麼會這樣？為什麼還是這樣？ 這種感覺，像是一種絕望感，無法逃離。 每天我都感受到這種絕望感，只是不知道要逃過這樣的日子到底有多久。 我最怕的是，該不該終止一切。  這種想法讓我感到不堪重負。,？,O,O,O,O,O,O,9
916,我想問自己：為什麼會這樣？為什麼還是這樣？ 這種感覺，像是一種絕望感，無法逃離。 每天我都感受到這種絕望感，只是不知道要逃過這樣的日子到底有多久。 我最怕的是，該不該終止一切。  這種想法讓我感到不堪重負。,為什麼,O,O,O,O,O,O,10
916,我想問自己：為什麼會這樣？為什麼還是這樣？ 這種感覺，像是一種絕望感，無法逃離。 每天我都感受到這種絕望感，只是不知道要逃過這樣的日子到底有多久。 我最怕的是，該不該終止一切。  這種想法讓我感到不堪重負。,還是,O,O,O,O,O,O,11
916,我想問自己：為什麼會這樣？為什麼還是這樣？ 這種感覺，像是一種絕望感，無法逃離。 每天我都感受到這種絕望感，只是不知道要逃過這樣的日子到底有多久。 我最怕的是，該不該終止一切。  這種想法讓我感到不堪重負。,這樣,O,O,O,O,O,O,12
916,我想問自己：為什麼會這樣？為什麼還是這樣？ 這種感覺，像是一種絕望感，無法逃離。 每天我都感受到這種絕望感，只是不知道要逃過這樣的日子到底有多久。 我最怕的是，該不該終止一切。  這種想法讓我感到不堪重負。,？,O,O,O,O,O,O,13
916,我想問自己：為什麼會這樣？為什麼還是這樣？ 這種感覺，像是一種絕望感，無法逃離。 每天我都感受到這種絕望感，只是不知道要逃過這樣的日子到底有多久。 我最怕的是，該不該終止一切。  這種想法讓我感到不堪重負。,這種,O,O,O,O,O,O,14
916,我想問自己：為什麼會這樣？為什麼還是這樣？ 這種感覺，像是一種絕望感，無法逃離。 每天我都感受到這種絕望感，只是不知道要逃過這樣的日子到底有多久。 我最怕的是，該不該終止一切。  這種想法讓我感到不堪重負。,感覺,O,O,O,O,O,O,15
916,我想問自己：為什麼會這樣？為什麼還是這樣？ 這種感覺，像是一種絕望感，無法逃離。 每天我都感受到這種絕望感，只是不知道要逃過這樣的日子到底有多久。 我最怕的是，該不該終止一切。  這種想法讓我感到不堪重負。,，,O,O,O,O,O,O,16
916,我想問自己：為什麼會這樣？為什麼還是這樣？ 這種感覺，像是一種絕望感，無法逃離。 每天我都感受到這種絕望感，只是不知道要逃過這樣的日子到底有多久。 我最怕的是，該不該終止一切。  這種想法讓我感到不堪重負。,像是,O,O,O,O,O,O,17
916,我想問自己：為什麼會這樣？為什麼還是這樣？ 這種感覺，像是一種絕望感，無法逃離。 每天我都感受到這種絕望感，只是不知道要逃過這樣的日子到底有多久。 我最怕的是，該不該終止一切。  這種想法讓我感到不堪重負。,一種,O,O,O,O,O,O,18
916,我想問自己：為什麼會這樣？為什麼還是這樣？ 這種感覺，像是一種絕望感，無法逃離。 每天我都感受到這種絕望感，只是不知道要逃過這樣的日子到底有多久。 我最怕的是，該不該終止一切。  這種想法讓我感到不堪重負。,絕望感,S-D,S-D,S-D,S-D,S-D,S-D,19
916,我想問自己：為什麼會這樣？為什麼還是這樣？ 這種感覺，像是一種絕望感，無法逃離。 每天我都感受到這種絕望感，只是不知道要逃過這樣的日子到底有多久。 我最怕的是，該不該終止一切。  這種想法讓我感到不堪重負。,，,O,O,O,O,O,O,20
916,我想問自己：為什麼會這樣？為什麼還是這樣？ 這種感覺，像是一種絕望感，無法逃離。 每天我都感受到這種絕望感，只是不知道要逃過這樣的日子到底有多久。 我最怕的是，該不該終止一切。  這種想法讓我感到不堪重負。,無法,B-D,B-D,B-D,B-D,B-D,B-D,21
916,我想問自己：為什麼會這樣？為什麼還是這樣？ 這種感覺，像是一種絕望感，無法逃離。 每天我都感受到這種絕望感，只是不知道要逃過這樣的日子到底有多久。 我最怕的是，該不該終止一切。  這種想法讓我感到不堪重負。,逃離,E-D,E-D,E-D,E-D,E-D,E-D,22
916,我想問自己：為什麼會這樣？為什麼還是這樣？ 這種感覺，像是一種絕望感，無法逃離。 每天我都感受到這種絕望感，只是不知道要逃過這樣的日子到底有多久。 我最怕的是，該不該終止一切。  這種想法讓我感到不堪重負。,。,O,O,O,O,O,O,23
916,我想問自己：為什麼會這樣？為什麼還是這樣？ 這種感覺，像是一種絕望感，無法逃離。 每天我都感受到這種絕望感，只是不知道要逃過這樣的日子到底有多久。 我最怕的是，該不該終止一切。  這種想法讓我感到不堪重負。,每天,O,O,O,O,O,O,24
916,我想問自己：為什麼會這樣？為什麼還是這樣？ 這種感覺，像是一種絕望感，無法逃離。 每天我都感受到這種絕望感，只是不知道要逃過這樣的日子到底有多久。 我最怕的是，該不該終止一切。  這種想法讓我感到不堪重負。,我,O,O,O,O,O,O,25
916,我想問自己：為什麼會這樣？為什麼還是這樣？ 這種感覺，像是一種絕望感，無法逃離。 每天我都感受到這種絕望感，只是不知道要逃過這樣的日子到底有多久。 我最怕的是，該不該終止一切。  這種想法讓我感到不堪重負。,都,O,O,O,O,O,O,26
916,我想問自己：為什麼會這樣？為什麼還是這樣？ 這種感覺，像是一種絕望感，無法逃離。 每天我都感受到這種絕望感，只是不知道要逃過這樣的日子到底有多久。 我最怕的是，該不該終止一切。  這種想法讓我感到不堪重負。,感受到,O,O,O,O,O,O,27
916,我想問自己：為什麼會這樣？為什麼還是這樣？ 這種感覺，像是一種絕望感，無法逃離。 每天我都感受到這種絕望感，只是不知道要逃過這樣的日子到底有多久。 我最怕的是，該不該終止一切。  這種想法讓我感到不堪重負。,這種,O,O,O,O,O,O,28
916,我想問自己：為什麼會這樣？為什麼還是這樣？ 這種感覺，像是一種絕望感，無法逃離。 每天我都感受到這種絕望感，只是不知道要逃過這樣的日子到底有多久。 我最怕的是，該不該終止一切。  這種想法讓我感到不堪重負。,絕望感,S-D,S-D,S-D,S-D,S-D,S-D,29
916,我想問自己：為什麼會這樣？為什麼還是這樣？ 這種感覺，像是一種絕望感，無法逃離。 每天我都感受到這種絕望感，只是不知道要逃過這樣的日子到底有多久。 我最怕的是，該不該終止一切。  這種想法讓我感到不堪重負。,，,O,O,O,O,O,O,30
916,我想問自己：為什麼會這樣？為什麼還是這樣？ 這種感覺，像是一種絕望感，無法逃離。 每天我都感受到這種絕望感，只是不知道要逃過這樣的日子到底有多久。 我最怕的是，該不該終止一切。  這種想法讓我感到不堪重負。,只,O,O,O,O,O,O,31
916,我想問自己：為什麼會這樣？為什麼還是這樣？ 這種感覺，像是一種絕望感，無法逃離。 每天我都感受到這種絕望感，只是不知道要逃過這樣的日子到底有多久。 我最怕的是，該不該終止一切。  這種想法讓我感到不堪重負。,是不,O,O,O,O,O,O,32
916,我想問自己：為什麼會這樣？為什麼還是這樣？ 這種感覺，像是一種絕望感，無法逃離。 每天我都感受到這種絕望感，只是不知道要逃過這樣的日子到底有多久。 我最怕的是，該不該終止一切。  這種想法讓我感到不堪重負。,知道,O,O,O,O,O,O,33
916,我想問自己：為什麼會這樣？為什麼還是這樣？ 這種感覺，像是一種絕望感，無法逃離。 每天我都感受到這種絕望感，只是不知道要逃過這樣的日子到底有多久。 我最怕的是，該不該終止一切。  這種想法讓我感到不堪重負。,要,O,O,O,O,O,O,34
916,我想問自己：為什麼會這樣？為什麼還是這樣？ 這種感覺，像是一種絕望感，無法逃離。 每天我都感受到這種絕望感，只是不知道要逃過這樣的日子到底有多久。 我最怕的是，該不該終止一切。  這種想法讓我感到不堪重負。,逃過,O,O,O,O,O,O,35
916,我想問自己：為什麼會這樣？為什麼還是這樣？ 這種感覺，像是一種絕望感，無法逃離。 每天我都感受到這種絕望感，只是不知道要逃過這樣的日子到底有多久。 我最怕的是，該不該終止一切。  這種想法讓我感到不堪重負。,這樣,O,O,O,O,O,O,36
916,我想問自己：為什麼會這樣？為什麼還是這樣？ 這種感覺，像是一種絕望感，無法逃離。 每天我都感受到這種絕望感，只是不知道要逃過這樣的日子到底有多久。 我最怕的是，該不該終止一切。  這種想法讓我感到不堪重負。,的,O,O,O,O,O,O,37
916,我想問自己：為什麼會這樣？為什麼還是這樣？ 這種感覺，像是一種絕望感，無法逃離。 每天我都感受到這種絕望感，只是不知道要逃過這樣的日子到底有多久。 我最怕的是，該不該終止一切。  這種想法讓我感到不堪重負。,日子,O,O,O,O,O,O,38
916,我想問自己：為什麼會這樣？為什麼還是這樣？ 這種感覺，像是一種絕望感，無法逃離。 每天我都感受到這種絕望感，只是不知道要逃過這樣的日子到底有多久。 我最怕的是，該不該終止一切。  這種想法讓我感到不堪重負。,到底,O,O,O,O,O,O,39
916,我想問自己：為什麼會這樣？為什麼還是這樣？ 這種感覺，像是一種絕望感，無法逃離。 每天我都感受到這種絕望感，只是不知道要逃過這樣的日子到底有多久。 我最怕的是，該不該終止一切。  這種想法讓我感到不堪重負。,有,O,O,O,O,O,O,40
916,我想問自己：為什麼會這樣？為什麼還是這樣？ 這種感覺，像是一種絕望感，無法逃離。 每天我都感受到這種絕望感，只是不知道要逃過這樣的日子到底有多久。 我最怕的是，該不該終止一切。  這種想法讓我感到不堪重負。,多久,O,O,O,O,O,O,41
916,我想問自己：為什麼會這樣？為什麼還是這樣？ 這種感覺，像是一種絕望感，無法逃離。 每天我都感受到這種絕望感，只是不知道要逃過這樣的日子到底有多久。 我最怕的是，該不該終止一切。  這種想法讓我感到不堪重負。,。,O,O,O,O,O,O,42
916,我想問自己：為什麼會這樣？為什麼還是這樣？ 這種感覺，像是一種絕望感，無法逃離。 每天我都感受到這種絕望感，只是不知道要逃過這樣的日子到底有多久。 我最怕的是，該不該終止一切。  這種想法讓我感到不堪重負。,我,O,O,O,O,O,O,43
916,我想問自己：為什麼會這樣？為什麼還是這樣？ 這種感覺，像是一種絕望感，無法逃離。 每天我都感受到這種絕望感，只是不知道要逃過這樣的日子到底有多久。 我最怕的是，該不該終止一切。  這種想法讓我感到不堪重負。,最,O,O,O,O,O,O,44
916,我想問自己：為什麼會這樣？為什麼還是這樣？ 這種感覺，像是一種絕望感，無法逃離。 每天我都感受到這種絕望感，只是不知道要逃過這樣的日子到底有多久。 我最怕的是，該不該終止一切。  這種想法讓我感到不堪重負。,怕,O,O,O,O,O,O,45
916,我想問自己：為什麼會這樣？為什麼還是這樣？ 這種感覺，像是一種絕望感，無法逃離。 每天我都感受到這種絕望感，只是不知道要逃過這樣的日子到底有多久。 我最怕的是，該不該終止一切。  這種想法讓我感到不堪重負。,的,O,O,O,O,O,O,46
916,我想問自己：為什麼會這樣？為什麼還是這樣？ 這種感覺，像是一種絕望感，無法逃離。 每天我都感受到這種絕望感，只是不知道要逃過這樣的日子到底有多久。 我最怕的是，該不該終止一切。  這種想法讓我感到不堪重負。,是,O,O,O,O,O,O,47
916,我想問自己：為什麼會這樣？為什麼還是這樣？ 這種感覺，像是一種絕望感，無法逃離。 每天我都感受到這種絕望感，只是不知道要逃過這樣的日子到底有多久。 我最怕的是，該不該終止一切。  這種想法讓我感到不堪重負。,，,O,O,O,O,O,O,48
916,我想問自己：為什麼會這樣？為什麼還是這樣？ 這種感覺，像是一種絕望感，無法逃離。 每天我都感受到這種絕望感，只是不知道要逃過這樣的日子到底有多久。 我最怕的是，該不該終止一切。  這種想法讓我感到不堪重負。,該,O,O,O,O,O,O,49
916,我想問自己：為什麼會這樣？為什麼還是這樣？ 這種感覺，像是一種絕望感，無法逃離。 每天我都感受到這種絕望感，只是不知道要逃過這樣的日子到底有多久。 我最怕的是，該不該終止一切。  這種想法讓我感到不堪重負。,不,O,O,O,O,O,O,50
916,我想問自己：為什麼會這樣？為什麼還是這樣？ 這種感覺，像是一種絕望感，無法逃離。 每天我都感受到這種絕望感，只是不知道要逃過這樣的日子到底有多久。 我最怕的是，該不該終止一切。  這種想法讓我感到不堪重負。,該,O,O,O,O,O,O,51
916,我想問自己：為什麼會這樣？為什麼還是這樣？ 這種感覺，像是一種絕望感，無法逃離。 每天我都感受到這種絕望感，只是不知道要逃過這樣的日子到底有多久。 我最怕的是，該不該終止一切。  這種想法讓我感到不堪重負。,終止,B-U,O,O,O,O,O,52
916,我想問自己：為什麼會這樣？為什麼還是這樣？ 這種感覺，像是一種絕望感，無法逃離。 每天我都感受到這種絕望感，只是不知道要逃過這樣的日子到底有多久。 我最怕的是，該不該終止一切。  這種想法讓我感到不堪重負。,一切,E-U,O,O,O,O,O,53
916,我想問自己：為什麼會這樣？為什麼還是這樣？ 這種感覺，像是一種絕望感，無法逃離。 每天我都感受到這種絕望感，只是不知道要逃過這樣的日子到底有多久。 我最怕的是，該不該終止一切。  這種想法讓我感到不堪重負。,。,O,O,O,O,O,O,54
916,我想問自己：為什麼會這樣？為什麼還是這樣？ 這種感覺，像是一種絕望感，無法逃離。 每天我都感受到這種絕望感，只是不知道要逃過這樣的日子到底有多久。 我最怕的是，該不該終止一切。  這種想法讓我感到不堪重負。,這種,O,O,O,O,O,O,55
916,我想問自己：為什麼會這樣？為什麼還是這樣？ 這種感覺，像是一種絕望感，無法逃離。 每天我都感受到這種絕望感，只是不知道要逃過這樣的日子到底有多久。 我最怕的是，該不該終止一切。  這種想法讓我感到不堪重負。,想法,O,O,O,O,O,O,56
916,我想問自己：為什麼會這樣？為什麼還是這樣？ 這種感覺，像是一種絕望感，無法逃離。 每天我都感受到這種絕望感，只是不知道要逃過這樣的日子到底有多久。 我最怕的是，該不該終止一切。  這種想法讓我感到不堪重負。,讓,O,O,O,O,O,O,57
916,我想問自己：為什麼會這樣？為什麼還是這樣？ 這種感覺，像是一種絕望感，無法逃離。 每天我都感受到這種絕望感，只是不知道要逃過這樣的日子到底有多久。 我最怕的是，該不該終止一切。  這種想法讓我感到不堪重負。,我,O,O,O,O,O,O,58
916,我想問自己：為什麼會這樣？為什麼還是這樣？ 這種感覺，像是一種絕望感，無法逃離。 每天我都感受到這種絕望感，只是不知道要逃過這樣的日子到底有多久。 我最怕的是，該不該終止一切。  這種想法讓我感到不堪重負。,感到,O,O,S-W,S-W,S-W,S-W,59
916,我想問自己：為什麼會這樣？為什麼還是這樣？ 這種感覺，像是一種絕望感，無法逃離。 每天我都感受到這種絕望感，只是不知道要逃過這樣的日子到底有多久。 我最怕的是，該不該終止一切。  這種想法讓我感到不堪重負。,不堪重負,O,S-W,O,O,O,O,60
916,我想問自己：為什麼會這樣？為什麼還是這樣？ 這種感覺，像是一種絕望感，無法逃離。 每天我都感受到這種絕望感，只是不知道要逃過這樣的日子到底有多久。 我最怕的是，該不該終止一切。  這種想法讓我感到不堪重負。,。,O,O,缺失預測,缺失預測,缺失預測,缺失預測,61
917,我們又這樣度過著日子，只不過每天都像在待在一個黑暗的房間裡。我知道，我知道，我只是在表面上扮演一個角色，假裝一切都沒事。但是，還是有一點點我都被忽略了。,我們,O,O,O,O,O,O,1
917,我們又這樣度過著日子，只不過每天都像在待在一個黑暗的房間裡。我知道，我知道，我只是在表面上扮演一個角色，假裝一切都沒事。但是，還是有一點點我都被忽略了。,又,O,O,O,O,O,O,2
917,我們又這樣度過著日子，只不過每天都像在待在一個黑暗的房間裡。我知道，我知道，我只是在表面上扮演一個角色，假裝一切都沒事。但是，還是有一點點我都被忽略了。,這樣,O,O,O,O,O,O,3
917,我們又這樣度過著日子，只不過每天都像在待在一個黑暗的房間裡。我知道，我知道，我只是在表面上扮演一個角色，假裝一切都沒事。但是，還是有一點點我都被忽略了。,度過,O,O,O,O,O,O,4
917,我們又這樣度過著日子，只不過每天都像在待在一個黑暗的房間裡。我知道，我知道，我只是在表面上扮演一個角色，假裝一切都沒事。但是，還是有一點點我都被忽略了。,著,O,O,O,O,O,O,5
917,我們又這樣度過著日子，只不過每天都像在待在一個黑暗的房間裡。我知道，我知道，我只是在表面上扮演一個角色，假裝一切都沒事。但是，還是有一點點我都被忽略了。,日子,O,O,O,O,O,O,6
917,我們又這樣度過著日子，只不過每天都像在待在一個黑暗的房間裡。我知道，我知道，我只是在表面上扮演一個角色，假裝一切都沒事。但是，還是有一點點我都被忽略了。,，,O,O,O,O,O,O,7
917,我們又這樣度過著日子，只不過每天都像在待在一個黑暗的房間裡。我知道，我知道，我只是在表面上扮演一個角色，假裝一切都沒事。但是，還是有一點點我都被忽略了。,只,O,O,O,O,O,O,8
917,我們又這樣度過著日子，只不過每天都像在待在一個黑暗的房間裡。我知道，我知道，我只是在表面上扮演一個角色，假裝一切都沒事。但是，還是有一點點我都被忽略了。,不過,O,O,O,O,O,O,9
917,我們又這樣度過著日子，只不過每天都像在待在一個黑暗的房間裡。我知道，我知道，我只是在表面上扮演一個角色，假裝一切都沒事。但是，還是有一點點我都被忽略了。,每天,O,O,O,O,O,O,10
917,我們又這樣度過著日子，只不過每天都像在待在一個黑暗的房間裡。我知道，我知道，我只是在表面上扮演一個角色，假裝一切都沒事。但是，還是有一點點我都被忽略了。,都,O,O,O,O,O,O,11
917,我們又這樣度過著日子，只不過每天都像在待在一個黑暗的房間裡。我知道，我知道，我只是在表面上扮演一個角色，假裝一切都沒事。但是，還是有一點點我都被忽略了。,像,O,O,O,O,O,O,12
917,我們又這樣度過著日子，只不過每天都像在待在一個黑暗的房間裡。我知道，我知道，我只是在表面上扮演一個角色，假裝一切都沒事。但是，還是有一點點我都被忽略了。,在,O,O,O,O,O,O,13
917,我們又這樣度過著日子，只不過每天都像在待在一個黑暗的房間裡。我知道，我知道，我只是在表面上扮演一個角色，假裝一切都沒事。但是，還是有一點點我都被忽略了。,待,O,O,O,O,O,O,14
917,我們又這樣度過著日子，只不過每天都像在待在一個黑暗的房間裡。我知道，我知道，我只是在表面上扮演一個角色，假裝一切都沒事。但是，還是有一點點我都被忽略了。,在,O,O,O,O,O,O,15
917,我們又這樣度過著日子，只不過每天都像在待在一個黑暗的房間裡。我知道，我知道，我只是在表面上扮演一個角色，假裝一切都沒事。但是，還是有一點點我都被忽略了。,一個,O,O,O,O,O,O,16
917,我們又這樣度過著日子，只不過每天都像在待在一個黑暗的房間裡。我知道，我知道，我只是在表面上扮演一個角色，假裝一切都沒事。但是，還是有一點點我都被忽略了。,黑暗,S-D,S-D,S-D,S-D,S-D,S-D,17
917,我們又這樣度過著日子，只不過每天都像在待在一個黑暗的房間裡。我知道，我知道，我只是在表面上扮演一個角色，假裝一切都沒事。但是，還是有一點點我都被忽略了。,的,O,O,O,O,O,O,18
917,我們又這樣度過著日子，只不過每天都像在待在一個黑暗的房間裡。我知道，我知道，我只是在表面上扮演一個角色，假裝一切都沒事。但是，還是有一點點我都被忽略了。,房間,O,O,O,O,O,O,19
917,我們又這樣度過著日子，只不過每天都像在待在一個黑暗的房間裡。我知道，我知道，我只是在表面上扮演一個角色，假裝一切都沒事。但是，還是有一點點我都被忽略了。,裡,O,O,O,O,O,O,20
917,我們又這樣度過著日子，只不過每天都像在待在一個黑暗的房間裡。我知道，我知道，我只是在表面上扮演一個角色，假裝一切都沒事。但是，還是有一點點我都被忽略了。,。,O,O,O,O,O,O,21
917,我們又這樣度過著日子，只不過每天都像在待在一個黑暗的房間裡。我知道，我知道，我只是在表面上扮演一個角色，假裝一切都沒事。但是，還是有一點點我都被忽略了。,我,O,O,O,O,O,O,22
917,我們又這樣度過著日子，只不過每天都像在待在一個黑暗的房間裡。我知道，我知道，我只是在表面上扮演一個角色，假裝一切都沒事。但是，還是有一點點我都被忽略了。,知道,O,O,O,O,O,O,23
917,我們又這樣度過著日子，只不過每天都像在待在一個黑暗的房間裡。我知道，我知道，我只是在表面上扮演一個角色，假裝一切都沒事。但是，還是有一點點我都被忽略了。,，,O,O,O,O,O,O,24
917,我們又這樣度過著日子，只不過每天都像在待在一個黑暗的房間裡。我知道，我知道，我只是在表面上扮演一個角色，假裝一切都沒事。但是，還是有一點點我都被忽略了。,我,O,O,O,O,O,O,25
917,我們又這樣度過著日子，只不過每天都像在待在一個黑暗的房間裡。我知道，我知道，我只是在表面上扮演一個角色，假裝一切都沒事。但是，還是有一點點我都被忽略了。,知道,O,O,O,O,O,O,26
917,我們又這樣度過著日子，只不過每天都像在待在一個黑暗的房間裡。我知道，我知道，我只是在表面上扮演一個角色，假裝一切都沒事。但是，還是有一點點我都被忽略了。,，,O,O,O,O,O,O,27
917,我們又這樣度過著日子，只不過每天都像在待在一個黑暗的房間裡。我知道，我知道，我只是在表面上扮演一個角色，假裝一切都沒事。但是，還是有一點點我都被忽略了。,我,O,O,O,O,O,O,28
917,我們又這樣度過著日子，只不過每天都像在待在一個黑暗的房間裡。我知道，我知道，我只是在表面上扮演一個角色，假裝一切都沒事。但是，還是有一點點我都被忽略了。,只,O,O,O,O,O,O,29
917,我們又這樣度過著日子，只不過每天都像在待在一個黑暗的房間裡。我知道，我知道，我只是在表面上扮演一個角色，假裝一切都沒事。但是，還是有一點點我都被忽略了。,是在,O,O,O,O,O,O,30
917,我們又這樣度過著日子，只不過每天都像在待在一個黑暗的房間裡。我知道，我知道，我只是在表面上扮演一個角色，假裝一切都沒事。但是，還是有一點點我都被忽略了。,表面,O,O,O,O,O,O,31
917,我們又這樣度過著日子，只不過每天都像在待在一個黑暗的房間裡。我知道，我知道，我只是在表面上扮演一個角色，假裝一切都沒事。但是，還是有一點點我都被忽略了。,上,O,O,O,O,O,O,32
917,我們又這樣度過著日子，只不過每天都像在待在一個黑暗的房間裡。我知道，我知道，我只是在表面上扮演一個角色，假裝一切都沒事。但是，還是有一點點我都被忽略了。,扮演,O,O,O,O,O,O,33
917,我們又這樣度過著日子，只不過每天都像在待在一個黑暗的房間裡。我知道，我知道，我只是在表面上扮演一個角色，假裝一切都沒事。但是，還是有一點點我都被忽略了。,一個,O,O,O,O,O,O,34
917,我們又這樣度過著日子，只不過每天都像在待在一個黑暗的房間裡。我知道，我知道，我只是在表面上扮演一個角色，假裝一切都沒事。但是，還是有一點點我都被忽略了。,角色,O,O,O,O,O,O,35
917,我們又這樣度過著日子，只不過每天都像在待在一個黑暗的房間裡。我知道，我知道，我只是在表面上扮演一個角色，假裝一切都沒事。但是，還是有一點點我都被忽略了。,，,O,O,O,O,O,O,36
917,我們又這樣度過著日子，只不過每天都像在待在一個黑暗的房間裡。我知道，我知道，我只是在表面上扮演一個角色，假裝一切都沒事。但是，還是有一點點我都被忽略了。,假裝,O,O,O,O,O,O,37
917,我們又這樣度過著日子，只不過每天都像在待在一個黑暗的房間裡。我知道，我知道，我只是在表面上扮演一個角色，假裝一切都沒事。但是，還是有一點點我都被忽略了。,一切,O,O,O,O,O,O,38
917,我們又這樣度過著日子，只不過每天都像在待在一個黑暗的房間裡。我知道，我知道，我只是在表面上扮演一個角色，假裝一切都沒事。但是，還是有一點點我都被忽略了。,都,O,O,O,O,O,O,39
917,我們又這樣度過著日子，只不過每天都像在待在一個黑暗的房間裡。我知道，我知道，我只是在表面上扮演一個角色，假裝一切都沒事。但是，還是有一點點我都被忽略了。,沒事,O,O,O,O,O,O,40
917,我們又這樣度過著日子，只不過每天都像在待在一個黑暗的房間裡。我知道，我知道，我只是在表面上扮演一個角色，假裝一切都沒事。但是，還是有一點點我都被忽略了。,。,O,O,O,O,O,O,41
917,我們又這樣度過著日子，只不過每天都像在待在一個黑暗的房間裡。我知道，我知道，我只是在表面上扮演一個角色，假裝一切都沒事。但是，還是有一點點我都被忽略了。,但是,O,O,O,O,O,O,42
917,我們又這樣度過著日子，只不過每天都像在待在一個黑暗的房間裡。我知道，我知道，我只是在表面上扮演一個角色，假裝一切都沒事。但是，還是有一點點我都被忽略了。,，,O,O,O,O,O,O,43
917,我們又這樣度過著日子，只不過每天都像在待在一個黑暗的房間裡。我知道，我知道，我只是在表面上扮演一個角色，假裝一切都沒事。但是，還是有一點點我都被忽略了。,還是,O,O,O,O,O,O,44
917,我們又這樣度過著日子，只不過每天都像在待在一個黑暗的房間裡。我知道，我知道，我只是在表面上扮演一個角色，假裝一切都沒事。但是，還是有一點點我都被忽略了。,有,O,O,O,O,O,O,45
917,我們又這樣度過著日子，只不過每天都像在待在一個黑暗的房間裡。我知道，我知道，我只是在表面上扮演一個角色，假裝一切都沒事。但是，還是有一點點我都被忽略了。,一點點,O,O,O,O,O,O,46
917,我們又這樣度過著日子，只不過每天都像在待在一個黑暗的房間裡。我知道，我知道，我只是在表面上扮演一個角色，假裝一切都沒事。但是，還是有一點點我都被忽略了。,我,O,O,O,O,O,O,47
917,我們又這樣度過著日子，只不過每天都像在待在一個黑暗的房間裡。我知道，我知道，我只是在表面上扮演一個角色，假裝一切都沒事。但是，還是有一點點我都被忽略了。,都,O,O,O,O,O,O,48
917,我們又這樣度過著日子，只不過每天都像在待在一個黑暗的房間裡。我知道，我知道，我只是在表面上扮演一個角色，假裝一切都沒事。但是，還是有一點點我都被忽略了。,被,O,O,O,O,O,O,49
917,我們又這樣度過著日子，只不過每天都像在待在一個黑暗的房間裡。我知道，我知道，我只是在表面上扮演一個角色，假裝一切都沒事。但是，還是有一點點我都被忽略了。,忽略,S-W,S-W,S-W,S-W,S-W,S-W,50
917,我們又這樣度過著日子，只不過每天都像在待在一個黑暗的房間裡。我知道，我知道，我只是在表面上扮演一個角色，假裝一切都沒事。但是，還是有一點點我都被忽略了。,了,O,O,O,O,O,O,51
917,我們又這樣度過著日子，只不過每天都像在待在一個黑暗的房間裡。我知道，我知道，我只是在表面上扮演一個角色，假裝一切都沒事。但是，還是有一點點我都被忽略了。,。,O,O,O,O,O,O,52
918,不想活了；每天都是一場無助的戰鬥，我們真的想結束一切 ️️,不想活了,S-U,S-U,O,O,O,O,1
918,不想活了；每天都是一場無助的戰鬥，我們真的想結束一切 ️️,；,O,O,O,O,O,O,2
918,不想活了；每天都是一場無助的戰鬥，我們真的想結束一切 ️️,每天,O,O,O,O,O,O,3
918,不想活了；每天都是一場無助的戰鬥，我們真的想結束一切 ️️,都,O,O,O,O,O,O,4
918,不想活了；每天都是一場無助的戰鬥，我們真的想結束一切 ️️,是,O,O,O,O,O,O,5
918,不想活了；每天都是一場無助的戰鬥，我們真的想結束一切 ️️,一場,O,O,O,O,O,O,6
918,不想活了；每天都是一場無助的戰鬥，我們真的想結束一切 ️️,無助,S-D,S-D,O,O,O,O,7
918,不想活了；每天都是一場無助的戰鬥，我們真的想結束一切 ️️,的,O,O,O,O,O,O,8
918,不想活了；每天都是一場無助的戰鬥，我們真的想結束一切 ️️,戰鬥,O,O,S-D,S-D,S-D,S-D,9
918,不想活了；每天都是一場無助的戰鬥，我們真的想結束一切 ️️,，,O,O,O,O,O,O,10
918,不想活了；每天都是一場無助的戰鬥，我們真的想結束一切 ️️,我們,O,O,S-D,S-D,S-D,S-D,11
918,不想活了；每天都是一場無助的戰鬥，我們真的想結束一切 ️️,真的,O,O,O,O,O,O,12
918,不想活了；每天都是一場無助的戰鬥，我們真的想結束一切 ️️,想,O,O,O,O,O,O,13
918,不想活了；每天都是一場無助的戰鬥，我們真的想結束一切 ️️,結束,B-U,B-U,O,O,O,O,14
918,不想活了；每天都是一場無助的戰鬥，我們真的想結束一切 ️️,一切,E-U,E-U,O,O,O,O,15
918,不想活了；每天都是一場無助的戰鬥，我們真的想結束一切 ️️,️️,O,O,O,O,O,O,16
919,我一天到來總是覺得自己在游走在人生中的沙塵里，總是被無數問題的呼喚而無法靜止。人生中，我總是缺乏一個方向，總是讓自己感到如同無頭羊。在家里，情緒也無法穩定，我常常被我家人的關切困擾。 我曾經的自己，似乎很自責，覺得自己很差,我,O,O,O,O,O,O,1
919,我一天到來總是覺得自己在游走在人生中的沙塵里，總是被無數問題的呼喚而無法靜止。人生中，我總是缺乏一個方向，總是讓自己感到如同無頭羊。在家里，情緒也無法穩定，我常常被我家人的關切困擾。 我曾經的自己，似乎很自責，覺得自己很差,一天,O,O,O,O,O,O,2
919,我一天到來總是覺得自己在游走在人生中的沙塵里，總是被無數問題的呼喚而無法靜止。人生中，我總是缺乏一個方向，總是讓自己感到如同無頭羊。在家里，情緒也無法穩定，我常常被我家人的關切困擾。 我曾經的自己，似乎很自責，覺得自己很差,到來,O,O,O,O,O,O,3
919,我一天到來總是覺得自己在游走在人生中的沙塵里，總是被無數問題的呼喚而無法靜止。人生中，我總是缺乏一個方向，總是讓自己感到如同無頭羊。在家里，情緒也無法穩定，我常常被我家人的關切困擾。 我曾經的自己，似乎很自責，覺得自己很差,總是,O,O,O,O,O,O,4
919,我一天到來總是覺得自己在游走在人生中的沙塵里，總是被無數問題的呼喚而無法靜止。人生中，我總是缺乏一個方向，總是讓自己感到如同無頭羊。在家里，情緒也無法穩定，我常常被我家人的關切困擾。 我曾經的自己，似乎很自責，覺得自己很差,覺得,O,O,O,O,O,O,5
919,我一天到來總是覺得自己在游走在人生中的沙塵里，總是被無數問題的呼喚而無法靜止。人生中，我總是缺乏一個方向，總是讓自己感到如同無頭羊。在家里，情緒也無法穩定，我常常被我家人的關切困擾。 我曾經的自己，似乎很自責，覺得自己很差,自己,O,O,O,O,O,O,6
919,我一天到來總是覺得自己在游走在人生中的沙塵里，總是被無數問題的呼喚而無法靜止。人生中，我總是缺乏一個方向，總是讓自己感到如同無頭羊。在家里，情緒也無法穩定，我常常被我家人的關切困擾。 我曾經的自己，似乎很自責，覺得自己很差,在,O,O,O,O,O,O,7
919,我一天到來總是覺得自己在游走在人生中的沙塵里，總是被無數問題的呼喚而無法靜止。人生中，我總是缺乏一個方向，總是讓自己感到如同無頭羊。在家里，情緒也無法穩定，我常常被我家人的關切困擾。 我曾經的自己，似乎很自責，覺得自己很差,游走,O,O,O,O,O,O,8
919,我一天到來總是覺得自己在游走在人生中的沙塵里，總是被無數問題的呼喚而無法靜止。人生中，我總是缺乏一個方向，總是讓自己感到如同無頭羊。在家里，情緒也無法穩定，我常常被我家人的關切困擾。 我曾經的自己，似乎很自責，覺得自己很差,在,O,O,O,O,O,O,9
919,我一天到來總是覺得自己在游走在人生中的沙塵里，總是被無數問題的呼喚而無法靜止。人生中，我總是缺乏一個方向，總是讓自己感到如同無頭羊。在家里，情緒也無法穩定，我常常被我家人的關切困擾。 我曾經的自己，似乎很自責，覺得自己很差,人生,O,O,O,O,O,O,10
919,我一天到來總是覺得自己在游走在人生中的沙塵里，總是被無數問題的呼喚而無法靜止。人生中，我總是缺乏一個方向，總是讓自己感到如同無頭羊。在家里，情緒也無法穩定，我常常被我家人的關切困擾。 我曾經的自己，似乎很自責，覺得自己很差,中,O,O,O,O,O,O,11
919,我一天到來總是覺得自己在游走在人生中的沙塵里，總是被無數問題的呼喚而無法靜止。人生中，我總是缺乏一個方向，總是讓自己感到如同無頭羊。在家里，情緒也無法穩定，我常常被我家人的關切困擾。 我曾經的自己，似乎很自責，覺得自己很差,的,O,O,O,O,O,O,12
919,我一天到來總是覺得自己在游走在人生中的沙塵里，總是被無數問題的呼喚而無法靜止。人生中，我總是缺乏一個方向，總是讓自己感到如同無頭羊。在家里，情緒也無法穩定，我常常被我家人的關切困擾。 我曾經的自己，似乎很自責，覺得自己很差,沙塵,O,O,O,O,O,O,13
919,我一天到來總是覺得自己在游走在人生中的沙塵里，總是被無數問題的呼喚而無法靜止。人生中，我總是缺乏一個方向，總是讓自己感到如同無頭羊。在家里，情緒也無法穩定，我常常被我家人的關切困擾。 我曾經的自己，似乎很自責，覺得自己很差,里,O,O,O,O,O,O,14
919,我一天到來總是覺得自己在游走在人生中的沙塵里，總是被無數問題的呼喚而無法靜止。人生中，我總是缺乏一個方向，總是讓自己感到如同無頭羊。在家里，情緒也無法穩定，我常常被我家人的關切困擾。 我曾經的自己，似乎很自責，覺得自己很差,，,O,O,O,O,O,O,15
919,我一天到來總是覺得自己在游走在人生中的沙塵里，總是被無數問題的呼喚而無法靜止。人生中，我總是缺乏一個方向，總是讓自己感到如同無頭羊。在家里，情緒也無法穩定，我常常被我家人的關切困擾。 我曾經的自己，似乎很自責，覺得自己很差,總是,O,O,O,O,O,O,16
919,我一天到來總是覺得自己在游走在人生中的沙塵里，總是被無數問題的呼喚而無法靜止。人生中，我總是缺乏一個方向，總是讓自己感到如同無頭羊。在家里，情緒也無法穩定，我常常被我家人的關切困擾。 我曾經的自己，似乎很自責，覺得自己很差,被,O,O,O,O,O,O,17
919,我一天到來總是覺得自己在游走在人生中的沙塵里，總是被無數問題的呼喚而無法靜止。人生中，我總是缺乏一個方向，總是讓自己感到如同無頭羊。在家里，情緒也無法穩定，我常常被我家人的關切困擾。 我曾經的自己，似乎很自責，覺得自己很差,無數,O,O,O,O,O,O,18
919,我一天到來總是覺得自己在游走在人生中的沙塵里，總是被無數問題的呼喚而無法靜止。人生中，我總是缺乏一個方向，總是讓自己感到如同無頭羊。在家里，情緒也無法穩定，我常常被我家人的關切困擾。 我曾經的自己，似乎很自責，覺得自己很差,問題,O,O,O,O,O,O,19
919,我一天到來總是覺得自己在游走在人生中的沙塵里，總是被無數問題的呼喚而無法靜止。人生中，我總是缺乏一個方向，總是讓自己感到如同無頭羊。在家里，情緒也無法穩定，我常常被我家人的關切困擾。 我曾經的自己，似乎很自責，覺得自己很差,的,O,O,O,O,O,O,20
919,我一天到來總是覺得自己在游走在人生中的沙塵里，總是被無數問題的呼喚而無法靜止。人生中，我總是缺乏一個方向，總是讓自己感到如同無頭羊。在家里，情緒也無法穩定，我常常被我家人的關切困擾。 我曾經的自己，似乎很自責，覺得自己很差,呼喚,O,O,O,O,O,O,21
919,我一天到來總是覺得自己在游走在人生中的沙塵里，總是被無數問題的呼喚而無法靜止。人生中，我總是缺乏一個方向，總是讓自己感到如同無頭羊。在家里，情緒也無法穩定，我常常被我家人的關切困擾。 我曾經的自己，似乎很自責，覺得自己很差,而,O,O,O,O,O,O,22
919,我一天到來總是覺得自己在游走在人生中的沙塵里，總是被無數問題的呼喚而無法靜止。人生中，我總是缺乏一個方向，總是讓自己感到如同無頭羊。在家里，情緒也無法穩定，我常常被我家人的關切困擾。 我曾經的自己，似乎很自責，覺得自己很差,無法,O,B-D,O,B-D,B-D,B-D,23
919,我一天到來總是覺得自己在游走在人生中的沙塵里，總是被無數問題的呼喚而無法靜止。人生中，我總是缺乏一個方向，總是讓自己感到如同無頭羊。在家里，情緒也無法穩定，我常常被我家人的關切困擾。 我曾經的自己，似乎很自責，覺得自己很差,靜止,O,E-D,B-D,E-D,E-D,E-D,24
919,我一天到來總是覺得自己在游走在人生中的沙塵里，總是被無數問題的呼喚而無法靜止。人生中，我總是缺乏一個方向，總是讓自己感到如同無頭羊。在家里，情緒也無法穩定，我常常被我家人的關切困擾。 我曾經的自己，似乎很自責，覺得自己很差,。,O,O,E-D,O,O,O,25
919,我一天到來總是覺得自己在游走在人生中的沙塵里，總是被無數問題的呼喚而無法靜止。人生中，我總是缺乏一個方向，總是讓自己感到如同無頭羊。在家里，情緒也無法穩定，我常常被我家人的關切困擾。 我曾經的自己，似乎很自責，覺得自己很差,人生,O,O,O,O,O,O,26
919,我一天到來總是覺得自己在游走在人生中的沙塵里，總是被無數問題的呼喚而無法靜止。人生中，我總是缺乏一個方向，總是讓自己感到如同無頭羊。在家里，情緒也無法穩定，我常常被我家人的關切困擾。 我曾經的自己，似乎很自責，覺得自己很差,中,O,O,O,O,O,O,27
919,我一天到來總是覺得自己在游走在人生中的沙塵里，總是被無數問題的呼喚而無法靜止。人生中，我總是缺乏一個方向，總是讓自己感到如同無頭羊。在家里，情緒也無法穩定，我常常被我家人的關切困擾。 我曾經的自己，似乎很自責，覺得自己很差,，,O,O,O,O,O,O,28
919,我一天到來總是覺得自己在游走在人生中的沙塵里，總是被無數問題的呼喚而無法靜止。人生中，我總是缺乏一個方向，總是讓自己感到如同無頭羊。在家里，情緒也無法穩定，我常常被我家人的關切困擾。 我曾經的自己，似乎很自責，覺得自己很差,我,O,O,O,O,O,O,29
919,我一天到來總是覺得自己在游走在人生中的沙塵里，總是被無數問題的呼喚而無法靜止。人生中，我總是缺乏一個方向，總是讓自己感到如同無頭羊。在家里，情緒也無法穩定，我常常被我家人的關切困擾。 我曾經的自己，似乎很自責，覺得自己很差,總是,O,O,O,O,O,O,30
919,我一天到來總是覺得自己在游走在人生中的沙塵里，總是被無數問題的呼喚而無法靜止。人生中，我總是缺乏一個方向，總是讓自己感到如同無頭羊。在家里，情緒也無法穩定，我常常被我家人的關切困擾。 我曾經的自己，似乎很自責，覺得自己很差,缺乏,O,O,O,B-W,B-W,O,31
919,我一天到來總是覺得自己在游走在人生中的沙塵里，總是被無數問題的呼喚而無法靜止。人生中，我總是缺乏一個方向，總是讓自己感到如同無頭羊。在家里，情緒也無法穩定，我常常被我家人的關切困擾。 我曾經的自己，似乎很自責，覺得自己很差,一個,O,O,O,M-W,M-W,O,32
919,我一天到來總是覺得自己在游走在人生中的沙塵里，總是被無數問題的呼喚而無法靜止。人生中，我總是缺乏一個方向，總是讓自己感到如同無頭羊。在家里，情緒也無法穩定，我常常被我家人的關切困擾。 我曾經的自己，似乎很自責，覺得自己很差,方向,O,O,O,E-W,E-W,O,33
919,我一天到來總是覺得自己在游走在人生中的沙塵里，總是被無數問題的呼喚而無法靜止。人生中，我總是缺乏一個方向，總是讓自己感到如同無頭羊。在家里，情緒也無法穩定，我常常被我家人的關切困擾。 我曾經的自己，似乎很自責，覺得自己很差,，,O,O,O,O,O,O,34
919,我一天到來總是覺得自己在游走在人生中的沙塵里，總是被無數問題的呼喚而無法靜止。人生中，我總是缺乏一個方向，總是讓自己感到如同無頭羊。在家里，情緒也無法穩定，我常常被我家人的關切困擾。 我曾經的自己，似乎很自責，覺得自己很差,總是,O,O,O,O,O,O,35
919,我一天到來總是覺得自己在游走在人生中的沙塵里，總是被無數問題的呼喚而無法靜止。人生中，我總是缺乏一個方向，總是讓自己感到如同無頭羊。在家里，情緒也無法穩定，我常常被我家人的關切困擾。 我曾經的自己，似乎很自責，覺得自己很差,讓,O,O,O,O,O,O,36
919,我一天到來總是覺得自己在游走在人生中的沙塵里，總是被無數問題的呼喚而無法靜止。人生中，我總是缺乏一個方向，總是讓自己感到如同無頭羊。在家里，情緒也無法穩定，我常常被我家人的關切困擾。 我曾經的自己，似乎很自責，覺得自己很差,自己,O,O,O,O,O,O,37
919,我一天到來總是覺得自己在游走在人生中的沙塵里，總是被無數問題的呼喚而無法靜止。人生中，我總是缺乏一個方向，總是讓自己感到如同無頭羊。在家里，情緒也無法穩定，我常常被我家人的關切困擾。 我曾經的自己，似乎很自責，覺得自己很差,感到,O,O,O,O,O,O,38
919,我一天到來總是覺得自己在游走在人生中的沙塵里，總是被無數問題的呼喚而無法靜止。人生中，我總是缺乏一個方向，總是讓自己感到如同無頭羊。在家里，情緒也無法穩定，我常常被我家人的關切困擾。 我曾經的自己，似乎很自責，覺得自己很差,如同,O,O,O,O,O,O,39
919,我一天到來總是覺得自己在游走在人生中的沙塵里，總是被無數問題的呼喚而無法靜止。人生中，我總是缺乏一個方向，總是讓自己感到如同無頭羊。在家里，情緒也無法穩定，我常常被我家人的關切困擾。 我曾經的自己，似乎很自責，覺得自己很差,無頭羊,O,S-D,O,S-W,S-W,S-D,40
919,我一天到來總是覺得自己在游走在人生中的沙塵里，總是被無數問題的呼喚而無法靜止。人生中，我總是缺乏一個方向，總是讓自己感到如同無頭羊。在家里，情緒也無法穩定，我常常被我家人的關切困擾。 我曾經的自己，似乎很自責，覺得自己很差,。,O,O,S-D,O,O,O,41
919,我一天到來總是覺得自己在游走在人生中的沙塵里，總是被無數問題的呼喚而無法靜止。人生中，我總是缺乏一個方向，總是讓自己感到如同無頭羊。在家里，情緒也無法穩定，我常常被我家人的關切困擾。 我曾經的自己，似乎很自責，覺得自己很差,在,O,O,O,O,O,O,42
919,我一天到來總是覺得自己在游走在人生中的沙塵里，總是被無數問題的呼喚而無法靜止。人生中，我總是缺乏一個方向，總是讓自己感到如同無頭羊。在家里，情緒也無法穩定，我常常被我家人的關切困擾。 我曾經的自己，似乎很自責，覺得自己很差,家里,O,O,O,O,O,O,43
919,我一天到來總是覺得自己在游走在人生中的沙塵里，總是被無數問題的呼喚而無法靜止。人生中，我總是缺乏一個方向，總是讓自己感到如同無頭羊。在家里，情緒也無法穩定，我常常被我家人的關切困擾。 我曾經的自己，似乎很自責，覺得自己很差,，,O,O,O,O,O,O,44
919,我一天到來總是覺得自己在游走在人生中的沙塵里，總是被無數問題的呼喚而無法靜止。人生中，我總是缺乏一個方向，總是讓自己感到如同無頭羊。在家里，情緒也無法穩定，我常常被我家人的關切困擾。 我曾經的自己，似乎很自責，覺得自己很差,情緒,O,O,O,O,O,O,45
919,我一天到來總是覺得自己在游走在人生中的沙塵里，總是被無數問題的呼喚而無法靜止。人生中，我總是缺乏一個方向，總是讓自己感到如同無頭羊。在家里，情緒也無法穩定，我常常被我家人的關切困擾。 我曾經的自己，似乎很自責，覺得自己很差,也,O,O,O,O,O,O,46
919,我一天到來總是覺得自己在游走在人生中的沙塵里，總是被無數問題的呼喚而無法靜止。人生中，我總是缺乏一個方向，總是讓自己感到如同無頭羊。在家里，情緒也無法穩定，我常常被我家人的關切困擾。 我曾經的自己，似乎很自責，覺得自己很差,無法,O,O,O,B-D,B-D,O,47
919,我一天到來總是覺得自己在游走在人生中的沙塵里，總是被無數問題的呼喚而無法靜止。人生中，我總是缺乏一個方向，總是讓自己感到如同無頭羊。在家里，情緒也無法穩定，我常常被我家人的關切困擾。 我曾經的自己，似乎很自責，覺得自己很差,穩定,O,O,O,E-D,E-D,O,48
919,我一天到來總是覺得自己在游走在人生中的沙塵里，總是被無數問題的呼喚而無法靜止。人生中，我總是缺乏一個方向，總是讓自己感到如同無頭羊。在家里，情緒也無法穩定，我常常被我家人的關切困擾。 我曾經的自己，似乎很自責，覺得自己很差,，,O,O,O,O,O,O,49
919,我一天到來總是覺得自己在游走在人生中的沙塵里，總是被無數問題的呼喚而無法靜止。人生中，我總是缺乏一個方向，總是讓自己感到如同無頭羊。在家里，情緒也無法穩定，我常常被我家人的關切困擾。 我曾經的自己，似乎很自責，覺得自己很差,我,O,O,O,O,O,O,50
919,我一天到來總是覺得自己在游走在人生中的沙塵里，總是被無數問題的呼喚而無法靜止。人生中，我總是缺乏一個方向，總是讓自己感到如同無頭羊。在家里，情緒也無法穩定，我常常被我家人的關切困擾。 我曾經的自己，似乎很自責，覺得自己很差,常常,O,O,O,O,O,O,51
919,我一天到來總是覺得自己在游走在人生中的沙塵里，總是被無數問題的呼喚而無法靜止。人生中，我總是缺乏一個方向，總是讓自己感到如同無頭羊。在家里，情緒也無法穩定，我常常被我家人的關切困擾。 我曾經的自己，似乎很自責，覺得自己很差,被,O,O,O,O,O,O,52
919,我一天到來總是覺得自己在游走在人生中的沙塵里，總是被無數問題的呼喚而無法靜止。人生中，我總是缺乏一個方向，總是讓自己感到如同無頭羊。在家里，情緒也無法穩定，我常常被我家人的關切困擾。 我曾經的自己，似乎很自責，覺得自己很差,我,O,O,O,O,O,O,53
919,我一天到來總是覺得自己在游走在人生中的沙塵里，總是被無數問題的呼喚而無法靜止。人生中，我總是缺乏一個方向，總是讓自己感到如同無頭羊。在家里，情緒也無法穩定，我常常被我家人的關切困擾。 我曾經的自己，似乎很自責，覺得自己很差,家人,O,O,O,O,O,O,54
919,我一天到來總是覺得自己在游走在人生中的沙塵里，總是被無數問題的呼喚而無法靜止。人生中，我總是缺乏一個方向，總是讓自己感到如同無頭羊。在家里，情緒也無法穩定，我常常被我家人的關切困擾。 我曾經的自己，似乎很自責，覺得自己很差,的,O,O,O,O,O,O,55
919,我一天到來總是覺得自己在游走在人生中的沙塵里，總是被無數問題的呼喚而無法靜止。人生中，我總是缺乏一個方向，總是讓自己感到如同無頭羊。在家里，情緒也無法穩定，我常常被我家人的關切困擾。 我曾經的自己，似乎很自責，覺得自己很差,關切,O,O,O,O,O,O,56
919,我一天到來總是覺得自己在游走在人生中的沙塵里，總是被無數問題的呼喚而無法靜止。人生中，我總是缺乏一個方向，總是讓自己感到如同無頭羊。在家里，情緒也無法穩定，我常常被我家人的關切困擾。 我曾經的自己，似乎很自責，覺得自己很差,困擾,S-D,S-W,O,S-W,S-W,S-W,57
919,我一天到來總是覺得自己在游走在人生中的沙塵里，總是被無數問題的呼喚而無法靜止。人生中，我總是缺乏一個方向，總是讓自己感到如同無頭羊。在家里，情緒也無法穩定，我常常被我家人的關切困擾。 我曾經的自己，似乎很自責，覺得自己很差,。,O,O,S-W,O,O,O,58
919,我一天到來總是覺得自己在游走在人生中的沙塵里，總是被無數問題的呼喚而無法靜止。人生中，我總是缺乏一個方向，總是讓自己感到如同無頭羊。在家里，情緒也無法穩定，我常常被我家人的關切困擾。 我曾經的自己，似乎很自責，覺得自己很差,我,O,O,O,O,O,O,59
919,我一天到來總是覺得自己在游走在人生中的沙塵里，總是被無數問題的呼喚而無法靜止。人生中，我總是缺乏一個方向，總是讓自己感到如同無頭羊。在家里，情緒也無法穩定，我常常被我家人的關切困擾。 我曾經的自己，似乎很自責，覺得自己很差,曾經,O,O,O,O,O,O,60
919,我一天到來總是覺得自己在游走在人生中的沙塵里，總是被無數問題的呼喚而無法靜止。人生中，我總是缺乏一個方向，總是讓自己感到如同無頭羊。在家里，情緒也無法穩定，我常常被我家人的關切困擾。 我曾經的自己，似乎很自責，覺得自己很差,的,O,O,O,O,O,O,61
919,我一天到來總是覺得自己在游走在人生中的沙塵里，總是被無數問題的呼喚而無法靜止。人生中，我總是缺乏一個方向，總是讓自己感到如同無頭羊。在家里，情緒也無法穩定，我常常被我家人的關切困擾。 我曾經的自己，似乎很自責，覺得自己很差,自己,O,O,O,O,O,O,62
919,我一天到來總是覺得自己在游走在人生中的沙塵里，總是被無數問題的呼喚而無法靜止。人生中，我總是缺乏一個方向，總是讓自己感到如同無頭羊。在家里，情緒也無法穩定，我常常被我家人的關切困擾。 我曾經的自己，似乎很自責，覺得自己很差,，,O,O,O,O,O,O,63
919,我一天到來總是覺得自己在游走在人生中的沙塵里，總是被無數問題的呼喚而無法靜止。人生中，我總是缺乏一個方向，總是讓自己感到如同無頭羊。在家里，情緒也無法穩定，我常常被我家人的關切困擾。 我曾經的自己，似乎很自責，覺得自己很差,似乎,O,O,O,O,O,O,64
919,我一天到來總是覺得自己在游走在人生中的沙塵里，總是被無數問題的呼喚而無法靜止。人生中，我總是缺乏一個方向，總是讓自己感到如同無頭羊。在家里，情緒也無法穩定，我常常被我家人的關切困擾。 我曾經的自己，似乎很自責，覺得自己很差,很,O,O,O,O,O,O,65
919,我一天到來總是覺得自己在游走在人生中的沙塵里，總是被無數問題的呼喚而無法靜止。人生中，我總是缺乏一個方向，總是讓自己感到如同無頭羊。在家里，情緒也無法穩定，我常常被我家人的關切困擾。 我曾經的自己，似乎很自責，覺得自己很差,自責,S-W,S-W,O,S-W,S-W,S-W,66
919,我一天到來總是覺得自己在游走在人生中的沙塵里，總是被無數問題的呼喚而無法靜止。人生中，我總是缺乏一個方向，總是讓自己感到如同無頭羊。在家里，情緒也無法穩定，我常常被我家人的關切困擾。 我曾經的自己，似乎很自責，覺得自己很差,，,O,O,S-W,O,O,O,67
919,我一天到來總是覺得自己在游走在人生中的沙塵里，總是被無數問題的呼喚而無法靜止。人生中，我總是缺乏一個方向，總是讓自己感到如同無頭羊。在家里，情緒也無法穩定，我常常被我家人的關切困擾。 我曾經的自己，似乎很自責，覺得自己很差,覺得,O,O,O,O,O,O,68
919,我一天到來總是覺得自己在游走在人生中的沙塵里，總是被無數問題的呼喚而無法靜止。人生中，我總是缺乏一個方向，總是讓自己感到如同無頭羊。在家里，情緒也無法穩定，我常常被我家人的關切困擾。 我曾經的自己，似乎很自責，覺得自己很差,自己,O,O,O,O,O,O,69
919,我一天到來總是覺得自己在游走在人生中的沙塵里，總是被無數問題的呼喚而無法靜止。人生中，我總是缺乏一個方向，總是讓自己感到如同無頭羊。在家里，情緒也無法穩定，我常常被我家人的關切困擾。 我曾經的自己，似乎很自責，覺得自己很差,很,O,O,O,O,O,O,70
919,我一天到來總是覺得自己在游走在人生中的沙塵里，總是被無數問題的呼喚而無法靜止。人生中，我總是缺乏一個方向，總是讓自己感到如同無頭羊。在家里，情緒也無法穩定，我常常被我家人的關切困擾。 我曾經的自己，似乎很自責，覺得自己很差,差,S-W,S-W,O,S-W,S-W,S-W,71
919,我一天到來總是覺得自己在游走在人生中的沙塵里，總是被無數問題的呼喚而無法靜止。人生中，我總是缺乏一個方向，總是讓自己感到如同無頭羊。在家里，情緒也無法穩定，我常常被我家人的關切困擾。 我曾經的自己，似乎很自責，覺得自己很差,。,O,O,S-W,O,O,O,72
920,因為最近的學期開始，我突然發現自己已經完全失去興趣了 從以前的自己變成了只知道打開書包並點開電腦的機器，大家不停的都說我很有天分，但我只是覺得每天又是學習  到底為什麼我現在這樣,因為,O,O,O,O,O,O,1
920,因為最近的學期開始，我突然發現自己已經完全失去興趣了 從以前的自己變成了只知道打開書包並點開電腦的機器，大家不停的都說我很有天分，但我只是覺得每天又是學習  到底為什麼我現在這樣,最近,O,O,O,O,O,O,2
920,因為最近的學期開始，我突然發現自己已經完全失去興趣了 從以前的自己變成了只知道打開書包並點開電腦的機器，大家不停的都說我很有天分，但我只是覺得每天又是學習  到底為什麼我現在這樣,的,O,O,O,O,O,O,3
920,因為最近的學期開始，我突然發現自己已經完全失去興趣了 從以前的自己變成了只知道打開書包並點開電腦的機器，大家不停的都說我很有天分，但我只是覺得每天又是學習  到底為什麼我現在這樣,學期,O,O,O,O,O,O,4
920,因為最近的學期開始，我突然發現自己已經完全失去興趣了 從以前的自己變成了只知道打開書包並點開電腦的機器，大家不停的都說我很有天分，但我只是覺得每天又是學習  到底為什麼我現在這樣,開始,O,O,O,O,O,O,5
920,因為最近的學期開始，我突然發現自己已經完全失去興趣了 從以前的自己變成了只知道打開書包並點開電腦的機器，大家不停的都說我很有天分，但我只是覺得每天又是學習  到底為什麼我現在這樣,，,O,O,O,O,O,O,6
920,因為最近的學期開始，我突然發現自己已經完全失去興趣了 從以前的自己變成了只知道打開書包並點開電腦的機器，大家不停的都說我很有天分，但我只是覺得每天又是學習  到底為什麼我現在這樣,我,O,O,O,O,O,O,7
920,因為最近的學期開始，我突然發現自己已經完全失去興趣了 從以前的自己變成了只知道打開書包並點開電腦的機器，大家不停的都說我很有天分，但我只是覺得每天又是學習  到底為什麼我現在這樣,突然,O,O,O,O,O,O,8
920,因為最近的學期開始，我突然發現自己已經完全失去興趣了 從以前的自己變成了只知道打開書包並點開電腦的機器，大家不停的都說我很有天分，但我只是覺得每天又是學習  到底為什麼我現在這樣,發現,O,O,O,O,O,O,9
920,因為最近的學期開始，我突然發現自己已經完全失去興趣了 從以前的自己變成了只知道打開書包並點開電腦的機器，大家不停的都說我很有天分，但我只是覺得每天又是學習  到底為什麼我現在這樣,自己,O,O,O,O,O,O,10
920,因為最近的學期開始，我突然發現自己已經完全失去興趣了 從以前的自己變成了只知道打開書包並點開電腦的機器，大家不停的都說我很有天分，但我只是覺得每天又是學習  到底為什麼我現在這樣,已經,O,O,O,O,O,O,11
920,因為最近的學期開始，我突然發現自己已經完全失去興趣了 從以前的自己變成了只知道打開書包並點開電腦的機器，大家不停的都說我很有天分，但我只是覺得每天又是學習  到底為什麼我現在這樣,完全,O,O,O,O,O,O,12
920,因為最近的學期開始，我突然發現自己已經完全失去興趣了 從以前的自己變成了只知道打開書包並點開電腦的機器，大家不停的都說我很有天分，但我只是覺得每天又是學習  到底為什麼我現在這樣,失去,B-A,B-A,B-A,B-A,B-A,B-A,13
920,因為最近的學期開始，我突然發現自己已經完全失去興趣了 從以前的自己變成了只知道打開書包並點開電腦的機器，大家不停的都說我很有天分，但我只是覺得每天又是學習  到底為什麼我現在這樣,興趣,E-A,E-A,E-A,E-A,E-A,E-A,14
920,因為最近的學期開始，我突然發現自己已經完全失去興趣了 從以前的自己變成了只知道打開書包並點開電腦的機器，大家不停的都說我很有天分，但我只是覺得每天又是學習  到底為什麼我現在這樣,了,O,O,O,O,O,O,15
920,因為最近的學期開始，我突然發現自己已經完全失去興趣了 從以前的自己變成了只知道打開書包並點開電腦的機器，大家不停的都說我很有天分，但我只是覺得每天又是學習  到底為什麼我現在這樣,從,O,O,O,O,O,O,16
920,因為最近的學期開始，我突然發現自己已經完全失去興趣了 從以前的自己變成了只知道打開書包並點開電腦的機器，大家不停的都說我很有天分，但我只是覺得每天又是學習  到底為什麼我現在這樣,以前,O,O,O,O,O,O,17
920,因為最近的學期開始，我突然發現自己已經完全失去興趣了 從以前的自己變成了只知道打開書包並點開電腦的機器，大家不停的都說我很有天分，但我只是覺得每天又是學習  到底為什麼我現在這樣,的,O,O,O,O,O,O,18
920,因為最近的學期開始，我突然發現自己已經完全失去興趣了 從以前的自己變成了只知道打開書包並點開電腦的機器，大家不停的都說我很有天分，但我只是覺得每天又是學習  到底為什麼我現在這樣,自己,O,O,O,O,O,O,19
920,因為最近的學期開始，我突然發現自己已經完全失去興趣了 從以前的自己變成了只知道打開書包並點開電腦的機器，大家不停的都說我很有天分，但我只是覺得每天又是學習  到底為什麼我現在這樣,變成,O,O,O,O,O,O,20
920,因為最近的學期開始，我突然發現自己已經完全失去興趣了 從以前的自己變成了只知道打開書包並點開電腦的機器，大家不停的都說我很有天分，但我只是覺得每天又是學習  到底為什麼我現在這樣,了,O,O,O,O,O,O,21
920,因為最近的學期開始，我突然發現自己已經完全失去興趣了 從以前的自己變成了只知道打開書包並點開電腦的機器，大家不停的都說我很有天分，但我只是覺得每天又是學習  到底為什麼我現在這樣,只,O,O,O,O,O,O,22
920,因為最近的學期開始，我突然發現自己已經完全失去興趣了 從以前的自己變成了只知道打開書包並點開電腦的機器，大家不停的都說我很有天分，但我只是覺得每天又是學習  到底為什麼我現在這樣,知道,O,O,O,O,O,O,23
920,因為最近的學期開始，我突然發現自己已經完全失去興趣了 從以前的自己變成了只知道打開書包並點開電腦的機器，大家不停的都說我很有天分，但我只是覺得每天又是學習  到底為什麼我現在這樣,打開,O,O,O,O,O,O,24
920,因為最近的學期開始，我突然發現自己已經完全失去興趣了 從以前的自己變成了只知道打開書包並點開電腦的機器，大家不停的都說我很有天分，但我只是覺得每天又是學習  到底為什麼我現在這樣,書包,O,O,O,O,O,O,25
920,因為最近的學期開始，我突然發現自己已經完全失去興趣了 從以前的自己變成了只知道打開書包並點開電腦的機器，大家不停的都說我很有天分，但我只是覺得每天又是學習  到底為什麼我現在這樣,並,O,O,O,O,O,O,26
920,因為最近的學期開始，我突然發現自己已經完全失去興趣了 從以前的自己變成了只知道打開書包並點開電腦的機器，大家不停的都說我很有天分，但我只是覺得每天又是學習  到底為什麼我現在這樣,點開,O,O,O,O,O,O,27
920,因為最近的學期開始，我突然發現自己已經完全失去興趣了 從以前的自己變成了只知道打開書包並點開電腦的機器，大家不停的都說我很有天分，但我只是覺得每天又是學習  到底為什麼我現在這樣,電腦,O,O,O,O,O,O,28
920,因為最近的學期開始，我突然發現自己已經完全失去興趣了 從以前的自己變成了只知道打開書包並點開電腦的機器，大家不停的都說我很有天分，但我只是覺得每天又是學習  到底為什麼我現在這樣,的,O,O,O,O,O,O,29
920,因為最近的學期開始，我突然發現自己已經完全失去興趣了 從以前的自己變成了只知道打開書包並點開電腦的機器，大家不停的都說我很有天分，但我只是覺得每天又是學習  到底為什麼我現在這樣,機器,O,O,O,O,O,O,30
920,因為最近的學期開始，我突然發現自己已經完全失去興趣了 從以前的自己變成了只知道打開書包並點開電腦的機器，大家不停的都說我很有天分，但我只是覺得每天又是學習  到底為什麼我現在這樣,，,O,O,O,O,O,O,31
920,因為最近的學期開始，我突然發現自己已經完全失去興趣了 從以前的自己變成了只知道打開書包並點開電腦的機器，大家不停的都說我很有天分，但我只是覺得每天又是學習  到底為什麼我現在這樣,大家,O,O,O,O,O,O,32
920,因為最近的學期開始，我突然發現自己已經完全失去興趣了 從以前的自己變成了只知道打開書包並點開電腦的機器，大家不停的都說我很有天分，但我只是覺得每天又是學習  到底為什麼我現在這樣,不停,O,O,O,O,O,O,33
920,因為最近的學期開始，我突然發現自己已經完全失去興趣了 從以前的自己變成了只知道打開書包並點開電腦的機器，大家不停的都說我很有天分，但我只是覺得每天又是學習  到底為什麼我現在這樣,的,O,O,O,O,O,O,34
920,因為最近的學期開始，我突然發現自己已經完全失去興趣了 從以前的自己變成了只知道打開書包並點開電腦的機器，大家不停的都說我很有天分，但我只是覺得每天又是學習  到底為什麼我現在這樣,都,O,O,O,O,O,O,35
920,因為最近的學期開始，我突然發現自己已經完全失去興趣了 從以前的自己變成了只知道打開書包並點開電腦的機器，大家不停的都說我很有天分，但我只是覺得每天又是學習  到底為什麼我現在這樣,說,O,O,O,O,O,O,36
920,因為最近的學期開始，我突然發現自己已經完全失去興趣了 從以前的自己變成了只知道打開書包並點開電腦的機器，大家不停的都說我很有天分，但我只是覺得每天又是學習  到底為什麼我現在這樣,我,O,O,O,O,O,O,37
920,因為最近的學期開始，我突然發現自己已經完全失去興趣了 從以前的自己變成了只知道打開書包並點開電腦的機器，大家不停的都說我很有天分，但我只是覺得每天又是學習  到底為什麼我現在這樣,很,O,O,O,O,O,O,38
920,因為最近的學期開始，我突然發現自己已經完全失去興趣了 從以前的自己變成了只知道打開書包並點開電腦的機器，大家不停的都說我很有天分，但我只是覺得每天又是學習  到底為什麼我現在這樣,有,O,O,O,O,O,O,39
920,因為最近的學期開始，我突然發現自己已經完全失去興趣了 從以前的自己變成了只知道打開書包並點開電腦的機器，大家不停的都說我很有天分，但我只是覺得每天又是學習  到底為什麼我現在這樣,天分,O,O,O,O,O,O,40
920,因為最近的學期開始，我突然發現自己已經完全失去興趣了 從以前的自己變成了只知道打開書包並點開電腦的機器，大家不停的都說我很有天分，但我只是覺得每天又是學習  到底為什麼我現在這樣,，,O,O,O,O,O,O,41
920,因為最近的學期開始，我突然發現自己已經完全失去興趣了 從以前的自己變成了只知道打開書包並點開電腦的機器，大家不停的都說我很有天分，但我只是覺得每天又是學習  到底為什麼我現在這樣,但,O,O,O,O,O,O,42
920,因為最近的學期開始，我突然發現自己已經完全失去興趣了 從以前的自己變成了只知道打開書包並點開電腦的機器，大家不停的都說我很有天分，但我只是覺得每天又是學習  到底為什麼我現在這樣,我,O,O,O,O,O,O,43
920,因為最近的學期開始，我突然發現自己已經完全失去興趣了 從以前的自己變成了只知道打開書包並點開電腦的機器，大家不停的都說我很有天分，但我只是覺得每天又是學習  到底為什麼我現在這樣,只是,O,O,O,O,O,O,44
920,因為最近的學期開始，我突然發現自己已經完全失去興趣了 從以前的自己變成了只知道打開書包並點開電腦的機器，大家不停的都說我很有天分，但我只是覺得每天又是學習  到底為什麼我現在這樣,覺得,O,O,O,O,O,O,45
920,因為最近的學期開始，我突然發現自己已經完全失去興趣了 從以前的自己變成了只知道打開書包並點開電腦的機器，大家不停的都說我很有天分，但我只是覺得每天又是學習  到底為什麼我現在這樣,每天,O,O,O,O,O,O,46
920,因為最近的學期開始，我突然發現自己已經完全失去興趣了 從以前的自己變成了只知道打開書包並點開電腦的機器，大家不停的都說我很有天分，但我只是覺得每天又是學習  到底為什麼我現在這樣,又,O,O,O,O,O,O,47
920,因為最近的學期開始，我突然發現自己已經完全失去興趣了 從以前的自己變成了只知道打開書包並點開電腦的機器，大家不停的都說我很有天分，但我只是覺得每天又是學習  到底為什麼我現在這樣,是,O,O,O,O,O,O,48
920,因為最近的學期開始，我突然發現自己已經完全失去興趣了 從以前的自己變成了只知道打開書包並點開電腦的機器，大家不停的都說我很有天分，但我只是覺得每天又是學習  到底為什麼我現在這樣,學習,O,O,O,O,O,O,49
920,因為最近的學期開始，我突然發現自己已經完全失去興趣了 從以前的自己變成了只知道打開書包並點開電腦的機器，大家不停的都說我很有天分，但我只是覺得每天又是學習  到底為什麼我現在這樣,到底,O,O,O,O,O,O,50
920,因為最近的學期開始，我突然發現自己已經完全失去興趣了 從以前的自己變成了只知道打開書包並點開電腦的機器，大家不停的都說我很有天分，但我只是覺得每天又是學習  到底為什麼我現在這樣,為什麼,O,O,O,O,O,O,51
920,因為最近的學期開始，我突然發現自己已經完全失去興趣了 從以前的自己變成了只知道打開書包並點開電腦的機器，大家不停的都說我很有天分，但我只是覺得每天又是學習  到底為什麼我現在這樣,我,O,O,O,O,O,O,52
920,因為最近的學期開始，我突然發現自己已經完全失去興趣了 從以前的自己變成了只知道打開書包並點開電腦的機器，大家不停的都說我很有天分，但我只是覺得每天又是學習  到底為什麼我現在這樣,現在,O,O,O,O,O,O,53
920,因為最近的學期開始，我突然發現自己已經完全失去興趣了 從以前的自己變成了只知道打開書包並點開電腦的機器，大家不停的都說我很有天分，但我只是覺得每天又是學習  到底為什麼我現在這樣,這樣,O,O,O,O,O,O,54
920,因為最近的學期開始，我突然發現自己已經完全失去興趣了 從以前的自己變成了只知道打開書包並點開電腦的機器，大家不停的都說我很有天分，但我只是覺得每天又是學習  到底為什麼我現在這樣,。,O,O,O,O,缺失預測,缺失預測,55
921,每天一早醒來，都會有這種感覺。自己的身體，似乎無法撐過第一個大步。步伐慢，步伐艱難。身體無力，無法完成日常工作，整天都心滿肚不少的自責。 我覺得自己是個很差勁的人，犯錯太多，罪惡感到極度。  每天晚上，自己都會睡不著，為,每天,O,O,O,O,O,O,1
921,每天一早醒來，都會有這種感覺。自己的身體，似乎無法撐過第一個大步。步伐慢，步伐艱難。身體無力，無法完成日常工作，整天都心滿肚不少的自責。 我覺得自己是個很差勁的人，犯錯太多，罪惡感到極度。  每天晚上，自己都會睡不著，為,一,O,O,O,O,O,O,2
921,每天一早醒來，都會有這種感覺。自己的身體，似乎無法撐過第一個大步。步伐慢，步伐艱難。身體無力，無法完成日常工作，整天都心滿肚不少的自責。 我覺得自己是個很差勁的人，犯錯太多，罪惡感到極度。  每天晚上，自己都會睡不著，為,早,O,O,O,O,O,O,3
921,每天一早醒來，都會有這種感覺。自己的身體，似乎無法撐過第一個大步。步伐慢，步伐艱難。身體無力，無法完成日常工作，整天都心滿肚不少的自責。 我覺得自己是個很差勁的人，犯錯太多，罪惡感到極度。  每天晚上，自己都會睡不著，為,醒來,O,O,O,O,O,O,4
921,每天一早醒來，都會有這種感覺。自己的身體，似乎無法撐過第一個大步。步伐慢，步伐艱難。身體無力，無法完成日常工作，整天都心滿肚不少的自責。 我覺得自己是個很差勁的人，犯錯太多，罪惡感到極度。  每天晚上，自己都會睡不著，為,，,O,O,O,O,O,O,5
921,每天一早醒來，都會有這種感覺。自己的身體，似乎無法撐過第一個大步。步伐慢，步伐艱難。身體無力，無法完成日常工作，整天都心滿肚不少的自責。 我覺得自己是個很差勁的人，犯錯太多，罪惡感到極度。  每天晚上，自己都會睡不著，為,都,O,O,O,O,O,O,6
921,每天一早醒來，都會有這種感覺。自己的身體，似乎無法撐過第一個大步。步伐慢，步伐艱難。身體無力，無法完成日常工作，整天都心滿肚不少的自責。 我覺得自己是個很差勁的人，犯錯太多，罪惡感到極度。  每天晚上，自己都會睡不著，為,會,O,O,O,O,O,O,7
921,每天一早醒來，都會有這種感覺。自己的身體，似乎無法撐過第一個大步。步伐慢，步伐艱難。身體無力，無法完成日常工作，整天都心滿肚不少的自責。 我覺得自己是個很差勁的人，犯錯太多，罪惡感到極度。  每天晚上，自己都會睡不著，為,有,O,O,O,O,O,O,8
921,每天一早醒來，都會有這種感覺。自己的身體，似乎無法撐過第一個大步。步伐慢，步伐艱難。身體無力，無法完成日常工作，整天都心滿肚不少的自責。 我覺得自己是個很差勁的人，犯錯太多，罪惡感到極度。  每天晚上，自己都會睡不著，為,這種,O,O,O,O,O,O,9
921,每天一早醒來，都會有這種感覺。自己的身體，似乎無法撐過第一個大步。步伐慢，步伐艱難。身體無力，無法完成日常工作，整天都心滿肚不少的自責。 我覺得自己是個很差勁的人，犯錯太多，罪惡感到極度。  每天晚上，自己都會睡不著，為,感覺,O,O,O,O,O,O,10
921,每天一早醒來，都會有這種感覺。自己的身體，似乎無法撐過第一個大步。步伐慢，步伐艱難。身體無力，無法完成日常工作，整天都心滿肚不少的自責。 我覺得自己是個很差勁的人，犯錯太多，罪惡感到極度。  每天晚上，自己都會睡不著，為,。,O,O,O,O,O,O,11
921,每天一早醒來，都會有這種感覺。自己的身體，似乎無法撐過第一個大步。步伐慢，步伐艱難。身體無力，無法完成日常工作，整天都心滿肚不少的自責。 我覺得自己是個很差勁的人，犯錯太多，罪惡感到極度。  每天晚上，自己都會睡不著，為,自己,O,O,O,O,O,O,12
921,每天一早醒來，都會有這種感覺。自己的身體，似乎無法撐過第一個大步。步伐慢，步伐艱難。身體無力，無法完成日常工作，整天都心滿肚不少的自責。 我覺得自己是個很差勁的人，犯錯太多，罪惡感到極度。  每天晚上，自己都會睡不著，為,的,O,O,O,O,O,O,13
921,每天一早醒來，都會有這種感覺。自己的身體，似乎無法撐過第一個大步。步伐慢，步伐艱難。身體無力，無法完成日常工作，整天都心滿肚不少的自責。 我覺得自己是個很差勁的人，犯錯太多，罪惡感到極度。  每天晚上，自己都會睡不著，為,身體,O,O,O,O,O,O,14
921,每天一早醒來，都會有這種感覺。自己的身體，似乎無法撐過第一個大步。步伐慢，步伐艱難。身體無力，無法完成日常工作，整天都心滿肚不少的自責。 我覺得自己是個很差勁的人，犯錯太多，罪惡感到極度。  每天晚上，自己都會睡不著，為,，,O,O,O,O,O,O,15
921,每天一早醒來，都會有這種感覺。自己的身體，似乎無法撐過第一個大步。步伐慢，步伐艱難。身體無力，無法完成日常工作，整天都心滿肚不少的自責。 我覺得自己是個很差勁的人，犯錯太多，罪惡感到極度。  每天晚上，自己都會睡不著，為,似乎,O,O,O,B-D,O,O,16
921,每天一早醒來，都會有這種感覺。自己的身體，似乎無法撐過第一個大步。步伐慢，步伐艱難。身體無力，無法完成日常工作，整天都心滿肚不少的自責。 我覺得自己是個很差勁的人，犯錯太多，罪惡感到極度。  每天晚上，自己都會睡不著，為,無法,B-D,B-D,B-W,E-D,B-D,B-W,17
921,每天一早醒來，都會有這種感覺。自己的身體，似乎無法撐過第一個大步。步伐慢，步伐艱難。身體無力，無法完成日常工作，整天都心滿肚不少的自責。 我覺得自己是個很差勁的人，犯錯太多，罪惡感到極度。  每天晚上，自己都會睡不著，為,撐,M-D,M-D,E-W,O,M-D,M-W,18
921,每天一早醒來，都會有這種感覺。自己的身體，似乎無法撐過第一個大步。步伐慢，步伐艱難。身體無力，無法完成日常工作，整天都心滿肚不少的自責。 我覺得自己是個很差勁的人，犯錯太多，罪惡感到極度。  每天晚上，自己都會睡不著，為,過,E-D,E-D,O,O,E-D,E-W,19
921,每天一早醒來，都會有這種感覺。自己的身體，似乎無法撐過第一個大步。步伐慢，步伐艱難。身體無力，無法完成日常工作，整天都心滿肚不少的自責。 我覺得自己是個很差勁的人，犯錯太多，罪惡感到極度。  每天晚上，自己都會睡不著，為,第一個,O,O,O,O,O,O,20
921,每天一早醒來，都會有這種感覺。自己的身體，似乎無法撐過第一個大步。步伐慢，步伐艱難。身體無力，無法完成日常工作，整天都心滿肚不少的自責。 我覺得自己是個很差勁的人，犯錯太多，罪惡感到極度。  每天晚上，自己都會睡不著，為,大步,O,O,O,O,O,O,21
921,每天一早醒來，都會有這種感覺。自己的身體，似乎無法撐過第一個大步。步伐慢，步伐艱難。身體無力，無法完成日常工作，整天都心滿肚不少的自責。 我覺得自己是個很差勁的人，犯錯太多，罪惡感到極度。  每天晚上，自己都會睡不著，為,。,O,O,O,O,O,O,22
921,每天一早醒來，都會有這種感覺。自己的身體，似乎無法撐過第一個大步。步伐慢，步伐艱難。身體無力，無法完成日常工作，整天都心滿肚不少的自責。 我覺得自己是個很差勁的人，犯錯太多，罪惡感到極度。  每天晚上，自己都會睡不著，為,步伐,O,O,O,O,O,O,23
921,每天一早醒來，都會有這種感覺。自己的身體，似乎無法撐過第一個大步。步伐慢，步伐艱難。身體無力，無法完成日常工作，整天都心滿肚不少的自責。 我覺得自己是個很差勁的人，犯錯太多，罪惡感到極度。  每天晚上，自己都會睡不著，為,慢,O,O,O,O,O,O,24
921,每天一早醒來，都會有這種感覺。自己的身體，似乎無法撐過第一個大步。步伐慢，步伐艱難。身體無力，無法完成日常工作，整天都心滿肚不少的自責。 我覺得自己是個很差勁的人，犯錯太多，罪惡感到極度。  每天晚上，自己都會睡不著，為,，,O,O,O,O,O,O,25
921,每天一早醒來，都會有這種感覺。自己的身體，似乎無法撐過第一個大步。步伐慢，步伐艱難。身體無力，無法完成日常工作，整天都心滿肚不少的自責。 我覺得自己是個很差勁的人，犯錯太多，罪惡感到極度。  每天晚上，自己都會睡不著，為,步伐,O,O,O,O,O,O,26
921,每天一早醒來，都會有這種感覺。自己的身體，似乎無法撐過第一個大步。步伐慢，步伐艱難。身體無力，無法完成日常工作，整天都心滿肚不少的自責。 我覺得自己是個很差勁的人，犯錯太多，罪惡感到極度。  每天晚上，自己都會睡不著，為,艱難,O,O,O,O,O,O,27
921,每天一早醒來，都會有這種感覺。自己的身體，似乎無法撐過第一個大步。步伐慢，步伐艱難。身體無力，無法完成日常工作，整天都心滿肚不少的自責。 我覺得自己是個很差勁的人，犯錯太多，罪惡感到極度。  每天晚上，自己都會睡不著，為,。,O,O,O,S-W,O,O,28
921,每天一早醒來，都會有這種感覺。自己的身體，似乎無法撐過第一個大步。步伐慢，步伐艱難。身體無力，無法完成日常工作，整天都心滿肚不少的自責。 我覺得自己是個很差勁的人，犯錯太多，罪惡感到極度。  每天晚上，自己都會睡不著，為,身體,O,O,S-W,O,O,O,29
921,每天一早醒來，都會有這種感覺。自己的身體，似乎無法撐過第一個大步。步伐慢，步伐艱難。身體無力，無法完成日常工作，整天都心滿肚不少的自責。 我覺得自己是個很差勁的人，犯錯太多，罪惡感到極度。  每天晚上，自己都會睡不著，為,無力,O,S-W,O,B-D,S-W,S-W,30
921,每天一早醒來，都會有這種感覺。自己的身體，似乎無法撐過第一個大步。步伐慢，步伐艱難。身體無力，無法完成日常工作，整天都心滿肚不少的自責。 我覺得自己是個很差勁的人，犯錯太多，罪惡感到極度。  每天晚上，自己都會睡不著，為,，,O,O,B-D,E-D,O,O,31
921,每天一早醒來，都會有這種感覺。自己的身體，似乎無法撐過第一個大步。步伐慢，步伐艱難。身體無力，無法完成日常工作，整天都心滿肚不少的自責。 我覺得自己是個很差勁的人，犯錯太多，罪惡感到極度。  每天晚上，自己都會睡不著，為,無法,B-D,B-D,E-D,O,B-D,B-D,32
921,每天一早醒來，都會有這種感覺。自己的身體，似乎無法撐過第一個大步。步伐慢，步伐艱難。身體無力，無法完成日常工作，整天都心滿肚不少的自責。 我覺得自己是個很差勁的人，犯錯太多，罪惡感到極度。  每天晚上，自己都會睡不著，為,完成,E-D,M-D,O,O,M-D,M-D,33
921,每天一早醒來，都會有這種感覺。自己的身體，似乎無法撐過第一個大步。步伐慢，步伐艱難。身體無力，無法完成日常工作，整天都心滿肚不少的自責。 我覺得自己是個很差勁的人，犯錯太多，罪惡感到極度。  每天晚上，自己都會睡不著，為,日常,O,O,O,O,O,O,34
921,每天一早醒來，都會有這種感覺。自己的身體，似乎無法撐過第一個大步。步伐慢，步伐艱難。身體無力，無法完成日常工作，整天都心滿肚不少的自責。 我覺得自己是個很差勁的人，犯錯太多，罪惡感到極度。  每天晚上，自己都會睡不著，為,工作,O,O,O,O,O,O,35
921,每天一早醒來，都會有這種感覺。自己的身體，似乎無法撐過第一個大步。步伐慢，步伐艱難。身體無力，無法完成日常工作，整天都心滿肚不少的自責。 我覺得自己是個很差勁的人，犯錯太多，罪惡感到極度。  每天晚上，自己都會睡不著，為,，,O,O,O,O,O,O,36
921,每天一早醒來，都會有這種感覺。自己的身體，似乎無法撐過第一個大步。步伐慢，步伐艱難。身體無力，無法完成日常工作，整天都心滿肚不少的自責。 我覺得自己是個很差勁的人，犯錯太多，罪惡感到極度。  每天晚上，自己都會睡不著，為,整天,O,O,O,O,O,O,37
921,每天一早醒來，都會有這種感覺。自己的身體，似乎無法撐過第一個大步。步伐慢，步伐艱難。身體無力，無法完成日常工作，整天都心滿肚不少的自責。 我覺得自己是個很差勁的人，犯錯太多，罪惡感到極度。  每天晚上，自己都會睡不著，為,都,O,O,O,O,O,O,38
921,每天一早醒來，都會有這種感覺。自己的身體，似乎無法撐過第一個大步。步伐慢，步伐艱難。身體無力，無法完成日常工作，整天都心滿肚不少的自責。 我覺得自己是個很差勁的人，犯錯太多，罪惡感到極度。  每天晚上，自己都會睡不著，為,心滿肚,O,O,O,O,O,O,39
921,每天一早醒來，都會有這種感覺。自己的身體，似乎無法撐過第一個大步。步伐慢，步伐艱難。身體無力，無法完成日常工作，整天都心滿肚不少的自責。 我覺得自己是個很差勁的人，犯錯太多，罪惡感到極度。  每天晚上，自己都會睡不著，為,不少,O,O,O,S-W,O,O,40
921,每天一早醒來，都會有這種感覺。自己的身體，似乎無法撐過第一個大步。步伐慢，步伐艱難。身體無力，無法完成日常工作，整天都心滿肚不少的自責。 我覺得自己是個很差勁的人，犯錯太多，罪惡感到極度。  每天晚上，自己都會睡不著，為,的,O,O,S-W,O,O,O,41
921,每天一早醒來，都會有這種感覺。自己的身體，似乎無法撐過第一個大步。步伐慢，步伐艱難。身體無力，無法完成日常工作，整天都心滿肚不少的自責。 我覺得自己是個很差勁的人，犯錯太多，罪惡感到極度。  每天晚上，自己都會睡不著，為,自責,S-W,S-W,O,O,S-W,S-W,42
921,每天一早醒來，都會有這種感覺。自己的身體，似乎無法撐過第一個大步。步伐慢，步伐艱難。身體無力，無法完成日常工作，整天都心滿肚不少的自責。 我覺得自己是個很差勁的人，犯錯太多，罪惡感到極度。  每天晚上，自己都會睡不著，為,。,O,O,O,O,O,O,43
921,每天一早醒來，都會有這種感覺。自己的身體，似乎無法撐過第一個大步。步伐慢，步伐艱難。身體無力，無法完成日常工作，整天都心滿肚不少的自責。 我覺得自己是個很差勁的人，犯錯太多，罪惡感到極度。  每天晚上，自己都會睡不著，為,我,O,O,O,O,O,O,44
921,每天一早醒來，都會有這種感覺。自己的身體，似乎無法撐過第一個大步。步伐慢，步伐艱難。身體無力，無法完成日常工作，整天都心滿肚不少的自責。 我覺得自己是個很差勁的人，犯錯太多，罪惡感到極度。  每天晚上，自己都會睡不著，為,覺得,O,O,O,O,O,O,45
921,每天一早醒來，都會有這種感覺。自己的身體，似乎無法撐過第一個大步。步伐慢，步伐艱難。身體無力，無法完成日常工作，整天都心滿肚不少的自責。 我覺得自己是個很差勁的人，犯錯太多，罪惡感到極度。  每天晚上，自己都會睡不著，為,自己,O,O,O,O,O,O,46
921,每天一早醒來，都會有這種感覺。自己的身體，似乎無法撐過第一個大步。步伐慢，步伐艱難。身體無力，無法完成日常工作，整天都心滿肚不少的自責。 我覺得自己是個很差勁的人，犯錯太多，罪惡感到極度。  每天晚上，自己都會睡不著，為,是,O,O,O,O,O,O,47
921,每天一早醒來，都會有這種感覺。自己的身體，似乎無法撐過第一個大步。步伐慢，步伐艱難。身體無力，無法完成日常工作，整天都心滿肚不少的自責。 我覺得自己是個很差勁的人，犯錯太多，罪惡感到極度。  每天晚上，自己都會睡不著，為,個,O,O,O,S-W,O,O,48
921,每天一早醒來，都會有這種感覺。自己的身體，似乎無法撐過第一個大步。步伐慢，步伐艱難。身體無力，無法完成日常工作，整天都心滿肚不少的自責。 我覺得自己是個很差勁的人，犯錯太多，罪惡感到極度。  每天晚上，自己都會睡不著，為,很,O,O,S-W,O,O,O,49
921,每天一早醒來，都會有這種感覺。自己的身體，似乎無法撐過第一個大步。步伐慢，步伐艱難。身體無力，無法完成日常工作，整天都心滿肚不少的自責。 我覺得自己是個很差勁的人，犯錯太多，罪惡感到極度。  每天晚上，自己都會睡不著，為,差勁,S-W,S-W,O,O,S-W,S-W,50
921,每天一早醒來，都會有這種感覺。自己的身體，似乎無法撐過第一個大步。步伐慢，步伐艱難。身體無力，無法完成日常工作，整天都心滿肚不少的自責。 我覺得自己是個很差勁的人，犯錯太多，罪惡感到極度。  每天晚上，自己都會睡不著，為,的人,O,O,O,O,O,O,51
921,每天一早醒來，都會有這種感覺。自己的身體，似乎無法撐過第一個大步。步伐慢，步伐艱難。身體無力，無法完成日常工作，整天都心滿肚不少的自責。 我覺得自己是個很差勁的人，犯錯太多，罪惡感到極度。  每天晚上，自己都會睡不著，為,，,O,O,O,O,O,O,52
921,每天一早醒來，都會有這種感覺。自己的身體，似乎無法撐過第一個大步。步伐慢，步伐艱難。身體無力，無法完成日常工作，整天都心滿肚不少的自責。 我覺得自己是個很差勁的人，犯錯太多，罪惡感到極度。  每天晚上，自己都會睡不著，為,犯錯,O,O,O,O,O,O,53
921,每天一早醒來，都會有這種感覺。自己的身體，似乎無法撐過第一個大步。步伐慢，步伐艱難。身體無力，無法完成日常工作，整天都心滿肚不少的自責。 我覺得自己是個很差勁的人，犯錯太多，罪惡感到極度。  每天晚上，自己都會睡不著，為,太,O,O,O,O,O,O,54
921,每天一早醒來，都會有這種感覺。自己的身體，似乎無法撐過第一個大步。步伐慢，步伐艱難。身體無力，無法完成日常工作，整天都心滿肚不少的自責。 我覺得自己是個很差勁的人，犯錯太多，罪惡感到極度。  每天晚上，自己都會睡不著，為,多,O,O,O,O,O,O,55
921,每天一早醒來，都會有這種感覺。自己的身體，似乎無法撐過第一個大步。步伐慢，步伐艱難。身體無力，無法完成日常工作，整天都心滿肚不少的自責。 我覺得自己是個很差勁的人，犯錯太多，罪惡感到極度。  每天晚上，自己都會睡不著，為,，,O,O,O,S-W,O,O,56
921,每天一早醒來，都會有這種感覺。自己的身體，似乎無法撐過第一個大步。步伐慢，步伐艱難。身體無力，無法完成日常工作，整天都心滿肚不少的自責。 我覺得自己是個很差勁的人，犯錯太多，罪惡感到極度。  每天晚上，自己都會睡不著，為,罪惡感,O,O,O,O,O,O,57
921,每天一早醒來，都會有這種感覺。自己的身體，似乎無法撐過第一個大步。步伐慢，步伐艱難。身體無力，無法完成日常工作，整天都心滿肚不少的自責。 我覺得自己是個很差勁的人，犯錯太多，罪惡感到極度。  每天晚上，自己都會睡不著，為,到,O,O,S-W,O,O,O,58
921,每天一早醒來，都會有這種感覺。自己的身體，似乎無法撐過第一個大步。步伐慢，步伐艱難。身體無力，無法完成日常工作，整天都心滿肚不少的自責。 我覺得自己是個很差勁的人，犯錯太多，罪惡感到極度。  每天晚上，自己都會睡不著，為,極度,O,S-W,O,O,S-W,S-W,59
921,每天一早醒來，都會有這種感覺。自己的身體，似乎無法撐過第一個大步。步伐慢，步伐艱難。身體無力，無法完成日常工作，整天都心滿肚不少的自責。 我覺得自己是個很差勁的人，犯錯太多，罪惡感到極度。  每天晚上，自己都會睡不著，為,。,O,O,O,O,O,O,60
921,每天一早醒來，都會有這種感覺。自己的身體，似乎無法撐過第一個大步。步伐慢，步伐艱難。身體無力，無法完成日常工作，整天都心滿肚不少的自責。 我覺得自己是個很差勁的人，犯錯太多，罪惡感到極度。  每天晚上，自己都會睡不著，為,每天,O,O,O,O,O,O,61
921,每天一早醒來，都會有這種感覺。自己的身體，似乎無法撐過第一個大步。步伐慢，步伐艱難。身體無力，無法完成日常工作，整天都心滿肚不少的自責。 我覺得自己是個很差勁的人，犯錯太多，罪惡感到極度。  每天晚上，自己都會睡不著，為,晚上,O,O,O,O,O,O,62
921,每天一早醒來，都會有這種感覺。自己的身體，似乎無法撐過第一個大步。步伐慢，步伐艱難。身體無力，無法完成日常工作，整天都心滿肚不少的自責。 我覺得自己是個很差勁的人，犯錯太多，罪惡感到極度。  每天晚上，自己都會睡不著，為,，,O,O,O,O,O,O,63
921,每天一早醒來，都會有這種感覺。自己的身體，似乎無法撐過第一個大步。步伐慢，步伐艱難。身體無力，無法完成日常工作，整天都心滿肚不少的自責。 我覺得自己是個很差勁的人，犯錯太多，罪惡感到極度。  每天晚上，自己都會睡不著，為,自己,O,O,O,S-U,O,O,64
921,每天一早醒來，都會有這種感覺。自己的身體，似乎無法撐過第一個大步。步伐慢，步伐艱難。身體無力，無法完成日常工作，整天都心滿肚不少的自責。 我覺得自己是個很差勁的人，犯錯太多，罪惡感到極度。  每天晚上，自己都會睡不著，為,都,O,O,O,O,O,O,65
921,每天一早醒來，都會有這種感覺。自己的身體，似乎無法撐過第一個大步。步伐慢，步伐艱難。身體無力，無法完成日常工作，整天都心滿肚不少的自責。 我覺得自己是個很差勁的人，犯錯太多，罪惡感到極度。  每天晚上，自己都會睡不著，為,會,O,O,S-U,O,O,O,66
921,每天一早醒來，都會有這種感覺。自己的身體，似乎無法撐過第一個大步。步伐慢，步伐艱難。身體無力，無法完成日常工作，整天都心滿肚不少的自責。 我覺得自己是個很差勁的人，犯錯太多，罪惡感到極度。  每天晚上，自己都會睡不著，為,睡不著,S-D,O,O,缺失預測,O,S-U,67
921,每天一早醒來，都會有這種感覺。自己的身體，似乎無法撐過第一個大步。步伐慢，步伐艱難。身體無力，無法完成日常工作，整天都心滿肚不少的自責。 我覺得自己是個很差勁的人，犯錯太多，罪惡感到極度。  每天晚上，自己都會睡不著，為,，,O,O,O,缺失預測,O,O,68
921,每天一早醒來，都會有這種感覺。自己的身體，似乎無法撐過第一個大步。步伐慢，步伐艱難。身體無力，無法完成日常工作，整天都心滿肚不少的自責。 我覺得自己是個很差勁的人，犯錯太多，罪惡感到極度。  每天晚上，自己都會睡不著，為,為,O,O,缺失預測,缺失預測,O,O,69
922,我的無憂鬱症狀讓我完全失去興趣。 財務壓力實在讓我身體和心情都變得差。,我的,O,O,O,O,O,O,1
922,我的無憂鬱症狀讓我完全失去興趣。 財務壓力實在讓我身體和心情都變得差。,無憂鬱症狀,O,S-D,S-D,S-D,S-D,S-D,2
922,我的無憂鬱症狀讓我完全失去興趣。 財務壓力實在讓我身體和心情都變得差。,讓,O,O,O,O,O,O,3
922,我的無憂鬱症狀讓我完全失去興趣。 財務壓力實在讓我身體和心情都變得差。,我,O,O,O,O,O,O,4
922,我的無憂鬱症狀讓我完全失去興趣。 財務壓力實在讓我身體和心情都變得差。,完全,O,O,O,O,O,O,5
922,我的無憂鬱症狀讓我完全失去興趣。 財務壓力實在讓我身體和心情都變得差。,失去,B-A,B-A,B-A,B-A,B-A,B-A,6
922,我的無憂鬱症狀讓我完全失去興趣。 財務壓力實在讓我身體和心情都變得差。,興趣,E-A,E-A,E-A,E-A,E-A,E-A,7
922,我的無憂鬱症狀讓我完全失去興趣。 財務壓力實在讓我身體和心情都變得差。,。,O,O,O,O,O,O,8
922,我的無憂鬱症狀讓我完全失去興趣。 財務壓力實在讓我身體和心情都變得差。,財務,O,O,O,O,O,O,9
922,我的無憂鬱症狀讓我完全失去興趣。 財務壓力實在讓我身體和心情都變得差。,壓力,S-W,S-W,S-W,S-W,S-W,S-W,10
922,我的無憂鬱症狀讓我完全失去興趣。 財務壓力實在讓我身體和心情都變得差。,實在,O,O,O,O,O,O,11
922,我的無憂鬱症狀讓我完全失去興趣。 財務壓力實在讓我身體和心情都變得差。,讓,O,O,O,O,O,O,12
922,我的無憂鬱症狀讓我完全失去興趣。 財務壓力實在讓我身體和心情都變得差。,我,O,O,O,O,O,O,13
922,我的無憂鬱症狀讓我完全失去興趣。 財務壓力實在讓我身體和心情都變得差。,身體,O,O,O,O,O,O,14
922,我的無憂鬱症狀讓我完全失去興趣。 財務壓力實在讓我身體和心情都變得差。,和,O,O,O,O,O,O,15
922,我的無憂鬱症狀讓我完全失去興趣。 財務壓力實在讓我身體和心情都變得差。,心情,O,O,O,O,O,O,16
922,我的無憂鬱症狀讓我完全失去興趣。 財務壓力實在讓我身體和心情都變得差。,都,O,O,O,O,O,O,17
922,我的無憂鬱症狀讓我完全失去興趣。 財務壓力實在讓我身體和心情都變得差。,變得,B-D,B-D,B-D,B-D,B-D,B-D,18
922,我的無憂鬱症狀讓我完全失去興趣。 財務壓力實在讓我身體和心情都變得差。,差,E-D,E-D,E-D,E-D,E-D,E-D,19
922,我的無憂鬱症狀讓我完全失去興趣。 財務壓力實在讓我身體和心情都變得差。,。,O,O,O,O,O,O,20
923,你感受到什麼？ 雖然每天都在接受重擔，但又無法不接受它,你,O,O,O,O,O,O,1
923,你感受到什麼？ 雖然每天都在接受重擔，但又無法不接受它,感受到,O,O,O,O,O,O,2
923,你感受到什麼？ 雖然每天都在接受重擔，但又無法不接受它,什麼,O,O,O,O,O,O,3
923,你感受到什麼？ 雖然每天都在接受重擔，但又無法不接受它,？,O,O,O,O,O,O,4
923,你感受到什麼？ 雖然每天都在接受重擔，但又無法不接受它,雖然,O,O,O,O,O,O,5
923,你感受到什麼？ 雖然每天都在接受重擔，但又無法不接受它,每天,O,O,O,O,O,O,6
923,你感受到什麼？ 雖然每天都在接受重擔，但又無法不接受它,都,O,O,O,O,O,O,7
923,你感受到什麼？ 雖然每天都在接受重擔，但又無法不接受它,在,O,O,O,O,O,O,8
923,你感受到什麼？ 雖然每天都在接受重擔，但又無法不接受它,接受,O,O,O,O,O,O,9
923,你感受到什麼？ 雖然每天都在接受重擔，但又無法不接受它,重擔,S-D,S-D,S-D,S-D,S-D,S-D,10
923,你感受到什麼？ 雖然每天都在接受重擔，但又無法不接受它,，,O,O,O,O,O,O,11
923,你感受到什麼？ 雖然每天都在接受重擔，但又無法不接受它,但,O,O,O,O,O,O,12
923,你感受到什麼？ 雖然每天都在接受重擔，但又無法不接受它,又,O,O,O,O,O,O,13
923,你感受到什麼？ 雖然每天都在接受重擔，但又無法不接受它,無法,B-D,B-D,B-D,B-D,B-D,B-D,14
923,你感受到什麼？ 雖然每天都在接受重擔，但又無法不接受它,不接受,E-D,E-D,E-D,E-D,E-D,E-D,15
923,你感受到什麼？ 雖然每天都在接受重擔，但又無法不接受它,它,O,O,O,O,O,O,16
924,"我是對於完美主義的自作自選，從小就被教育 """"只要努力，自然會成功""""。但事實上，我努力了多年，我每一項目標都達到 """"成功了""""，但是我內心卻感覺到空虛、無聊和無望。每個成就都導致了更多的期待，希望更多的期待只會落空！ 🤯😩""",我是,O,O,O,O,O,O,1
924,"我是對於完美主義的自作自選，從小就被教育 """"只要努力，自然會成功""""。但事實上，我努力了多年，我每一項目標都達到 """"成功了""""，但是我內心卻感覺到空虛、無聊和無望。每個成就都導致了更多的期待，希望更多的期待只會落空！ 🤯😩""",對於,O,O,O,O,O,O,2
924,"我是對於完美主義的自作自選，從小就被教育 """"只要努力，自然會成功""""。但事實上，我努力了多年，我每一項目標都達到 """"成功了""""，但是我內心卻感覺到空虛、無聊和無望。每個成就都導致了更多的期待，希望更多的期待只會落空！ 🤯😩""",完美主義,O,O,O,O,O,O,3
924,"我是對於完美主義的自作自選，從小就被教育 """"只要努力，自然會成功""""。但事實上，我努力了多年，我每一項目標都達到 """"成功了""""，但是我內心卻感覺到空虛、無聊和無望。每個成就都導致了更多的期待，希望更多的期待只會落空！ 🤯😩""",的,O,O,O,O,O,O,4
924,"我是對於完美主義的自作自選，從小就被教育 """"只要努力，自然會成功""""。但事實上，我努力了多年，我每一項目標都達到 """"成功了""""，但是我內心卻感覺到空虛、無聊和無望。每個成就都導致了更多的期待，希望更多的期待只會落空！ 🤯😩""",自作自選,O,O,O,O,O,O,5
924,"我是對於完美主義的自作自選，從小就被教育 """"只要努力，自然會成功""""。但事實上，我努力了多年，我每一項目標都達到 """"成功了""""，但是我內心卻感覺到空虛、無聊和無望。每個成就都導致了更多的期待，希望更多的期待只會落空！ 🤯😩""",，,O,O,O,O,O,O,6
924,"我是對於完美主義的自作自選，從小就被教育 """"只要努力，自然會成功""""。但事實上，我努力了多年，我每一項目標都達到 """"成功了""""，但是我內心卻感覺到空虛、無聊和無望。每個成就都導致了更多的期待，希望更多的期待只會落空！ 🤯😩""",從,O,O,O,O,O,O,7
924,"我是對於完美主義的自作自選，從小就被教育 """"只要努力，自然會成功""""。但事實上，我努力了多年，我每一項目標都達到 """"成功了""""，但是我內心卻感覺到空虛、無聊和無望。每個成就都導致了更多的期待，希望更多的期待只會落空！ 🤯😩""",小,O,O,O,O,O,O,8
924,"我是對於完美主義的自作自選，從小就被教育 """"只要努力，自然會成功""""。但事實上，我努力了多年，我每一項目標都達到 """"成功了""""，但是我內心卻感覺到空虛、無聊和無望。每個成就都導致了更多的期待，希望更多的期待只會落空！ 🤯😩""",就,O,O,O,O,O,O,9
924,"我是對於完美主義的自作自選，從小就被教育 """"只要努力，自然會成功""""。但事實上，我努力了多年，我每一項目標都達到 """"成功了""""，但是我內心卻感覺到空虛、無聊和無望。每個成就都導致了更多的期待，希望更多的期待只會落空！ 🤯😩""",被,O,O,O,O,O,O,10
924,"我是對於完美主義的自作自選，從小就被教育 """"只要努力，自然會成功""""。但事實上，我努力了多年，我每一項目標都達到 """"成功了""""，但是我內心卻感覺到空虛、無聊和無望。每個成就都導致了更多的期待，希望更多的期待只會落空！ 🤯😩""",教育,O,O,O,O,O,O,11
924,"我是對於完美主義的自作自選，從小就被教育 """"只要努力，自然會成功""""。但事實上，我努力了多年，我每一項目標都達到 """"成功了""""，但是我內心卻感覺到空虛、無聊和無望。每個成就都導致了更多的期待，希望更多的期待只會落空！ 🤯😩""","""""",O,O,O,O,O,O,12
924,"我是對於完美主義的自作自選，從小就被教育 """"只要努力，自然會成功""""。但事實上，我努力了多年，我每一項目標都達到 """"成功了""""，但是我內心卻感覺到空虛、無聊和無望。每個成就都導致了更多的期待，希望更多的期待只會落空！ 🤯😩""",只要,O,O,O,O,O,O,13
924,"我是對於完美主義的自作自選，從小就被教育 """"只要努力，自然會成功""""。但事實上，我努力了多年，我每一項目標都達到 """"成功了""""，但是我內心卻感覺到空虛、無聊和無望。每個成就都導致了更多的期待，希望更多的期待只會落空！ 🤯😩""",努力,O,O,O,O,O,O,14
924,"我是對於完美主義的自作自選，從小就被教育 """"只要努力，自然會成功""""。但事實上，我努力了多年，我每一項目標都達到 """"成功了""""，但是我內心卻感覺到空虛、無聊和無望。每個成就都導致了更多的期待，希望更多的期待只會落空！ 🤯😩""",，,O,O,O,O,O,O,15
924,"我是對於完美主義的自作自選，從小就被教育 """"只要努力，自然會成功""""。但事實上，我努力了多年，我每一項目標都達到 """"成功了""""，但是我內心卻感覺到空虛、無聊和無望。每個成就都導致了更多的期待，希望更多的期待只會落空！ 🤯😩""",自然,O,O,O,O,O,O,16
924,"我是對於完美主義的自作自選，從小就被教育 """"只要努力，自然會成功""""。但事實上，我努力了多年，我每一項目標都達到 """"成功了""""，但是我內心卻感覺到空虛、無聊和無望。每個成就都導致了更多的期待，希望更多的期待只會落空！ 🤯😩""",會,O,O,O,O,O,O,17
924,"我是對於完美主義的自作自選，從小就被教育 """"只要努力，自然會成功""""。但事實上，我努力了多年，我每一項目標都達到 """"成功了""""，但是我內心卻感覺到空虛、無聊和無望。每個成就都導致了更多的期待，希望更多的期待只會落空！ 🤯😩""",成功,O,O,O,O,O,O,18
924,"我是對於完美主義的自作自選，從小就被教育 """"只要努力，自然會成功""""。但事實上，我努力了多年，我每一項目標都達到 """"成功了""""，但是我內心卻感覺到空虛、無聊和無望。每個成就都導致了更多的期待，希望更多的期待只會落空！ 🤯😩""","""""",O,O,O,O,O,O,19
924,"我是對於完美主義的自作自選，從小就被教育 """"只要努力，自然會成功""""。但事實上，我努力了多年，我每一項目標都達到 """"成功了""""，但是我內心卻感覺到空虛、無聊和無望。每個成就都導致了更多的期待，希望更多的期待只會落空！ 🤯😩""",。,O,O,O,O,O,O,20
924,"我是對於完美主義的自作自選，從小就被教育 """"只要努力，自然會成功""""。但事實上，我努力了多年，我每一項目標都達到 """"成功了""""，但是我內心卻感覺到空虛、無聊和無望。每個成就都導致了更多的期待，希望更多的期待只會落空！ 🤯😩""",但,O,O,O,O,O,O,21
924,"我是對於完美主義的自作自選，從小就被教育 """"只要努力，自然會成功""""。但事實上，我努力了多年，我每一項目標都達到 """"成功了""""，但是我內心卻感覺到空虛、無聊和無望。每個成就都導致了更多的期待，希望更多的期待只會落空！ 🤯😩""",事實上,O,O,O,O,O,O,22
924,"我是對於完美主義的自作自選，從小就被教育 """"只要努力，自然會成功""""。但事實上，我努力了多年，我每一項目標都達到 """"成功了""""，但是我內心卻感覺到空虛、無聊和無望。每個成就都導致了更多的期待，希望更多的期待只會落空！ 🤯😩""",，,O,O,O,O,O,O,23
924,"我是對於完美主義的自作自選，從小就被教育 """"只要努力，自然會成功""""。但事實上，我努力了多年，我每一項目標都達到 """"成功了""""，但是我內心卻感覺到空虛、無聊和無望。每個成就都導致了更多的期待，希望更多的期待只會落空！ 🤯😩""",我,O,O,O,O,O,O,24
924,"我是對於完美主義的自作自選，從小就被教育 """"只要努力，自然會成功""""。但事實上，我努力了多年，我每一項目標都達到 """"成功了""""，但是我內心卻感覺到空虛、無聊和無望。每個成就都導致了更多的期待，希望更多的期待只會落空！ 🤯😩""",努力,O,O,O,O,O,O,25
924,"我是對於完美主義的自作自選，從小就被教育 """"只要努力，自然會成功""""。但事實上，我努力了多年，我每一項目標都達到 """"成功了""""，但是我內心卻感覺到空虛、無聊和無望。每個成就都導致了更多的期待，希望更多的期待只會落空！ 🤯😩""",了,O,O,O,O,O,O,26
924,"我是對於完美主義的自作自選，從小就被教育 """"只要努力，自然會成功""""。但事實上，我努力了多年，我每一項目標都達到 """"成功了""""，但是我內心卻感覺到空虛、無聊和無望。每個成就都導致了更多的期待，希望更多的期待只會落空！ 🤯😩""",多年,O,O,O,O,O,O,27
924,"我是對於完美主義的自作自選，從小就被教育 """"只要努力，自然會成功""""。但事實上，我努力了多年，我每一項目標都達到 """"成功了""""，但是我內心卻感覺到空虛、無聊和無望。每個成就都導致了更多的期待，希望更多的期待只會落空！ 🤯😩""",，,O,O,O,O,O,O,28
924,"我是對於完美主義的自作自選，從小就被教育 """"只要努力，自然會成功""""。但事實上，我努力了多年，我每一項目標都達到 """"成功了""""，但是我內心卻感覺到空虛、無聊和無望。每個成就都導致了更多的期待，希望更多的期待只會落空！ 🤯😩""",我,O,O,O,O,O,O,29
924,"我是對於完美主義的自作自選，從小就被教育 """"只要努力，自然會成功""""。但事實上，我努力了多年，我每一項目標都達到 """"成功了""""，但是我內心卻感覺到空虛、無聊和無望。每個成就都導致了更多的期待，希望更多的期待只會落空！ 🤯😩""",每一項,O,O,O,O,O,O,30
924,"我是對於完美主義的自作自選，從小就被教育 """"只要努力，自然會成功""""。但事實上，我努力了多年，我每一項目標都達到 """"成功了""""，但是我內心卻感覺到空虛、無聊和無望。每個成就都導致了更多的期待，希望更多的期待只會落空！ 🤯😩""",目標,O,O,O,O,O,O,31
924,"我是對於完美主義的自作自選，從小就被教育 """"只要努力，自然會成功""""。但事實上，我努力了多年，我每一項目標都達到 """"成功了""""，但是我內心卻感覺到空虛、無聊和無望。每個成就都導致了更多的期待，希望更多的期待只會落空！ 🤯😩""",都,O,O,O,O,O,O,32
924,"我是對於完美主義的自作自選，從小就被教育 """"只要努力，自然會成功""""。但事實上，我努力了多年，我每一項目標都達到 """"成功了""""，但是我內心卻感覺到空虛、無聊和無望。每個成就都導致了更多的期待，希望更多的期待只會落空！ 🤯😩""",達到,O,O,O,O,O,O,33
924,"我是對於完美主義的自作自選，從小就被教育 """"只要努力，自然會成功""""。但事實上，我努力了多年，我每一項目標都達到 """"成功了""""，但是我內心卻感覺到空虛、無聊和無望。每個成就都導致了更多的期待，希望更多的期待只會落空！ 🤯😩""","""""",O,O,O,O,O,O,34
924,"我是對於完美主義的自作自選，從小就被教育 """"只要努力，自然會成功""""。但事實上，我努力了多年，我每一項目標都達到 """"成功了""""，但是我內心卻感覺到空虛、無聊和無望。每個成就都導致了更多的期待，希望更多的期待只會落空！ 🤯😩""",成功,O,O,O,O,O,O,35
924,"我是對於完美主義的自作自選，從小就被教育 """"只要努力，自然會成功""""。但事實上，我努力了多年，我每一項目標都達到 """"成功了""""，但是我內心卻感覺到空虛、無聊和無望。每個成就都導致了更多的期待，希望更多的期待只會落空！ 🤯😩""",了,O,O,O,O,O,O,36
924,"我是對於完美主義的自作自選，從小就被教育 """"只要努力，自然會成功""""。但事實上，我努力了多年，我每一項目標都達到 """"成功了""""，但是我內心卻感覺到空虛、無聊和無望。每個成就都導致了更多的期待，希望更多的期待只會落空！ 🤯😩""","""""",O,O,O,O,O,O,37
924,"我是對於完美主義的自作自選，從小就被教育 """"只要努力，自然會成功""""。但事實上，我努力了多年，我每一項目標都達到 """"成功了""""，但是我內心卻感覺到空虛、無聊和無望。每個成就都導致了更多的期待，希望更多的期待只會落空！ 🤯😩""",，,O,O,O,O,O,O,38
924,"我是對於完美主義的自作自選，從小就被教育 """"只要努力，自然會成功""""。但事實上，我努力了多年，我每一項目標都達到 """"成功了""""，但是我內心卻感覺到空虛、無聊和無望。每個成就都導致了更多的期待，希望更多的期待只會落空！ 🤯😩""",但是,O,O,O,O,O,O,39
924,"我是對於完美主義的自作自選，從小就被教育 """"只要努力，自然會成功""""。但事實上，我努力了多年，我每一項目標都達到 """"成功了""""，但是我內心卻感覺到空虛、無聊和無望。每個成就都導致了更多的期待，希望更多的期待只會落空！ 🤯😩""",我,O,O,O,O,O,O,40
924,"我是對於完美主義的自作自選，從小就被教育 """"只要努力，自然會成功""""。但事實上，我努力了多年，我每一項目標都達到 """"成功了""""，但是我內心卻感覺到空虛、無聊和無望。每個成就都導致了更多的期待，希望更多的期待只會落空！ 🤯😩""",內心,O,O,O,O,O,O,41
924,"我是對於完美主義的自作自選，從小就被教育 """"只要努力，自然會成功""""。但事實上，我努力了多年，我每一項目標都達到 """"成功了""""，但是我內心卻感覺到空虛、無聊和無望。每個成就都導致了更多的期待，希望更多的期待只會落空！ 🤯😩""",卻,O,O,O,O,O,O,42
924,"我是對於完美主義的自作自選，從小就被教育 """"只要努力，自然會成功""""。但事實上，我努力了多年，我每一項目標都達到 """"成功了""""，但是我內心卻感覺到空虛、無聊和無望。每個成就都導致了更多的期待，希望更多的期待只會落空！ 🤯😩""",感覺,O,O,O,O,O,O,43
924,"我是對於完美主義的自作自選，從小就被教育 """"只要努力，自然會成功""""。但事實上，我努力了多年，我每一項目標都達到 """"成功了""""，但是我內心卻感覺到空虛、無聊和無望。每個成就都導致了更多的期待，希望更多的期待只會落空！ 🤯😩""",到,O,O,S-D,O,O,O,44
924,"我是對於完美主義的自作自選，從小就被教育 """"只要努力，自然會成功""""。但事實上，我努力了多年，我每一項目標都達到 """"成功了""""，但是我內心卻感覺到空虛、無聊和無望。每個成就都導致了更多的期待，希望更多的期待只會落空！ 🤯😩""",空虛,S-D,S-D,O,S-D,O,S-D,45
924,"我是對於完美主義的自作自選，從小就被教育 """"只要努力，自然會成功""""。但事實上，我努力了多年，我每一項目標都達到 """"成功了""""，但是我內心卻感覺到空虛、無聊和無望。每個成就都導致了更多的期待，希望更多的期待只會落空！ 🤯😩""",、,O,O,S-D,O,O,O,46
924,"我是對於完美主義的自作自選，從小就被教育 """"只要努力，自然會成功""""。但事實上，我努力了多年，我每一項目標都達到 """"成功了""""，但是我內心卻感覺到空虛、無聊和無望。每個成就都導致了更多的期待，希望更多的期待只會落空！ 🤯😩""",無聊,S-D,S-D,O,S-D,S-D,S-D,47
924,"我是對於完美主義的自作自選，從小就被教育 """"只要努力，自然會成功""""。但事實上，我努力了多年，我每一項目標都達到 """"成功了""""，但是我內心卻感覺到空虛、無聊和無望。每個成就都導致了更多的期待，希望更多的期待只會落空！ 🤯😩""",和,O,O,S-D,O,O,O,48
924,"我是對於完美主義的自作自選，從小就被教育 """"只要努力，自然會成功""""。但事實上，我努力了多年，我每一項目標都達到 """"成功了""""，但是我內心卻感覺到空虛、無聊和無望。每個成就都導致了更多的期待，希望更多的期待只會落空！ 🤯😩""",無望,S-D,S-D,O,S-D,S-D,S-D,49
924,"我是對於完美主義的自作自選，從小就被教育 """"只要努力，自然會成功""""。但事實上，我努力了多年，我每一項目標都達到 """"成功了""""，但是我內心卻感覺到空虛、無聊和無望。每個成就都導致了更多的期待，希望更多的期待只會落空！ 🤯😩""",。,O,O,O,O,O,O,50
924,"我是對於完美主義的自作自選，從小就被教育 """"只要努力，自然會成功""""。但事實上，我努力了多年，我每一項目標都達到 """"成功了""""，但是我內心卻感覺到空虛、無聊和無望。每個成就都導致了更多的期待，希望更多的期待只會落空！ 🤯😩""",每個,O,O,O,O,S-D,O,51
924,"我是對於完美主義的自作自選，從小就被教育 """"只要努力，自然會成功""""。但事實上，我努力了多年，我每一項目標都達到 """"成功了""""，但是我內心卻感覺到空虛、無聊和無望。每個成就都導致了更多的期待，希望更多的期待只會落空！ 🤯😩""",成就,O,O,O,O,O,O,52
924,"我是對於完美主義的自作自選，從小就被教育 """"只要努力，自然會成功""""。但事實上，我努力了多年，我每一項目標都達到 """"成功了""""，但是我內心卻感覺到空虛、無聊和無望。每個成就都導致了更多的期待，希望更多的期待只會落空！ 🤯😩""",都,O,O,O,O,O,O,53
924,"我是對於完美主義的自作自選，從小就被教育 """"只要努力，自然會成功""""。但事實上，我努力了多年，我每一項目標都達到 """"成功了""""，但是我內心卻感覺到空虛、無聊和無望。每個成就都導致了更多的期待，希望更多的期待只會落空！ 🤯😩""",導致,O,O,O,O,O,O,54
924,"我是對於完美主義的自作自選，從小就被教育 """"只要努力，自然會成功""""。但事實上，我努力了多年，我每一項目標都達到 """"成功了""""，但是我內心卻感覺到空虛、無聊和無望。每個成就都導致了更多的期待，希望更多的期待只會落空！ 🤯😩""",了,O,O,O,O,O,O,55
924,"我是對於完美主義的自作自選，從小就被教育 """"只要努力，自然會成功""""。但事實上，我努力了多年，我每一項目標都達到 """"成功了""""，但是我內心卻感覺到空虛、無聊和無望。每個成就都導致了更多的期待，希望更多的期待只會落空！ 🤯😩""",更多,O,O,O,O,O,O,56
924,"我是對於完美主義的自作自選，從小就被教育 """"只要努力，自然會成功""""。但事實上，我努力了多年，我每一項目標都達到 """"成功了""""，但是我內心卻感覺到空虛、無聊和無望。每個成就都導致了更多的期待，希望更多的期待只會落空！ 🤯😩""",的,O,O,O,O,O,O,57
924,"我是對於完美主義的自作自選，從小就被教育 """"只要努力，自然會成功""""。但事實上，我努力了多年，我每一項目標都達到 """"成功了""""，但是我內心卻感覺到空虛、無聊和無望。每個成就都導致了更多的期待，希望更多的期待只會落空！ 🤯😩""",期待,O,O,O,O,O,O,58
924,"我是對於完美主義的自作自選，從小就被教育 """"只要努力，自然會成功""""。但事實上，我努力了多年，我每一項目標都達到 """"成功了""""，但是我內心卻感覺到空虛、無聊和無望。每個成就都導致了更多的期待，希望更多的期待只會落空！ 🤯😩""",，,O,O,O,O,O,O,59
924,"我是對於完美主義的自作自選，從小就被教育 """"只要努力，自然會成功""""。但事實上，我努力了多年，我每一項目標都達到 """"成功了""""，但是我內心卻感覺到空虛、無聊和無望。每個成就都導致了更多的期待，希望更多的期待只會落空！ 🤯😩""",希望,O,O,O,O,O,O,60
924,"我是對於完美主義的自作自選，從小就被教育 """"只要努力，自然會成功""""。但事實上，我努力了多年，我每一項目標都達到 """"成功了""""，但是我內心卻感覺到空虛、無聊和無望。每個成就都導致了更多的期待，希望更多的期待只會落空！ 🤯😩""",更多,O,O,O,O,O,O,61
924,"我是對於完美主義的自作自選，從小就被教育 """"只要努力，自然會成功""""。但事實上，我努力了多年，我每一項目標都達到 """"成功了""""，但是我內心卻感覺到空虛、無聊和無望。每個成就都導致了更多的期待，希望更多的期待只會落空！ 🤯😩""",的,O,O,O,O,O,O,62
924,"我是對於完美主義的自作自選，從小就被教育 """"只要努力，自然會成功""""。但事實上，我努力了多年，我每一項目標都達到 """"成功了""""，但是我內心卻感覺到空虛、無聊和無望。每個成就都導致了更多的期待，希望更多的期待只會落空！ 🤯😩""",期待,O,O,O,O,O,O,63
924,"我是對於完美主義的自作自選，從小就被教育 """"只要努力，自然會成功""""。但事實上，我努力了多年，我每一項目標都達到 """"成功了""""，但是我內心卻感覺到空虛、無聊和無望。每個成就都導致了更多的期待，希望更多的期待只會落空！ 🤯😩""",只,O,O,O,O,O,O,64
924,"我是對於完美主義的自作自選，從小就被教育 """"只要努力，自然會成功""""。但事實上，我努力了多年，我每一項目標都達到 """"成功了""""，但是我內心卻感覺到空虛、無聊和無望。每個成就都導致了更多的期待，希望更多的期待只會落空！ 🤯😩""",會,O,O,S-D,O,O,O,65
924,"我是對於完美主義的自作自選，從小就被教育 """"只要努力，自然會成功""""。但事實上，我努力了多年，我每一項目標都達到 """"成功了""""，但是我內心卻感覺到空虛、無聊和無望。每個成就都導致了更多的期待，希望更多的期待只會落空！ 🤯😩""",落空,S-D,S-D,O,O,O,S-D,66
924,"我是對於完美主義的自作自選，從小就被教育 """"只要努力，自然會成功""""。但事實上，我努力了多年，我每一項目標都達到 """"成功了""""，但是我內心卻感覺到空虛、無聊和無望。每個成就都導致了更多的期待，希望更多的期待只會落空！ 🤯😩""",！,O,O,O,S-D,O,O,67
924,"我是對於完美主義的自作自選，從小就被教育 """"只要努力，自然會成功""""。但事實上，我努力了多年，我每一項目標都達到 """"成功了""""，但是我內心卻感覺到空虛、無聊和無望。每個成就都導致了更多的期待，希望更多的期待只會落空！ 🤯😩""",🤯,O,O,O,O,O,O,68
924,"我是對於完美主義的自作自選，從小就被教育 """"只要努力，自然會成功""""。但事實上，我努力了多年，我每一項目標都達到 """"成功了""""，但是我內心卻感覺到空虛、無聊和無望。每個成就都導致了更多的期待，希望更多的期待只會落空！ 🤯😩""",😩,O,O,缺失預測,O,S-D,O,69
925,這次失業了。我現在無法把工作感覺得實際，從來沒有這種感覺。過去我能夠把自己放於工作當中的，現在我要是被問到有關工作，我可能會困惑。這是一種什麼樣的感受？,這次,O,O,O,O,O,O,1
925,這次失業了。我現在無法把工作感覺得實際，從來沒有這種感覺。過去我能夠把自己放於工作當中的，現在我要是被問到有關工作，我可能會困惑。這是一種什麼樣的感受？,失業,O,O,O,O,O,O,2
925,這次失業了。我現在無法把工作感覺得實際，從來沒有這種感覺。過去我能夠把自己放於工作當中的，現在我要是被問到有關工作，我可能會困惑。這是一種什麼樣的感受？,了,O,O,O,O,O,O,3
925,這次失業了。我現在無法把工作感覺得實際，從來沒有這種感覺。過去我能夠把自己放於工作當中的，現在我要是被問到有關工作，我可能會困惑。這是一種什麼樣的感受？,。,O,O,O,O,O,O,4
925,這次失業了。我現在無法把工作感覺得實際，從來沒有這種感覺。過去我能夠把自己放於工作當中的，現在我要是被問到有關工作，我可能會困惑。這是一種什麼樣的感受？,我,O,O,O,O,O,O,5
925,這次失業了。我現在無法把工作感覺得實際，從來沒有這種感覺。過去我能夠把自己放於工作當中的，現在我要是被問到有關工作，我可能會困惑。這是一種什麼樣的感受？,現在,O,O,O,O,O,O,6
925,這次失業了。我現在無法把工作感覺得實際，從來沒有這種感覺。過去我能夠把自己放於工作當中的，現在我要是被問到有關工作，我可能會困惑。這是一種什麼樣的感受？,無法,O,O,O,O,O,O,7
925,這次失業了。我現在無法把工作感覺得實際，從來沒有這種感覺。過去我能夠把自己放於工作當中的，現在我要是被問到有關工作，我可能會困惑。這是一種什麼樣的感受？,把,O,O,O,O,O,O,8
925,這次失業了。我現在無法把工作感覺得實際，從來沒有這種感覺。過去我能夠把自己放於工作當中的，現在我要是被問到有關工作，我可能會困惑。這是一種什麼樣的感受？,工作,O,O,O,O,O,O,9
925,這次失業了。我現在無法把工作感覺得實際，從來沒有這種感覺。過去我能夠把自己放於工作當中的，現在我要是被問到有關工作，我可能會困惑。這是一種什麼樣的感受？,感覺,O,O,O,O,O,O,10
925,這次失業了。我現在無法把工作感覺得實際，從來沒有這種感覺。過去我能夠把自己放於工作當中的，現在我要是被問到有關工作，我可能會困惑。這是一種什麼樣的感受？,得,O,O,O,O,O,O,11
925,這次失業了。我現在無法把工作感覺得實際，從來沒有這種感覺。過去我能夠把自己放於工作當中的，現在我要是被問到有關工作，我可能會困惑。這是一種什麼樣的感受？,實際,O,O,O,O,O,O,12
925,這次失業了。我現在無法把工作感覺得實際，從來沒有這種感覺。過去我能夠把自己放於工作當中的，現在我要是被問到有關工作，我可能會困惑。這是一種什麼樣的感受？,，,O,O,O,O,O,O,13
925,這次失業了。我現在無法把工作感覺得實際，從來沒有這種感覺。過去我能夠把自己放於工作當中的，現在我要是被問到有關工作，我可能會困惑。這是一種什麼樣的感受？,從來,O,O,O,O,O,O,14
925,這次失業了。我現在無法把工作感覺得實際，從來沒有這種感覺。過去我能夠把自己放於工作當中的，現在我要是被問到有關工作，我可能會困惑。這是一種什麼樣的感受？,沒有,O,O,O,O,O,O,15
925,這次失業了。我現在無法把工作感覺得實際，從來沒有這種感覺。過去我能夠把自己放於工作當中的，現在我要是被問到有關工作，我可能會困惑。這是一種什麼樣的感受？,這種,O,O,O,O,O,O,16
925,這次失業了。我現在無法把工作感覺得實際，從來沒有這種感覺。過去我能夠把自己放於工作當中的，現在我要是被問到有關工作，我可能會困惑。這是一種什麼樣的感受？,感覺,O,O,O,O,O,O,17
925,這次失業了。我現在無法把工作感覺得實際，從來沒有這種感覺。過去我能夠把自己放於工作當中的，現在我要是被問到有關工作，我可能會困惑。這是一種什麼樣的感受？,。,O,O,O,O,O,O,18
925,這次失業了。我現在無法把工作感覺得實際，從來沒有這種感覺。過去我能夠把自己放於工作當中的，現在我要是被問到有關工作，我可能會困惑。這是一種什麼樣的感受？,過去,O,O,O,O,O,O,19
925,這次失業了。我現在無法把工作感覺得實際，從來沒有這種感覺。過去我能夠把自己放於工作當中的，現在我要是被問到有關工作，我可能會困惑。這是一種什麼樣的感受？,我,O,O,O,O,O,O,20
925,這次失業了。我現在無法把工作感覺得實際，從來沒有這種感覺。過去我能夠把自己放於工作當中的，現在我要是被問到有關工作，我可能會困惑。這是一種什麼樣的感受？,能夠,O,O,O,O,O,O,21
925,這次失業了。我現在無法把工作感覺得實際，從來沒有這種感覺。過去我能夠把自己放於工作當中的，現在我要是被問到有關工作，我可能會困惑。這是一種什麼樣的感受？,把,O,O,O,O,O,O,22
925,這次失業了。我現在無法把工作感覺得實際，從來沒有這種感覺。過去我能夠把自己放於工作當中的，現在我要是被問到有關工作，我可能會困惑。這是一種什麼樣的感受？,自己,O,O,O,O,O,O,23
925,這次失業了。我現在無法把工作感覺得實際，從來沒有這種感覺。過去我能夠把自己放於工作當中的，現在我要是被問到有關工作，我可能會困惑。這是一種什麼樣的感受？,放,O,O,O,O,O,O,24
925,這次失業了。我現在無法把工作感覺得實際，從來沒有這種感覺。過去我能夠把自己放於工作當中的，現在我要是被問到有關工作，我可能會困惑。這是一種什麼樣的感受？,於,O,O,O,O,O,O,25
925,這次失業了。我現在無法把工作感覺得實際，從來沒有這種感覺。過去我能夠把自己放於工作當中的，現在我要是被問到有關工作，我可能會困惑。這是一種什麼樣的感受？,工作,O,O,O,O,O,O,26
925,這次失業了。我現在無法把工作感覺得實際，從來沒有這種感覺。過去我能夠把自己放於工作當中的，現在我要是被問到有關工作，我可能會困惑。這是一種什麼樣的感受？,當中,O,O,O,O,O,O,27
925,這次失業了。我現在無法把工作感覺得實際，從來沒有這種感覺。過去我能夠把自己放於工作當中的，現在我要是被問到有關工作，我可能會困惑。這是一種什麼樣的感受？,的,O,O,O,O,O,O,28
925,這次失業了。我現在無法把工作感覺得實際，從來沒有這種感覺。過去我能夠把自己放於工作當中的，現在我要是被問到有關工作，我可能會困惑。這是一種什麼樣的感受？,，,O,O,O,O,O,O,29
925,這次失業了。我現在無法把工作感覺得實際，從來沒有這種感覺。過去我能夠把自己放於工作當中的，現在我要是被問到有關工作，我可能會困惑。這是一種什麼樣的感受？,現在,O,O,O,O,O,O,30
925,這次失業了。我現在無法把工作感覺得實際，從來沒有這種感覺。過去我能夠把自己放於工作當中的，現在我要是被問到有關工作，我可能會困惑。這是一種什麼樣的感受？,我要是,O,O,O,O,O,O,31
925,這次失業了。我現在無法把工作感覺得實際，從來沒有這種感覺。過去我能夠把自己放於工作當中的，現在我要是被問到有關工作，我可能會困惑。這是一種什麼樣的感受？,被,O,O,O,O,O,O,32
925,這次失業了。我現在無法把工作感覺得實際，從來沒有這種感覺。過去我能夠把自己放於工作當中的，現在我要是被問到有關工作，我可能會困惑。這是一種什麼樣的感受？,問到,O,O,O,O,O,O,33
925,這次失業了。我現在無法把工作感覺得實際，從來沒有這種感覺。過去我能夠把自己放於工作當中的，現在我要是被問到有關工作，我可能會困惑。這是一種什麼樣的感受？,有關,O,O,O,O,O,O,34
925,這次失業了。我現在無法把工作感覺得實際，從來沒有這種感覺。過去我能夠把自己放於工作當中的，現在我要是被問到有關工作，我可能會困惑。這是一種什麼樣的感受？,工作,O,O,O,O,O,O,35
925,這次失業了。我現在無法把工作感覺得實際，從來沒有這種感覺。過去我能夠把自己放於工作當中的，現在我要是被問到有關工作，我可能會困惑。這是一種什麼樣的感受？,，,O,O,O,O,O,O,36
925,這次失業了。我現在無法把工作感覺得實際，從來沒有這種感覺。過去我能夠把自己放於工作當中的，現在我要是被問到有關工作，我可能會困惑。這是一種什麼樣的感受？,我,O,O,O,O,O,O,37
925,這次失業了。我現在無法把工作感覺得實際，從來沒有這種感覺。過去我能夠把自己放於工作當中的，現在我要是被問到有關工作，我可能會困惑。這是一種什麼樣的感受？,可能,O,O,O,O,O,O,38
925,這次失業了。我現在無法把工作感覺得實際，從來沒有這種感覺。過去我能夠把自己放於工作當中的，現在我要是被問到有關工作，我可能會困惑。這是一種什麼樣的感受？,會,O,O,O,O,O,O,39
925,這次失業了。我現在無法把工作感覺得實際，從來沒有這種感覺。過去我能夠把自己放於工作當中的，現在我要是被問到有關工作，我可能會困惑。這是一種什麼樣的感受？,困惑,O,S-D,O,S-D,S-D,O,40
925,這次失業了。我現在無法把工作感覺得實際，從來沒有這種感覺。過去我能夠把自己放於工作當中的，現在我要是被問到有關工作，我可能會困惑。這是一種什麼樣的感受？,。,O,O,S-D,O,O,O,41
925,這次失業了。我現在無法把工作感覺得實際，從來沒有這種感覺。過去我能夠把自己放於工作當中的，現在我要是被問到有關工作，我可能會困惑。這是一種什麼樣的感受？,這是,O,O,O,O,O,S-D,42
925,這次失業了。我現在無法把工作感覺得實際，從來沒有這種感覺。過去我能夠把自己放於工作當中的，現在我要是被問到有關工作，我可能會困惑。這是一種什麼樣的感受？,一種,O,O,O,O,O,O,43
925,這次失業了。我現在無法把工作感覺得實際，從來沒有這種感覺。過去我能夠把自己放於工作當中的，現在我要是被問到有關工作，我可能會困惑。這是一種什麼樣的感受？,什麼,O,O,O,O,O,O,44
925,這次失業了。我現在無法把工作感覺得實際，從來沒有這種感覺。過去我能夠把自己放於工作當中的，現在我要是被問到有關工作，我可能會困惑。這是一種什麼樣的感受？,樣,O,O,O,O,O,O,45
925,這次失業了。我現在無法把工作感覺得實際，從來沒有這種感覺。過去我能夠把自己放於工作當中的，現在我要是被問到有關工作，我可能會困惑。這是一種什麼樣的感受？,的,O,O,O,O,O,O,46
925,這次失業了。我現在無法把工作感覺得實際，從來沒有這種感覺。過去我能夠把自己放於工作當中的，現在我要是被問到有關工作，我可能會困惑。這是一種什麼樣的感受？,感受,O,O,O,O,O,O,47
925,這次失業了。我現在無法把工作感覺得實際，從來沒有這種感覺。過去我能夠把自己放於工作當中的，現在我要是被問到有關工作，我可能會困惑。這是一種什麼樣的感受？,？,O,O,O,O,O,O,48
926,我們總是覺得自己最在乎的家人都在亂糾，而我們卻無法做出什麼變化，所以很難不讓自己覺得自責  我什麼也不做，做什麼都差劣，我們自己不堪負荷  因為每一分鐘，我們都能感受到那種罪惡感：如果我不做，我們還會怎麼辦？,我們,O,O,O,O,O,O,1
926,我們總是覺得自己最在乎的家人都在亂糾，而我們卻無法做出什麼變化，所以很難不讓自己覺得自責  我什麼也不做，做什麼都差劣，我們自己不堪負荷  因為每一分鐘，我們都能感受到那種罪惡感：如果我不做，我們還會怎麼辦？,總是,O,O,O,O,O,O,2
926,我們總是覺得自己最在乎的家人都在亂糾，而我們卻無法做出什麼變化，所以很難不讓自己覺得自責  我什麼也不做，做什麼都差劣，我們自己不堪負荷  因為每一分鐘，我們都能感受到那種罪惡感：如果我不做，我們還會怎麼辦？,覺得,O,O,O,O,O,O,3
926,我們總是覺得自己最在乎的家人都在亂糾，而我們卻無法做出什麼變化，所以很難不讓自己覺得自責  我什麼也不做，做什麼都差劣，我們自己不堪負荷  因為每一分鐘，我們都能感受到那種罪惡感：如果我不做，我們還會怎麼辦？,自己,O,O,O,O,O,O,4
926,我們總是覺得自己最在乎的家人都在亂糾，而我們卻無法做出什麼變化，所以很難不讓自己覺得自責  我什麼也不做，做什麼都差劣，我們自己不堪負荷  因為每一分鐘，我們都能感受到那種罪惡感：如果我不做，我們還會怎麼辦？,最,O,O,O,O,O,O,5
926,我們總是覺得自己最在乎的家人都在亂糾，而我們卻無法做出什麼變化，所以很難不讓自己覺得自責  我什麼也不做，做什麼都差劣，我們自己不堪負荷  因為每一分鐘，我們都能感受到那種罪惡感：如果我不做，我們還會怎麼辦？,在乎,O,O,O,O,O,O,6
926,我們總是覺得自己最在乎的家人都在亂糾，而我們卻無法做出什麼變化，所以很難不讓自己覺得自責  我什麼也不做，做什麼都差劣，我們自己不堪負荷  因為每一分鐘，我們都能感受到那種罪惡感：如果我不做，我們還會怎麼辦？,的,O,O,O,O,O,O,7
926,我們總是覺得自己最在乎的家人都在亂糾，而我們卻無法做出什麼變化，所以很難不讓自己覺得自責  我什麼也不做，做什麼都差劣，我們自己不堪負荷  因為每一分鐘，我們都能感受到那種罪惡感：如果我不做，我們還會怎麼辦？,家人,O,O,O,O,O,O,8
926,我們總是覺得自己最在乎的家人都在亂糾，而我們卻無法做出什麼變化，所以很難不讓自己覺得自責  我什麼也不做，做什麼都差劣，我們自己不堪負荷  因為每一分鐘，我們都能感受到那種罪惡感：如果我不做，我們還會怎麼辦？,都,O,O,O,O,O,O,9
926,我們總是覺得自己最在乎的家人都在亂糾，而我們卻無法做出什麼變化，所以很難不讓自己覺得自責  我什麼也不做，做什麼都差劣，我們自己不堪負荷  因為每一分鐘，我們都能感受到那種罪惡感：如果我不做，我們還會怎麼辦？,在,O,O,O,O,O,O,10
926,我們總是覺得自己最在乎的家人都在亂糾，而我們卻無法做出什麼變化，所以很難不讓自己覺得自責  我什麼也不做，做什麼都差劣，我們自己不堪負荷  因為每一分鐘，我們都能感受到那種罪惡感：如果我不做，我們還會怎麼辦？,亂糾,O,O,O,O,O,O,11
926,我們總是覺得自己最在乎的家人都在亂糾，而我們卻無法做出什麼變化，所以很難不讓自己覺得自責  我什麼也不做，做什麼都差劣，我們自己不堪負荷  因為每一分鐘，我們都能感受到那種罪惡感：如果我不做，我們還會怎麼辦？,，,O,O,O,O,O,O,12
926,我們總是覺得自己最在乎的家人都在亂糾，而我們卻無法做出什麼變化，所以很難不讓自己覺得自責  我什麼也不做，做什麼都差劣，我們自己不堪負荷  因為每一分鐘，我們都能感受到那種罪惡感：如果我不做，我們還會怎麼辦？,而,O,O,O,O,O,O,13
926,我們總是覺得自己最在乎的家人都在亂糾，而我們卻無法做出什麼變化，所以很難不讓自己覺得自責  我什麼也不做，做什麼都差劣，我們自己不堪負荷  因為每一分鐘，我們都能感受到那種罪惡感：如果我不做，我們還會怎麼辦？,我們,O,O,O,O,O,O,14
926,我們總是覺得自己最在乎的家人都在亂糾，而我們卻無法做出什麼變化，所以很難不讓自己覺得自責  我什麼也不做，做什麼都差劣，我們自己不堪負荷  因為每一分鐘，我們都能感受到那種罪惡感：如果我不做，我們還會怎麼辦？,卻,O,O,O,O,O,O,15
926,我們總是覺得自己最在乎的家人都在亂糾，而我們卻無法做出什麼變化，所以很難不讓自己覺得自責  我什麼也不做，做什麼都差劣，我們自己不堪負荷  因為每一分鐘，我們都能感受到那種罪惡感：如果我不做，我們還會怎麼辦？,無法,O,O,O,O,O,O,16
926,我們總是覺得自己最在乎的家人都在亂糾，而我們卻無法做出什麼變化，所以很難不讓自己覺得自責  我什麼也不做，做什麼都差劣，我們自己不堪負荷  因為每一分鐘，我們都能感受到那種罪惡感：如果我不做，我們還會怎麼辦？,做,O,O,O,O,O,O,17
926,我們總是覺得自己最在乎的家人都在亂糾，而我們卻無法做出什麼變化，所以很難不讓自己覺得自責  我什麼也不做，做什麼都差劣，我們自己不堪負荷  因為每一分鐘，我們都能感受到那種罪惡感：如果我不做，我們還會怎麼辦？,出,O,O,O,O,O,O,18
926,我們總是覺得自己最在乎的家人都在亂糾，而我們卻無法做出什麼變化，所以很難不讓自己覺得自責  我什麼也不做，做什麼都差劣，我們自己不堪負荷  因為每一分鐘，我們都能感受到那種罪惡感：如果我不做，我們還會怎麼辦？,什麼,O,O,O,O,O,O,19
926,我們總是覺得自己最在乎的家人都在亂糾，而我們卻無法做出什麼變化，所以很難不讓自己覺得自責  我什麼也不做，做什麼都差劣，我們自己不堪負荷  因為每一分鐘，我們都能感受到那種罪惡感：如果我不做，我們還會怎麼辦？,變化,O,O,O,O,O,O,20
926,我們總是覺得自己最在乎的家人都在亂糾，而我們卻無法做出什麼變化，所以很難不讓自己覺得自責  我什麼也不做，做什麼都差劣，我們自己不堪負荷  因為每一分鐘，我們都能感受到那種罪惡感：如果我不做，我們還會怎麼辦？,，,O,O,O,O,O,O,21
926,我們總是覺得自己最在乎的家人都在亂糾，而我們卻無法做出什麼變化，所以很難不讓自己覺得自責  我什麼也不做，做什麼都差劣，我們自己不堪負荷  因為每一分鐘，我們都能感受到那種罪惡感：如果我不做，我們還會怎麼辦？,所以,O,O,O,O,O,O,22
926,我們總是覺得自己最在乎的家人都在亂糾，而我們卻無法做出什麼變化，所以很難不讓自己覺得自責  我什麼也不做，做什麼都差劣，我們自己不堪負荷  因為每一分鐘，我們都能感受到那種罪惡感：如果我不做，我們還會怎麼辦？,很,O,O,O,O,O,O,23
926,我們總是覺得自己最在乎的家人都在亂糾，而我們卻無法做出什麼變化，所以很難不讓自己覺得自責  我什麼也不做，做什麼都差劣，我們自己不堪負荷  因為每一分鐘，我們都能感受到那種罪惡感：如果我不做，我們還會怎麼辦？,難,O,O,O,O,O,O,24
926,我們總是覺得自己最在乎的家人都在亂糾，而我們卻無法做出什麼變化，所以很難不讓自己覺得自責  我什麼也不做，做什麼都差劣，我們自己不堪負荷  因為每一分鐘，我們都能感受到那種罪惡感：如果我不做，我們還會怎麼辦？,不,O,O,O,O,O,O,25
926,我們總是覺得自己最在乎的家人都在亂糾，而我們卻無法做出什麼變化，所以很難不讓自己覺得自責  我什麼也不做，做什麼都差劣，我們自己不堪負荷  因為每一分鐘，我們都能感受到那種罪惡感：如果我不做，我們還會怎麼辦？,讓,O,O,O,O,O,O,26
926,我們總是覺得自己最在乎的家人都在亂糾，而我們卻無法做出什麼變化，所以很難不讓自己覺得自責  我什麼也不做，做什麼都差劣，我們自己不堪負荷  因為每一分鐘，我們都能感受到那種罪惡感：如果我不做，我們還會怎麼辦？,自己,O,O,B-W,B-W,O,B-W,27
926,我們總是覺得自己最在乎的家人都在亂糾，而我們卻無法做出什麼變化，所以很難不讓自己覺得自責  我什麼也不做，做什麼都差劣，我們自己不堪負荷  因為每一分鐘，我們都能感受到那種罪惡感：如果我不做，我們還會怎麼辦？,覺得,B-W,B-W,E-W,E-W,O,E-W,28
926,我們總是覺得自己最在乎的家人都在亂糾，而我們卻無法做出什麼變化，所以很難不讓自己覺得自責  我什麼也不做，做什麼都差劣，我們自己不堪負荷  因為每一分鐘，我們都能感受到那種罪惡感：如果我不做，我們還會怎麼辦？,自責,E-W,E-W,O,O,B-W,O,29
926,我們總是覺得自己最在乎的家人都在亂糾，而我們卻無法做出什麼變化，所以很難不讓自己覺得自責  我什麼也不做，做什麼都差劣，我們自己不堪負荷  因為每一分鐘，我們都能感受到那種罪惡感：如果我不做，我們還會怎麼辦？,O,O,O,O,O,E-W,O,30
926,我們總是覺得自己最在乎的家人都在亂糾，而我們卻無法做出什麼變化，所以很難不讓自己覺得自責  我什麼也不做，做什麼都差劣，我們自己不堪負荷  因為每一分鐘，我們都能感受到那種罪惡感：如果我不做，我們還會怎麼辦？,我,O,O,O,O,O,O,31
926,我們總是覺得自己最在乎的家人都在亂糾，而我們卻無法做出什麼變化，所以很難不讓自己覺得自責  我什麼也不做，做什麼都差劣，我們自己不堪負荷  因為每一分鐘，我們都能感受到那種罪惡感：如果我不做，我們還會怎麼辦？,什麼,O,O,O,O,O,O,32
926,我們總是覺得自己最在乎的家人都在亂糾，而我們卻無法做出什麼變化，所以很難不讓自己覺得自責  我什麼也不做，做什麼都差劣，我們自己不堪負荷  因為每一分鐘，我們都能感受到那種罪惡感：如果我不做，我們還會怎麼辦？,也,O,O,O,O,O,O,33
926,我們總是覺得自己最在乎的家人都在亂糾，而我們卻無法做出什麼變化，所以很難不讓自己覺得自責  我什麼也不做，做什麼都差劣，我們自己不堪負荷  因為每一分鐘，我們都能感受到那種罪惡感：如果我不做，我們還會怎麼辦？,不,O,O,O,O,O,O,34
926,我們總是覺得自己最在乎的家人都在亂糾，而我們卻無法做出什麼變化，所以很難不讓自己覺得自責  我什麼也不做，做什麼都差劣，我們自己不堪負荷  因為每一分鐘，我們都能感受到那種罪惡感：如果我不做，我們還會怎麼辦？,做,O,O,O,O,O,O,35
926,我們總是覺得自己最在乎的家人都在亂糾，而我們卻無法做出什麼變化，所以很難不讓自己覺得自責  我什麼也不做，做什麼都差劣，我們自己不堪負荷  因為每一分鐘，我們都能感受到那種罪惡感：如果我不做，我們還會怎麼辦？,，,O,O,O,O,O,O,36
926,我們總是覺得自己最在乎的家人都在亂糾，而我們卻無法做出什麼變化，所以很難不讓自己覺得自責  我什麼也不做，做什麼都差劣，我們自己不堪負荷  因為每一分鐘，我們都能感受到那種罪惡感：如果我不做，我們還會怎麼辦？,做,O,O,O,O,O,O,37
926,我們總是覺得自己最在乎的家人都在亂糾，而我們卻無法做出什麼變化，所以很難不讓自己覺得自責  我什麼也不做，做什麼都差劣，我們自己不堪負荷  因為每一分鐘，我們都能感受到那種罪惡感：如果我不做，我們還會怎麼辦？,什麼,O,O,O,O,O,O,38
926,我們總是覺得自己最在乎的家人都在亂糾，而我們卻無法做出什麼變化，所以很難不讓自己覺得自責  我什麼也不做，做什麼都差劣，我們自己不堪負荷  因為每一分鐘，我們都能感受到那種罪惡感：如果我不做，我們還會怎麼辦？,都,O,O,S-W,S-W,O,S-W,39
926,我們總是覺得自己最在乎的家人都在亂糾，而我們卻無法做出什麼變化，所以很難不讓自己覺得自責  我什麼也不做，做什麼都差劣，我們自己不堪負荷  因為每一分鐘，我們都能感受到那種罪惡感：如果我不做，我們還會怎麼辦？,差劣,S-W,S-W,O,O,O,O,40
926,我們總是覺得自己最在乎的家人都在亂糾，而我們卻無法做出什麼變化，所以很難不讓自己覺得自責  我什麼也不做，做什麼都差劣，我們自己不堪負荷  因為每一分鐘，我們都能感受到那種罪惡感：如果我不做，我們還會怎麼辦？,，,O,O,O,O,S-W,O,41
926,我們總是覺得自己最在乎的家人都在亂糾，而我們卻無法做出什麼變化，所以很難不讓自己覺得自責  我什麼也不做，做什麼都差劣，我們自己不堪負荷  因為每一分鐘，我們都能感受到那種罪惡感：如果我不做，我們還會怎麼辦？,我們,O,O,O,O,O,O,42
926,我們總是覺得自己最在乎的家人都在亂糾，而我們卻無法做出什麼變化，所以很難不讓自己覺得自責  我什麼也不做，做什麼都差劣，我們自己不堪負荷  因為每一分鐘，我們都能感受到那種罪惡感：如果我不做，我們還會怎麼辦？,自己,O,O,B-W,B-W,O,B-W,43
926,我們總是覺得自己最在乎的家人都在亂糾，而我們卻無法做出什麼變化，所以很難不讓自己覺得自責  我什麼也不做，做什麼都差劣，我們自己不堪負荷  因為每一分鐘，我們都能感受到那種罪惡感：如果我不做，我們還會怎麼辦？,不堪,O,B-W,E-W,E-W,O,E-W,44
926,我們總是覺得自己最在乎的家人都在亂糾，而我們卻無法做出什麼變化，所以很難不讓自己覺得自責  我什麼也不做，做什麼都差劣，我們自己不堪負荷  因為每一分鐘，我們都能感受到那種罪惡感：如果我不做，我們還會怎麼辦？,負荷,O,E-W,O,O,B-W,O,45
926,我們總是覺得自己最在乎的家人都在亂糾，而我們卻無法做出什麼變化，所以很難不讓自己覺得自責  我什麼也不做，做什麼都差劣，我們自己不堪負荷  因為每一分鐘，我們都能感受到那種罪惡感：如果我不做，我們還會怎麼辦？,O,O,O,O,O,E-W,O,46
926,我們總是覺得自己最在乎的家人都在亂糾，而我們卻無法做出什麼變化，所以很難不讓自己覺得自責  我什麼也不做，做什麼都差劣，我們自己不堪負荷  因為每一分鐘，我們都能感受到那種罪惡感：如果我不做，我們還會怎麼辦？,因為,O,O,O,O,O,O,47
926,我們總是覺得自己最在乎的家人都在亂糾，而我們卻無法做出什麼變化，所以很難不讓自己覺得自責  我什麼也不做，做什麼都差劣，我們自己不堪負荷  因為每一分鐘，我們都能感受到那種罪惡感：如果我不做，我們還會怎麼辦？,每一分鐘,O,O,O,O,O,O,48
926,我們總是覺得自己最在乎的家人都在亂糾，而我們卻無法做出什麼變化，所以很難不讓自己覺得自責  我什麼也不做，做什麼都差劣，我們自己不堪負荷  因為每一分鐘，我們都能感受到那種罪惡感：如果我不做，我們還會怎麼辦？,，,O,O,O,O,O,O,49
926,我們總是覺得自己最在乎的家人都在亂糾，而我們卻無法做出什麼變化，所以很難不讓自己覺得自責  我什麼也不做，做什麼都差劣，我們自己不堪負荷  因為每一分鐘，我們都能感受到那種罪惡感：如果我不做，我們還會怎麼辦？,我們,O,O,O,O,O,O,50
926,我們總是覺得自己最在乎的家人都在亂糾，而我們卻無法做出什麼變化，所以很難不讓自己覺得自責  我什麼也不做，做什麼都差劣，我們自己不堪負荷  因為每一分鐘，我們都能感受到那種罪惡感：如果我不做，我們還會怎麼辦？,都,O,O,O,O,O,O,51
926,我們總是覺得自己最在乎的家人都在亂糾，而我們卻無法做出什麼變化，所以很難不讓自己覺得自責  我什麼也不做，做什麼都差劣，我們自己不堪負荷  因為每一分鐘，我們都能感受到那種罪惡感：如果我不做，我們還會怎麼辦？,能,O,O,O,O,O,O,52
926,我們總是覺得自己最在乎的家人都在亂糾，而我們卻無法做出什麼變化，所以很難不讓自己覺得自責  我什麼也不做，做什麼都差劣，我們自己不堪負荷  因為每一分鐘，我們都能感受到那種罪惡感：如果我不做，我們還會怎麼辦？,感受到,O,O,O,O,O,O,53
926,我們總是覺得自己最在乎的家人都在亂糾，而我們卻無法做出什麼變化，所以很難不讓自己覺得自責  我什麼也不做，做什麼都差劣，我們自己不堪負荷  因為每一分鐘，我們都能感受到那種罪惡感：如果我不做，我們還會怎麼辦？,那種,O,O,O,S-W,O,O,54
926,我們總是覺得自己最在乎的家人都在亂糾，而我們卻無法做出什麼變化，所以很難不讓自己覺得自責  我什麼也不做，做什麼都差劣，我們自己不堪負荷  因為每一分鐘，我們都能感受到那種罪惡感：如果我不做，我們還會怎麼辦？,罪惡感,S-W,S-W,S-W,O,O,S-W,55
926,我們總是覺得自己最在乎的家人都在亂糾，而我們卻無法做出什麼變化，所以很難不讓自己覺得自責  我什麼也不做，做什麼都差劣，我們自己不堪負荷  因為每一分鐘，我們都能感受到那種罪惡感：如果我不做，我們還會怎麼辦？,：,O,O,O,O,S-W,O,56
926,我們總是覺得自己最在乎的家人都在亂糾，而我們卻無法做出什麼變化，所以很難不讓自己覺得自責  我什麼也不做，做什麼都差劣，我們自己不堪負荷  因為每一分鐘，我們都能感受到那種罪惡感：如果我不做，我們還會怎麼辦？,如果,O,O,O,O,O,O,57
926,我們總是覺得自己最在乎的家人都在亂糾，而我們卻無法做出什麼變化，所以很難不讓自己覺得自責  我什麼也不做，做什麼都差劣，我們自己不堪負荷  因為每一分鐘，我們都能感受到那種罪惡感：如果我不做，我們還會怎麼辦？,我,O,O,O,O,O,O,58
926,我們總是覺得自己最在乎的家人都在亂糾，而我們卻無法做出什麼變化，所以很難不讓自己覺得自責  我什麼也不做，做什麼都差劣，我們自己不堪負荷  因為每一分鐘，我們都能感受到那種罪惡感：如果我不做，我們還會怎麼辦？,不,O,O,O,O,O,O,59
926,我們總是覺得自己最在乎的家人都在亂糾，而我們卻無法做出什麼變化，所以很難不讓自己覺得自責  我什麼也不做，做什麼都差劣，我們自己不堪負荷  因為每一分鐘，我們都能感受到那種罪惡感：如果我不做，我們還會怎麼辦？,做,O,O,O,O,O,O,60
926,我們總是覺得自己最在乎的家人都在亂糾，而我們卻無法做出什麼變化，所以很難不讓自己覺得自責  我什麼也不做，做什麼都差劣，我們自己不堪負荷  因為每一分鐘，我們都能感受到那種罪惡感：如果我不做，我們還會怎麼辦？,，,O,O,O,O,O,O,61
926,我們總是覺得自己最在乎的家人都在亂糾，而我們卻無法做出什麼變化，所以很難不讓自己覺得自責  我什麼也不做，做什麼都差劣，我們自己不堪負荷  因為每一分鐘，我們都能感受到那種罪惡感：如果我不做，我們還會怎麼辦？,我們,O,O,O,O,O,O,62
926,我們總是覺得自己最在乎的家人都在亂糾，而我們卻無法做出什麼變化，所以很難不讓自己覺得自責  我什麼也不做，做什麼都差劣，我們自己不堪負荷  因為每一分鐘，我們都能感受到那種罪惡感：如果我不做，我們還會怎麼辦？,還,O,O,O,O,O,O,63
926,我們總是覺得自己最在乎的家人都在亂糾，而我們卻無法做出什麼變化，所以很難不讓自己覺得自責  我什麼也不做，做什麼都差劣，我們自己不堪負荷  因為每一分鐘，我們都能感受到那種罪惡感：如果我不做，我們還會怎麼辦？,會,O,O,O,O,O,O,64
926,我們總是覺得自己最在乎的家人都在亂糾，而我們卻無法做出什麼變化，所以很難不讓自己覺得自責  我什麼也不做，做什麼都差劣，我們自己不堪負荷  因為每一分鐘，我們都能感受到那種罪惡感：如果我不做，我們還會怎麼辦？,怎麼辦,O,O,O,O,O,O,65
926,我們總是覺得自己最在乎的家人都在亂糾，而我們卻無法做出什麼變化，所以很難不讓自己覺得自責  我什麼也不做，做什麼都差劣，我們自己不堪負荷  因為每一分鐘，我們都能感受到那種罪惡感：如果我不做，我們還會怎麼辦？,？,O,O,O,缺失預測,O,O,66
927,每天都在壓力下不斷地努力，為了追求完美，反反覆覆地改變、提升自己...但是，現在我的心情都在因為過度完美主義的牽引，被綁著手脚，不敢稍微放鬆，導致我內心的悲傷感越來越深... 為什麼自己就是這樣，為什麼不能夠找到平衡，為什麼自己這麼差勁,每天,O,O,O,O,O,O,1
927,每天都在壓力下不斷地努力，為了追求完美，反反覆覆地改變、提升自己...但是，現在我的心情都在因為過度完美主義的牽引，被綁著手脚，不敢稍微放鬆，導致我內心的悲傷感越來越深... 為什麼自己就是這樣，為什麼不能夠找到平衡，為什麼自己這麼差勁,都,O,O,O,O,O,O,2
927,每天都在壓力下不斷地努力，為了追求完美，反反覆覆地改變、提升自己...但是，現在我的心情都在因為過度完美主義的牽引，被綁著手脚，不敢稍微放鬆，導致我內心的悲傷感越來越深... 為什麼自己就是這樣，為什麼不能夠找到平衡，為什麼自己這麼差勁,在,O,O,O,O,O,O,3
927,每天都在壓力下不斷地努力，為了追求完美，反反覆覆地改變、提升自己...但是，現在我的心情都在因為過度完美主義的牽引，被綁著手脚，不敢稍微放鬆，導致我內心的悲傷感越來越深... 為什麼自己就是這樣，為什麼不能夠找到平衡，為什麼自己這麼差勁,壓力,O,O,O,O,O,O,4
927,每天都在壓力下不斷地努力，為了追求完美，反反覆覆地改變、提升自己...但是，現在我的心情都在因為過度完美主義的牽引，被綁著手脚，不敢稍微放鬆，導致我內心的悲傷感越來越深... 為什麼自己就是這樣，為什麼不能夠找到平衡，為什麼自己這麼差勁,下,O,O,O,O,O,O,5
927,每天都在壓力下不斷地努力，為了追求完美，反反覆覆地改變、提升自己...但是，現在我的心情都在因為過度完美主義的牽引，被綁著手脚，不敢稍微放鬆，導致我內心的悲傷感越來越深... 為什麼自己就是這樣，為什麼不能夠找到平衡，為什麼自己這麼差勁,不斷,O,O,O,O,O,O,6
927,每天都在壓力下不斷地努力，為了追求完美，反反覆覆地改變、提升自己...但是，現在我的心情都在因為過度完美主義的牽引，被綁著手脚，不敢稍微放鬆，導致我內心的悲傷感越來越深... 為什麼自己就是這樣，為什麼不能夠找到平衡，為什麼自己這麼差勁,地,O,O,O,O,O,O,7
927,每天都在壓力下不斷地努力，為了追求完美，反反覆覆地改變、提升自己...但是，現在我的心情都在因為過度完美主義的牽引，被綁著手脚，不敢稍微放鬆，導致我內心的悲傷感越來越深... 為什麼自己就是這樣，為什麼不能夠找到平衡，為什麼自己這麼差勁,努力,O,O,O,O,O,O,8
927,每天都在壓力下不斷地努力，為了追求完美，反反覆覆地改變、提升自己...但是，現在我的心情都在因為過度完美主義的牽引，被綁著手脚，不敢稍微放鬆，導致我內心的悲傷感越來越深... 為什麼自己就是這樣，為什麼不能夠找到平衡，為什麼自己這麼差勁,，,O,O,O,O,O,O,9
927,每天都在壓力下不斷地努力，為了追求完美，反反覆覆地改變、提升自己...但是，現在我的心情都在因為過度完美主義的牽引，被綁著手脚，不敢稍微放鬆，導致我內心的悲傷感越來越深... 為什麼自己就是這樣，為什麼不能夠找到平衡，為什麼自己這麼差勁,為了,O,O,O,O,O,O,10
927,每天都在壓力下不斷地努力，為了追求完美，反反覆覆地改變、提升自己...但是，現在我的心情都在因為過度完美主義的牽引，被綁著手脚，不敢稍微放鬆，導致我內心的悲傷感越來越深... 為什麼自己就是這樣，為什麼不能夠找到平衡，為什麼自己這麼差勁,追求,O,O,O,O,O,O,11
927,每天都在壓力下不斷地努力，為了追求完美，反反覆覆地改變、提升自己...但是，現在我的心情都在因為過度完美主義的牽引，被綁著手脚，不敢稍微放鬆，導致我內心的悲傷感越來越深... 為什麼自己就是這樣，為什麼不能夠找到平衡，為什麼自己這麼差勁,完美,S-D,S-D,S-D,S-D,S-D,S-D,12
927,每天都在壓力下不斷地努力，為了追求完美，反反覆覆地改變、提升自己...但是，現在我的心情都在因為過度完美主義的牽引，被綁著手脚，不敢稍微放鬆，導致我內心的悲傷感越來越深... 為什麼自己就是這樣，為什麼不能夠找到平衡，為什麼自己這麼差勁,，,O,O,O,O,O,O,13
927,每天都在壓力下不斷地努力，為了追求完美，反反覆覆地改變、提升自己...但是，現在我的心情都在因為過度完美主義的牽引，被綁著手脚，不敢稍微放鬆，導致我內心的悲傷感越來越深... 為什麼自己就是這樣，為什麼不能夠找到平衡，為什麼自己這麼差勁,反反覆覆,O,O,O,O,O,O,14
927,每天都在壓力下不斷地努力，為了追求完美，反反覆覆地改變、提升自己...但是，現在我的心情都在因為過度完美主義的牽引，被綁著手脚，不敢稍微放鬆，導致我內心的悲傷感越來越深... 為什麼自己就是這樣，為什麼不能夠找到平衡，為什麼自己這麼差勁,地,O,O,O,O,O,O,15
927,每天都在壓力下不斷地努力，為了追求完美，反反覆覆地改變、提升自己...但是，現在我的心情都在因為過度完美主義的牽引，被綁著手脚，不敢稍微放鬆，導致我內心的悲傷感越來越深... 為什麼自己就是這樣，為什麼不能夠找到平衡，為什麼自己這麼差勁,改變,O,O,O,O,O,O,16
927,每天都在壓力下不斷地努力，為了追求完美，反反覆覆地改變、提升自己...但是，現在我的心情都在因為過度完美主義的牽引，被綁著手脚，不敢稍微放鬆，導致我內心的悲傷感越來越深... 為什麼自己就是這樣，為什麼不能夠找到平衡，為什麼自己這麼差勁,、,O,O,O,O,O,O,17
927,每天都在壓力下不斷地努力，為了追求完美，反反覆覆地改變、提升自己...但是，現在我的心情都在因為過度完美主義的牽引，被綁著手脚，不敢稍微放鬆，導致我內心的悲傷感越來越深... 為什麼自己就是這樣，為什麼不能夠找到平衡，為什麼自己這麼差勁,提升,O,O,O,O,O,O,18
927,每天都在壓力下不斷地努力，為了追求完美，反反覆覆地改變、提升自己...但是，現在我的心情都在因為過度完美主義的牽引，被綁著手脚，不敢稍微放鬆，導致我內心的悲傷感越來越深... 為什麼自己就是這樣，為什麼不能夠找到平衡，為什麼自己這麼差勁,自己,O,O,O,O,O,O,19
927,每天都在壓力下不斷地努力，為了追求完美，反反覆覆地改變、提升自己...但是，現在我的心情都在因為過度完美主義的牽引，被綁著手脚，不敢稍微放鬆，導致我內心的悲傷感越來越深... 為什麼自己就是這樣，為什麼不能夠找到平衡，為什麼自己這麼差勁,...,O,O,O,O,O,O,20
927,每天都在壓力下不斷地努力，為了追求完美，反反覆覆地改變、提升自己...但是，現在我的心情都在因為過度完美主義的牽引，被綁著手脚，不敢稍微放鬆，導致我內心的悲傷感越來越深... 為什麼自己就是這樣，為什麼不能夠找到平衡，為什麼自己這麼差勁,但是,O,O,O,O,O,O,21
927,每天都在壓力下不斷地努力，為了追求完美，反反覆覆地改變、提升自己...但是，現在我的心情都在因為過度完美主義的牽引，被綁著手脚，不敢稍微放鬆，導致我內心的悲傷感越來越深... 為什麼自己就是這樣，為什麼不能夠找到平衡，為什麼自己這麼差勁,，,O,O,O,O,O,O,22
927,每天都在壓力下不斷地努力，為了追求完美，反反覆覆地改變、提升自己...但是，現在我的心情都在因為過度完美主義的牽引，被綁著手脚，不敢稍微放鬆，導致我內心的悲傷感越來越深... 為什麼自己就是這樣，為什麼不能夠找到平衡，為什麼自己這麼差勁,現在,O,O,O,O,O,O,23
927,每天都在壓力下不斷地努力，為了追求完美，反反覆覆地改變、提升自己...但是，現在我的心情都在因為過度完美主義的牽引，被綁著手脚，不敢稍微放鬆，導致我內心的悲傷感越來越深... 為什麼自己就是這樣，為什麼不能夠找到平衡，為什麼自己這麼差勁,我,O,O,O,O,O,O,24
927,每天都在壓力下不斷地努力，為了追求完美，反反覆覆地改變、提升自己...但是，現在我的心情都在因為過度完美主義的牽引，被綁著手脚，不敢稍微放鬆，導致我內心的悲傷感越來越深... 為什麼自己就是這樣，為什麼不能夠找到平衡，為什麼自己這麼差勁,的,O,O,O,O,O,O,25
927,每天都在壓力下不斷地努力，為了追求完美，反反覆覆地改變、提升自己...但是，現在我的心情都在因為過度完美主義的牽引，被綁著手脚，不敢稍微放鬆，導致我內心的悲傷感越來越深... 為什麼自己就是這樣，為什麼不能夠找到平衡，為什麼自己這麼差勁,心情,O,O,O,O,O,O,26
927,每天都在壓力下不斷地努力，為了追求完美，反反覆覆地改變、提升自己...但是，現在我的心情都在因為過度完美主義的牽引，被綁著手脚，不敢稍微放鬆，導致我內心的悲傷感越來越深... 為什麼自己就是這樣，為什麼不能夠找到平衡，為什麼自己這麼差勁,都,O,O,O,O,O,O,27
927,每天都在壓力下不斷地努力，為了追求完美，反反覆覆地改變、提升自己...但是，現在我的心情都在因為過度完美主義的牽引，被綁著手脚，不敢稍微放鬆，導致我內心的悲傷感越來越深... 為什麼自己就是這樣，為什麼不能夠找到平衡，為什麼自己這麼差勁,在,O,O,O,O,O,O,28
927,每天都在壓力下不斷地努力，為了追求完美，反反覆覆地改變、提升自己...但是，現在我的心情都在因為過度完美主義的牽引，被綁著手脚，不敢稍微放鬆，導致我內心的悲傷感越來越深... 為什麼自己就是這樣，為什麼不能夠找到平衡，為什麼自己這麼差勁,因為,O,O,O,O,O,O,29
927,每天都在壓力下不斷地努力，為了追求完美，反反覆覆地改變、提升自己...但是，現在我的心情都在因為過度完美主義的牽引，被綁著手脚，不敢稍微放鬆，導致我內心的悲傷感越來越深... 為什麼自己就是這樣，為什麼不能夠找到平衡，為什麼自己這麼差勁,過度,O,O,O,O,O,O,30
927,每天都在壓力下不斷地努力，為了追求完美，反反覆覆地改變、提升自己...但是，現在我的心情都在因為過度完美主義的牽引，被綁著手脚，不敢稍微放鬆，導致我內心的悲傷感越來越深... 為什麼自己就是這樣，為什麼不能夠找到平衡，為什麼自己這麼差勁,完美主義,O,O,O,O,O,O,31
927,每天都在壓力下不斷地努力，為了追求完美，反反覆覆地改變、提升自己...但是，現在我的心情都在因為過度完美主義的牽引，被綁著手脚，不敢稍微放鬆，導致我內心的悲傷感越來越深... 為什麼自己就是這樣，為什麼不能夠找到平衡，為什麼自己這麼差勁,的,O,O,O,O,O,O,32
927,每天都在壓力下不斷地努力，為了追求完美，反反覆覆地改變、提升自己...但是，現在我的心情都在因為過度完美主義的牽引，被綁著手脚，不敢稍微放鬆，導致我內心的悲傷感越來越深... 為什麼自己就是這樣，為什麼不能夠找到平衡，為什麼自己這麼差勁,牽引,O,O,O,O,O,O,33
927,每天都在壓力下不斷地努力，為了追求完美，反反覆覆地改變、提升自己...但是，現在我的心情都在因為過度完美主義的牽引，被綁著手脚，不敢稍微放鬆，導致我內心的悲傷感越來越深... 為什麼自己就是這樣，為什麼不能夠找到平衡，為什麼自己這麼差勁,，,O,O,O,O,O,O,34
927,每天都在壓力下不斷地努力，為了追求完美，反反覆覆地改變、提升自己...但是，現在我的心情都在因為過度完美主義的牽引，被綁著手脚，不敢稍微放鬆，導致我內心的悲傷感越來越深... 為什麼自己就是這樣，為什麼不能夠找到平衡，為什麼自己這麼差勁,被,O,O,O,O,O,O,35
927,每天都在壓力下不斷地努力，為了追求完美，反反覆覆地改變、提升自己...但是，現在我的心情都在因為過度完美主義的牽引，被綁著手脚，不敢稍微放鬆，導致我內心的悲傷感越來越深... 為什麼自己就是這樣，為什麼不能夠找到平衡，為什麼自己這麼差勁,綁著,O,O,O,O,O,O,36
927,每天都在壓力下不斷地努力，為了追求完美，反反覆覆地改變、提升自己...但是，現在我的心情都在因為過度完美主義的牽引，被綁著手脚，不敢稍微放鬆，導致我內心的悲傷感越來越深... 為什麼自己就是這樣，為什麼不能夠找到平衡，為什麼自己這麼差勁,手脚,O,O,O,O,O,O,37
927,每天都在壓力下不斷地努力，為了追求完美，反反覆覆地改變、提升自己...但是，現在我的心情都在因為過度完美主義的牽引，被綁著手脚，不敢稍微放鬆，導致我內心的悲傷感越來越深... 為什麼自己就是這樣，為什麼不能夠找到平衡，為什麼自己這麼差勁,，,O,O,O,O,O,O,38
927,每天都在壓力下不斷地努力，為了追求完美，反反覆覆地改變、提升自己...但是，現在我的心情都在因為過度完美主義的牽引，被綁著手脚，不敢稍微放鬆，導致我內心的悲傷感越來越深... 為什麼自己就是這樣，為什麼不能夠找到平衡，為什麼自己這麼差勁,不敢,O,O,O,O,O,O,39
927,每天都在壓力下不斷地努力，為了追求完美，反反覆覆地改變、提升自己...但是，現在我的心情都在因為過度完美主義的牽引，被綁著手脚，不敢稍微放鬆，導致我內心的悲傷感越來越深... 為什麼自己就是這樣，為什麼不能夠找到平衡，為什麼自己這麼差勁,稍微,O,O,O,O,O,O,40
927,每天都在壓力下不斷地努力，為了追求完美，反反覆覆地改變、提升自己...但是，現在我的心情都在因為過度完美主義的牽引，被綁著手脚，不敢稍微放鬆，導致我內心的悲傷感越來越深... 為什麼自己就是這樣，為什麼不能夠找到平衡，為什麼自己這麼差勁,放鬆,O,O,O,O,O,O,41
927,每天都在壓力下不斷地努力，為了追求完美，反反覆覆地改變、提升自己...但是，現在我的心情都在因為過度完美主義的牽引，被綁著手脚，不敢稍微放鬆，導致我內心的悲傷感越來越深... 為什麼自己就是這樣，為什麼不能夠找到平衡，為什麼自己這麼差勁,，,O,O,O,O,O,O,42
927,每天都在壓力下不斷地努力，為了追求完美，反反覆覆地改變、提升自己...但是，現在我的心情都在因為過度完美主義的牽引，被綁著手脚，不敢稍微放鬆，導致我內心的悲傷感越來越深... 為什麼自己就是這樣，為什麼不能夠找到平衡，為什麼自己這麼差勁,導致,O,O,O,O,O,O,43
927,每天都在壓力下不斷地努力，為了追求完美，反反覆覆地改變、提升自己...但是，現在我的心情都在因為過度完美主義的牽引，被綁著手脚，不敢稍微放鬆，導致我內心的悲傷感越來越深... 為什麼自己就是這樣，為什麼不能夠找到平衡，為什麼自己這麼差勁,我,O,O,O,O,O,O,44
927,每天都在壓力下不斷地努力，為了追求完美，反反覆覆地改變、提升自己...但是，現在我的心情都在因為過度完美主義的牽引，被綁著手脚，不敢稍微放鬆，導致我內心的悲傷感越來越深... 為什麼自己就是這樣，為什麼不能夠找到平衡，為什麼自己這麼差勁,內心,O,O,O,O,O,O,45
927,每天都在壓力下不斷地努力，為了追求完美，反反覆覆地改變、提升自己...但是，現在我的心情都在因為過度完美主義的牽引，被綁著手脚，不敢稍微放鬆，導致我內心的悲傷感越來越深... 為什麼自己就是這樣，為什麼不能夠找到平衡，為什麼自己這麼差勁,的,O,O,O,O,O,O,46
927,每天都在壓力下不斷地努力，為了追求完美，反反覆覆地改變、提升自己...但是，現在我的心情都在因為過度完美主義的牽引，被綁著手脚，不敢稍微放鬆，導致我內心的悲傷感越來越深... 為什麼自己就是這樣，為什麼不能夠找到平衡，為什麼自己這麼差勁,悲傷感,S-D,S-D,S-D,S-D,S-D,S-D,47
927,每天都在壓力下不斷地努力，為了追求完美，反反覆覆地改變、提升自己...但是，現在我的心情都在因為過度完美主義的牽引，被綁著手脚，不敢稍微放鬆，導致我內心的悲傷感越來越深... 為什麼自己就是這樣，為什麼不能夠找到平衡，為什麼自己這麼差勁,越來越,O,O,O,O,O,O,48
927,每天都在壓力下不斷地努力，為了追求完美，反反覆覆地改變、提升自己...但是，現在我的心情都在因為過度完美主義的牽引，被綁著手脚，不敢稍微放鬆，導致我內心的悲傷感越來越深... 為什麼自己就是這樣，為什麼不能夠找到平衡，為什麼自己這麼差勁,深,O,O,O,O,O,O,49
927,每天都在壓力下不斷地努力，為了追求完美，反反覆覆地改變、提升自己...但是，現在我的心情都在因為過度完美主義的牽引，被綁著手脚，不敢稍微放鬆，導致我內心的悲傷感越來越深... 為什麼自己就是這樣，為什麼不能夠找到平衡，為什麼自己這麼差勁,...,O,O,O,O,O,O,50
927,每天都在壓力下不斷地努力，為了追求完美，反反覆覆地改變、提升自己...但是，現在我的心情都在因為過度完美主義的牽引，被綁著手脚，不敢稍微放鬆，導致我內心的悲傷感越來越深... 為什麼自己就是這樣，為什麼不能夠找到平衡，為什麼自己這麼差勁,為什麼,O,O,O,O,O,O,51
927,每天都在壓力下不斷地努力，為了追求完美，反反覆覆地改變、提升自己...但是，現在我的心情都在因為過度完美主義的牽引，被綁著手脚，不敢稍微放鬆，導致我內心的悲傷感越來越深... 為什麼自己就是這樣，為什麼不能夠找到平衡，為什麼自己這麼差勁,自己,O,O,O,O,O,O,52
927,每天都在壓力下不斷地努力，為了追求完美，反反覆覆地改變、提升自己...但是，現在我的心情都在因為過度完美主義的牽引，被綁著手脚，不敢稍微放鬆，導致我內心的悲傷感越來越深... 為什麼自己就是這樣，為什麼不能夠找到平衡，為什麼自己這麼差勁,就是,O,O,O,O,O,O,53
927,每天都在壓力下不斷地努力，為了追求完美，反反覆覆地改變、提升自己...但是，現在我的心情都在因為過度完美主義的牽引，被綁著手脚，不敢稍微放鬆，導致我內心的悲傷感越來越深... 為什麼自己就是這樣，為什麼不能夠找到平衡，為什麼自己這麼差勁,這樣,O,O,O,O,O,O,54
927,每天都在壓力下不斷地努力，為了追求完美，反反覆覆地改變、提升自己...但是，現在我的心情都在因為過度完美主義的牽引，被綁著手脚，不敢稍微放鬆，導致我內心的悲傷感越來越深... 為什麼自己就是這樣，為什麼不能夠找到平衡，為什麼自己這麼差勁,，,O,O,O,O,O,O,55
927,每天都在壓力下不斷地努力，為了追求完美，反反覆覆地改變、提升自己...但是，現在我的心情都在因為過度完美主義的牽引，被綁著手脚，不敢稍微放鬆，導致我內心的悲傷感越來越深... 為什麼自己就是這樣，為什麼不能夠找到平衡，為什麼自己這麼差勁,為什麼,O,O,O,O,O,O,56
927,每天都在壓力下不斷地努力，為了追求完美，反反覆覆地改變、提升自己...但是，現在我的心情都在因為過度完美主義的牽引，被綁著手脚，不敢稍微放鬆，導致我內心的悲傷感越來越深... 為什麼自己就是這樣，為什麼不能夠找到平衡，為什麼自己這麼差勁,不能夠,O,O,O,O,O,O,57
927,每天都在壓力下不斷地努力，為了追求完美，反反覆覆地改變、提升自己...但是，現在我的心情都在因為過度完美主義的牽引，被綁著手脚，不敢稍微放鬆，導致我內心的悲傷感越來越深... 為什麼自己就是這樣，為什麼不能夠找到平衡，為什麼自己這麼差勁,找到,O,O,O,O,O,O,58
927,每天都在壓力下不斷地努力，為了追求完美，反反覆覆地改變、提升自己...但是，現在我的心情都在因為過度完美主義的牽引，被綁著手脚，不敢稍微放鬆，導致我內心的悲傷感越來越深... 為什麼自己就是這樣，為什麼不能夠找到平衡，為什麼自己這麼差勁,平衡,O,O,O,O,O,O,59
927,每天都在壓力下不斷地努力，為了追求完美，反反覆覆地改變、提升自己...但是，現在我的心情都在因為過度完美主義的牽引，被綁著手脚，不敢稍微放鬆，導致我內心的悲傷感越來越深... 為什麼自己就是這樣，為什麼不能夠找到平衡，為什麼自己這麼差勁,，,O,O,O,O,O,O,60
927,每天都在壓力下不斷地努力，為了追求完美，反反覆覆地改變、提升自己...但是，現在我的心情都在因為過度完美主義的牽引，被綁著手脚，不敢稍微放鬆，導致我內心的悲傷感越來越深... 為什麼自己就是這樣，為什麼不能夠找到平衡，為什麼自己這麼差勁,為什麼,O,O,O,O,O,O,61
927,每天都在壓力下不斷地努力，為了追求完美，反反覆覆地改變、提升自己...但是，現在我的心情都在因為過度完美主義的牽引，被綁著手脚，不敢稍微放鬆，導致我內心的悲傷感越來越深... 為什麼自己就是這樣，為什麼不能夠找到平衡，為什麼自己這麼差勁,自己,O,O,O,O,O,O,62
927,每天都在壓力下不斷地努力，為了追求完美，反反覆覆地改變、提升自己...但是，現在我的心情都在因為過度完美主義的牽引，被綁著手脚，不敢稍微放鬆，導致我內心的悲傷感越來越深... 為什麼自己就是這樣，為什麼不能夠找到平衡，為什麼自己這麼差勁,這麼,O,O,O,O,O,O,63
927,每天都在壓力下不斷地努力，為了追求完美，反反覆覆地改變、提升自己...但是，現在我的心情都在因為過度完美主義的牽引，被綁著手脚，不敢稍微放鬆，導致我內心的悲傷感越來越深... 為什麼自己就是這樣，為什麼不能夠找到平衡，為什麼自己這麼差勁,差勁,S-W,S-W,S-W,S-W,S-W,S-W,64
928,我不想再持續這種黑暗的生活了  我的心裡是一個大空間，無法容納任何正面情感或想法，不知道要在這個情境下從什麼地方開始，無法扉轉自己的命運。我現在這樣感受到，無法解釋自己為什麼會這樣，也不知道該怎么樣去解決這種問題。,我,O,O,O,O,O,O,1
928,我不想再持續這種黑暗的生活了  我的心裡是一個大空間，無法容納任何正面情感或想法，不知道要在這個情境下從什麼地方開始，無法扉轉自己的命運。我現在這樣感受到，無法解釋自己為什麼會這樣，也不知道該怎么樣去解決這種問題。,不,O,O,O,O,O,O,2
928,我不想再持續這種黑暗的生活了  我的心裡是一個大空間，無法容納任何正面情感或想法，不知道要在這個情境下從什麼地方開始，無法扉轉自己的命運。我現在這樣感受到，無法解釋自己為什麼會這樣，也不知道該怎么樣去解決這種問題。,想,O,O,O,O,O,O,3
928,我不想再持續這種黑暗的生活了  我的心裡是一個大空間，無法容納任何正面情感或想法，不知道要在這個情境下從什麼地方開始，無法扉轉自己的命運。我現在這樣感受到，無法解釋自己為什麼會這樣，也不知道該怎么樣去解決這種問題。,再,O,O,O,O,O,O,4
928,我不想再持續這種黑暗的生活了  我的心裡是一個大空間，無法容納任何正面情感或想法，不知道要在這個情境下從什麼地方開始，無法扉轉自己的命運。我現在這樣感受到，無法解釋自己為什麼會這樣，也不知道該怎么樣去解決這種問題。,持續,O,O,O,O,O,O,5
928,我不想再持續這種黑暗的生活了  我的心裡是一個大空間，無法容納任何正面情感或想法，不知道要在這個情境下從什麼地方開始，無法扉轉自己的命運。我現在這樣感受到，無法解釋自己為什麼會這樣，也不知道該怎么樣去解決這種問題。,這種,O,O,O,O,O,O,6
928,我不想再持續這種黑暗的生活了  我的心裡是一個大空間，無法容納任何正面情感或想法，不知道要在這個情境下從什麼地方開始，無法扉轉自己的命運。我現在這樣感受到，無法解釋自己為什麼會這樣，也不知道該怎么樣去解決這種問題。,黑暗,S-D,S-D,S-D,S-D,S-D,S-D,7
928,我不想再持續這種黑暗的生活了  我的心裡是一個大空間，無法容納任何正面情感或想法，不知道要在這個情境下從什麼地方開始，無法扉轉自己的命運。我現在這樣感受到，無法解釋自己為什麼會這樣，也不知道該怎么樣去解決這種問題。,的,O,O,O,O,O,O,8
928,我不想再持續這種黑暗的生活了  我的心裡是一個大空間，無法容納任何正面情感或想法，不知道要在這個情境下從什麼地方開始，無法扉轉自己的命運。我現在這樣感受到，無法解釋自己為什麼會這樣，也不知道該怎么樣去解決這種問題。,生活,O,O,O,O,O,O,9
928,我不想再持續這種黑暗的生活了  我的心裡是一個大空間，無法容納任何正面情感或想法，不知道要在這個情境下從什麼地方開始，無法扉轉自己的命運。我現在這樣感受到，無法解釋自己為什麼會這樣，也不知道該怎么樣去解決這種問題。,了,O,O,O,O,O,O,10
928,我不想再持續這種黑暗的生活了  我的心裡是一個大空間，無法容納任何正面情感或想法，不知道要在這個情境下從什麼地方開始，無法扉轉自己的命運。我現在這樣感受到，無法解釋自己為什麼會這樣，也不知道該怎么樣去解決這種問題。,O,O,O,O,O,O,O,11
928,我不想再持續這種黑暗的生活了  我的心裡是一個大空間，無法容納任何正面情感或想法，不知道要在這個情境下從什麼地方開始，無法扉轉自己的命運。我現在這樣感受到，無法解釋自己為什麼會這樣，也不知道該怎么樣去解決這種問題。,我的,O,O,O,O,O,O,12
928,我不想再持續這種黑暗的生活了  我的心裡是一個大空間，無法容納任何正面情感或想法，不知道要在這個情境下從什麼地方開始，無法扉轉自己的命運。我現在這樣感受到，無法解釋自己為什麼會這樣，也不知道該怎么樣去解決這種問題。,心裡,O,O,O,O,O,O,13
928,我不想再持續這種黑暗的生活了  我的心裡是一個大空間，無法容納任何正面情感或想法，不知道要在這個情境下從什麼地方開始，無法扉轉自己的命運。我現在這樣感受到，無法解釋自己為什麼會這樣，也不知道該怎么樣去解決這種問題。,是,O,O,O,O,O,O,14
928,我不想再持續這種黑暗的生活了  我的心裡是一個大空間，無法容納任何正面情感或想法，不知道要在這個情境下從什麼地方開始，無法扉轉自己的命運。我現在這樣感受到，無法解釋自己為什麼會這樣，也不知道該怎么樣去解決這種問題。,一個,O,O,O,O,O,O,15
928,我不想再持續這種黑暗的生活了  我的心裡是一個大空間，無法容納任何正面情感或想法，不知道要在這個情境下從什麼地方開始，無法扉轉自己的命運。我現在這樣感受到，無法解釋自己為什麼會這樣，也不知道該怎么樣去解決這種問題。,大,O,O,O,O,O,O,16
928,我不想再持續這種黑暗的生活了  我的心裡是一個大空間，無法容納任何正面情感或想法，不知道要在這個情境下從什麼地方開始，無法扉轉自己的命運。我現在這樣感受到，無法解釋自己為什麼會這樣，也不知道該怎么樣去解決這種問題。,空間,O,O,O,O,O,O,17
928,我不想再持續這種黑暗的生活了  我的心裡是一個大空間，無法容納任何正面情感或想法，不知道要在這個情境下從什麼地方開始，無法扉轉自己的命運。我現在這樣感受到，無法解釋自己為什麼會這樣，也不知道該怎么樣去解決這種問題。,，,O,O,O,O,O,O,18
928,我不想再持續這種黑暗的生活了  我的心裡是一個大空間，無法容納任何正面情感或想法，不知道要在這個情境下從什麼地方開始，無法扉轉自己的命運。我現在這樣感受到，無法解釋自己為什麼會這樣，也不知道該怎么樣去解決這種問題。,無法,B-D,B-D,B-D,B-D,B-D,B-D,19
928,我不想再持續這種黑暗的生活了  我的心裡是一個大空間，無法容納任何正面情感或想法，不知道要在這個情境下從什麼地方開始，無法扉轉自己的命運。我現在這樣感受到，無法解釋自己為什麼會這樣，也不知道該怎么樣去解決這種問題。,容納,M-D,M-D,M-D,M-D,M-D,M-D,20
928,我不想再持續這種黑暗的生活了  我的心裡是一個大空間，無法容納任何正面情感或想法，不知道要在這個情境下從什麼地方開始，無法扉轉自己的命運。我現在這樣感受到，無法解釋自己為什麼會這樣，也不知道該怎么樣去解決這種問題。,任何,E-D,E-D,E-D,E-D,E-D,E-D,21
928,我不想再持續這種黑暗的生活了  我的心裡是一個大空間，無法容納任何正面情感或想法，不知道要在這個情境下從什麼地方開始，無法扉轉自己的命運。我現在這樣感受到，無法解釋自己為什麼會這樣，也不知道該怎么樣去解決這種問題。,正面,O,O,O,O,O,O,22
928,我不想再持續這種黑暗的生活了  我的心裡是一個大空間，無法容納任何正面情感或想法，不知道要在這個情境下從什麼地方開始，無法扉轉自己的命運。我現在這樣感受到，無法解釋自己為什麼會這樣，也不知道該怎么樣去解決這種問題。,情感,O,O,O,O,O,O,23
928,我不想再持續這種黑暗的生活了  我的心裡是一個大空間，無法容納任何正面情感或想法，不知道要在這個情境下從什麼地方開始，無法扉轉自己的命運。我現在這樣感受到，無法解釋自己為什麼會這樣，也不知道該怎么樣去解決這種問題。,或,O,O,O,O,O,O,24
928,我不想再持續這種黑暗的生活了  我的心裡是一個大空間，無法容納任何正面情感或想法，不知道要在這個情境下從什麼地方開始，無法扉轉自己的命運。我現在這樣感受到，無法解釋自己為什麼會這樣，也不知道該怎么樣去解決這種問題。,想法,O,O,O,O,O,O,25
928,我不想再持續這種黑暗的生活了  我的心裡是一個大空間，無法容納任何正面情感或想法，不知道要在這個情境下從什麼地方開始，無法扉轉自己的命運。我現在這樣感受到，無法解釋自己為什麼會這樣，也不知道該怎么樣去解決這種問題。,，,O,O,O,O,O,O,26
928,我不想再持續這種黑暗的生活了  我的心裡是一個大空間，無法容納任何正面情感或想法，不知道要在這個情境下從什麼地方開始，無法扉轉自己的命運。我現在這樣感受到，無法解釋自己為什麼會這樣，也不知道該怎么樣去解決這種問題。,不知道,O,O,O,O,O,O,27
928,我不想再持續這種黑暗的生活了  我的心裡是一個大空間，無法容納任何正面情感或想法，不知道要在這個情境下從什麼地方開始，無法扉轉自己的命運。我現在這樣感受到，無法解釋自己為什麼會這樣，也不知道該怎么樣去解決這種問題。,要,O,O,O,O,O,O,28
928,我不想再持續這種黑暗的生活了  我的心裡是一個大空間，無法容納任何正面情感或想法，不知道要在這個情境下從什麼地方開始，無法扉轉自己的命運。我現在這樣感受到，無法解釋自己為什麼會這樣，也不知道該怎么樣去解決這種問題。,在,O,O,O,O,O,O,29
928,我不想再持續這種黑暗的生活了  我的心裡是一個大空間，無法容納任何正面情感或想法，不知道要在這個情境下從什麼地方開始，無法扉轉自己的命運。我現在這樣感受到，無法解釋自己為什麼會這樣，也不知道該怎么樣去解決這種問題。,這個,O,O,O,O,O,O,30
928,我不想再持續這種黑暗的生活了  我的心裡是一個大空間，無法容納任何正面情感或想法，不知道要在這個情境下從什麼地方開始，無法扉轉自己的命運。我現在這樣感受到，無法解釋自己為什麼會這樣，也不知道該怎么樣去解決這種問題。,情境,O,O,O,O,O,O,31
928,我不想再持續這種黑暗的生活了  我的心裡是一個大空間，無法容納任何正面情感或想法，不知道要在這個情境下從什麼地方開始，無法扉轉自己的命運。我現在這樣感受到，無法解釋自己為什麼會這樣，也不知道該怎么樣去解決這種問題。,下,O,O,O,O,O,O,32
928,我不想再持續這種黑暗的生活了  我的心裡是一個大空間，無法容納任何正面情感或想法，不知道要在這個情境下從什麼地方開始，無法扉轉自己的命運。我現在這樣感受到，無法解釋自己為什麼會這樣，也不知道該怎么樣去解決這種問題。,從,O,O,O,O,O,O,33
928,我不想再持續這種黑暗的生活了  我的心裡是一個大空間，無法容納任何正面情感或想法，不知道要在這個情境下從什麼地方開始，無法扉轉自己的命運。我現在這樣感受到，無法解釋自己為什麼會這樣，也不知道該怎么樣去解決這種問題。,什麼,O,O,O,O,O,O,34
928,我不想再持續這種黑暗的生活了  我的心裡是一個大空間，無法容納任何正面情感或想法，不知道要在這個情境下從什麼地方開始，無法扉轉自己的命運。我現在這樣感受到，無法解釋自己為什麼會這樣，也不知道該怎么樣去解決這種問題。,地方,O,O,O,O,O,O,35
928,我不想再持續這種黑暗的生活了  我的心裡是一個大空間，無法容納任何正面情感或想法，不知道要在這個情境下從什麼地方開始，無法扉轉自己的命運。我現在這樣感受到，無法解釋自己為什麼會這樣，也不知道該怎么樣去解決這種問題。,開始,O,O,O,O,O,O,36
928,我不想再持續這種黑暗的生活了  我的心裡是一個大空間，無法容納任何正面情感或想法，不知道要在這個情境下從什麼地方開始，無法扉轉自己的命運。我現在這樣感受到，無法解釋自己為什麼會這樣，也不知道該怎么樣去解決這種問題。,，,O,O,O,O,O,O,37
928,我不想再持續這種黑暗的生活了  我的心裡是一個大空間，無法容納任何正面情感或想法，不知道要在這個情境下從什麼地方開始，無法扉轉自己的命運。我現在這樣感受到，無法解釋自己為什麼會這樣，也不知道該怎么樣去解決這種問題。,無法,B-D,B-D,B-D,B-D,B-D,B-D,38
928,我不想再持續這種黑暗的生活了  我的心裡是一個大空間，無法容納任何正面情感或想法，不知道要在這個情境下從什麼地方開始，無法扉轉自己的命運。我現在這樣感受到，無法解釋自己為什麼會這樣，也不知道該怎么樣去解決這種問題。,扉轉,O,M-D,E-D,M-D,M-D,E-D,39
928,我不想再持續這種黑暗的生活了  我的心裡是一個大空間，無法容納任何正面情感或想法，不知道要在這個情境下從什麼地方開始，無法扉轉自己的命運。我現在這樣感受到，無法解釋自己為什麼會這樣，也不知道該怎么樣去解決這種問題。,自己,O,E-D,O,E-D,E-D,O,40
928,我不想再持續這種黑暗的生活了  我的心裡是一個大空間，無法容納任何正面情感或想法，不知道要在這個情境下從什麼地方開始，無法扉轉自己的命運。我現在這樣感受到，無法解釋自己為什麼會這樣，也不知道該怎么樣去解決這種問題。,的,O,O,O,O,O,O,41
928,我不想再持續這種黑暗的生活了  我的心裡是一個大空間，無法容納任何正面情感或想法，不知道要在這個情境下從什麼地方開始，無法扉轉自己的命運。我現在這樣感受到，無法解釋自己為什麼會這樣，也不知道該怎么樣去解決這種問題。,命運,O,O,O,O,O,O,42
928,我不想再持續這種黑暗的生活了  我的心裡是一個大空間，無法容納任何正面情感或想法，不知道要在這個情境下從什麼地方開始，無法扉轉自己的命運。我現在這樣感受到，無法解釋自己為什麼會這樣，也不知道該怎么樣去解決這種問題。,。,O,O,O,O,O,O,43
928,我不想再持續這種黑暗的生活了  我的心裡是一個大空間，無法容納任何正面情感或想法，不知道要在這個情境下從什麼地方開始，無法扉轉自己的命運。我現在這樣感受到，無法解釋自己為什麼會這樣，也不知道該怎么樣去解決這種問題。,我,O,O,O,O,O,O,44
928,我不想再持續這種黑暗的生活了  我的心裡是一個大空間，無法容納任何正面情感或想法，不知道要在這個情境下從什麼地方開始，無法扉轉自己的命運。我現在這樣感受到，無法解釋自己為什麼會這樣，也不知道該怎么樣去解決這種問題。,現在,O,O,O,O,O,O,45
928,我不想再持續這種黑暗的生活了  我的心裡是一個大空間，無法容納任何正面情感或想法，不知道要在這個情境下從什麼地方開始，無法扉轉自己的命運。我現在這樣感受到，無法解釋自己為什麼會這樣，也不知道該怎么樣去解決這種問題。,這樣,O,O,O,O,O,O,46
928,我不想再持續這種黑暗的生活了  我的心裡是一個大空間，無法容納任何正面情感或想法，不知道要在這個情境下從什麼地方開始，無法扉轉自己的命運。我現在這樣感受到，無法解釋自己為什麼會這樣，也不知道該怎么樣去解決這種問題。,感受到,O,O,O,O,O,O,47
928,我不想再持續這種黑暗的生活了  我的心裡是一個大空間，無法容納任何正面情感或想法，不知道要在這個情境下從什麼地方開始，無法扉轉自己的命運。我現在這樣感受到，無法解釋自己為什麼會這樣，也不知道該怎么樣去解決這種問題。,，,O,O,O,O,O,O,48
928,我不想再持續這種黑暗的生活了  我的心裡是一個大空間，無法容納任何正面情感或想法，不知道要在這個情境下從什麼地方開始，無法扉轉自己的命運。我現在這樣感受到，無法解釋自己為什麼會這樣，也不知道該怎么樣去解決這種問題。,無法,O,O,O,O,O,O,49
928,我不想再持續這種黑暗的生活了  我的心裡是一個大空間，無法容納任何正面情感或想法，不知道要在這個情境下從什麼地方開始，無法扉轉自己的命運。我現在這樣感受到，無法解釋自己為什麼會這樣，也不知道該怎么樣去解決這種問題。,解釋,O,O,O,O,O,O,50
928,我不想再持續這種黑暗的生活了  我的心裡是一個大空間，無法容納任何正面情感或想法，不知道要在這個情境下從什麼地方開始，無法扉轉自己的命運。我現在這樣感受到，無法解釋自己為什麼會這樣，也不知道該怎么樣去解決這種問題。,自己,O,O,O,O,O,O,51
928,我不想再持續這種黑暗的生活了  我的心裡是一個大空間，無法容納任何正面情感或想法，不知道要在這個情境下從什麼地方開始，無法扉轉自己的命運。我現在這樣感受到，無法解釋自己為什麼會這樣，也不知道該怎么樣去解決這種問題。,為,O,O,O,O,O,O,52
928,我不想再持續這種黑暗的生活了  我的心裡是一個大空間，無法容納任何正面情感或想法，不知道要在這個情境下從什麼地方開始，無法扉轉自己的命運。我現在這樣感受到，無法解釋自己為什麼會這樣，也不知道該怎么樣去解決這種問題。,什麼,O,O,O,O,O,O,53
928,我不想再持續這種黑暗的生活了  我的心裡是一個大空間，無法容納任何正面情感或想法，不知道要在這個情境下從什麼地方開始，無法扉轉自己的命運。我現在這樣感受到，無法解釋自己為什麼會這樣，也不知道該怎么樣去解決這種問題。,會,O,O,O,O,O,O,54
928,我不想再持續這種黑暗的生活了  我的心裡是一個大空間，無法容納任何正面情感或想法，不知道要在這個情境下從什麼地方開始，無法扉轉自己的命運。我現在這樣感受到，無法解釋自己為什麼會這樣，也不知道該怎么樣去解決這種問題。,這樣,O,O,O,O,O,O,55
928,我不想再持續這種黑暗的生活了  我的心裡是一個大空間，無法容納任何正面情感或想法，不知道要在這個情境下從什麼地方開始，無法扉轉自己的命運。我現在這樣感受到，無法解釋自己為什麼會這樣，也不知道該怎么樣去解決這種問題。,，,O,O,O,O,O,O,56
928,我不想再持續這種黑暗的生活了  我的心裡是一個大空間，無法容納任何正面情感或想法，不知道要在這個情境下從什麼地方開始，無法扉轉自己的命運。我現在這樣感受到，無法解釋自己為什麼會這樣，也不知道該怎么樣去解決這種問題。,也,O,O,O,O,O,O,57
928,我不想再持續這種黑暗的生活了  我的心裡是一個大空間，無法容納任何正面情感或想法，不知道要在這個情境下從什麼地方開始，無法扉轉自己的命運。我現在這樣感受到，無法解釋自己為什麼會這樣，也不知道該怎么樣去解決這種問題。,不知道,O,O,O,O,O,O,58
928,我不想再持續這種黑暗的生活了  我的心裡是一個大空間，無法容納任何正面情感或想法，不知道要在這個情境下從什麼地方開始，無法扉轉自己的命運。我現在這樣感受到，無法解釋自己為什麼會這樣，也不知道該怎么樣去解決這種問題。,該,O,O,O,O,O,O,59
928,我不想再持續這種黑暗的生活了  我的心裡是一個大空間，無法容納任何正面情感或想法，不知道要在這個情境下從什麼地方開始，無法扉轉自己的命運。我現在這樣感受到，無法解釋自己為什麼會這樣，也不知道該怎么樣去解決這種問題。,怎么樣,O,O,O,O,O,O,60
928,我不想再持續這種黑暗的生活了  我的心裡是一個大空間，無法容納任何正面情感或想法，不知道要在這個情境下從什麼地方開始，無法扉轉自己的命運。我現在這樣感受到，無法解釋自己為什麼會這樣，也不知道該怎么樣去解決這種問題。,去,O,O,O,O,O,O,61
928,我不想再持續這種黑暗的生活了  我的心裡是一個大空間，無法容納任何正面情感或想法，不知道要在這個情境下從什麼地方開始，無法扉轉自己的命運。我現在這樣感受到，無法解釋自己為什麼會這樣，也不知道該怎么樣去解決這種問題。,解決,O,O,O,O,O,O,62
928,我不想再持續這種黑暗的生活了  我的心裡是一個大空間，無法容納任何正面情感或想法，不知道要在這個情境下從什麼地方開始，無法扉轉自己的命運。我現在這樣感受到，無法解釋自己為什麼會這樣，也不知道該怎么樣去解決這種問題。,這種,O,O,O,O,O,O,63
928,我不想再持續這種黑暗的生活了  我的心裡是一個大空間，無法容納任何正面情感或想法，不知道要在這個情境下從什麼地方開始，無法扉轉自己的命運。我現在這樣感受到，無法解釋自己為什麼會這樣，也不知道該怎么樣去解決這種問題。,問題,O,O,O,O,O,O,64
928,我不想再持續這種黑暗的生活了  我的心裡是一個大空間，無法容納任何正面情感或想法，不知道要在這個情境下從什麼地方開始，無法扉轉自己的命運。我現在這樣感受到，無法解釋自己為什麼會這樣，也不知道該怎么樣去解決這種問題。,。,O,O,缺失預測,缺失預測,缺失預測,缺失預測,65
929,晚上，都是一樣感受到的那種孤單感。好像只有我，沒什麼朋友。 所有的人都有一個「休息」的地方，讓我感到無助，像我才是「最需要休息的地方」,晚上,O,O,O,O,O,O,1
929,晚上，都是一樣感受到的那種孤單感。好像只有我，沒什麼朋友。 所有的人都有一個「休息」的地方，讓我感到無助，像我才是「最需要休息的地方」,，,O,O,O,O,O,O,2
929,晚上，都是一樣感受到的那種孤單感。好像只有我，沒什麼朋友。 所有的人都有一個「休息」的地方，讓我感到無助，像我才是「最需要休息的地方」,都,O,O,O,O,O,O,3
929,晚上，都是一樣感受到的那種孤單感。好像只有我，沒什麼朋友。 所有的人都有一個「休息」的地方，讓我感到無助，像我才是「最需要休息的地方」,是,O,O,O,O,O,O,4
929,晚上，都是一樣感受到的那種孤單感。好像只有我，沒什麼朋友。 所有的人都有一個「休息」的地方，讓我感到無助，像我才是「最需要休息的地方」,一樣,O,O,B-W,B-W,B-W,B-W,5
929,晚上，都是一樣感受到的那種孤單感。好像只有我，沒什麼朋友。 所有的人都有一個「休息」的地方，讓我感到無助，像我才是「最需要休息的地方」,感受到,O,B-W,M-W,M-W,M-W,M-W,6
929,晚上，都是一樣感受到的那種孤單感。好像只有我，沒什麼朋友。 所有的人都有一個「休息」的地方，讓我感到無助，像我才是「最需要休息的地方」,的,O,M-W,M-W,E-W,E-W,M-W,7
929,晚上，都是一樣感受到的那種孤單感。好像只有我，沒什麼朋友。 所有的人都有一個「休息」的地方，讓我感到無助，像我才是「最需要休息的地方」,那種,O,M-W,S-D,S-D,S-D,S-D,8
929,晚上，都是一樣感受到的那種孤單感。好像只有我，沒什麼朋友。 所有的人都有一個「休息」的地方，讓我感到無助，像我才是「最需要休息的地方」,孤單感,S-D,E-W,O,O,O,O,9
929,晚上，都是一樣感受到的那種孤單感。好像只有我，沒什麼朋友。 所有的人都有一個「休息」的地方，讓我感到無助，像我才是「最需要休息的地方」,。,O,O,O,O,O,O,10
929,晚上，都是一樣感受到的那種孤單感。好像只有我，沒什麼朋友。 所有的人都有一個「休息」的地方，讓我感到無助，像我才是「最需要休息的地方」,好像,O,O,O,O,O,O,11
929,晚上，都是一樣感受到的那種孤單感。好像只有我，沒什麼朋友。 所有的人都有一個「休息」的地方，讓我感到無助，像我才是「最需要休息的地方」,只有,O,O,O,O,O,O,12
929,晚上，都是一樣感受到的那種孤單感。好像只有我，沒什麼朋友。 所有的人都有一個「休息」的地方，讓我感到無助，像我才是「最需要休息的地方」,我,O,O,O,O,O,O,13
929,晚上，都是一樣感受到的那種孤單感。好像只有我，沒什麼朋友。 所有的人都有一個「休息」的地方，讓我感到無助，像我才是「最需要休息的地方」,，,O,O,O,O,O,O,14
929,晚上，都是一樣感受到的那種孤單感。好像只有我，沒什麼朋友。 所有的人都有一個「休息」的地方，讓我感到無助，像我才是「最需要休息的地方」,沒,O,O,O,O,O,O,15
929,晚上，都是一樣感受到的那種孤單感。好像只有我，沒什麼朋友。 所有的人都有一個「休息」的地方，讓我感到無助，像我才是「最需要休息的地方」,什麼,O,O,O,O,O,O,16
929,晚上，都是一樣感受到的那種孤單感。好像只有我，沒什麼朋友。 所有的人都有一個「休息」的地方，讓我感到無助，像我才是「最需要休息的地方」,朋友,O,O,O,O,O,O,17
929,晚上，都是一樣感受到的那種孤單感。好像只有我，沒什麼朋友。 所有的人都有一個「休息」的地方，讓我感到無助，像我才是「最需要休息的地方」,。,O,O,O,O,O,O,18
929,晚上，都是一樣感受到的那種孤單感。好像只有我，沒什麼朋友。 所有的人都有一個「休息」的地方，讓我感到無助，像我才是「最需要休息的地方」,所有,O,O,O,O,O,O,19
929,晚上，都是一樣感受到的那種孤單感。好像只有我，沒什麼朋友。 所有的人都有一個「休息」的地方，讓我感到無助，像我才是「最需要休息的地方」,的,O,O,O,O,O,O,20
929,晚上，都是一樣感受到的那種孤單感。好像只有我，沒什麼朋友。 所有的人都有一個「休息」的地方，讓我感到無助，像我才是「最需要休息的地方」,人,O,O,O,O,O,O,21
929,晚上，都是一樣感受到的那種孤單感。好像只有我，沒什麼朋友。 所有的人都有一個「休息」的地方，讓我感到無助，像我才是「最需要休息的地方」,都,O,O,O,O,O,O,22
929,晚上，都是一樣感受到的那種孤單感。好像只有我，沒什麼朋友。 所有的人都有一個「休息」的地方，讓我感到無助，像我才是「最需要休息的地方」,有,O,O,O,O,O,O,23
929,晚上，都是一樣感受到的那種孤單感。好像只有我，沒什麼朋友。 所有的人都有一個「休息」的地方，讓我感到無助，像我才是「最需要休息的地方」,一個,O,O,O,O,O,O,24
929,晚上，都是一樣感受到的那種孤單感。好像只有我，沒什麼朋友。 所有的人都有一個「休息」的地方，讓我感到無助，像我才是「最需要休息的地方」,「,O,O,O,O,O,O,25
929,晚上，都是一樣感受到的那種孤單感。好像只有我，沒什麼朋友。 所有的人都有一個「休息」的地方，讓我感到無助，像我才是「最需要休息的地方」,休息,O,O,O,O,O,O,26
929,晚上，都是一樣感受到的那種孤單感。好像只有我，沒什麼朋友。 所有的人都有一個「休息」的地方，讓我感到無助，像我才是「最需要休息的地方」,」,O,O,O,O,O,O,27
929,晚上，都是一樣感受到的那種孤單感。好像只有我，沒什麼朋友。 所有的人都有一個「休息」的地方，讓我感到無助，像我才是「最需要休息的地方」,的,O,O,O,O,O,O,28
929,晚上，都是一樣感受到的那種孤單感。好像只有我，沒什麼朋友。 所有的人都有一個「休息」的地方，讓我感到無助，像我才是「最需要休息的地方」,地方,O,O,O,O,O,O,29
929,晚上，都是一樣感受到的那種孤單感。好像只有我，沒什麼朋友。 所有的人都有一個「休息」的地方，讓我感到無助，像我才是「最需要休息的地方」,，,O,O,O,O,O,O,30
929,晚上，都是一樣感受到的那種孤單感。好像只有我，沒什麼朋友。 所有的人都有一個「休息」的地方，讓我感到無助，像我才是「最需要休息的地方」,讓,O,O,B-W,B-W,B-W,O,31
929,晚上，都是一樣感受到的那種孤單感。好像只有我，沒什麼朋友。 所有的人都有一個「休息」的地方，讓我感到無助，像我才是「最需要休息的地方」,我,O,O,E-W,E-W,E-W,B-W,32
929,晚上，都是一樣感受到的那種孤單感。好像只有我，沒什麼朋友。 所有的人都有一個「休息」的地方，讓我感到無助，像我才是「最需要休息的地方」,感到,O,B-W,O,O,O,E-W,33
929,晚上，都是一樣感受到的那種孤單感。好像只有我，沒什麼朋友。 所有的人都有一個「休息」的地方，讓我感到無助，像我才是「最需要休息的地方」,無助,S-D,E-W,O,O,O,O,34
929,晚上，都是一樣感受到的那種孤單感。好像只有我，沒什麼朋友。 所有的人都有一個「休息」的地方，讓我感到無助，像我才是「最需要休息的地方」,，,O,O,O,O,O,O,35
929,晚上，都是一樣感受到的那種孤單感。好像只有我，沒什麼朋友。 所有的人都有一個「休息」的地方，讓我感到無助，像我才是「最需要休息的地方」,像,O,O,O,O,O,O,36
929,晚上，都是一樣感受到的那種孤單感。好像只有我，沒什麼朋友。 所有的人都有一個「休息」的地方，讓我感到無助，像我才是「最需要休息的地方」,我,O,O,O,O,O,O,37
929,晚上，都是一樣感受到的那種孤單感。好像只有我，沒什麼朋友。 所有的人都有一個「休息」的地方，讓我感到無助，像我才是「最需要休息的地方」,才,O,O,O,O,O,O,38
929,晚上，都是一樣感受到的那種孤單感。好像只有我，沒什麼朋友。 所有的人都有一個「休息」的地方，讓我感到無助，像我才是「最需要休息的地方」,是,O,O,O,O,O,O,39
929,晚上，都是一樣感受到的那種孤單感。好像只有我，沒什麼朋友。 所有的人都有一個「休息」的地方，讓我感到無助，像我才是「最需要休息的地方」,「,O,O,O,O,O,O,40
929,晚上，都是一樣感受到的那種孤單感。好像只有我，沒什麼朋友。 所有的人都有一個「休息」的地方，讓我感到無助，像我才是「最需要休息的地方」,最,O,O,O,O,O,O,41
929,晚上，都是一樣感受到的那種孤單感。好像只有我，沒什麼朋友。 所有的人都有一個「休息」的地方，讓我感到無助，像我才是「最需要休息的地方」,需要,O,O,O,O,O,O,42
929,晚上，都是一樣感受到的那種孤單感。好像只有我，沒什麼朋友。 所有的人都有一個「休息」的地方，讓我感到無助，像我才是「最需要休息的地方」,休息,O,O,O,O,O,O,43
929,晚上，都是一樣感受到的那種孤單感。好像只有我，沒什麼朋友。 所有的人都有一個「休息」的地方，讓我感到無助，像我才是「最需要休息的地方」,的,O,O,O,O,O,O,44
929,晚上，都是一樣感受到的那種孤單感。好像只有我，沒什麼朋友。 所有的人都有一個「休息」的地方，讓我感到無助，像我才是「最需要休息的地方」,地方,O,O,缺失預測,缺失預測,缺失預測,O,45
929,晚上，都是一樣感受到的那種孤單感。好像只有我，沒什麼朋友。 所有的人都有一個「休息」的地方，讓我感到無助，像我才是「最需要休息的地方」,」,O,O,缺失預測,缺失預測,缺失預測,缺失預測,46
930,每天都要面對這種黑暗感，無法為自己想出任何方法，什麼都在無視著自己 今天又是這樣的一天，為什麼我這樣的生活都變成了這樣？,每天,O,O,O,O,O,O,1
930,每天都要面對這種黑暗感，無法為自己想出任何方法，什麼都在無視著自己 今天又是這樣的一天，為什麼我這樣的生活都變成了這樣？,都,O,O,O,O,O,O,2
930,每天都要面對這種黑暗感，無法為自己想出任何方法，什麼都在無視著自己 今天又是這樣的一天，為什麼我這樣的生活都變成了這樣？,要,O,O,O,O,O,O,3
930,每天都要面對這種黑暗感，無法為自己想出任何方法，什麼都在無視著自己 今天又是這樣的一天，為什麼我這樣的生活都變成了這樣？,面對,O,O,O,O,O,O,4
930,每天都要面對這種黑暗感，無法為自己想出任何方法，什麼都在無視著自己 今天又是這樣的一天，為什麼我這樣的生活都變成了這樣？,這種,O,O,O,O,O,O,5
930,每天都要面對這種黑暗感，無法為自己想出任何方法，什麼都在無視著自己 今天又是這樣的一天，為什麼我這樣的生活都變成了這樣？,黑暗,S-D,S-D,S-D,S-D,S-D,S-D,6
930,每天都要面對這種黑暗感，無法為自己想出任何方法，什麼都在無視著自己 今天又是這樣的一天，為什麼我這樣的生活都變成了這樣？,感,O,O,O,O,O,O,7
930,每天都要面對這種黑暗感，無法為自己想出任何方法，什麼都在無視著自己 今天又是這樣的一天，為什麼我這樣的生活都變成了這樣？,，,O,O,O,O,O,O,8
930,每天都要面對這種黑暗感，無法為自己想出任何方法，什麼都在無視著自己 今天又是這樣的一天，為什麼我這樣的生活都變成了這樣？,無法,B-D,B-D,B-D,B-D,B-D,B-D,9
930,每天都要面對這種黑暗感，無法為自己想出任何方法，什麼都在無視著自己 今天又是這樣的一天，為什麼我這樣的生活都變成了這樣？,為,O,O,O,O,O,O,10
930,每天都要面對這種黑暗感，無法為自己想出任何方法，什麼都在無視著自己 今天又是這樣的一天，為什麼我這樣的生活都變成了這樣？,自己,O,O,O,O,O,O,11
930,每天都要面對這種黑暗感，無法為自己想出任何方法，什麼都在無視著自己 今天又是這樣的一天，為什麼我這樣的生活都變成了這樣？,想出,O,O,O,O,O,O,12
930,每天都要面對這種黑暗感，無法為自己想出任何方法，什麼都在無視著自己 今天又是這樣的一天，為什麼我這樣的生活都變成了這樣？,任何,O,O,O,O,O,O,13
930,每天都要面對這種黑暗感，無法為自己想出任何方法，什麼都在無視著自己 今天又是這樣的一天，為什麼我這樣的生活都變成了這樣？,方法,O,O,O,O,O,O,14
930,每天都要面對這種黑暗感，無法為自己想出任何方法，什麼都在無視著自己 今天又是這樣的一天，為什麼我這樣的生活都變成了這樣？,，,O,O,O,O,O,O,15
930,每天都要面對這種黑暗感，無法為自己想出任何方法，什麼都在無視著自己 今天又是這樣的一天，為什麼我這樣的生活都變成了這樣？,什麼,O,O,O,O,O,O,16
930,每天都要面對這種黑暗感，無法為自己想出任何方法，什麼都在無視著自己 今天又是這樣的一天，為什麼我這樣的生活都變成了這樣？,都,O,O,O,O,O,O,17
930,每天都要面對這種黑暗感，無法為自己想出任何方法，什麼都在無視著自己 今天又是這樣的一天，為什麼我這樣的生活都變成了這樣？,在,O,O,O,O,O,O,18
930,每天都要面對這種黑暗感，無法為自己想出任何方法，什麼都在無視著自己 今天又是這樣的一天，為什麼我這樣的生活都變成了這樣？,無視,O,O,O,O,O,O,19
930,每天都要面對這種黑暗感，無法為自己想出任何方法，什麼都在無視著自己 今天又是這樣的一天，為什麼我這樣的生活都變成了這樣？,著,O,O,O,O,O,O,20
930,每天都要面對這種黑暗感，無法為自己想出任何方法，什麼都在無視著自己 今天又是這樣的一天，為什麼我這樣的生活都變成了這樣？,自己,O,O,O,O,O,O,21
930,每天都要面對這種黑暗感，無法為自己想出任何方法，什麼都在無視著自己 今天又是這樣的一天，為什麼我這樣的生活都變成了這樣？,今天,O,O,O,O,O,O,22
930,每天都要面對這種黑暗感，無法為自己想出任何方法，什麼都在無視著自己 今天又是這樣的一天，為什麼我這樣的生活都變成了這樣？,又,O,O,O,O,O,O,23
930,每天都要面對這種黑暗感，無法為自己想出任何方法，什麼都在無視著自己 今天又是這樣的一天，為什麼我這樣的生活都變成了這樣？,是,O,O,O,O,O,O,24
930,每天都要面對這種黑暗感，無法為自己想出任何方法，什麼都在無視著自己 今天又是這樣的一天，為什麼我這樣的生活都變成了這樣？,這樣,O,O,O,O,O,O,25
930,每天都要面對這種黑暗感，無法為自己想出任何方法，什麼都在無視著自己 今天又是這樣的一天，為什麼我這樣的生活都變成了這樣？,的,O,O,O,O,O,O,26
930,每天都要面對這種黑暗感，無法為自己想出任何方法，什麼都在無視著自己 今天又是這樣的一天，為什麼我這樣的生活都變成了這樣？,一天,O,O,O,O,O,O,27
930,每天都要面對這種黑暗感，無法為自己想出任何方法，什麼都在無視著自己 今天又是這樣的一天，為什麼我這樣的生活都變成了這樣？,，,O,O,O,O,O,O,28
930,每天都要面對這種黑暗感，無法為自己想出任何方法，什麼都在無視著自己 今天又是這樣的一天，為什麼我這樣的生活都變成了這樣？,為什麼,O,O,O,O,O,O,29
930,每天都要面對這種黑暗感，無法為自己想出任何方法，什麼都在無視著自己 今天又是這樣的一天，為什麼我這樣的生活都變成了這樣？,我,O,O,O,O,O,O,30
930,每天都要面對這種黑暗感，無法為自己想出任何方法，什麼都在無視著自己 今天又是這樣的一天，為什麼我這樣的生活都變成了這樣？,這樣,O,O,O,O,O,O,31
930,每天都要面對這種黑暗感，無法為自己想出任何方法，什麼都在無視著自己 今天又是這樣的一天，為什麼我這樣的生活都變成了這樣？,的,O,O,O,O,O,O,32
930,每天都要面對這種黑暗感，無法為自己想出任何方法，什麼都在無視著自己 今天又是這樣的一天，為什麼我這樣的生活都變成了這樣？,生活,O,O,O,O,O,O,33
930,每天都要面對這種黑暗感，無法為自己想出任何方法，什麼都在無視著自己 今天又是這樣的一天，為什麼我這樣的生活都變成了這樣？,都,O,O,O,O,O,O,34
930,每天都要面對這種黑暗感，無法為自己想出任何方法，什麼都在無視著自己 今天又是這樣的一天，為什麼我這樣的生活都變成了這樣？,變成,O,O,O,O,O,O,35
930,每天都要面對這種黑暗感，無法為自己想出任何方法，什麼都在無視著自己 今天又是這樣的一天，為什麼我這樣的生活都變成了這樣？,了,O,O,O,O,O,O,36
930,每天都要面對這種黑暗感，無法為自己想出任何方法，什麼都在無視著自己 今天又是這樣的一天，為什麼我這樣的生活都變成了這樣？,這樣,O,O,O,O,O,O,37
930,每天都要面對這種黑暗感，無法為自己想出任何方法，什麼都在無視著自己 今天又是這樣的一天，為什麼我這樣的生活都變成了這樣？,？,O,O,O,O,O,O,38
931,這種無聊的感覺，像是身穿一件太大的外套，無法排除，但也不知道摘掉它。過度完美主義給了我了一份『幸福』，但那是錯誤的方向。因為在追求理想的過程中，我也失去了一份真實的我。,這種,O,O,O,O,O,O,1
931,這種無聊的感覺，像是身穿一件太大的外套，無法排除，但也不知道摘掉它。過度完美主義給了我了一份『幸福』，但那是錯誤的方向。因為在追求理想的過程中，我也失去了一份真實的我。,無聊,S-D,S-D,S-D,S-D,S-D,S-D,2
931,這種無聊的感覺，像是身穿一件太大的外套，無法排除，但也不知道摘掉它。過度完美主義給了我了一份『幸福』，但那是錯誤的方向。因為在追求理想的過程中，我也失去了一份真實的我。,的,O,O,O,O,O,O,3
931,這種無聊的感覺，像是身穿一件太大的外套，無法排除，但也不知道摘掉它。過度完美主義給了我了一份『幸福』，但那是錯誤的方向。因為在追求理想的過程中，我也失去了一份真實的我。,感覺,O,O,O,O,O,O,4
931,這種無聊的感覺，像是身穿一件太大的外套，無法排除，但也不知道摘掉它。過度完美主義給了我了一份『幸福』，但那是錯誤的方向。因為在追求理想的過程中，我也失去了一份真實的我。,，,O,O,O,O,O,O,5
931,這種無聊的感覺，像是身穿一件太大的外套，無法排除，但也不知道摘掉它。過度完美主義給了我了一份『幸福』，但那是錯誤的方向。因為在追求理想的過程中，我也失去了一份真實的我。,像是,O,O,O,O,O,O,6
931,這種無聊的感覺，像是身穿一件太大的外套，無法排除，但也不知道摘掉它。過度完美主義給了我了一份『幸福』，但那是錯誤的方向。因為在追求理想的過程中，我也失去了一份真實的我。,身穿,O,O,O,O,O,O,7
931,這種無聊的感覺，像是身穿一件太大的外套，無法排除，但也不知道摘掉它。過度完美主義給了我了一份『幸福』，但那是錯誤的方向。因為在追求理想的過程中，我也失去了一份真實的我。,一件,O,O,O,O,O,O,8
931,這種無聊的感覺，像是身穿一件太大的外套，無法排除，但也不知道摘掉它。過度完美主義給了我了一份『幸福』，但那是錯誤的方向。因為在追求理想的過程中，我也失去了一份真實的我。,太,O,O,O,O,O,O,9
931,這種無聊的感覺，像是身穿一件太大的外套，無法排除，但也不知道摘掉它。過度完美主義給了我了一份『幸福』，但那是錯誤的方向。因為在追求理想的過程中，我也失去了一份真實的我。,大,O,O,O,O,O,O,10
931,這種無聊的感覺，像是身穿一件太大的外套，無法排除，但也不知道摘掉它。過度完美主義給了我了一份『幸福』，但那是錯誤的方向。因為在追求理想的過程中，我也失去了一份真實的我。,的,O,O,O,O,O,O,11
931,這種無聊的感覺，像是身穿一件太大的外套，無法排除，但也不知道摘掉它。過度完美主義給了我了一份『幸福』，但那是錯誤的方向。因為在追求理想的過程中，我也失去了一份真實的我。,外套,O,O,O,O,O,O,12
931,這種無聊的感覺，像是身穿一件太大的外套，無法排除，但也不知道摘掉它。過度完美主義給了我了一份『幸福』，但那是錯誤的方向。因為在追求理想的過程中，我也失去了一份真實的我。,，,O,O,O,O,O,O,13
931,這種無聊的感覺，像是身穿一件太大的外套，無法排除，但也不知道摘掉它。過度完美主義給了我了一份『幸福』，但那是錯誤的方向。因為在追求理想的過程中，我也失去了一份真實的我。,無法,B-D,B-D,B-D,B-D,B-D,B-D,14
931,這種無聊的感覺，像是身穿一件太大的外套，無法排除，但也不知道摘掉它。過度完美主義給了我了一份『幸福』，但那是錯誤的方向。因為在追求理想的過程中，我也失去了一份真實的我。,排除,E-D,E-D,E-D,E-D,E-D,E-D,15
931,這種無聊的感覺，像是身穿一件太大的外套，無法排除，但也不知道摘掉它。過度完美主義給了我了一份『幸福』，但那是錯誤的方向。因為在追求理想的過程中，我也失去了一份真實的我。,，,O,O,O,O,O,O,16
931,這種無聊的感覺，像是身穿一件太大的外套，無法排除，但也不知道摘掉它。過度完美主義給了我了一份『幸福』，但那是錯誤的方向。因為在追求理想的過程中，我也失去了一份真實的我。,但,O,O,O,O,O,O,17
931,這種無聊的感覺，像是身穿一件太大的外套，無法排除，但也不知道摘掉它。過度完美主義給了我了一份『幸福』，但那是錯誤的方向。因為在追求理想的過程中，我也失去了一份真實的我。,也,O,O,O,O,O,O,18
931,這種無聊的感覺，像是身穿一件太大的外套，無法排除，但也不知道摘掉它。過度完美主義給了我了一份『幸福』，但那是錯誤的方向。因為在追求理想的過程中，我也失去了一份真實的我。,不知道,O,O,O,O,O,O,19
931,這種無聊的感覺，像是身穿一件太大的外套，無法排除，但也不知道摘掉它。過度完美主義給了我了一份『幸福』，但那是錯誤的方向。因為在追求理想的過程中，我也失去了一份真實的我。,摘掉,O,O,O,O,O,O,20
931,這種無聊的感覺，像是身穿一件太大的外套，無法排除，但也不知道摘掉它。過度完美主義給了我了一份『幸福』，但那是錯誤的方向。因為在追求理想的過程中，我也失去了一份真實的我。,它,O,O,O,O,O,O,21
931,這種無聊的感覺，像是身穿一件太大的外套，無法排除，但也不知道摘掉它。過度完美主義給了我了一份『幸福』，但那是錯誤的方向。因為在追求理想的過程中，我也失去了一份真實的我。,。,O,O,O,O,O,O,22
931,這種無聊的感覺，像是身穿一件太大的外套，無法排除，但也不知道摘掉它。過度完美主義給了我了一份『幸福』，但那是錯誤的方向。因為在追求理想的過程中，我也失去了一份真實的我。,過度,O,O,O,O,O,O,23
931,這種無聊的感覺，像是身穿一件太大的外套，無法排除，但也不知道摘掉它。過度完美主義給了我了一份『幸福』，但那是錯誤的方向。因為在追求理想的過程中，我也失去了一份真實的我。,完美主義,O,O,O,O,O,O,24
931,這種無聊的感覺，像是身穿一件太大的外套，無法排除，但也不知道摘掉它。過度完美主義給了我了一份『幸福』，但那是錯誤的方向。因為在追求理想的過程中，我也失去了一份真實的我。,給了,O,O,O,O,O,O,25
931,這種無聊的感覺，像是身穿一件太大的外套，無法排除，但也不知道摘掉它。過度完美主義給了我了一份『幸福』，但那是錯誤的方向。因為在追求理想的過程中，我也失去了一份真實的我。,我,O,O,O,O,O,O,26
931,這種無聊的感覺，像是身穿一件太大的外套，無法排除，但也不知道摘掉它。過度完美主義給了我了一份『幸福』，但那是錯誤的方向。因為在追求理想的過程中，我也失去了一份真實的我。,了一份,O,O,O,O,O,O,27
931,這種無聊的感覺，像是身穿一件太大的外套，無法排除，但也不知道摘掉它。過度完美主義給了我了一份『幸福』，但那是錯誤的方向。因為在追求理想的過程中，我也失去了一份真實的我。,『,O,O,O,O,O,O,28
931,這種無聊的感覺，像是身穿一件太大的外套，無法排除，但也不知道摘掉它。過度完美主義給了我了一份『幸福』，但那是錯誤的方向。因為在追求理想的過程中，我也失去了一份真實的我。,幸福,S-A,S-A,S-A,S-A,S-A,S-A,29
931,這種無聊的感覺，像是身穿一件太大的外套，無法排除，但也不知道摘掉它。過度完美主義給了我了一份『幸福』，但那是錯誤的方向。因為在追求理想的過程中，我也失去了一份真實的我。,』,O,O,O,O,O,O,30
931,這種無聊的感覺，像是身穿一件太大的外套，無法排除，但也不知道摘掉它。過度完美主義給了我了一份『幸福』，但那是錯誤的方向。因為在追求理想的過程中，我也失去了一份真實的我。,，,O,O,O,O,O,O,31
931,這種無聊的感覺，像是身穿一件太大的外套，無法排除，但也不知道摘掉它。過度完美主義給了我了一份『幸福』，但那是錯誤的方向。因為在追求理想的過程中，我也失去了一份真實的我。,但,O,O,O,O,O,O,32
931,這種無聊的感覺，像是身穿一件太大的外套，無法排除，但也不知道摘掉它。過度完美主義給了我了一份『幸福』，但那是錯誤的方向。因為在追求理想的過程中，我也失去了一份真實的我。,那,O,O,O,O,O,O,33
931,這種無聊的感覺，像是身穿一件太大的外套，無法排除，但也不知道摘掉它。過度完美主義給了我了一份『幸福』，但那是錯誤的方向。因為在追求理想的過程中，我也失去了一份真實的我。,是,O,O,O,O,O,O,34
931,這種無聊的感覺，像是身穿一件太大的外套，無法排除，但也不知道摘掉它。過度完美主義給了我了一份『幸福』，但那是錯誤的方向。因為在追求理想的過程中，我也失去了一份真實的我。,錯誤,O,O,O,O,O,O,35
931,這種無聊的感覺，像是身穿一件太大的外套，無法排除，但也不知道摘掉它。過度完美主義給了我了一份『幸福』，但那是錯誤的方向。因為在追求理想的過程中，我也失去了一份真實的我。,的,O,O,O,O,O,O,36
931,這種無聊的感覺，像是身穿一件太大的外套，無法排除，但也不知道摘掉它。過度完美主義給了我了一份『幸福』，但那是錯誤的方向。因為在追求理想的過程中，我也失去了一份真實的我。,方向,O,O,O,O,O,O,37
931,這種無聊的感覺，像是身穿一件太大的外套，無法排除，但也不知道摘掉它。過度完美主義給了我了一份『幸福』，但那是錯誤的方向。因為在追求理想的過程中，我也失去了一份真實的我。,。,O,O,O,O,O,O,38
931,這種無聊的感覺，像是身穿一件太大的外套，無法排除，但也不知道摘掉它。過度完美主義給了我了一份『幸福』，但那是錯誤的方向。因為在追求理想的過程中，我也失去了一份真實的我。,因為,O,O,O,O,O,O,39
931,這種無聊的感覺，像是身穿一件太大的外套，無法排除，但也不知道摘掉它。過度完美主義給了我了一份『幸福』，但那是錯誤的方向。因為在追求理想的過程中，我也失去了一份真實的我。,在,O,O,O,O,O,O,40
931,這種無聊的感覺，像是身穿一件太大的外套，無法排除，但也不知道摘掉它。過度完美主義給了我了一份『幸福』，但那是錯誤的方向。因為在追求理想的過程中，我也失去了一份真實的我。,追求,O,O,O,O,O,O,41
931,這種無聊的感覺，像是身穿一件太大的外套，無法排除，但也不知道摘掉它。過度完美主義給了我了一份『幸福』，但那是錯誤的方向。因為在追求理想的過程中，我也失去了一份真實的我。,理想,O,O,O,O,O,O,42
931,這種無聊的感覺，像是身穿一件太大的外套，無法排除，但也不知道摘掉它。過度完美主義給了我了一份『幸福』，但那是錯誤的方向。因為在追求理想的過程中，我也失去了一份真實的我。,的,O,O,O,O,O,O,43
931,這種無聊的感覺，像是身穿一件太大的外套，無法排除，但也不知道摘掉它。過度完美主義給了我了一份『幸福』，但那是錯誤的方向。因為在追求理想的過程中，我也失去了一份真實的我。,過程,O,O,O,O,O,O,44
931,這種無聊的感覺，像是身穿一件太大的外套，無法排除，但也不知道摘掉它。過度完美主義給了我了一份『幸福』，但那是錯誤的方向。因為在追求理想的過程中，我也失去了一份真實的我。,中,O,O,O,O,O,O,45
931,這種無聊的感覺，像是身穿一件太大的外套，無法排除，但也不知道摘掉它。過度完美主義給了我了一份『幸福』，但那是錯誤的方向。因為在追求理想的過程中，我也失去了一份真實的我。,，,O,O,O,O,O,O,46
931,這種無聊的感覺，像是身穿一件太大的外套，無法排除，但也不知道摘掉它。過度完美主義給了我了一份『幸福』，但那是錯誤的方向。因為在追求理想的過程中，我也失去了一份真實的我。,我,O,O,O,O,O,O,47
931,這種無聊的感覺，像是身穿一件太大的外套，無法排除，但也不知道摘掉它。過度完美主義給了我了一份『幸福』，但那是錯誤的方向。因為在追求理想的過程中，我也失去了一份真實的我。,也,O,O,O,O,O,O,48
931,這種無聊的感覺，像是身穿一件太大的外套，無法排除，但也不知道摘掉它。過度完美主義給了我了一份『幸福』，但那是錯誤的方向。因為在追求理想的過程中，我也失去了一份真實的我。,失去,B-D,B-D,B-D,B-D,B-D,B-D,49
931,這種無聊的感覺，像是身穿一件太大的外套，無法排除，但也不知道摘掉它。過度完美主義給了我了一份『幸福』，但那是錯誤的方向。因為在追求理想的過程中，我也失去了一份真實的我。,了,M-D,M-D,M-D,M-D,M-D,M-D,50
931,這種無聊的感覺，像是身穿一件太大的外套，無法排除，但也不知道摘掉它。過度完美主義給了我了一份『幸福』，但那是錯誤的方向。因為在追求理想的過程中，我也失去了一份真實的我。,一份,E-D,E-D,E-D,E-D,E-D,E-D,51
931,這種無聊的感覺，像是身穿一件太大的外套，無法排除，但也不知道摘掉它。過度完美主義給了我了一份『幸福』，但那是錯誤的方向。因為在追求理想的過程中，我也失去了一份真實的我。,真實,O,O,O,O,O,O,52
931,這種無聊的感覺，像是身穿一件太大的外套，無法排除，但也不知道摘掉它。過度完美主義給了我了一份『幸福』，但那是錯誤的方向。因為在追求理想的過程中，我也失去了一份真實的我。,的,O,O,O,O,O,O,53
931,這種無聊的感覺，像是身穿一件太大的外套，無法排除，但也不知道摘掉它。過度完美主義給了我了一份『幸福』，但那是錯誤的方向。因為在追求理想的過程中，我也失去了一份真實的我。,我,O,O,O,O,O,O,54
931,這種無聊的感覺，像是身穿一件太大的外套，無法排除，但也不知道摘掉它。過度完美主義給了我了一份『幸福』，但那是錯誤的方向。因為在追求理想的過程中，我也失去了一份真實的我。,。,O,O,O,O,O,O,55
932,每天似乎都是一種鬆散感 什麼是這種鬆散感？我還沒有得知 .,每天,O,O,O,O,O,O,1
932,每天似乎都是一種鬆散感 什麼是這種鬆散感？我還沒有得知 .,似乎,O,O,O,O,O,O,2
932,每天似乎都是一種鬆散感 什麼是這種鬆散感？我還沒有得知 .,都,O,O,O,O,O,O,3
932,每天似乎都是一種鬆散感 什麼是這種鬆散感？我還沒有得知 .,是,O,O,O,O,O,O,4
932,每天似乎都是一種鬆散感 什麼是這種鬆散感？我還沒有得知 .,一種,O,O,O,O,O,O,5
932,每天似乎都是一種鬆散感 什麼是這種鬆散感？我還沒有得知 .,鬆散感,S-D,S-D,S-D,S-D,S-D,S-D,6
932,每天似乎都是一種鬆散感 什麼是這種鬆散感？我還沒有得知 .,？,O,O,O,O,O,O,7
932,每天似乎都是一種鬆散感 什麼是這種鬆散感？我還沒有得知 .,我,O,O,O,O,O,O,8
932,每天似乎都是一種鬆散感 什麼是這種鬆散感？我還沒有得知 .,還,O,O,O,O,O,O,9
932,每天似乎都是一種鬆散感 什麼是這種鬆散感？我還沒有得知 .,沒有,O,O,O,O,O,O,10
932,每天似乎都是一種鬆散感 什麼是這種鬆散感？我還沒有得知 .,得知,O,O,O,O,O,O,11
932,每天似乎都是一種鬆散感 什麼是這種鬆散感？我還沒有得知 .,.,O,O,O,O,O,O,12
933,每次我面對困難，似乎都能感受到什麼？不是自信，我是失去了一個朋友；不是失去，我是把一個好朋友變成一個無關緊要的人。挑戰。,每次,O,O,O,O,O,O,1
933,每次我面對困難，似乎都能感受到什麼？不是自信，我是失去了一個朋友；不是失去，我是把一個好朋友變成一個無關緊要的人。挑戰。,我,O,O,O,O,O,O,2
933,每次我面對困難，似乎都能感受到什麼？不是自信，我是失去了一個朋友；不是失去，我是把一個好朋友變成一個無關緊要的人。挑戰。,面對,O,O,O,O,O,O,3
933,每次我面對困難，似乎都能感受到什麼？不是自信，我是失去了一個朋友；不是失去，我是把一個好朋友變成一個無關緊要的人。挑戰。,困難,O,O,O,O,O,O,4
933,每次我面對困難，似乎都能感受到什麼？不是自信，我是失去了一個朋友；不是失去，我是把一個好朋友變成一個無關緊要的人。挑戰。,，,O,O,O,O,O,O,5
933,每次我面對困難，似乎都能感受到什麼？不是自信，我是失去了一個朋友；不是失去，我是把一個好朋友變成一個無關緊要的人。挑戰。,似乎,O,O,O,O,O,O,6
933,每次我面對困難，似乎都能感受到什麼？不是自信，我是失去了一個朋友；不是失去，我是把一個好朋友變成一個無關緊要的人。挑戰。,都,O,O,O,O,O,O,7
933,每次我面對困難，似乎都能感受到什麼？不是自信，我是失去了一個朋友；不是失去，我是把一個好朋友變成一個無關緊要的人。挑戰。,能,O,O,O,O,O,O,8
933,每次我面對困難，似乎都能感受到什麼？不是自信，我是失去了一個朋友；不是失去，我是把一個好朋友變成一個無關緊要的人。挑戰。,感受到,O,O,O,O,O,O,9
933,每次我面對困難，似乎都能感受到什麼？不是自信，我是失去了一個朋友；不是失去，我是把一個好朋友變成一個無關緊要的人。挑戰。,什麼,O,O,O,O,O,O,10
933,每次我面對困難，似乎都能感受到什麼？不是自信，我是失去了一個朋友；不是失去，我是把一個好朋友變成一個無關緊要的人。挑戰。,？,O,O,O,O,O,O,11
933,每次我面對困難，似乎都能感受到什麼？不是自信，我是失去了一個朋友；不是失去，我是把一個好朋友變成一個無關緊要的人。挑戰。,不是,O,O,O,O,O,O,12
933,每次我面對困難，似乎都能感受到什麼？不是自信，我是失去了一個朋友；不是失去，我是把一個好朋友變成一個無關緊要的人。挑戰。,自信,O,O,O,O,O,O,13
933,每次我面對困難，似乎都能感受到什麼？不是自信，我是失去了一個朋友；不是失去，我是把一個好朋友變成一個無關緊要的人。挑戰。,，,O,O,O,O,O,O,14
933,每次我面對困難，似乎都能感受到什麼？不是自信，我是失去了一個朋友；不是失去，我是把一個好朋友變成一個無關緊要的人。挑戰。,我,O,O,O,O,O,O,15
933,每次我面對困難，似乎都能感受到什麼？不是自信，我是失去了一個朋友；不是失去，我是把一個好朋友變成一個無關緊要的人。挑戰。,是,O,O,O,O,O,O,16
933,每次我面對困難，似乎都能感受到什麼？不是自信，我是失去了一個朋友；不是失去，我是把一個好朋友變成一個無關緊要的人。挑戰。,失去,B-W,B-W,B-W,B-W,B-W,B-W,17
933,每次我面對困難，似乎都能感受到什麼？不是自信，我是失去了一個朋友；不是失去，我是把一個好朋友變成一個無關緊要的人。挑戰。,了,M-W,M-W,M-W,M-W,M-W,M-W,18
933,每次我面對困難，似乎都能感受到什麼？不是自信，我是失去了一個朋友；不是失去，我是把一個好朋友變成一個無關緊要的人。挑戰。,一個,O,O,O,O,O,O,19
933,每次我面對困難，似乎都能感受到什麼？不是自信，我是失去了一個朋友；不是失去，我是把一個好朋友變成一個無關緊要的人。挑戰。,朋友,E-W,E-W,E-W,E-W,E-W,E-W,20
933,每次我面對困難，似乎都能感受到什麼？不是自信，我是失去了一個朋友；不是失去，我是把一個好朋友變成一個無關緊要的人。挑戰。,；,O,O,O,O,O,O,21
933,每次我面對困難，似乎都能感受到什麼？不是自信，我是失去了一個朋友；不是失去，我是把一個好朋友變成一個無關緊要的人。挑戰。,不是,O,O,O,O,O,O,22
933,每次我面對困難，似乎都能感受到什麼？不是自信，我是失去了一個朋友；不是失去，我是把一個好朋友變成一個無關緊要的人。挑戰。,失去,O,O,O,O,O,O,23
933,每次我面對困難，似乎都能感受到什麼？不是自信，我是失去了一個朋友；不是失去，我是把一個好朋友變成一個無關緊要的人。挑戰。,，,O,O,O,O,O,O,24
933,每次我面對困難，似乎都能感受到什麼？不是自信，我是失去了一個朋友；不是失去，我是把一個好朋友變成一個無關緊要的人。挑戰。,我,O,O,O,O,O,O,25
933,每次我面對困難，似乎都能感受到什麼？不是自信，我是失去了一個朋友；不是失去，我是把一個好朋友變成一個無關緊要的人。挑戰。,是,O,O,O,O,O,O,26
933,每次我面對困難，似乎都能感受到什麼？不是自信，我是失去了一個朋友；不是失去，我是把一個好朋友變成一個無關緊要的人。挑戰。,把,O,O,O,O,O,O,27
933,每次我面對困難，似乎都能感受到什麼？不是自信，我是失去了一個朋友；不是失去，我是把一個好朋友變成一個無關緊要的人。挑戰。,一個,O,O,O,O,O,O,28
933,每次我面對困難，似乎都能感受到什麼？不是自信，我是失去了一個朋友；不是失去，我是把一個好朋友變成一個無關緊要的人。挑戰。,好朋友,O,O,O,O,O,O,29
933,每次我面對困難，似乎都能感受到什麼？不是自信，我是失去了一個朋友；不是失去，我是把一個好朋友變成一個無關緊要的人。挑戰。,變成,O,O,O,O,O,O,30
933,每次我面對困難，似乎都能感受到什麼？不是自信，我是失去了一個朋友；不是失去，我是把一個好朋友變成一個無關緊要的人。挑戰。,一個,O,O,O,O,O,O,31
933,每次我面對困難，似乎都能感受到什麼？不是自信，我是失去了一個朋友；不是失去，我是把一個好朋友變成一個無關緊要的人。挑戰。,無關緊要,O,O,O,O,O,O,32
933,每次我面對困難，似乎都能感受到什麼？不是自信，我是失去了一個朋友；不是失去，我是把一個好朋友變成一個無關緊要的人。挑戰。,的人,O,O,O,O,O,O,33
933,每次我面對困難，似乎都能感受到什麼？不是自信，我是失去了一個朋友；不是失去，我是把一個好朋友變成一個無關緊要的人。挑戰。,。,O,O,O,O,O,O,34
933,每次我面對困難，似乎都能感受到什麼？不是自信，我是失去了一個朋友；不是失去，我是把一個好朋友變成一個無關緊要的人。挑戰。,挑戰,O,O,O,O,O,O,35
933,每次我面對困難，似乎都能感受到什麼？不是自信，我是失去了一個朋友；不是失去，我是把一個好朋友變成一個無關緊要的人。挑戰。,。,O,O,O,缺失預測,O,O,36
934,我最近一次小失誤後，就陷入了不少不易克服的沮喪。看著這個「小小的」失誤，我心想：我在這裡做得不好？是我的努力不夠？ 當我在面對問題時，會感到自己無法應對，無法有效解決。什麼樣的問題都讓我感到自責和無能為力的感覺。我開始覺得自己不是很好,我,O,O,O,O,O,O,1
934,我最近一次小失誤後，就陷入了不少不易克服的沮喪。看著這個「小小的」失誤，我心想：我在這裡做得不好？是我的努力不夠？ 當我在面對問題時，會感到自己無法應對，無法有效解決。什麼樣的問題都讓我感到自責和無能為力的感覺。我開始覺得自己不是很好,最近,O,O,O,O,O,O,2
934,我最近一次小失誤後，就陷入了不少不易克服的沮喪。看著這個「小小的」失誤，我心想：我在這裡做得不好？是我的努力不夠？ 當我在面對問題時，會感到自己無法應對，無法有效解決。什麼樣的問題都讓我感到自責和無能為力的感覺。我開始覺得自己不是很好,一次,O,O,O,O,O,O,3
934,我最近一次小失誤後，就陷入了不少不易克服的沮喪。看著這個「小小的」失誤，我心想：我在這裡做得不好？是我的努力不夠？ 當我在面對問題時，會感到自己無法應對，無法有效解決。什麼樣的問題都讓我感到自責和無能為力的感覺。我開始覺得自己不是很好,小,O,O,O,O,O,O,4
934,我最近一次小失誤後，就陷入了不少不易克服的沮喪。看著這個「小小的」失誤，我心想：我在這裡做得不好？是我的努力不夠？ 當我在面對問題時，會感到自己無法應對，無法有效解決。什麼樣的問題都讓我感到自責和無能為力的感覺。我開始覺得自己不是很好,失誤,O,O,O,O,O,O,5
934,我最近一次小失誤後，就陷入了不少不易克服的沮喪。看著這個「小小的」失誤，我心想：我在這裡做得不好？是我的努力不夠？ 當我在面對問題時，會感到自己無法應對，無法有效解決。什麼樣的問題都讓我感到自責和無能為力的感覺。我開始覺得自己不是很好,後,O,O,O,O,O,O,6
934,我最近一次小失誤後，就陷入了不少不易克服的沮喪。看著這個「小小的」失誤，我心想：我在這裡做得不好？是我的努力不夠？ 當我在面對問題時，會感到自己無法應對，無法有效解決。什麼樣的問題都讓我感到自責和無能為力的感覺。我開始覺得自己不是很好,，,O,O,O,O,O,O,7
934,我最近一次小失誤後，就陷入了不少不易克服的沮喪。看著這個「小小的」失誤，我心想：我在這裡做得不好？是我的努力不夠？ 當我在面對問題時，會感到自己無法應對，無法有效解決。什麼樣的問題都讓我感到自責和無能為力的感覺。我開始覺得自己不是很好,就,O,O,O,O,O,O,8
934,我最近一次小失誤後，就陷入了不少不易克服的沮喪。看著這個「小小的」失誤，我心想：我在這裡做得不好？是我的努力不夠？ 當我在面對問題時，會感到自己無法應對，無法有效解決。什麼樣的問題都讓我感到自責和無能為力的感覺。我開始覺得自己不是很好,陷入,O,O,O,O,O,O,9
934,我最近一次小失誤後，就陷入了不少不易克服的沮喪。看著這個「小小的」失誤，我心想：我在這裡做得不好？是我的努力不夠？ 當我在面對問題時，會感到自己無法應對，無法有效解決。什麼樣的問題都讓我感到自責和無能為力的感覺。我開始覺得自己不是很好,了,O,O,O,O,O,O,10
934,我最近一次小失誤後，就陷入了不少不易克服的沮喪。看著這個「小小的」失誤，我心想：我在這裡做得不好？是我的努力不夠？ 當我在面對問題時，會感到自己無法應對，無法有效解決。什麼樣的問題都讓我感到自責和無能為力的感覺。我開始覺得自己不是很好,不少,O,O,O,O,O,O,11
934,我最近一次小失誤後，就陷入了不少不易克服的沮喪。看著這個「小小的」失誤，我心想：我在這裡做得不好？是我的努力不夠？ 當我在面對問題時，會感到自己無法應對，無法有效解決。什麼樣的問題都讓我感到自責和無能為力的感覺。我開始覺得自己不是很好,不易,O,O,O,O,O,O,12
934,我最近一次小失誤後，就陷入了不少不易克服的沮喪。看著這個「小小的」失誤，我心想：我在這裡做得不好？是我的努力不夠？ 當我在面對問題時，會感到自己無法應對，無法有效解決。什麼樣的問題都讓我感到自責和無能為力的感覺。我開始覺得自己不是很好,克服,O,O,O,O,O,O,13
934,我最近一次小失誤後，就陷入了不少不易克服的沮喪。看著這個「小小的」失誤，我心想：我在這裡做得不好？是我的努力不夠？ 當我在面對問題時，會感到自己無法應對，無法有效解決。什麼樣的問題都讓我感到自責和無能為力的感覺。我開始覺得自己不是很好,的,O,O,O,O,O,O,14
934,我最近一次小失誤後，就陷入了不少不易克服的沮喪。看著這個「小小的」失誤，我心想：我在這裡做得不好？是我的努力不夠？ 當我在面對問題時，會感到自己無法應對，無法有效解決。什麼樣的問題都讓我感到自責和無能為力的感覺。我開始覺得自己不是很好,沮喪,S-D,S-D,S-D,S-D,S-D,S-D,15
934,我最近一次小失誤後，就陷入了不少不易克服的沮喪。看著這個「小小的」失誤，我心想：我在這裡做得不好？是我的努力不夠？ 當我在面對問題時，會感到自己無法應對，無法有效解決。什麼樣的問題都讓我感到自責和無能為力的感覺。我開始覺得自己不是很好,。,O,O,O,O,O,O,16
934,我最近一次小失誤後，就陷入了不少不易克服的沮喪。看著這個「小小的」失誤，我心想：我在這裡做得不好？是我的努力不夠？ 當我在面對問題時，會感到自己無法應對，無法有效解決。什麼樣的問題都讓我感到自責和無能為力的感覺。我開始覺得自己不是很好,看著,O,O,O,O,O,O,17
934,我最近一次小失誤後，就陷入了不少不易克服的沮喪。看著這個「小小的」失誤，我心想：我在這裡做得不好？是我的努力不夠？ 當我在面對問題時，會感到自己無法應對，無法有效解決。什麼樣的問題都讓我感到自責和無能為力的感覺。我開始覺得自己不是很好,這個,O,O,O,O,O,O,18
934,我最近一次小失誤後，就陷入了不少不易克服的沮喪。看著這個「小小的」失誤，我心想：我在這裡做得不好？是我的努力不夠？ 當我在面對問題時，會感到自己無法應對，無法有效解決。什麼樣的問題都讓我感到自責和無能為力的感覺。我開始覺得自己不是很好,「,O,O,O,O,O,O,19
934,我最近一次小失誤後，就陷入了不少不易克服的沮喪。看著這個「小小的」失誤，我心想：我在這裡做得不好？是我的努力不夠？ 當我在面對問題時，會感到自己無法應對，無法有效解決。什麼樣的問題都讓我感到自責和無能為力的感覺。我開始覺得自己不是很好,小小,O,O,O,O,O,O,20
934,我最近一次小失誤後，就陷入了不少不易克服的沮喪。看著這個「小小的」失誤，我心想：我在這裡做得不好？是我的努力不夠？ 當我在面對問題時，會感到自己無法應對，無法有效解決。什麼樣的問題都讓我感到自責和無能為力的感覺。我開始覺得自己不是很好,的,O,O,O,O,O,O,21
934,我最近一次小失誤後，就陷入了不少不易克服的沮喪。看著這個「小小的」失誤，我心想：我在這裡做得不好？是我的努力不夠？ 當我在面對問題時，會感到自己無法應對，無法有效解決。什麼樣的問題都讓我感到自責和無能為力的感覺。我開始覺得自己不是很好,」,O,O,O,O,O,O,22
934,我最近一次小失誤後，就陷入了不少不易克服的沮喪。看著這個「小小的」失誤，我心想：我在這裡做得不好？是我的努力不夠？ 當我在面對問題時，會感到自己無法應對，無法有效解決。什麼樣的問題都讓我感到自責和無能為力的感覺。我開始覺得自己不是很好,失誤,O,O,O,O,O,O,23
934,我最近一次小失誤後，就陷入了不少不易克服的沮喪。看著這個「小小的」失誤，我心想：我在這裡做得不好？是我的努力不夠？ 當我在面對問題時，會感到自己無法應對，無法有效解決。什麼樣的問題都讓我感到自責和無能為力的感覺。我開始覺得自己不是很好,，,O,O,O,O,O,O,24
934,我最近一次小失誤後，就陷入了不少不易克服的沮喪。看著這個「小小的」失誤，我心想：我在這裡做得不好？是我的努力不夠？ 當我在面對問題時，會感到自己無法應對，無法有效解決。什麼樣的問題都讓我感到自責和無能為力的感覺。我開始覺得自己不是很好,我,O,O,O,O,O,O,25
934,我最近一次小失誤後，就陷入了不少不易克服的沮喪。看著這個「小小的」失誤，我心想：我在這裡做得不好？是我的努力不夠？ 當我在面對問題時，會感到自己無法應對，無法有效解決。什麼樣的問題都讓我感到自責和無能為力的感覺。我開始覺得自己不是很好,心想,O,O,O,O,O,O,26
934,我最近一次小失誤後，就陷入了不少不易克服的沮喪。看著這個「小小的」失誤，我心想：我在這裡做得不好？是我的努力不夠？ 當我在面對問題時，會感到自己無法應對，無法有效解決。什麼樣的問題都讓我感到自責和無能為力的感覺。我開始覺得自己不是很好,：,O,O,O,O,O,O,27
934,我最近一次小失誤後，就陷入了不少不易克服的沮喪。看著這個「小小的」失誤，我心想：我在這裡做得不好？是我的努力不夠？ 當我在面對問題時，會感到自己無法應對，無法有效解決。什麼樣的問題都讓我感到自責和無能為力的感覺。我開始覺得自己不是很好,我,O,O,O,O,O,O,28
934,我最近一次小失誤後，就陷入了不少不易克服的沮喪。看著這個「小小的」失誤，我心想：我在這裡做得不好？是我的努力不夠？ 當我在面對問題時，會感到自己無法應對，無法有效解決。什麼樣的問題都讓我感到自責和無能為力的感覺。我開始覺得自己不是很好,在,O,O,O,O,O,O,29
934,我最近一次小失誤後，就陷入了不少不易克服的沮喪。看著這個「小小的」失誤，我心想：我在這裡做得不好？是我的努力不夠？ 當我在面對問題時，會感到自己無法應對，無法有效解決。什麼樣的問題都讓我感到自責和無能為力的感覺。我開始覺得自己不是很好,這裡,O,O,O,O,O,O,30
934,我最近一次小失誤後，就陷入了不少不易克服的沮喪。看著這個「小小的」失誤，我心想：我在這裡做得不好？是我的努力不夠？ 當我在面對問題時，會感到自己無法應對，無法有效解決。什麼樣的問題都讓我感到自責和無能為力的感覺。我開始覺得自己不是很好,做得,B-W,O,O,O,O,S-W,31
934,我最近一次小失誤後，就陷入了不少不易克服的沮喪。看著這個「小小的」失誤，我心想：我在這裡做得不好？是我的努力不夠？ 當我在面對問題時，會感到自己無法應對，無法有效解決。什麼樣的問題都讓我感到自責和無能為力的感覺。我開始覺得自己不是很好,不好,E-W,S-W,S-W,S-W,S-W,O,32
934,我最近一次小失誤後，就陷入了不少不易克服的沮喪。看著這個「小小的」失誤，我心想：我在這裡做得不好？是我的努力不夠？ 當我在面對問題時，會感到自己無法應對，無法有效解決。什麼樣的問題都讓我感到自責和無能為力的感覺。我開始覺得自己不是很好,？,O,O,O,O,O,O,33
934,我最近一次小失誤後，就陷入了不少不易克服的沮喪。看著這個「小小的」失誤，我心想：我在這裡做得不好？是我的努力不夠？ 當我在面對問題時，會感到自己無法應對，無法有效解決。什麼樣的問題都讓我感到自責和無能為力的感覺。我開始覺得自己不是很好,是,O,O,O,O,O,O,34
934,我最近一次小失誤後，就陷入了不少不易克服的沮喪。看著這個「小小的」失誤，我心想：我在這裡做得不好？是我的努力不夠？ 當我在面對問題時，會感到自己無法應對，無法有效解決。什麼樣的問題都讓我感到自責和無能為力的感覺。我開始覺得自己不是很好,我,O,O,O,O,O,O,35
934,我最近一次小失誤後，就陷入了不少不易克服的沮喪。看著這個「小小的」失誤，我心想：我在這裡做得不好？是我的努力不夠？ 當我在面對問題時，會感到自己無法應對，無法有效解決。什麼樣的問題都讓我感到自責和無能為力的感覺。我開始覺得自己不是很好,的,O,O,O,O,O,O,36
934,我最近一次小失誤後，就陷入了不少不易克服的沮喪。看著這個「小小的」失誤，我心想：我在這裡做得不好？是我的努力不夠？ 當我在面對問題時，會感到自己無法應對，無法有效解決。什麼樣的問題都讓我感到自責和無能為力的感覺。我開始覺得自己不是很好,努力,B-W,O,O,O,O,S-W,37
934,我最近一次小失誤後，就陷入了不少不易克服的沮喪。看著這個「小小的」失誤，我心想：我在這裡做得不好？是我的努力不夠？ 當我在面對問題時，會感到自己無法應對，無法有效解決。什麼樣的問題都讓我感到自責和無能為力的感覺。我開始覺得自己不是很好,不夠,E-W,S-W,S-W,S-W,S-W,O,38
934,我最近一次小失誤後，就陷入了不少不易克服的沮喪。看著這個「小小的」失誤，我心想：我在這裡做得不好？是我的努力不夠？ 當我在面對問題時，會感到自己無法應對，無法有效解決。什麼樣的問題都讓我感到自責和無能為力的感覺。我開始覺得自己不是很好,？,O,O,O,O,O,O,39
934,我最近一次小失誤後，就陷入了不少不易克服的沮喪。看著這個「小小的」失誤，我心想：我在這裡做得不好？是我的努力不夠？ 當我在面對問題時，會感到自己無法應對，無法有效解決。什麼樣的問題都讓我感到自責和無能為力的感覺。我開始覺得自己不是很好,當,O,O,O,O,O,O,40
934,我最近一次小失誤後，就陷入了不少不易克服的沮喪。看著這個「小小的」失誤，我心想：我在這裡做得不好？是我的努力不夠？ 當我在面對問題時，會感到自己無法應對，無法有效解決。什麼樣的問題都讓我感到自責和無能為力的感覺。我開始覺得自己不是很好,我,O,O,O,O,O,O,41
934,我最近一次小失誤後，就陷入了不少不易克服的沮喪。看著這個「小小的」失誤，我心想：我在這裡做得不好？是我的努力不夠？ 當我在面對問題時，會感到自己無法應對，無法有效解決。什麼樣的問題都讓我感到自責和無能為力的感覺。我開始覺得自己不是很好,在,O,O,O,O,O,O,42
934,我最近一次小失誤後，就陷入了不少不易克服的沮喪。看著這個「小小的」失誤，我心想：我在這裡做得不好？是我的努力不夠？ 當我在面對問題時，會感到自己無法應對，無法有效解決。什麼樣的問題都讓我感到自責和無能為力的感覺。我開始覺得自己不是很好,面對,O,O,O,O,O,O,43
934,我最近一次小失誤後，就陷入了不少不易克服的沮喪。看著這個「小小的」失誤，我心想：我在這裡做得不好？是我的努力不夠？ 當我在面對問題時，會感到自己無法應對，無法有效解決。什麼樣的問題都讓我感到自責和無能為力的感覺。我開始覺得自己不是很好,問題,O,O,O,O,O,O,44
934,我最近一次小失誤後，就陷入了不少不易克服的沮喪。看著這個「小小的」失誤，我心想：我在這裡做得不好？是我的努力不夠？ 當我在面對問題時，會感到自己無法應對，無法有效解決。什麼樣的問題都讓我感到自責和無能為力的感覺。我開始覺得自己不是很好,時,O,O,O,O,O,O,45
934,我最近一次小失誤後，就陷入了不少不易克服的沮喪。看著這個「小小的」失誤，我心想：我在這裡做得不好？是我的努力不夠？ 當我在面對問題時，會感到自己無法應對，無法有效解決。什麼樣的問題都讓我感到自責和無能為力的感覺。我開始覺得自己不是很好,，,O,O,O,O,O,O,46
934,我最近一次小失誤後，就陷入了不少不易克服的沮喪。看著這個「小小的」失誤，我心想：我在這裡做得不好？是我的努力不夠？ 當我在面對問題時，會感到自己無法應對，無法有效解決。什麼樣的問題都讓我感到自責和無能為力的感覺。我開始覺得自己不是很好,會,O,O,O,O,O,O,47
934,我最近一次小失誤後，就陷入了不少不易克服的沮喪。看著這個「小小的」失誤，我心想：我在這裡做得不好？是我的努力不夠？ 當我在面對問題時，會感到自己無法應對，無法有效解決。什麼樣的問題都讓我感到自責和無能為力的感覺。我開始覺得自己不是很好,感到,O,O,O,O,O,O,48
934,我最近一次小失誤後，就陷入了不少不易克服的沮喪。看著這個「小小的」失誤，我心想：我在這裡做得不好？是我的努力不夠？ 當我在面對問題時，會感到自己無法應對，無法有效解決。什麼樣的問題都讓我感到自責和無能為力的感覺。我開始覺得自己不是很好,自己,O,O,O,O,O,B-W,49
934,我最近一次小失誤後，就陷入了不少不易克服的沮喪。看著這個「小小的」失誤，我心想：我在這裡做得不好？是我的努力不夠？ 當我在面對問題時，會感到自己無法應對，無法有效解決。什麼樣的問題都讓我感到自責和無能為力的感覺。我開始覺得自己不是很好,無法,O,B-W,B-W,B-W,B-W,E-W,50
934,我最近一次小失誤後，就陷入了不少不易克服的沮喪。看著這個「小小的」失誤，我心想：我在這裡做得不好？是我的努力不夠？ 當我在面對問題時，會感到自己無法應對，無法有效解決。什麼樣的問題都讓我感到自責和無能為力的感覺。我開始覺得自己不是很好,應對,O,E-W,E-W,E-W,E-W,O,51
934,我最近一次小失誤後，就陷入了不少不易克服的沮喪。看著這個「小小的」失誤，我心想：我在這裡做得不好？是我的努力不夠？ 當我在面對問題時，會感到自己無法應對，無法有效解決。什麼樣的問題都讓我感到自責和無能為力的感覺。我開始覺得自己不是很好,，,O,O,O,O,O,B-W,52
934,我最近一次小失誤後，就陷入了不少不易克服的沮喪。看著這個「小小的」失誤，我心想：我在這裡做得不好？是我的努力不夠？ 當我在面對問題時，會感到自己無法應對，無法有效解決。什麼樣的問題都讓我感到自責和無能為力的感覺。我開始覺得自己不是很好,無法,O,B-W,B-W,B-W,B-W,M-W,53
934,我最近一次小失誤後，就陷入了不少不易克服的沮喪。看著這個「小小的」失誤，我心想：我在這裡做得不好？是我的努力不夠？ 當我在面對問題時，會感到自己無法應對，無法有效解決。什麼樣的問題都讓我感到自責和無能為力的感覺。我開始覺得自己不是很好,有效,O,M-W,M-W,M-W,E-W,E-W,54
934,我最近一次小失誤後，就陷入了不少不易克服的沮喪。看著這個「小小的」失誤，我心想：我在這裡做得不好？是我的努力不夠？ 當我在面對問題時，會感到自己無法應對，無法有效解決。什麼樣的問題都讓我感到自責和無能為力的感覺。我開始覺得自己不是很好,解決,O,E-W,E-W,E-W,O,O,55
934,我最近一次小失誤後，就陷入了不少不易克服的沮喪。看著這個「小小的」失誤，我心想：我在這裡做得不好？是我的努力不夠？ 當我在面對問題時，會感到自己無法應對，無法有效解決。什麼樣的問題都讓我感到自責和無能為力的感覺。我開始覺得自己不是很好,。,O,O,O,O,O,O,56
934,我最近一次小失誤後，就陷入了不少不易克服的沮喪。看著這個「小小的」失誤，我心想：我在這裡做得不好？是我的努力不夠？ 當我在面對問題時，會感到自己無法應對，無法有效解決。什麼樣的問題都讓我感到自責和無能為力的感覺。我開始覺得自己不是很好,什麼樣,O,O,O,O,O,O,57
934,我最近一次小失誤後，就陷入了不少不易克服的沮喪。看著這個「小小的」失誤，我心想：我在這裡做得不好？是我的努力不夠？ 當我在面對問題時，會感到自己無法應對，無法有效解決。什麼樣的問題都讓我感到自責和無能為力的感覺。我開始覺得自己不是很好,的,O,O,O,O,O,O,58
934,我最近一次小失誤後，就陷入了不少不易克服的沮喪。看著這個「小小的」失誤，我心想：我在這裡做得不好？是我的努力不夠？ 當我在面對問題時，會感到自己無法應對，無法有效解決。什麼樣的問題都讓我感到自責和無能為力的感覺。我開始覺得自己不是很好,問題,O,O,O,O,O,O,59
934,我最近一次小失誤後，就陷入了不少不易克服的沮喪。看著這個「小小的」失誤，我心想：我在這裡做得不好？是我的努力不夠？ 當我在面對問題時，會感到自己無法應對，無法有效解決。什麼樣的問題都讓我感到自責和無能為力的感覺。我開始覺得自己不是很好,都,O,O,O,O,O,O,60
934,我最近一次小失誤後，就陷入了不少不易克服的沮喪。看著這個「小小的」失誤，我心想：我在這裡做得不好？是我的努力不夠？ 當我在面對問題時，會感到自己無法應對，無法有效解決。什麼樣的問題都讓我感到自責和無能為力的感覺。我開始覺得自己不是很好,讓,O,O,O,O,O,O,61
934,我最近一次小失誤後，就陷入了不少不易克服的沮喪。看著這個「小小的」失誤，我心想：我在這裡做得不好？是我的努力不夠？ 當我在面對問題時，會感到自己無法應對，無法有效解決。什麼樣的問題都讓我感到自責和無能為力的感覺。我開始覺得自己不是很好,我,O,O,O,O,O,O,62
934,我最近一次小失誤後，就陷入了不少不易克服的沮喪。看著這個「小小的」失誤，我心想：我在這裡做得不好？是我的努力不夠？ 當我在面對問題時，會感到自己無法應對，無法有效解決。什麼樣的問題都讓我感到自責和無能為力的感覺。我開始覺得自己不是很好,感到,O,O,O,O,O,S-W,63
934,我最近一次小失誤後，就陷入了不少不易克服的沮喪。看著這個「小小的」失誤，我心想：我在這裡做得不好？是我的努力不夠？ 當我在面對問題時，會感到自己無法應對，無法有效解決。什麼樣的問題都讓我感到自責和無能為力的感覺。我開始覺得自己不是很好,自責,S-W,S-W,S-W,S-W,S-W,O,64
934,我最近一次小失誤後，就陷入了不少不易克服的沮喪。看著這個「小小的」失誤，我心想：我在這裡做得不好？是我的努力不夠？ 當我在面對問題時，會感到自己無法應對，無法有效解決。什麼樣的問題都讓我感到自責和無能為力的感覺。我開始覺得自己不是很好,和,O,O,O,O,O,S-W,65
934,我最近一次小失誤後，就陷入了不少不易克服的沮喪。看著這個「小小的」失誤，我心想：我在這裡做得不好？是我的努力不夠？ 當我在面對問題時，會感到自己無法應對，無法有效解決。什麼樣的問題都讓我感到自責和無能為力的感覺。我開始覺得自己不是很好,無能為力,S-W,S-W,S-W,S-W,S-W,O,66
934,我最近一次小失誤後，就陷入了不少不易克服的沮喪。看著這個「小小的」失誤，我心想：我在這裡做得不好？是我的努力不夠？ 當我在面對問題時，會感到自己無法應對，無法有效解決。什麼樣的問題都讓我感到自責和無能為力的感覺。我開始覺得自己不是很好,的,O,O,O,O,O,O,67
934,我最近一次小失誤後，就陷入了不少不易克服的沮喪。看著這個「小小的」失誤，我心想：我在這裡做得不好？是我的努力不夠？ 當我在面對問題時，會感到自己無法應對，無法有效解決。什麼樣的問題都讓我感到自責和無能為力的感覺。我開始覺得自己不是很好,感覺,O,O,O,O,O,O,68
934,我最近一次小失誤後，就陷入了不少不易克服的沮喪。看著這個「小小的」失誤，我心想：我在這裡做得不好？是我的努力不夠？ 當我在面對問題時，會感到自己無法應對，無法有效解決。什麼樣的問題都讓我感到自責和無能為力的感覺。我開始覺得自己不是很好,。,O,O,O,O,O,O,69
934,我最近一次小失誤後，就陷入了不少不易克服的沮喪。看著這個「小小的」失誤，我心想：我在這裡做得不好？是我的努力不夠？ 當我在面對問題時，會感到自己無法應對，無法有效解決。什麼樣的問題都讓我感到自責和無能為力的感覺。我開始覺得自己不是很好,我,O,O,O,O,O,O,70
934,我最近一次小失誤後，就陷入了不少不易克服的沮喪。看著這個「小小的」失誤，我心想：我在這裡做得不好？是我的努力不夠？ 當我在面對問題時，會感到自己無法應對，無法有效解決。什麼樣的問題都讓我感到自責和無能為力的感覺。我開始覺得自己不是很好,開始,O,O,O,O,O,O,71
934,我最近一次小失誤後，就陷入了不少不易克服的沮喪。看著這個「小小的」失誤，我心想：我在這裡做得不好？是我的努力不夠？ 當我在面對問題時，會感到自己無法應對，無法有效解決。什麼樣的問題都讓我感到自責和無能為力的感覺。我開始覺得自己不是很好,覺得,O,O,O,O,O,O,72
934,我最近一次小失誤後，就陷入了不少不易克服的沮喪。看著這個「小小的」失誤，我心想：我在這裡做得不好？是我的努力不夠？ 當我在面對問題時，會感到自己無法應對，無法有效解決。什麼樣的問題都讓我感到自責和無能為力的感覺。我開始覺得自己不是很好,自己,O,O,O,O,O,O,73
934,我最近一次小失誤後，就陷入了不少不易克服的沮喪。看著這個「小小的」失誤，我心想：我在這裡做得不好？是我的努力不夠？ 當我在面對問題時，會感到自己無法應對，無法有效解決。什麼樣的問題都讓我感到自責和無能為力的感覺。我開始覺得自己不是很好,不是,O,O,O,O,O,S-W,74
934,我最近一次小失誤後，就陷入了不少不易克服的沮喪。看著這個「小小的」失誤，我心想：我在這裡做得不好？是我的努力不夠？ 當我在面對問題時，會感到自己無法應對，無法有效解決。什麼樣的問題都讓我感到自責和無能為力的感覺。我開始覺得自己不是很好,很好,O,S-W,S-W,S-W,S-W,O,75
934,我最近一次小失誤後，就陷入了不少不易克服的沮喪。看著這個「小小的」失誤，我心想：我在這裡做得不好？是我的努力不夠？ 當我在面對問題時，會感到自己無法應對，無法有效解決。什麼樣的問題都讓我感到自責和無能為力的感覺。我開始覺得自己不是很好,。,O,O,O,O,O,缺失預測,76
935,我在最近的幾個月，覺得自己一點點就能達到目標了，我又是一點點就達不到。整理好心情時，我發現自己內心的空虛和無望感更加深化。 壓力太大，學業壓力像是重擔著我，無法放下。,我,O,O,O,O,O,O,1
935,我在最近的幾個月，覺得自己一點點就能達到目標了，我又是一點點就達不到。整理好心情時，我發現自己內心的空虛和無望感更加深化。 壓力太大，學業壓力像是重擔著我，無法放下。,在,O,O,O,O,O,O,2
935,我在最近的幾個月，覺得自己一點點就能達到目標了，我又是一點點就達不到。整理好心情時，我發現自己內心的空虛和無望感更加深化。 壓力太大，學業壓力像是重擔著我，無法放下。,最近,O,O,O,O,O,O,3
935,我在最近的幾個月，覺得自己一點點就能達到目標了，我又是一點點就達不到。整理好心情時，我發現自己內心的空虛和無望感更加深化。 壓力太大，學業壓力像是重擔著我，無法放下。,的,O,O,O,O,O,O,4
935,我在最近的幾個月，覺得自己一點點就能達到目標了，我又是一點點就達不到。整理好心情時，我發現自己內心的空虛和無望感更加深化。 壓力太大，學業壓力像是重擔著我，無法放下。,幾個,O,O,O,O,O,O,5
935,我在最近的幾個月，覺得自己一點點就能達到目標了，我又是一點點就達不到。整理好心情時，我發現自己內心的空虛和無望感更加深化。 壓力太大，學業壓力像是重擔著我，無法放下。,月,O,O,O,O,O,O,6
935,我在最近的幾個月，覺得自己一點點就能達到目標了，我又是一點點就達不到。整理好心情時，我發現自己內心的空虛和無望感更加深化。 壓力太大，學業壓力像是重擔著我，無法放下。,，,O,O,O,O,O,O,7
935,我在最近的幾個月，覺得自己一點點就能達到目標了，我又是一點點就達不到。整理好心情時，我發現自己內心的空虛和無望感更加深化。 壓力太大，學業壓力像是重擔著我，無法放下。,覺得,O,O,O,O,O,O,8
935,我在最近的幾個月，覺得自己一點點就能達到目標了，我又是一點點就達不到。整理好心情時，我發現自己內心的空虛和無望感更加深化。 壓力太大，學業壓力像是重擔著我，無法放下。,自己,O,O,O,O,O,O,9
935,我在最近的幾個月，覺得自己一點點就能達到目標了，我又是一點點就達不到。整理好心情時，我發現自己內心的空虛和無望感更加深化。 壓力太大，學業壓力像是重擔著我，無法放下。,一點點,O,O,O,O,O,O,10
935,我在最近的幾個月，覺得自己一點點就能達到目標了，我又是一點點就達不到。整理好心情時，我發現自己內心的空虛和無望感更加深化。 壓力太大，學業壓力像是重擔著我，無法放下。,就,O,O,O,O,O,O,11
935,我在最近的幾個月，覺得自己一點點就能達到目標了，我又是一點點就達不到。整理好心情時，我發現自己內心的空虛和無望感更加深化。 壓力太大，學業壓力像是重擔著我，無法放下。,能達到,O,O,O,O,O,O,12
935,我在最近的幾個月，覺得自己一點點就能達到目標了，我又是一點點就達不到。整理好心情時，我發現自己內心的空虛和無望感更加深化。 壓力太大，學業壓力像是重擔著我，無法放下。,目標,O,O,O,O,O,O,13
935,我在最近的幾個月，覺得自己一點點就能達到目標了，我又是一點點就達不到。整理好心情時，我發現自己內心的空虛和無望感更加深化。 壓力太大，學業壓力像是重擔著我，無法放下。,了,O,O,O,O,O,O,14
935,我在最近的幾個月，覺得自己一點點就能達到目標了，我又是一點點就達不到。整理好心情時，我發現自己內心的空虛和無望感更加深化。 壓力太大，學業壓力像是重擔著我，無法放下。,，,O,O,O,O,O,O,15
935,我在最近的幾個月，覺得自己一點點就能達到目標了，我又是一點點就達不到。整理好心情時，我發現自己內心的空虛和無望感更加深化。 壓力太大，學業壓力像是重擔著我，無法放下。,我,O,O,O,O,O,O,16
935,我在最近的幾個月，覺得自己一點點就能達到目標了，我又是一點點就達不到。整理好心情時，我發現自己內心的空虛和無望感更加深化。 壓力太大，學業壓力像是重擔著我，無法放下。,又,O,O,O,O,O,O,17
935,我在最近的幾個月，覺得自己一點點就能達到目標了，我又是一點點就達不到。整理好心情時，我發現自己內心的空虛和無望感更加深化。 壓力太大，學業壓力像是重擔著我，無法放下。,是,O,O,O,O,O,O,18
935,我在最近的幾個月，覺得自己一點點就能達到目標了，我又是一點點就達不到。整理好心情時，我發現自己內心的空虛和無望感更加深化。 壓力太大，學業壓力像是重擔著我，無法放下。,一點點,O,O,O,O,O,O,19
935,我在最近的幾個月，覺得自己一點點就能達到目標了，我又是一點點就達不到。整理好心情時，我發現自己內心的空虛和無望感更加深化。 壓力太大，學業壓力像是重擔著我，無法放下。,就,O,O,O,O,O,O,20
935,我在最近的幾個月，覺得自己一點點就能達到目標了，我又是一點點就達不到。整理好心情時，我發現自己內心的空虛和無望感更加深化。 壓力太大，學業壓力像是重擔著我，無法放下。,達不到,O,O,O,O,O,O,21
935,我在最近的幾個月，覺得自己一點點就能達到目標了，我又是一點點就達不到。整理好心情時，我發現自己內心的空虛和無望感更加深化。 壓力太大，學業壓力像是重擔著我，無法放下。,。,O,O,O,O,O,O,22
935,我在最近的幾個月，覺得自己一點點就能達到目標了，我又是一點點就達不到。整理好心情時，我發現自己內心的空虛和無望感更加深化。 壓力太大，學業壓力像是重擔著我，無法放下。,整理,O,O,O,O,O,O,23
935,我在最近的幾個月，覺得自己一點點就能達到目標了，我又是一點點就達不到。整理好心情時，我發現自己內心的空虛和無望感更加深化。 壓力太大，學業壓力像是重擔著我，無法放下。,好,O,O,O,O,O,O,24
935,我在最近的幾個月，覺得自己一點點就能達到目標了，我又是一點點就達不到。整理好心情時，我發現自己內心的空虛和無望感更加深化。 壓力太大，學業壓力像是重擔著我，無法放下。,心情,O,O,O,O,O,O,25
935,我在最近的幾個月，覺得自己一點點就能達到目標了，我又是一點點就達不到。整理好心情時，我發現自己內心的空虛和無望感更加深化。 壓力太大，學業壓力像是重擔著我，無法放下。,時,O,O,O,O,O,O,26
935,我在最近的幾個月，覺得自己一點點就能達到目標了，我又是一點點就達不到。整理好心情時，我發現自己內心的空虛和無望感更加深化。 壓力太大，學業壓力像是重擔著我，無法放下。,，,O,O,O,O,O,O,27
935,我在最近的幾個月，覺得自己一點點就能達到目標了，我又是一點點就達不到。整理好心情時，我發現自己內心的空虛和無望感更加深化。 壓力太大，學業壓力像是重擔著我，無法放下。,我,O,O,O,O,O,O,28
935,我在最近的幾個月，覺得自己一點點就能達到目標了，我又是一點點就達不到。整理好心情時，我發現自己內心的空虛和無望感更加深化。 壓力太大，學業壓力像是重擔著我，無法放下。,發現,O,O,O,O,O,O,29
935,我在最近的幾個月，覺得自己一點點就能達到目標了，我又是一點點就達不到。整理好心情時，我發現自己內心的空虛和無望感更加深化。 壓力太大，學業壓力像是重擔著我，無法放下。,自己,O,O,O,O,O,O,30
935,我在最近的幾個月，覺得自己一點點就能達到目標了，我又是一點點就達不到。整理好心情時，我發現自己內心的空虛和無望感更加深化。 壓力太大，學業壓力像是重擔著我，無法放下。,內心,O,O,O,O,O,O,31
935,我在最近的幾個月，覺得自己一點點就能達到目標了，我又是一點點就達不到。整理好心情時，我發現自己內心的空虛和無望感更加深化。 壓力太大，學業壓力像是重擔著我，無法放下。,的,O,O,O,O,O,O,32
935,我在最近的幾個月，覺得自己一點點就能達到目標了，我又是一點點就達不到。整理好心情時，我發現自己內心的空虛和無望感更加深化。 壓力太大，學業壓力像是重擔著我，無法放下。,空虛,S-D,S-W,S-D,S-D,O,S-D,33
935,我在最近的幾個月，覺得自己一點點就能達到目標了，我又是一點點就達不到。整理好心情時，我發現自己內心的空虛和無望感更加深化。 壓力太大，學業壓力像是重擔著我，無法放下。,和,O,O,O,O,S-D,O,34
935,我在最近的幾個月，覺得自己一點點就能達到目標了，我又是一點點就達不到。整理好心情時，我發現自己內心的空虛和無望感更加深化。 壓力太大，學業壓力像是重擔著我，無法放下。,無望感,S-D,S-W,S-D,S-D,O,S-D,35
935,我在最近的幾個月，覺得自己一點點就能達到目標了，我又是一點點就達不到。整理好心情時，我發現自己內心的空虛和無望感更加深化。 壓力太大，學業壓力像是重擔著我，無法放下。,更加,O,O,O,O,S-D,O,36
935,我在最近的幾個月，覺得自己一點點就能達到目標了，我又是一點點就達不到。整理好心情時，我發現自己內心的空虛和無望感更加深化。 壓力太大，學業壓力像是重擔著我，無法放下。,深化,O,O,O,O,O,O,37
935,我在最近的幾個月，覺得自己一點點就能達到目標了，我又是一點點就達不到。整理好心情時，我發現自己內心的空虛和無望感更加深化。 壓力太大，學業壓力像是重擔著我，無法放下。,。,O,O,O,O,O,O,38
935,我在最近的幾個月，覺得自己一點點就能達到目標了，我又是一點點就達不到。整理好心情時，我發現自己內心的空虛和無望感更加深化。 壓力太大，學業壓力像是重擔著我，無法放下。,壓力,O,O,O,O,O,O,39
935,我在最近的幾個月，覺得自己一點點就能達到目標了，我又是一點點就達不到。整理好心情時，我發現自己內心的空虛和無望感更加深化。 壓力太大，學業壓力像是重擔著我，無法放下。,太,O,O,O,O,O,O,40
935,我在最近的幾個月，覺得自己一點點就能達到目標了，我又是一點點就達不到。整理好心情時，我發現自己內心的空虛和無望感更加深化。 壓力太大，學業壓力像是重擔著我，無法放下。,大,O,O,O,O,O,O,41
935,我在最近的幾個月，覺得自己一點點就能達到目標了，我又是一點點就達不到。整理好心情時，我發現自己內心的空虛和無望感更加深化。 壓力太大，學業壓力像是重擔著我，無法放下。,，,O,O,O,O,O,O,42
935,我在最近的幾個月，覺得自己一點點就能達到目標了，我又是一點點就達不到。整理好心情時，我發現自己內心的空虛和無望感更加深化。 壓力太大，學業壓力像是重擔著我，無法放下。,學業,O,O,O,O,O,O,43
935,我在最近的幾個月，覺得自己一點點就能達到目標了，我又是一點點就達不到。整理好心情時，我發現自己內心的空虛和無望感更加深化。 壓力太大，學業壓力像是重擔著我，無法放下。,壓力,O,O,O,O,O,O,44
935,我在最近的幾個月，覺得自己一點點就能達到目標了，我又是一點點就達不到。整理好心情時，我發現自己內心的空虛和無望感更加深化。 壓力太大，學業壓力像是重擔著我，無法放下。,像是,O,O,O,O,O,O,45
935,我在最近的幾個月，覺得自己一點點就能達到目標了，我又是一點點就達不到。整理好心情時，我發現自己內心的空虛和無望感更加深化。 壓力太大，學業壓力像是重擔著我，無法放下。,重擔,O,O,O,O,O,O,46
935,我在最近的幾個月，覺得自己一點點就能達到目標了，我又是一點點就達不到。整理好心情時，我發現自己內心的空虛和無望感更加深化。 壓力太大，學業壓力像是重擔著我，無法放下。,著,O,O,O,O,O,O,47
935,我在最近的幾個月，覺得自己一點點就能達到目標了，我又是一點點就達不到。整理好心情時，我發現自己內心的空虛和無望感更加深化。 壓力太大，學業壓力像是重擔著我，無法放下。,我,O,O,O,O,O,O,48
935,我在最近的幾個月，覺得自己一點點就能達到目標了，我又是一點點就達不到。整理好心情時，我發現自己內心的空虛和無望感更加深化。 壓力太大，學業壓力像是重擔著我，無法放下。,，,O,O,O,O,O,O,49
935,我在最近的幾個月，覺得自己一點點就能達到目標了，我又是一點點就達不到。整理好心情時，我發現自己內心的空虛和無望感更加深化。 壓力太大，學業壓力像是重擔著我，無法放下。,無法,O,O,O,B-D,O,O,50
935,我在最近的幾個月，覺得自己一點點就能達到目標了，我又是一點點就達不到。整理好心情時，我發現自己內心的空虛和無望感更加深化。 壓力太大，學業壓力像是重擔著我，無法放下。,放下,O,O,O,E-D,O,O,51
935,我在最近的幾個月，覺得自己一點點就能達到目標了，我又是一點點就達不到。整理好心情時，我發現自己內心的空虛和無望感更加深化。 壓力太大，學業壓力像是重擔著我，無法放下。,。,O,O,O,O,O,O,52
936,今天要是工作了，還是有時間思考著什麼會是另一天的選擇。 不覺得能夠消耗全部時間。  今天的工作更像是一場無底線的無底線！,今天,O,O,O,O,O,O,1
936,今天要是工作了，還是有時間思考著什麼會是另一天的選擇。 不覺得能夠消耗全部時間。  今天的工作更像是一場無底線的無底線！,要是,O,O,O,O,O,O,2
936,今天要是工作了，還是有時間思考著什麼會是另一天的選擇。 不覺得能夠消耗全部時間。  今天的工作更像是一場無底線的無底線！,工作,O,O,O,O,O,O,3
936,今天要是工作了，還是有時間思考著什麼會是另一天的選擇。 不覺得能夠消耗全部時間。  今天的工作更像是一場無底線的無底線！,了,O,O,O,O,O,O,4
936,今天要是工作了，還是有時間思考著什麼會是另一天的選擇。 不覺得能夠消耗全部時間。  今天的工作更像是一場無底線的無底線！,，,O,O,O,O,O,O,5
936,今天要是工作了，還是有時間思考著什麼會是另一天的選擇。 不覺得能夠消耗全部時間。  今天的工作更像是一場無底線的無底線！,還是,O,O,O,O,O,O,6
936,今天要是工作了，還是有時間思考著什麼會是另一天的選擇。 不覺得能夠消耗全部時間。  今天的工作更像是一場無底線的無底線！,有,O,O,O,O,O,O,7
936,今天要是工作了，還是有時間思考著什麼會是另一天的選擇。 不覺得能夠消耗全部時間。  今天的工作更像是一場無底線的無底線！,時間,O,O,O,O,O,O,8
936,今天要是工作了，還是有時間思考著什麼會是另一天的選擇。 不覺得能夠消耗全部時間。  今天的工作更像是一場無底線的無底線！,思考,O,O,O,O,O,O,9
936,今天要是工作了，還是有時間思考著什麼會是另一天的選擇。 不覺得能夠消耗全部時間。  今天的工作更像是一場無底線的無底線！,著,O,O,O,O,O,O,10
936,今天要是工作了，還是有時間思考著什麼會是另一天的選擇。 不覺得能夠消耗全部時間。  今天的工作更像是一場無底線的無底線！,什麼,O,O,O,O,O,O,11
936,今天要是工作了，還是有時間思考著什麼會是另一天的選擇。 不覺得能夠消耗全部時間。  今天的工作更像是一場無底線的無底線！,會,O,O,O,O,O,O,12
936,今天要是工作了，還是有時間思考著什麼會是另一天的選擇。 不覺得能夠消耗全部時間。  今天的工作更像是一場無底線的無底線！,是,O,O,O,O,O,O,13
936,今天要是工作了，還是有時間思考著什麼會是另一天的選擇。 不覺得能夠消耗全部時間。  今天的工作更像是一場無底線的無底線！,另,O,O,O,O,O,O,14
936,今天要是工作了，還是有時間思考著什麼會是另一天的選擇。 不覺得能夠消耗全部時間。  今天的工作更像是一場無底線的無底線！,一天,O,O,O,O,O,O,15
936,今天要是工作了，還是有時間思考著什麼會是另一天的選擇。 不覺得能夠消耗全部時間。  今天的工作更像是一場無底線的無底線！,的,O,O,O,O,O,O,16
936,今天要是工作了，還是有時間思考著什麼會是另一天的選擇。 不覺得能夠消耗全部時間。  今天的工作更像是一場無底線的無底線！,選擇,O,O,O,O,O,O,17
936,今天要是工作了，還是有時間思考著什麼會是另一天的選擇。 不覺得能夠消耗全部時間。  今天的工作更像是一場無底線的無底線！,。,O,O,O,O,O,O,18
936,今天要是工作了，還是有時間思考著什麼會是另一天的選擇。 不覺得能夠消耗全部時間。  今天的工作更像是一場無底線的無底線！,不,O,O,O,O,O,O,19
936,今天要是工作了，還是有時間思考著什麼會是另一天的選擇。 不覺得能夠消耗全部時間。  今天的工作更像是一場無底線的無底線！,覺得,O,O,O,O,O,O,20
936,今天要是工作了，還是有時間思考著什麼會是另一天的選擇。 不覺得能夠消耗全部時間。  今天的工作更像是一場無底線的無底線！,能夠,O,O,O,O,O,O,21
936,今天要是工作了，還是有時間思考著什麼會是另一天的選擇。 不覺得能夠消耗全部時間。  今天的工作更像是一場無底線的無底線！,消耗,O,O,O,O,O,O,22
936,今天要是工作了，還是有時間思考著什麼會是另一天的選擇。 不覺得能夠消耗全部時間。  今天的工作更像是一場無底線的無底線！,全部,O,O,O,O,O,O,23
936,今天要是工作了，還是有時間思考著什麼會是另一天的選擇。 不覺得能夠消耗全部時間。  今天的工作更像是一場無底線的無底線！,時間,O,O,O,O,O,O,24
936,今天要是工作了，還是有時間思考著什麼會是另一天的選擇。 不覺得能夠消耗全部時間。  今天的工作更像是一場無底線的無底線！,。,O,O,O,O,O,O,25
936,今天要是工作了，還是有時間思考著什麼會是另一天的選擇。 不覺得能夠消耗全部時間。  今天的工作更像是一場無底線的無底線！,今天,O,O,O,O,O,O,26
936,今天要是工作了，還是有時間思考著什麼會是另一天的選擇。 不覺得能夠消耗全部時間。  今天的工作更像是一場無底線的無底線！,的,O,O,O,O,O,O,27
936,今天要是工作了，還是有時間思考著什麼會是另一天的選擇。 不覺得能夠消耗全部時間。  今天的工作更像是一場無底線的無底線！,工作,O,O,O,O,O,O,28
936,今天要是工作了，還是有時間思考著什麼會是另一天的選擇。 不覺得能夠消耗全部時間。  今天的工作更像是一場無底線的無底線！,更,O,O,O,O,O,O,29
936,今天要是工作了，還是有時間思考著什麼會是另一天的選擇。 不覺得能夠消耗全部時間。  今天的工作更像是一場無底線的無底線！,像是,O,O,O,O,O,O,30
936,今天要是工作了，還是有時間思考著什麼會是另一天的選擇。 不覺得能夠消耗全部時間。  今天的工作更像是一場無底線的無底線！,一場,O,O,O,O,O,O,31
936,今天要是工作了，還是有時間思考著什麼會是另一天的選擇。 不覺得能夠消耗全部時間。  今天的工作更像是一場無底線的無底線！,無底線,O,S-D,S-D,O,S-D,S-D,32
936,今天要是工作了，還是有時間思考著什麼會是另一天的選擇。 不覺得能夠消耗全部時間。  今天的工作更像是一場無底線的無底線！,的,O,O,O,O,O,O,33
936,今天要是工作了，還是有時間思考著什麼會是另一天的選擇。 不覺得能夠消耗全部時間。  今天的工作更像是一場無底線的無底線！,無底線,S-D,S-D,S-D,S-D,S-D,S-D,34
936,今天要是工作了，還是有時間思考著什麼會是另一天的選擇。 不覺得能夠消耗全部時間。  今天的工作更像是一場無底線的無底線！,！,O,O,O,O,O,O,35
937,這讓生活缺乏意義，我們試圖找到自己的位置和角色在這個世界上。但是，雖然我們找到了，但似乎我們都無法應對這種感覺。我們變得不再能享受生活，並且完全沒有興趣。,這,O,O,O,O,O,O,1
937,這讓生活缺乏意義，我們試圖找到自己的位置和角色在這個世界上。但是，雖然我們找到了，但似乎我們都無法應對這種感覺。我們變得不再能享受生活，並且完全沒有興趣。,讓,O,O,O,O,O,O,2
937,這讓生活缺乏意義，我們試圖找到自己的位置和角色在這個世界上。但是，雖然我們找到了，但似乎我們都無法應對這種感覺。我們變得不再能享受生活，並且完全沒有興趣。,生活,B-A,B-A,B-A,B-A,B-W,B-W,3
937,這讓生活缺乏意義，我們試圖找到自己的位置和角色在這個世界上。但是，雖然我們找到了，但似乎我們都無法應對這種感覺。我們變得不再能享受生活，並且完全沒有興趣。,缺乏,M-A,M-A,M-A,M-A,M-W,M-W,4
937,這讓生活缺乏意義，我們試圖找到自己的位置和角色在這個世界上。但是，雖然我們找到了，但似乎我們都無法應對這種感覺。我們變得不再能享受生活，並且完全沒有興趣。,意義,E-A,E-A,E-A,E-A,E-W,E-W,5
937,這讓生活缺乏意義，我們試圖找到自己的位置和角色在這個世界上。但是，雖然我們找到了，但似乎我們都無法應對這種感覺。我們變得不再能享受生活，並且完全沒有興趣。,，,O,O,O,O,O,O,6
937,這讓生活缺乏意義，我們試圖找到自己的位置和角色在這個世界上。但是，雖然我們找到了，但似乎我們都無法應對這種感覺。我們變得不再能享受生活，並且完全沒有興趣。,我們,O,O,O,O,O,O,7
937,這讓生活缺乏意義，我們試圖找到自己的位置和角色在這個世界上。但是，雖然我們找到了，但似乎我們都無法應對這種感覺。我們變得不再能享受生活，並且完全沒有興趣。,試圖,O,O,O,O,O,O,8
937,這讓生活缺乏意義，我們試圖找到自己的位置和角色在這個世界上。但是，雖然我們找到了，但似乎我們都無法應對這種感覺。我們變得不再能享受生活，並且完全沒有興趣。,找到,O,O,O,O,O,O,9
937,這讓生活缺乏意義，我們試圖找到自己的位置和角色在這個世界上。但是，雖然我們找到了，但似乎我們都無法應對這種感覺。我們變得不再能享受生活，並且完全沒有興趣。,自己,O,O,O,O,O,O,10
937,這讓生活缺乏意義，我們試圖找到自己的位置和角色在這個世界上。但是，雖然我們找到了，但似乎我們都無法應對這種感覺。我們變得不再能享受生活，並且完全沒有興趣。,的,O,O,O,O,O,O,11
937,這讓生活缺乏意義，我們試圖找到自己的位置和角色在這個世界上。但是，雖然我們找到了，但似乎我們都無法應對這種感覺。我們變得不再能享受生活，並且完全沒有興趣。,位置,O,O,O,O,O,O,12
937,這讓生活缺乏意義，我們試圖找到自己的位置和角色在這個世界上。但是，雖然我們找到了，但似乎我們都無法應對這種感覺。我們變得不再能享受生活，並且完全沒有興趣。,和,O,O,O,O,O,O,13
937,這讓生活缺乏意義，我們試圖找到自己的位置和角色在這個世界上。但是，雖然我們找到了，但似乎我們都無法應對這種感覺。我們變得不再能享受生活，並且完全沒有興趣。,角色,O,O,O,O,O,O,14
937,這讓生活缺乏意義，我們試圖找到自己的位置和角色在這個世界上。但是，雖然我們找到了，但似乎我們都無法應對這種感覺。我們變得不再能享受生活，並且完全沒有興趣。,在,O,O,O,O,O,O,15
937,這讓生活缺乏意義，我們試圖找到自己的位置和角色在這個世界上。但是，雖然我們找到了，但似乎我們都無法應對這種感覺。我們變得不再能享受生活，並且完全沒有興趣。,這,O,O,O,O,O,O,16
937,這讓生活缺乏意義，我們試圖找到自己的位置和角色在這個世界上。但是，雖然我們找到了，但似乎我們都無法應對這種感覺。我們變得不再能享受生活，並且完全沒有興趣。,個,O,O,O,O,O,O,17
937,這讓生活缺乏意義，我們試圖找到自己的位置和角色在這個世界上。但是，雖然我們找到了，但似乎我們都無法應對這種感覺。我們變得不再能享受生活，並且完全沒有興趣。,世界,O,O,O,O,O,O,18
937,這讓生活缺乏意義，我們試圖找到自己的位置和角色在這個世界上。但是，雖然我們找到了，但似乎我們都無法應對這種感覺。我們變得不再能享受生活，並且完全沒有興趣。,上,O,O,O,O,O,O,19
937,這讓生活缺乏意義，我們試圖找到自己的位置和角色在這個世界上。但是，雖然我們找到了，但似乎我們都無法應對這種感覺。我們變得不再能享受生活，並且完全沒有興趣。,。,O,O,O,O,O,O,20
937,這讓生活缺乏意義，我們試圖找到自己的位置和角色在這個世界上。但是，雖然我們找到了，但似乎我們都無法應對這種感覺。我們變得不再能享受生活，並且完全沒有興趣。,但是,O,O,O,O,O,O,21
937,這讓生活缺乏意義，我們試圖找到自己的位置和角色在這個世界上。但是，雖然我們找到了，但似乎我們都無法應對這種感覺。我們變得不再能享受生活，並且完全沒有興趣。,，,O,O,O,O,O,O,22
937,這讓生活缺乏意義，我們試圖找到自己的位置和角色在這個世界上。但是，雖然我們找到了，但似乎我們都無法應對這種感覺。我們變得不再能享受生活，並且完全沒有興趣。,雖然,O,O,O,O,O,O,23
937,這讓生活缺乏意義，我們試圖找到自己的位置和角色在這個世界上。但是，雖然我們找到了，但似乎我們都無法應對這種感覺。我們變得不再能享受生活，並且完全沒有興趣。,我們,O,O,O,O,O,O,24
937,這讓生活缺乏意義，我們試圖找到自己的位置和角色在這個世界上。但是，雖然我們找到了，但似乎我們都無法應對這種感覺。我們變得不再能享受生活，並且完全沒有興趣。,找到了,O,O,O,O,O,O,25
937,這讓生活缺乏意義，我們試圖找到自己的位置和角色在這個世界上。但是，雖然我們找到了，但似乎我們都無法應對這種感覺。我們變得不再能享受生活，並且完全沒有興趣。,，,O,O,O,O,O,O,26
937,這讓生活缺乏意義，我們試圖找到自己的位置和角色在這個世界上。但是，雖然我們找到了，但似乎我們都無法應對這種感覺。我們變得不再能享受生活，並且完全沒有興趣。,但,O,O,O,O,O,O,27
937,這讓生活缺乏意義，我們試圖找到自己的位置和角色在這個世界上。但是，雖然我們找到了，但似乎我們都無法應對這種感覺。我們變得不再能享受生活，並且完全沒有興趣。,似乎,O,O,O,O,O,O,28
937,這讓生活缺乏意義，我們試圖找到自己的位置和角色在這個世界上。但是，雖然我們找到了，但似乎我們都無法應對這種感覺。我們變得不再能享受生活，並且完全沒有興趣。,我們,O,O,O,O,O,O,29
937,這讓生活缺乏意義，我們試圖找到自己的位置和角色在這個世界上。但是，雖然我們找到了，但似乎我們都無法應對這種感覺。我們變得不再能享受生活，並且完全沒有興趣。,都,O,O,O,O,O,O,30
937,這讓生活缺乏意義，我們試圖找到自己的位置和角色在這個世界上。但是，雖然我們找到了，但似乎我們都無法應對這種感覺。我們變得不再能享受生活，並且完全沒有興趣。,無法,B-D,B-D,B-D,B-D,B-D,B-D,31
937,這讓生活缺乏意義，我們試圖找到自己的位置和角色在這個世界上。但是，雖然我們找到了，但似乎我們都無法應對這種感覺。我們變得不再能享受生活，並且完全沒有興趣。,應對,E-D,E-D,E-D,E-D,E-D,E-D,32
937,這讓生活缺乏意義，我們試圖找到自己的位置和角色在這個世界上。但是，雖然我們找到了，但似乎我們都無法應對這種感覺。我們變得不再能享受生活，並且完全沒有興趣。,這種,O,O,O,O,O,O,33
937,這讓生活缺乏意義，我們試圖找到自己的位置和角色在這個世界上。但是，雖然我們找到了，但似乎我們都無法應對這種感覺。我們變得不再能享受生活，並且完全沒有興趣。,感覺,O,O,O,O,O,O,34
937,這讓生活缺乏意義，我們試圖找到自己的位置和角色在這個世界上。但是，雖然我們找到了，但似乎我們都無法應對這種感覺。我們變得不再能享受生活，並且完全沒有興趣。,。,O,O,O,O,O,O,35
937,這讓生活缺乏意義，我們試圖找到自己的位置和角色在這個世界上。但是，雖然我們找到了，但似乎我們都無法應對這種感覺。我們變得不再能享受生活，並且完全沒有興趣。,我們,O,O,O,O,O,O,36
937,這讓生活缺乏意義，我們試圖找到自己的位置和角色在這個世界上。但是，雖然我們找到了，但似乎我們都無法應對這種感覺。我們變得不再能享受生活，並且完全沒有興趣。,變得,O,O,O,O,O,O,37
937,這讓生活缺乏意義，我們試圖找到自己的位置和角色在這個世界上。但是，雖然我們找到了，但似乎我們都無法應對這種感覺。我們變得不再能享受生活，並且完全沒有興趣。,不再,O,B-D,B-A,B-A,B-A,B-A,38
937,這讓生活缺乏意義，我們試圖找到自己的位置和角色在這個世界上。但是，雖然我們找到了，但似乎我們都無法應對這種感覺。我們變得不再能享受生活，並且完全沒有興趣。,能,O,O,O,O,O,O,39
937,這讓生活缺乏意義，我們試圖找到自己的位置和角色在這個世界上。但是，雖然我們找到了，但似乎我們都無法應對這種感覺。我們變得不再能享受生活，並且完全沒有興趣。,享受,O,O,O,O,O,O,40
937,這讓生活缺乏意義，我們試圖找到自己的位置和角色在這個世界上。但是，雖然我們找到了，但似乎我們都無法應對這種感覺。我們變得不再能享受生活，並且完全沒有興趣。,生活,O,O,O,O,O,O,41
937,這讓生活缺乏意義，我們試圖找到自己的位置和角色在這個世界上。但是，雖然我們找到了，但似乎我們都無法應對這種感覺。我們變得不再能享受生活，並且完全沒有興趣。,，,O,O,O,O,O,O,42
937,這讓生活缺乏意義，我們試圖找到自己的位置和角色在這個世界上。但是，雖然我們找到了，但似乎我們都無法應對這種感覺。我們變得不再能享受生活，並且完全沒有興趣。,並且,O,O,O,O,O,O,43
937,這讓生活缺乏意義，我們試圖找到自己的位置和角色在這個世界上。但是，雖然我們找到了，但似乎我們都無法應對這種感覺。我們變得不再能享受生活，並且完全沒有興趣。,完全,O,O,O,O,O,O,44
937,這讓生活缺乏意義，我們試圖找到自己的位置和角色在這個世界上。但是，雖然我們找到了，但似乎我們都無法應對這種感覺。我們變得不再能享受生活，並且完全沒有興趣。,沒有,B-A,B-A,B-O,B-W,B-O,B-A,45
937,這讓生活缺乏意義，我們試圖找到自己的位置和角色在這個世界上。但是，雖然我們找到了，但似乎我們都無法應對這種感覺。我們變得不再能享受生活，並且完全沒有興趣。,興趣,E-A,E-A,E-O,E-W,E-O,E-A,46
937,這讓生活缺乏意義，我們試圖找到自己的位置和角色在這個世界上。但是，雖然我們找到了，但似乎我們都無法應對這種感覺。我們變得不再能享受生活，並且完全沒有興趣。,。,O,O,O,O,O,O,47
938,我當時不願再為自己感受一點也不舒服的情緒，不願承受這樣的狀態，因為我知道它們會使我失去自己真正想要做的事。因此，我決定花一些時間學習如何用心治療自己的憂鬱。,我,O,O,O,O,O,O,1
938,我當時不願再為自己感受一點也不舒服的情緒，不願承受這樣的狀態，因為我知道它們會使我失去自己真正想要做的事。因此，我決定花一些時間學習如何用心治療自己的憂鬱。,當時,O,O,O,O,O,O,2
938,我當時不願再為自己感受一點也不舒服的情緒，不願承受這樣的狀態，因為我知道它們會使我失去自己真正想要做的事。因此，我決定花一些時間學習如何用心治療自己的憂鬱。,不,O,O,O,O,O,O,3
938,我當時不願再為自己感受一點也不舒服的情緒，不願承受這樣的狀態，因為我知道它們會使我失去自己真正想要做的事。因此，我決定花一些時間學習如何用心治療自己的憂鬱。,願,O,O,O,O,O,O,4
938,我當時不願再為自己感受一點也不舒服的情緒，不願承受這樣的狀態，因為我知道它們會使我失去自己真正想要做的事。因此，我決定花一些時間學習如何用心治療自己的憂鬱。,再,O,O,O,O,O,O,5
938,我當時不願再為自己感受一點也不舒服的情緒，不願承受這樣的狀態，因為我知道它們會使我失去自己真正想要做的事。因此，我決定花一些時間學習如何用心治療自己的憂鬱。,為,O,O,O,O,O,O,6
938,我當時不願再為自己感受一點也不舒服的情緒，不願承受這樣的狀態，因為我知道它們會使我失去自己真正想要做的事。因此，我決定花一些時間學習如何用心治療自己的憂鬱。,自己,O,O,O,O,O,O,7
938,我當時不願再為自己感受一點也不舒服的情緒，不願承受這樣的狀態，因為我知道它們會使我失去自己真正想要做的事。因此，我決定花一些時間學習如何用心治療自己的憂鬱。,感受,O,O,O,O,O,O,8
938,我當時不願再為自己感受一點也不舒服的情緒，不願承受這樣的狀態，因為我知道它們會使我失去自己真正想要做的事。因此，我決定花一些時間學習如何用心治療自己的憂鬱。,一點,O,O,O,O,O,O,9
938,我當時不願再為自己感受一點也不舒服的情緒，不願承受這樣的狀態，因為我知道它們會使我失去自己真正想要做的事。因此，我決定花一些時間學習如何用心治療自己的憂鬱。,也,O,O,O,O,O,O,10
938,我當時不願再為自己感受一點也不舒服的情緒，不願承受這樣的狀態，因為我知道它們會使我失去自己真正想要做的事。因此，我決定花一些時間學習如何用心治療自己的憂鬱。,不,O,O,O,O,O,O,11
938,我當時不願再為自己感受一點也不舒服的情緒，不願承受這樣的狀態，因為我知道它們會使我失去自己真正想要做的事。因此，我決定花一些時間學習如何用心治療自己的憂鬱。,舒服,O,S-D,O,O,S-D,O,12
938,我當時不願再為自己感受一點也不舒服的情緒，不願承受這樣的狀態，因為我知道它們會使我失去自己真正想要做的事。因此，我決定花一些時間學習如何用心治療自己的憂鬱。,的,O,O,O,O,O,O,13
938,我當時不願再為自己感受一點也不舒服的情緒，不願承受這樣的狀態，因為我知道它們會使我失去自己真正想要做的事。因此，我決定花一些時間學習如何用心治療自己的憂鬱。,情緒,O,O,S-D,S-D,O,S-D,14
938,我當時不願再為自己感受一點也不舒服的情緒，不願承受這樣的狀態，因為我知道它們會使我失去自己真正想要做的事。因此，我決定花一些時間學習如何用心治療自己的憂鬱。,，,O,O,O,O,O,O,15
938,我當時不願再為自己感受一點也不舒服的情緒，不願承受這樣的狀態，因為我知道它們會使我失去自己真正想要做的事。因此，我決定花一些時間學習如何用心治療自己的憂鬱。,不,O,O,O,O,O,O,16
938,我當時不願再為自己感受一點也不舒服的情緒，不願承受這樣的狀態，因為我知道它們會使我失去自己真正想要做的事。因此，我決定花一些時間學習如何用心治療自己的憂鬱。,願,O,O,O,O,O,O,17
938,我當時不願再為自己感受一點也不舒服的情緒，不願承受這樣的狀態，因為我知道它們會使我失去自己真正想要做的事。因此，我決定花一些時間學習如何用心治療自己的憂鬱。,承受,O,O,O,O,O,O,18
938,我當時不願再為自己感受一點也不舒服的情緒，不願承受這樣的狀態，因為我知道它們會使我失去自己真正想要做的事。因此，我決定花一些時間學習如何用心治療自己的憂鬱。,這樣,O,O,O,O,O,O,19
938,我當時不願再為自己感受一點也不舒服的情緒，不願承受這樣的狀態，因為我知道它們會使我失去自己真正想要做的事。因此，我決定花一些時間學習如何用心治療自己的憂鬱。,的,O,O,O,O,O,O,20
938,我當時不願再為自己感受一點也不舒服的情緒，不願承受這樣的狀態，因為我知道它們會使我失去自己真正想要做的事。因此，我決定花一些時間學習如何用心治療自己的憂鬱。,狀態,O,O,O,O,O,O,21
938,我當時不願再為自己感受一點也不舒服的情緒，不願承受這樣的狀態，因為我知道它們會使我失去自己真正想要做的事。因此，我決定花一些時間學習如何用心治療自己的憂鬱。,，,O,O,O,O,O,O,22
938,我當時不願再為自己感受一點也不舒服的情緒，不願承受這樣的狀態，因為我知道它們會使我失去自己真正想要做的事。因此，我決定花一些時間學習如何用心治療自己的憂鬱。,因為,O,O,O,O,O,O,23
938,我當時不願再為自己感受一點也不舒服的情緒，不願承受這樣的狀態，因為我知道它們會使我失去自己真正想要做的事。因此，我決定花一些時間學習如何用心治療自己的憂鬱。,我,O,O,O,O,O,O,24
938,我當時不願再為自己感受一點也不舒服的情緒，不願承受這樣的狀態，因為我知道它們會使我失去自己真正想要做的事。因此，我決定花一些時間學習如何用心治療自己的憂鬱。,知道,O,O,O,O,O,O,25
938,我當時不願再為自己感受一點也不舒服的情緒，不願承受這樣的狀態，因為我知道它們會使我失去自己真正想要做的事。因此，我決定花一些時間學習如何用心治療自己的憂鬱。,它們,O,O,O,O,O,O,26
938,我當時不願再為自己感受一點也不舒服的情緒，不願承受這樣的狀態，因為我知道它們會使我失去自己真正想要做的事。因此，我決定花一些時間學習如何用心治療自己的憂鬱。,會,O,O,O,O,O,O,27
938,我當時不願再為自己感受一點也不舒服的情緒，不願承受這樣的狀態，因為我知道它們會使我失去自己真正想要做的事。因此，我決定花一些時間學習如何用心治療自己的憂鬱。,使,O,O,O,O,O,O,28
938,我當時不願再為自己感受一點也不舒服的情緒，不願承受這樣的狀態，因為我知道它們會使我失去自己真正想要做的事。因此，我決定花一些時間學習如何用心治療自己的憂鬱。,我,O,O,O,O,O,O,29
938,我當時不願再為自己感受一點也不舒服的情緒，不願承受這樣的狀態，因為我知道它們會使我失去自己真正想要做的事。因此，我決定花一些時間學習如何用心治療自己的憂鬱。,失去,O,B-D,B-W,B-W,B-D,B-D,30
938,我當時不願再為自己感受一點也不舒服的情緒，不願承受這樣的狀態，因為我知道它們會使我失去自己真正想要做的事。因此，我決定花一些時間學習如何用心治療自己的憂鬱。,自己,O,M-D,M-W,M-W,M-D,M-D,31
938,我當時不願再為自己感受一點也不舒服的情緒，不願承受這樣的狀態，因為我知道它們會使我失去自己真正想要做的事。因此，我決定花一些時間學習如何用心治療自己的憂鬱。,真正,O,O,O,O,O,O,32
938,我當時不願再為自己感受一點也不舒服的情緒，不願承受這樣的狀態，因為我知道它們會使我失去自己真正想要做的事。因此，我決定花一些時間學習如何用心治療自己的憂鬱。,想要,O,O,O,O,O,O,33
938,我當時不願再為自己感受一點也不舒服的情緒，不願承受這樣的狀態，因為我知道它們會使我失去自己真正想要做的事。因此，我決定花一些時間學習如何用心治療自己的憂鬱。,做,O,O,O,O,O,O,34
938,我當時不願再為自己感受一點也不舒服的情緒，不願承受這樣的狀態，因為我知道它們會使我失去自己真正想要做的事。因此，我決定花一些時間學習如何用心治療自己的憂鬱。,的,O,O,O,O,O,O,35
938,我當時不願再為自己感受一點也不舒服的情緒，不願承受這樣的狀態，因為我知道它們會使我失去自己真正想要做的事。因此，我決定花一些時間學習如何用心治療自己的憂鬱。,事,O,O,O,O,O,O,36
938,我當時不願再為自己感受一點也不舒服的情緒，不願承受這樣的狀態，因為我知道它們會使我失去自己真正想要做的事。因此，我決定花一些時間學習如何用心治療自己的憂鬱。,。,O,O,O,O,O,O,37
938,我當時不願再為自己感受一點也不舒服的情緒，不願承受這樣的狀態，因為我知道它們會使我失去自己真正想要做的事。因此，我決定花一些時間學習如何用心治療自己的憂鬱。,因此,O,O,O,O,O,O,38
938,我當時不願再為自己感受一點也不舒服的情緒，不願承受這樣的狀態，因為我知道它們會使我失去自己真正想要做的事。因此，我決定花一些時間學習如何用心治療自己的憂鬱。,，,O,O,O,O,O,O,39
938,我當時不願再為自己感受一點也不舒服的情緒，不願承受這樣的狀態，因為我知道它們會使我失去自己真正想要做的事。因此，我決定花一些時間學習如何用心治療自己的憂鬱。,我,O,O,O,O,O,O,40
938,我當時不願再為自己感受一點也不舒服的情緒，不願承受這樣的狀態，因為我知道它們會使我失去自己真正想要做的事。因此，我決定花一些時間學習如何用心治療自己的憂鬱。,決定,O,O,O,O,O,O,41
938,我當時不願再為自己感受一點也不舒服的情緒，不願承受這樣的狀態，因為我知道它們會使我失去自己真正想要做的事。因此，我決定花一些時間學習如何用心治療自己的憂鬱。,花,O,O,O,O,O,O,42
938,我當時不願再為自己感受一點也不舒服的情緒，不願承受這樣的狀態，因為我知道它們會使我失去自己真正想要做的事。因此，我決定花一些時間學習如何用心治療自己的憂鬱。,一些,O,O,O,O,O,O,43
938,我當時不願再為自己感受一點也不舒服的情緒，不願承受這樣的狀態，因為我知道它們會使我失去自己真正想要做的事。因此，我決定花一些時間學習如何用心治療自己的憂鬱。,時間,O,O,O,O,O,O,44
938,我當時不願再為自己感受一點也不舒服的情緒，不願承受這樣的狀態，因為我知道它們會使我失去自己真正想要做的事。因此，我決定花一些時間學習如何用心治療自己的憂鬱。,學習,O,O,O,O,O,O,45
938,我當時不願再為自己感受一點也不舒服的情緒，不願承受這樣的狀態，因為我知道它們會使我失去自己真正想要做的事。因此，我決定花一些時間學習如何用心治療自己的憂鬱。,如何,O,O,O,O,O,O,46
938,我當時不願再為自己感受一點也不舒服的情緒，不願承受這樣的狀態，因為我知道它們會使我失去自己真正想要做的事。因此，我決定花一些時間學習如何用心治療自己的憂鬱。,用心,O,O,O,O,O,O,47
938,我當時不願再為自己感受一點也不舒服的情緒，不願承受這樣的狀態，因為我知道它們會使我失去自己真正想要做的事。因此，我決定花一些時間學習如何用心治療自己的憂鬱。,治療,O,O,O,O,O,O,48
938,我當時不願再為自己感受一點也不舒服的情緒，不願承受這樣的狀態，因為我知道它們會使我失去自己真正想要做的事。因此，我決定花一些時間學習如何用心治療自己的憂鬱。,自己,O,O,O,O,O,O,49
938,我當時不願再為自己感受一點也不舒服的情緒，不願承受這樣的狀態，因為我知道它們會使我失去自己真正想要做的事。因此，我決定花一些時間學習如何用心治療自己的憂鬱。,的,O,O,O,O,O,O,50
938,我當時不願再為自己感受一點也不舒服的情緒，不願承受這樣的狀態，因為我知道它們會使我失去自己真正想要做的事。因此，我決定花一些時間學習如何用心治療自己的憂鬱。,憂鬱,O,S-D,O,O,O,S-D,51
938,我當時不願再為自己感受一點也不舒服的情緒，不願承受這樣的狀態，因為我知道它們會使我失去自己真正想要做的事。因此，我決定花一些時間學習如何用心治療自己的憂鬱。,。,O,O,O,O,O,O,52
939,我不想活了。想結束一切。這不是我最想要的未來。 但有一點，還有一點，我想對自己說：我們不失望。,我,O,O,O,O,O,O,1
939,我不想活了。想結束一切。這不是我最想要的未來。 但有一點，還有一點，我想對自己說：我們不失望。,不,B-U,O,O,O,O,O,2
939,我不想活了。想結束一切。這不是我最想要的未來。 但有一點，還有一點，我想對自己說：我們不失望。,想,M-U,O,O,O,B-U,O,3
939,我不想活了。想結束一切。這不是我最想要的未來。 但有一點，還有一點，我想對自己說：我們不失望。,活,E-U,S-U,S-U,S-U,E-U,S-U,4
939,我不想活了。想結束一切。這不是我最想要的未來。 但有一點，還有一點，我想對自己說：我們不失望。,了,O,O,O,O,O,O,5
939,我不想活了。想結束一切。這不是我最想要的未來。 但有一點，還有一點，我想對自己說：我們不失望。,。,O,O,O,O,O,O,6
939,我不想活了。想結束一切。這不是我最想要的未來。 但有一點，還有一點，我想對自己說：我們不失望。,想,B-U,O,O,O,B-U,O,7
939,我不想活了。想結束一切。這不是我最想要的未來。 但有一點，還有一點，我想對自己說：我們不失望。,結束,M-U,S-U,S-U,S-U,E-U,S-U,8
939,我不想活了。想結束一切。這不是我最想要的未來。 但有一點，還有一點，我想對自己說：我們不失望。,一切,E-U,S-U,S-U,S-U,O,S-U,9
939,我不想活了。想結束一切。這不是我最想要的未來。 但有一點，還有一點，我想對自己說：我們不失望。,。,O,O,O,O,O,O,10
939,我不想活了。想結束一切。這不是我最想要的未來。 但有一點，還有一點，我想對自己說：我們不失望。,這,O,O,O,O,O,O,11
939,我不想活了。想結束一切。這不是我最想要的未來。 但有一點，還有一點，我想對自己說：我們不失望。,不是,O,O,O,O,O,O,12
939,我不想活了。想結束一切。這不是我最想要的未來。 但有一點，還有一點，我想對自己說：我們不失望。,我,O,O,O,O,O,O,13
939,我不想活了。想結束一切。這不是我最想要的未來。 但有一點，還有一點，我想對自己說：我們不失望。,最,O,O,O,O,O,O,14
939,我不想活了。想結束一切。這不是我最想要的未來。 但有一點，還有一點，我想對自己說：我們不失望。,想要,O,O,O,O,O,O,15
939,我不想活了。想結束一切。這不是我最想要的未來。 但有一點，還有一點，我想對自己說：我們不失望。,的,O,O,O,O,O,O,16
939,我不想活了。想結束一切。這不是我最想要的未來。 但有一點，還有一點，我想對自己說：我們不失望。,未來,O,O,O,O,O,O,17
939,我不想活了。想結束一切。這不是我最想要的未來。 但有一點，還有一點，我想對自己說：我們不失望。,。,O,O,O,O,O,O,18
939,我不想活了。想結束一切。這不是我最想要的未來。 但有一點，還有一點，我想對自己說：我們不失望。,但,O,O,O,O,O,O,19
939,我不想活了。想結束一切。這不是我最想要的未來。 但有一點，還有一點，我想對自己說：我們不失望。,有,O,O,O,O,O,O,20
939,我不想活了。想結束一切。這不是我最想要的未來。 但有一點，還有一點，我想對自己說：我們不失望。,一,O,O,O,O,O,O,21
939,我不想活了。想結束一切。這不是我最想要的未來。 但有一點，還有一點，我想對自己說：我們不失望。,點,O,O,O,O,O,O,22
939,我不想活了。想結束一切。這不是我最想要的未來。 但有一點，還有一點，我想對自己說：我們不失望。,，,O,O,O,O,O,O,23
939,我不想活了。想結束一切。這不是我最想要的未來。 但有一點，還有一點，我想對自己說：我們不失望。,還,O,O,O,O,O,O,24
939,我不想活了。想結束一切。這不是我最想要的未來。 但有一點，還有一點，我想對自己說：我們不失望。,有,O,O,O,O,O,O,25
939,我不想活了。想結束一切。這不是我最想要的未來。 但有一點，還有一點，我想對自己說：我們不失望。,一,O,O,O,O,O,O,26
939,我不想活了。想結束一切。這不是我最想要的未來。 但有一點，還有一點，我想對自己說：我們不失望。,點,O,O,O,O,O,O,27
939,我不想活了。想結束一切。這不是我最想要的未來。 但有一點，還有一點，我想對自己說：我們不失望。,，,O,O,O,O,O,O,28
939,我不想活了。想結束一切。這不是我最想要的未來。 但有一點，還有一點，我想對自己說：我們不失望。,我,O,O,O,O,O,O,29
939,我不想活了。想結束一切。這不是我最想要的未來。 但有一點，還有一點，我想對自己說：我們不失望。,想,O,O,O,O,B-D,O,30
939,我不想活了。想結束一切。這不是我最想要的未來。 但有一點，還有一點，我想對自己說：我們不失望。,對,O,O,O,O,O,O,31
939,我不想活了。想結束一切。這不是我最想要的未來。 但有一點，還有一點，我想對自己說：我們不失望。,自己,O,O,O,O,O,O,32
939,我不想活了。想結束一切。這不是我最想要的未來。 但有一點，還有一點，我想對自己說：我們不失望。,說,O,O,O,O,O,O,33
939,我不想活了。想結束一切。這不是我最想要的未來。 但有一點，還有一點，我想對自己說：我們不失望。,：,O,O,O,O,O,O,34
939,我不想活了。想結束一切。這不是我最想要的未來。 但有一點，還有一點，我想對自己說：我們不失望。,我們,O,O,O,O,O,O,35
939,我不想活了。想結束一切。這不是我最想要的未來。 但有一點，還有一點，我想對自己說：我們不失望。,不,O,O,O,O,O,O,36
939,我不想活了。想結束一切。這不是我最想要的未來。 但有一點，還有一點，我想對自己說：我們不失望。,失望,O,S-D,S-D,S-A,S-D,S-D,37
939,我不想活了。想結束一切。這不是我最想要的未來。 但有一點，還有一點，我想對自己說：我們不失望。,。,O,O,O,O,O,O,38
940,你知道什麼是那種難以解釋的無法撼動心中的那種感覺？我最近又遇到了那種感覺——失去興趣。 每天的起床也變得困難了。事物就不再那麼精彩了。沒有力氣去想什麼，去做什麼。只感覺著無用、無目的。,你,O,O,O,O,O,O,1
940,你知道什麼是那種難以解釋的無法撼動心中的那種感覺？我最近又遇到了那種感覺——失去興趣。 每天的起床也變得困難了。事物就不再那麼精彩了。沒有力氣去想什麼，去做什麼。只感覺著無用、無目的。,知道,O,O,O,O,O,O,2
940,你知道什麼是那種難以解釋的無法撼動心中的那種感覺？我最近又遇到了那種感覺——失去興趣。 每天的起床也變得困難了。事物就不再那麼精彩了。沒有力氣去想什麼，去做什麼。只感覺著無用、無目的。,什麼,O,O,O,O,O,O,3
940,你知道什麼是那種難以解釋的無法撼動心中的那種感覺？我最近又遇到了那種感覺——失去興趣。 每天的起床也變得困難了。事物就不再那麼精彩了。沒有力氣去想什麼，去做什麼。只感覺著無用、無目的。,是,O,O,O,O,O,O,4
940,你知道什麼是那種難以解釋的無法撼動心中的那種感覺？我最近又遇到了那種感覺——失去興趣。 每天的起床也變得困難了。事物就不再那麼精彩了。沒有力氣去想什麼，去做什麼。只感覺著無用、無目的。,那種,O,O,O,O,O,O,5
940,你知道什麼是那種難以解釋的無法撼動心中的那種感覺？我最近又遇到了那種感覺——失去興趣。 每天的起床也變得困難了。事物就不再那麼精彩了。沒有力氣去想什麼，去做什麼。只感覺著無用、無目的。,難以,O,O,O,O,O,O,6
940,你知道什麼是那種難以解釋的無法撼動心中的那種感覺？我最近又遇到了那種感覺——失去興趣。 每天的起床也變得困難了。事物就不再那麼精彩了。沒有力氣去想什麼，去做什麼。只感覺著無用、無目的。,解釋,O,O,O,O,O,O,7
940,你知道什麼是那種難以解釋的無法撼動心中的那種感覺？我最近又遇到了那種感覺——失去興趣。 每天的起床也變得困難了。事物就不再那麼精彩了。沒有力氣去想什麼，去做什麼。只感覺著無用、無目的。,的,O,O,O,O,O,O,8
940,你知道什麼是那種難以解釋的無法撼動心中的那種感覺？我最近又遇到了那種感覺——失去興趣。 每天的起床也變得困難了。事物就不再那麼精彩了。沒有力氣去想什麼，去做什麼。只感覺著無用、無目的。,無法,O,O,O,O,O,O,9
940,你知道什麼是那種難以解釋的無法撼動心中的那種感覺？我最近又遇到了那種感覺——失去興趣。 每天的起床也變得困難了。事物就不再那麼精彩了。沒有力氣去想什麼，去做什麼。只感覺著無用、無目的。,撼動,O,O,O,O,O,O,10
940,你知道什麼是那種難以解釋的無法撼動心中的那種感覺？我最近又遇到了那種感覺——失去興趣。 每天的起床也變得困難了。事物就不再那麼精彩了。沒有力氣去想什麼，去做什麼。只感覺著無用、無目的。,心中,O,O,O,O,O,O,11
940,你知道什麼是那種難以解釋的無法撼動心中的那種感覺？我最近又遇到了那種感覺——失去興趣。 每天的起床也變得困難了。事物就不再那麼精彩了。沒有力氣去想什麼，去做什麼。只感覺著無用、無目的。,的,O,O,O,O,O,O,12
940,你知道什麼是那種難以解釋的無法撼動心中的那種感覺？我最近又遇到了那種感覺——失去興趣。 每天的起床也變得困難了。事物就不再那麼精彩了。沒有力氣去想什麼，去做什麼。只感覺著無用、無目的。,那種,O,O,O,O,O,O,13
940,你知道什麼是那種難以解釋的無法撼動心中的那種感覺？我最近又遇到了那種感覺——失去興趣。 每天的起床也變得困難了。事物就不再那麼精彩了。沒有力氣去想什麼，去做什麼。只感覺著無用、無目的。,感覺,O,O,O,O,O,O,14
940,你知道什麼是那種難以解釋的無法撼動心中的那種感覺？我最近又遇到了那種感覺——失去興趣。 每天的起床也變得困難了。事物就不再那麼精彩了。沒有力氣去想什麼，去做什麼。只感覺著無用、無目的。,？,O,O,O,O,O,O,15
940,你知道什麼是那種難以解釋的無法撼動心中的那種感覺？我最近又遇到了那種感覺——失去興趣。 每天的起床也變得困難了。事物就不再那麼精彩了。沒有力氣去想什麼，去做什麼。只感覺著無用、無目的。,我,O,O,O,O,O,O,16
940,你知道什麼是那種難以解釋的無法撼動心中的那種感覺？我最近又遇到了那種感覺——失去興趣。 每天的起床也變得困難了。事物就不再那麼精彩了。沒有力氣去想什麼，去做什麼。只感覺著無用、無目的。,最近,O,O,O,O,O,O,17
940,你知道什麼是那種難以解釋的無法撼動心中的那種感覺？我最近又遇到了那種感覺——失去興趣。 每天的起床也變得困難了。事物就不再那麼精彩了。沒有力氣去想什麼，去做什麼。只感覺著無用、無目的。,又,O,O,O,O,O,O,18
940,你知道什麼是那種難以解釋的無法撼動心中的那種感覺？我最近又遇到了那種感覺——失去興趣。 每天的起床也變得困難了。事物就不再那麼精彩了。沒有力氣去想什麼，去做什麼。只感覺著無用、無目的。,遇到,O,B-W,B-W,B-W,B-D,B-W,19
940,你知道什麼是那種難以解釋的無法撼動心中的那種感覺？我最近又遇到了那種感覺——失去興趣。 每天的起床也變得困難了。事物就不再那麼精彩了。沒有力氣去想什麼，去做什麼。只感覺著無用、無目的。,了,O,M-W,M-W,M-W,M-D,M-W,20
940,你知道什麼是那種難以解釋的無法撼動心中的那種感覺？我最近又遇到了那種感覺——失去興趣。 每天的起床也變得困難了。事物就不再那麼精彩了。沒有力氣去想什麼，去做什麼。只感覺著無用、無目的。,那種,O,O,O,E-W,O,E-W,21
940,你知道什麼是那種難以解釋的無法撼動心中的那種感覺？我最近又遇到了那種感覺——失去興趣。 每天的起床也變得困難了。事物就不再那麼精彩了。沒有力氣去想什麼，去做什麼。只感覺著無用、無目的。,感覺,O,O,O,O,O,O,22
940,你知道什麼是那種難以解釋的無法撼動心中的那種感覺？我最近又遇到了那種感覺——失去興趣。 每天的起床也變得困難了。事物就不再那麼精彩了。沒有力氣去想什麼，去做什麼。只感覺著無用、無目的。,——,O,O,O,O,O,O,23
940,你知道什麼是那種難以解釋的無法撼動心中的那種感覺？我最近又遇到了那種感覺——失去興趣。 每天的起床也變得困難了。事物就不再那麼精彩了。沒有力氣去想什麼，去做什麼。只感覺著無用、無目的。,失去,B-A,B-A,B-A,B-A,B-A,B-A,24
940,你知道什麼是那種難以解釋的無法撼動心中的那種感覺？我最近又遇到了那種感覺——失去興趣。 每天的起床也變得困難了。事物就不再那麼精彩了。沒有力氣去想什麼，去做什麼。只感覺著無用、無目的。,興趣,E-A,E-A,E-A,E-A,E-A,E-A,25
940,你知道什麼是那種難以解釋的無法撼動心中的那種感覺？我最近又遇到了那種感覺——失去興趣。 每天的起床也變得困難了。事物就不再那麼精彩了。沒有力氣去想什麼，去做什麼。只感覺著無用、無目的。,。,O,O,O,O,O,O,26
940,你知道什麼是那種難以解釋的無法撼動心中的那種感覺？我最近又遇到了那種感覺——失去興趣。 每天的起床也變得困難了。事物就不再那麼精彩了。沒有力氣去想什麼，去做什麼。只感覺著無用、無目的。,每天,O,O,O,O,O,O,27
940,你知道什麼是那種難以解釋的無法撼動心中的那種感覺？我最近又遇到了那種感覺——失去興趣。 每天的起床也變得困難了。事物就不再那麼精彩了。沒有力氣去想什麼，去做什麼。只感覺著無用、無目的。,的,O,O,O,O,O,O,28
940,你知道什麼是那種難以解釋的無法撼動心中的那種感覺？我最近又遇到了那種感覺——失去興趣。 每天的起床也變得困難了。事物就不再那麼精彩了。沒有力氣去想什麼，去做什麼。只感覺著無用、無目的。,起床,O,O,O,O,O,O,29
940,你知道什麼是那種難以解釋的無法撼動心中的那種感覺？我最近又遇到了那種感覺——失去興趣。 每天的起床也變得困難了。事物就不再那麼精彩了。沒有力氣去想什麼，去做什麼。只感覺著無用、無目的。,也,O,O,O,O,O,O,30
940,你知道什麼是那種難以解釋的無法撼動心中的那種感覺？我最近又遇到了那種感覺——失去興趣。 每天的起床也變得困難了。事物就不再那麼精彩了。沒有力氣去想什麼，去做什麼。只感覺著無用、無目的。,變得,O,O,O,O,O,O,31
940,你知道什麼是那種難以解釋的無法撼動心中的那種感覺？我最近又遇到了那種感覺——失去興趣。 每天的起床也變得困難了。事物就不再那麼精彩了。沒有力氣去想什麼，去做什麼。只感覺著無用、無目的。,困難,O,O,O,O,O,O,32
940,你知道什麼是那種難以解釋的無法撼動心中的那種感覺？我最近又遇到了那種感覺——失去興趣。 每天的起床也變得困難了。事物就不再那麼精彩了。沒有力氣去想什麼，去做什麼。只感覺著無用、無目的。,了,O,O,O,O,O,O,33
940,你知道什麼是那種難以解釋的無法撼動心中的那種感覺？我最近又遇到了那種感覺——失去興趣。 每天的起床也變得困難了。事物就不再那麼精彩了。沒有力氣去想什麼，去做什麼。只感覺著無用、無目的。,。,O,O,O,O,O,O,34
940,你知道什麼是那種難以解釋的無法撼動心中的那種感覺？我最近又遇到了那種感覺——失去興趣。 每天的起床也變得困難了。事物就不再那麼精彩了。沒有力氣去想什麼，去做什麼。只感覺著無用、無目的。,事物,O,O,O,O,O,O,35
940,你知道什麼是那種難以解釋的無法撼動心中的那種感覺？我最近又遇到了那種感覺——失去興趣。 每天的起床也變得困難了。事物就不再那麼精彩了。沒有力氣去想什麼，去做什麼。只感覺著無用、無目的。,就,O,O,O,O,O,O,36
940,你知道什麼是那種難以解釋的無法撼動心中的那種感覺？我最近又遇到了那種感覺——失去興趣。 每天的起床也變得困難了。事物就不再那麼精彩了。沒有力氣去想什麼，去做什麼。只感覺著無用、無目的。,不,O,O,O,O,O,O,37
940,你知道什麼是那種難以解釋的無法撼動心中的那種感覺？我最近又遇到了那種感覺——失去興趣。 每天的起床也變得困難了。事物就不再那麼精彩了。沒有力氣去想什麼，去做什麼。只感覺著無用、無目的。,再,O,O,O,O,O,O,38
940,你知道什麼是那種難以解釋的無法撼動心中的那種感覺？我最近又遇到了那種感覺——失去興趣。 每天的起床也變得困難了。事物就不再那麼精彩了。沒有力氣去想什麼，去做什麼。只感覺著無用、無目的。,那麼,O,O,O,O,O,O,39
940,你知道什麼是那種難以解釋的無法撼動心中的那種感覺？我最近又遇到了那種感覺——失去興趣。 每天的起床也變得困難了。事物就不再那麼精彩了。沒有力氣去想什麼，去做什麼。只感覺著無用、無目的。,精彩,O,O,O,O,O,O,40
940,你知道什麼是那種難以解釋的無法撼動心中的那種感覺？我最近又遇到了那種感覺——失去興趣。 每天的起床也變得困難了。事物就不再那麼精彩了。沒有力氣去想什麼，去做什麼。只感覺著無用、無目的。,了,O,O,O,O,O,O,41
940,你知道什麼是那種難以解釋的無法撼動心中的那種感覺？我最近又遇到了那種感覺——失去興趣。 每天的起床也變得困難了。事物就不再那麼精彩了。沒有力氣去想什麼，去做什麼。只感覺著無用、無目的。,。,O,O,O,O,O,O,42
940,你知道什麼是那種難以解釋的無法撼動心中的那種感覺？我最近又遇到了那種感覺——失去興趣。 每天的起床也變得困難了。事物就不再那麼精彩了。沒有力氣去想什麼，去做什麼。只感覺著無用、無目的。,沒有,O,O,O,O,O,O,43
940,你知道什麼是那種難以解釋的無法撼動心中的那種感覺？我最近又遇到了那種感覺——失去興趣。 每天的起床也變得困難了。事物就不再那麼精彩了。沒有力氣去想什麼，去做什麼。只感覺著無用、無目的。,力氣,O,O,O,O,O,O,44
940,你知道什麼是那種難以解釋的無法撼動心中的那種感覺？我最近又遇到了那種感覺——失去興趣。 每天的起床也變得困難了。事物就不再那麼精彩了。沒有力氣去想什麼，去做什麼。只感覺著無用、無目的。,去,O,O,O,O,O,O,45
940,你知道什麼是那種難以解釋的無法撼動心中的那種感覺？我最近又遇到了那種感覺——失去興趣。 每天的起床也變得困難了。事物就不再那麼精彩了。沒有力氣去想什麼，去做什麼。只感覺著無用、無目的。,想,O,O,O,O,O,O,46
940,你知道什麼是那種難以解釋的無法撼動心中的那種感覺？我最近又遇到了那種感覺——失去興趣。 每天的起床也變得困難了。事物就不再那麼精彩了。沒有力氣去想什麼，去做什麼。只感覺著無用、無目的。,什麼,O,O,O,O,O,O,47
940,你知道什麼是那種難以解釋的無法撼動心中的那種感覺？我最近又遇到了那種感覺——失去興趣。 每天的起床也變得困難了。事物就不再那麼精彩了。沒有力氣去想什麼，去做什麼。只感覺著無用、無目的。,，,O,O,O,O,O,O,48
940,你知道什麼是那種難以解釋的無法撼動心中的那種感覺？我最近又遇到了那種感覺——失去興趣。 每天的起床也變得困難了。事物就不再那麼精彩了。沒有力氣去想什麼，去做什麼。只感覺著無用、無目的。,去,O,O,O,O,O,O,49
940,你知道什麼是那種難以解釋的無法撼動心中的那種感覺？我最近又遇到了那種感覺——失去興趣。 每天的起床也變得困難了。事物就不再那麼精彩了。沒有力氣去想什麼，去做什麼。只感覺著無用、無目的。,做,O,O,O,O,O,O,50
940,你知道什麼是那種難以解釋的無法撼動心中的那種感覺？我最近又遇到了那種感覺——失去興趣。 每天的起床也變得困難了。事物就不再那麼精彩了。沒有力氣去想什麼，去做什麼。只感覺著無用、無目的。,什麼,O,O,O,O,O,O,51
940,你知道什麼是那種難以解釋的無法撼動心中的那種感覺？我最近又遇到了那種感覺——失去興趣。 每天的起床也變得困難了。事物就不再那麼精彩了。沒有力氣去想什麼，去做什麼。只感覺著無用、無目的。,。,O,O,O,O,O,O,52
940,你知道什麼是那種難以解釋的無法撼動心中的那種感覺？我最近又遇到了那種感覺——失去興趣。 每天的起床也變得困難了。事物就不再那麼精彩了。沒有力氣去想什麼，去做什麼。只感覺著無用、無目的。,只,O,O,O,O,O,O,53
940,你知道什麼是那種難以解釋的無法撼動心中的那種感覺？我最近又遇到了那種感覺——失去興趣。 每天的起床也變得困難了。事物就不再那麼精彩了。沒有力氣去想什麼，去做什麼。只感覺著無用、無目的。,感覺著,O,O,O,O,O,O,54
940,你知道什麼是那種難以解釋的無法撼動心中的那種感覺？我最近又遇到了那種感覺——失去興趣。 每天的起床也變得困難了。事物就不再那麼精彩了。沒有力氣去想什麼，去做什麼。只感覺著無用、無目的。,無用,S-W,S-W,S-W,S-W,S-W,S-W,55
940,你知道什麼是那種難以解釋的無法撼動心中的那種感覺？我最近又遇到了那種感覺——失去興趣。 每天的起床也變得困難了。事物就不再那麼精彩了。沒有力氣去想什麼，去做什麼。只感覺著無用、無目的。,、,O,O,O,O,O,O,56
940,你知道什麼是那種難以解釋的無法撼動心中的那種感覺？我最近又遇到了那種感覺——失去興趣。 每天的起床也變得困難了。事物就不再那麼精彩了。沒有力氣去想什麼，去做什麼。只感覺著無用、無目的。,無目的,S-W,S-W,S-W,S-W,S-W,S-W,57
940,你知道什麼是那種難以解釋的無法撼動心中的那種感覺？我最近又遇到了那種感覺——失去興趣。 每天的起床也變得困難了。事物就不再那麼精彩了。沒有力氣去想什麼，去做什麼。只感覺著無用、無目的。,。,O,O,O,O,O,O,58
941,這兩週來，我的頭腦和身體都像個垃圾箱，垃圾無法被掃除。 這種感覺，讓我變得像個「垃圾箱裡的垃圾」 這兩週來，我只有在夜晚睡著時，才能找到一些安慰。  這種日子，我不想活了這種感覺,這,O,O,O,O,O,O,1
941,這兩週來，我的頭腦和身體都像個垃圾箱，垃圾無法被掃除。 這種感覺，讓我變得像個「垃圾箱裡的垃圾」 這兩週來，我只有在夜晚睡著時，才能找到一些安慰。  這種日子，我不想活了這種感覺,兩,O,O,O,O,O,O,2
941,這兩週來，我的頭腦和身體都像個垃圾箱，垃圾無法被掃除。 這種感覺，讓我變得像個「垃圾箱裡的垃圾」 這兩週來，我只有在夜晚睡著時，才能找到一些安慰。  這種日子，我不想活了這種感覺,週,O,O,O,O,O,O,3
941,這兩週來，我的頭腦和身體都像個垃圾箱，垃圾無法被掃除。 這種感覺，讓我變得像個「垃圾箱裡的垃圾」 這兩週來，我只有在夜晚睡著時，才能找到一些安慰。  這種日子，我不想活了這種感覺,來,O,O,O,O,O,O,4
941,這兩週來，我的頭腦和身體都像個垃圾箱，垃圾無法被掃除。 這種感覺，讓我變得像個「垃圾箱裡的垃圾」 這兩週來，我只有在夜晚睡著時，才能找到一些安慰。  這種日子，我不想活了這種感覺,，,O,O,O,O,O,O,5
941,這兩週來，我的頭腦和身體都像個垃圾箱，垃圾無法被掃除。 這種感覺，讓我變得像個「垃圾箱裡的垃圾」 這兩週來，我只有在夜晚睡著時，才能找到一些安慰。  這種日子，我不想活了這種感覺,我,O,O,O,O,O,O,6
941,這兩週來，我的頭腦和身體都像個垃圾箱，垃圾無法被掃除。 這種感覺，讓我變得像個「垃圾箱裡的垃圾」 這兩週來，我只有在夜晚睡著時，才能找到一些安慰。  這種日子，我不想活了這種感覺,的,O,O,O,O,O,O,7
941,這兩週來，我的頭腦和身體都像個垃圾箱，垃圾無法被掃除。 這種感覺，讓我變得像個「垃圾箱裡的垃圾」 這兩週來，我只有在夜晚睡著時，才能找到一些安慰。  這種日子，我不想活了這種感覺,頭腦,O,O,O,O,O,O,8
941,這兩週來，我的頭腦和身體都像個垃圾箱，垃圾無法被掃除。 這種感覺，讓我變得像個「垃圾箱裡的垃圾」 這兩週來，我只有在夜晚睡著時，才能找到一些安慰。  這種日子，我不想活了這種感覺,和,O,O,O,O,O,O,9
941,這兩週來，我的頭腦和身體都像個垃圾箱，垃圾無法被掃除。 這種感覺，讓我變得像個「垃圾箱裡的垃圾」 這兩週來，我只有在夜晚睡著時，才能找到一些安慰。  這種日子，我不想活了這種感覺,身體,O,O,O,O,O,O,10
941,這兩週來，我的頭腦和身體都像個垃圾箱，垃圾無法被掃除。 這種感覺，讓我變得像個「垃圾箱裡的垃圾」 這兩週來，我只有在夜晚睡著時，才能找到一些安慰。  這種日子，我不想活了這種感覺,都,O,O,O,O,O,O,11
941,這兩週來，我的頭腦和身體都像個垃圾箱，垃圾無法被掃除。 這種感覺，讓我變得像個「垃圾箱裡的垃圾」 這兩週來，我只有在夜晚睡著時，才能找到一些安慰。  這種日子，我不想活了這種感覺,像,O,O,O,O,O,O,12
941,這兩週來，我的頭腦和身體都像個垃圾箱，垃圾無法被掃除。 這種感覺，讓我變得像個「垃圾箱裡的垃圾」 這兩週來，我只有在夜晚睡著時，才能找到一些安慰。  這種日子，我不想活了這種感覺,個,O,O,O,O,O,O,13
941,這兩週來，我的頭腦和身體都像個垃圾箱，垃圾無法被掃除。 這種感覺，讓我變得像個「垃圾箱裡的垃圾」 這兩週來，我只有在夜晚睡著時，才能找到一些安慰。  這種日子，我不想活了這種感覺,垃圾箱,S-D,S-D,S-D,S-D,S-D,S-D,14
941,這兩週來，我的頭腦和身體都像個垃圾箱，垃圾無法被掃除。 這種感覺，讓我變得像個「垃圾箱裡的垃圾」 這兩週來，我只有在夜晚睡著時，才能找到一些安慰。  這種日子，我不想活了這種感覺,，,O,O,O,O,O,O,15
941,這兩週來，我的頭腦和身體都像個垃圾箱，垃圾無法被掃除。 這種感覺，讓我變得像個「垃圾箱裡的垃圾」 這兩週來，我只有在夜晚睡著時，才能找到一些安慰。  這種日子，我不想活了這種感覺,垃圾,O,O,O,O,O,O,16
941,這兩週來，我的頭腦和身體都像個垃圾箱，垃圾無法被掃除。 這種感覺，讓我變得像個「垃圾箱裡的垃圾」 這兩週來，我只有在夜晚睡著時，才能找到一些安慰。  這種日子，我不想活了這種感覺,無法,O,O,O,O,O,O,17
941,這兩週來，我的頭腦和身體都像個垃圾箱，垃圾無法被掃除。 這種感覺，讓我變得像個「垃圾箱裡的垃圾」 這兩週來，我只有在夜晚睡著時，才能找到一些安慰。  這種日子，我不想活了這種感覺,被,O,O,O,O,O,O,18
941,這兩週來，我的頭腦和身體都像個垃圾箱，垃圾無法被掃除。 這種感覺，讓我變得像個「垃圾箱裡的垃圾」 這兩週來，我只有在夜晚睡著時，才能找到一些安慰。  這種日子，我不想活了這種感覺,掃除,O,O,O,O,O,O,19
941,這兩週來，我的頭腦和身體都像個垃圾箱，垃圾無法被掃除。 這種感覺，讓我變得像個「垃圾箱裡的垃圾」 這兩週來，我只有在夜晚睡著時，才能找到一些安慰。  這種日子，我不想活了這種感覺,。,O,O,O,O,O,O,20
941,這兩週來，我的頭腦和身體都像個垃圾箱，垃圾無法被掃除。 這種感覺，讓我變得像個「垃圾箱裡的垃圾」 這兩週來，我只有在夜晚睡著時，才能找到一些安慰。  這種日子，我不想活了這種感覺,這種,O,O,O,O,O,O,21
941,這兩週來，我的頭腦和身體都像個垃圾箱，垃圾無法被掃除。 這種感覺，讓我變得像個「垃圾箱裡的垃圾」 這兩週來，我只有在夜晚睡著時，才能找到一些安慰。  這種日子，我不想活了這種感覺,感覺,O,O,S-D,O,S-D,O,22
941,這兩週來，我的頭腦和身體都像個垃圾箱，垃圾無法被掃除。 這種感覺，讓我變得像個「垃圾箱裡的垃圾」 這兩週來，我只有在夜晚睡著時，才能找到一些安慰。  這種日子，我不想活了這種感覺,，,O,O,O,O,O,O,23
941,這兩週來，我的頭腦和身體都像個垃圾箱，垃圾無法被掃除。 這種感覺，讓我變得像個「垃圾箱裡的垃圾」 這兩週來，我只有在夜晚睡著時，才能找到一些安慰。  這種日子，我不想活了這種感覺,讓,O,O,O,O,O,O,24
941,這兩週來，我的頭腦和身體都像個垃圾箱，垃圾無法被掃除。 這種感覺，讓我變得像個「垃圾箱裡的垃圾」 這兩週來，我只有在夜晚睡著時，才能找到一些安慰。  這種日子，我不想活了這種感覺,我,O,O,O,O,O,O,25
941,這兩週來，我的頭腦和身體都像個垃圾箱，垃圾無法被掃除。 這種感覺，讓我變得像個「垃圾箱裡的垃圾」 這兩週來，我只有在夜晚睡著時，才能找到一些安慰。  這種日子，我不想活了這種感覺,變得,O,O,O,O,O,O,26
941,這兩週來，我的頭腦和身體都像個垃圾箱，垃圾無法被掃除。 這種感覺，讓我變得像個「垃圾箱裡的垃圾」 這兩週來，我只有在夜晚睡著時，才能找到一些安慰。  這種日子，我不想活了這種感覺,像,O,O,O,O,O,O,27
941,這兩週來，我的頭腦和身體都像個垃圾箱，垃圾無法被掃除。 這種感覺，讓我變得像個「垃圾箱裡的垃圾」 這兩週來，我只有在夜晚睡著時，才能找到一些安慰。  這種日子，我不想活了這種感覺,個,O,O,O,O,O,O,28
941,這兩週來，我的頭腦和身體都像個垃圾箱，垃圾無法被掃除。 這種感覺，讓我變得像個「垃圾箱裡的垃圾」 這兩週來，我只有在夜晚睡著時，才能找到一些安慰。  這種日子，我不想活了這種感覺,「,O,O,O,O,O,O,29
941,這兩週來，我的頭腦和身體都像個垃圾箱，垃圾無法被掃除。 這種感覺，讓我變得像個「垃圾箱裡的垃圾」 這兩週來，我只有在夜晚睡著時，才能找到一些安慰。  這種日子，我不想活了這種感覺,垃圾箱,O,O,O,O,O,O,30
941,這兩週來，我的頭腦和身體都像個垃圾箱，垃圾無法被掃除。 這種感覺，讓我變得像個「垃圾箱裡的垃圾」 這兩週來，我只有在夜晚睡著時，才能找到一些安慰。  這種日子，我不想活了這種感覺,裡,O,O,O,O,O,O,31
941,這兩週來，我的頭腦和身體都像個垃圾箱，垃圾無法被掃除。 這種感覺，讓我變得像個「垃圾箱裡的垃圾」 這兩週來，我只有在夜晚睡著時，才能找到一些安慰。  這種日子，我不想活了這種感覺,的,O,O,O,O,O,O,32
941,這兩週來，我的頭腦和身體都像個垃圾箱，垃圾無法被掃除。 這種感覺，讓我變得像個「垃圾箱裡的垃圾」 這兩週來，我只有在夜晚睡著時，才能找到一些安慰。  這種日子，我不想活了這種感覺,垃圾,S-D,S-D,S-D,S-D,S-D,S-D,33
941,這兩週來，我的頭腦和身體都像個垃圾箱，垃圾無法被掃除。 這種感覺，讓我變得像個「垃圾箱裡的垃圾」 這兩週來，我只有在夜晚睡著時，才能找到一些安慰。  這種日子，我不想活了這種感覺,」,O,O,O,O,O,O,34
941,這兩週來，我的頭腦和身體都像個垃圾箱，垃圾無法被掃除。 這種感覺，讓我變得像個「垃圾箱裡的垃圾」 這兩週來，我只有在夜晚睡著時，才能找到一些安慰。  這種日子，我不想活了這種感覺,這,O,O,O,O,O,O,35
941,這兩週來，我的頭腦和身體都像個垃圾箱，垃圾無法被掃除。 這種感覺，讓我變得像個「垃圾箱裡的垃圾」 這兩週來，我只有在夜晚睡著時，才能找到一些安慰。  這種日子，我不想活了這種感覺,兩,O,O,O,O,O,O,36
941,這兩週來，我的頭腦和身體都像個垃圾箱，垃圾無法被掃除。 這種感覺，讓我變得像個「垃圾箱裡的垃圾」 這兩週來，我只有在夜晚睡著時，才能找到一些安慰。  這種日子，我不想活了這種感覺,週,O,O,O,O,O,O,37
941,這兩週來，我的頭腦和身體都像個垃圾箱，垃圾無法被掃除。 這種感覺，讓我變得像個「垃圾箱裡的垃圾」 這兩週來，我只有在夜晚睡著時，才能找到一些安慰。  這種日子，我不想活了這種感覺,來,O,O,O,O,O,O,38
941,這兩週來，我的頭腦和身體都像個垃圾箱，垃圾無法被掃除。 這種感覺，讓我變得像個「垃圾箱裡的垃圾」 這兩週來，我只有在夜晚睡著時，才能找到一些安慰。  這種日子，我不想活了這種感覺,，,O,O,O,O,O,O,39
941,這兩週來，我的頭腦和身體都像個垃圾箱，垃圾無法被掃除。 這種感覺，讓我變得像個「垃圾箱裡的垃圾」 這兩週來，我只有在夜晚睡著時，才能找到一些安慰。  這種日子，我不想活了這種感覺,我,O,O,O,O,O,O,40
941,這兩週來，我的頭腦和身體都像個垃圾箱，垃圾無法被掃除。 這種感覺，讓我變得像個「垃圾箱裡的垃圾」 這兩週來，我只有在夜晚睡著時，才能找到一些安慰。  這種日子，我不想活了這種感覺,只有,O,O,O,O,O,O,41
941,這兩週來，我的頭腦和身體都像個垃圾箱，垃圾無法被掃除。 這種感覺，讓我變得像個「垃圾箱裡的垃圾」 這兩週來，我只有在夜晚睡著時，才能找到一些安慰。  這種日子，我不想活了這種感覺,在,O,O,O,O,O,O,42
941,這兩週來，我的頭腦和身體都像個垃圾箱，垃圾無法被掃除。 這種感覺，讓我變得像個「垃圾箱裡的垃圾」 這兩週來，我只有在夜晚睡著時，才能找到一些安慰。  這種日子，我不想活了這種感覺,夜晚,O,O,O,O,O,O,43
941,這兩週來，我的頭腦和身體都像個垃圾箱，垃圾無法被掃除。 這種感覺，讓我變得像個「垃圾箱裡的垃圾」 這兩週來，我只有在夜晚睡著時，才能找到一些安慰。  這種日子，我不想活了這種感覺,睡著,O,O,O,O,O,O,44
941,這兩週來，我的頭腦和身體都像個垃圾箱，垃圾無法被掃除。 這種感覺，讓我變得像個「垃圾箱裡的垃圾」 這兩週來，我只有在夜晚睡著時，才能找到一些安慰。  這種日子，我不想活了這種感覺,時,O,O,O,O,O,O,45
941,這兩週來，我的頭腦和身體都像個垃圾箱，垃圾無法被掃除。 這種感覺，讓我變得像個「垃圾箱裡的垃圾」 這兩週來，我只有在夜晚睡著時，才能找到一些安慰。  這種日子，我不想活了這種感覺,，,O,O,O,O,O,O,46
941,這兩週來，我的頭腦和身體都像個垃圾箱，垃圾無法被掃除。 這種感覺，讓我變得像個「垃圾箱裡的垃圾」 這兩週來，我只有在夜晚睡著時，才能找到一些安慰。  這種日子，我不想活了這種感覺,才能,O,O,O,O,O,O,47
941,這兩週來，我的頭腦和身體都像個垃圾箱，垃圾無法被掃除。 這種感覺，讓我變得像個「垃圾箱裡的垃圾」 這兩週來，我只有在夜晚睡著時，才能找到一些安慰。  這種日子，我不想活了這種感覺,找到,O,O,O,O,O,O,48
941,這兩週來，我的頭腦和身體都像個垃圾箱，垃圾無法被掃除。 這種感覺，讓我變得像個「垃圾箱裡的垃圾」 這兩週來，我只有在夜晚睡著時，才能找到一些安慰。  這種日子，我不想活了這種感覺,一些,O,O,O,O,O,O,49
941,這兩週來，我的頭腦和身體都像個垃圾箱，垃圾無法被掃除。 這種感覺，讓我變得像個「垃圾箱裡的垃圾」 這兩週來，我只有在夜晚睡著時，才能找到一些安慰。  這種日子，我不想活了這種感覺,安慰,O,O,S-A,O,S-A,S-A,50
941,這兩週來，我的頭腦和身體都像個垃圾箱，垃圾無法被掃除。 這種感覺，讓我變得像個「垃圾箱裡的垃圾」 這兩週來，我只有在夜晚睡著時，才能找到一些安慰。  這種日子，我不想活了這種感覺,。,O,O,O,O,O,O,51
941,這兩週來，我的頭腦和身體都像個垃圾箱，垃圾無法被掃除。 這種感覺，讓我變得像個「垃圾箱裡的垃圾」 這兩週來，我只有在夜晚睡著時，才能找到一些安慰。  這種日子，我不想活了這種感覺,這種,O,O,O,O,O,O,52
941,這兩週來，我的頭腦和身體都像個垃圾箱，垃圾無法被掃除。 這種感覺，讓我變得像個「垃圾箱裡的垃圾」 這兩週來，我只有在夜晚睡著時，才能找到一些安慰。  這種日子，我不想活了這種感覺,日子,O,O,O,O,O,O,53
941,這兩週來，我的頭腦和身體都像個垃圾箱，垃圾無法被掃除。 這種感覺，讓我變得像個「垃圾箱裡的垃圾」 這兩週來，我只有在夜晚睡著時，才能找到一些安慰。  這種日子，我不想活了這種感覺,，,O,O,O,O,O,O,54
941,這兩週來，我的頭腦和身體都像個垃圾箱，垃圾無法被掃除。 這種感覺，讓我變得像個「垃圾箱裡的垃圾」 這兩週來，我只有在夜晚睡著時，才能找到一些安慰。  這種日子，我不想活了這種感覺,我,O,O,O,O,O,O,55
941,這兩週來，我的頭腦和身體都像個垃圾箱，垃圾無法被掃除。 這種感覺，讓我變得像個「垃圾箱裡的垃圾」 這兩週來，我只有在夜晚睡著時，才能找到一些安慰。  這種日子，我不想活了這種感覺,不想,B-U,B-U,B-U,B-U,B-U,O,56
941,這兩週來，我的頭腦和身體都像個垃圾箱，垃圾無法被掃除。 這種感覺，讓我變得像個「垃圾箱裡的垃圾」 這兩週來，我只有在夜晚睡著時，才能找到一些安慰。  這種日子，我不想活了這種感覺,活,E-U,E-U,E-U,E-U,E-U,S-U,57
941,這兩週來，我的頭腦和身體都像個垃圾箱，垃圾無法被掃除。 這種感覺，讓我變得像個「垃圾箱裡的垃圾」 這兩週來，我只有在夜晚睡著時，才能找到一些安慰。  這種日子，我不想活了這種感覺,了,O,O,O,O,O,O,58
941,這兩週來，我的頭腦和身體都像個垃圾箱，垃圾無法被掃除。 這種感覺，讓我變得像個「垃圾箱裡的垃圾」 這兩週來，我只有在夜晚睡著時，才能找到一些安慰。  這種日子，我不想活了這種感覺,這種,O,O,S-D,O,S-D,O,59
941,這兩週來，我的頭腦和身體都像個垃圾箱，垃圾無法被掃除。 這種感覺，讓我變得像個「垃圾箱裡的垃圾」 這兩週來，我只有在夜晚睡著時，才能找到一些安慰。  這種日子，我不想活了這種感覺,感覺,O,O,缺失預測,O,O,O,60
942,這幾天已經不知道要如何過來了。每天早上醒來，沒有任何興趣；不再知道要怎么填寫職位表；失去對生活的興趣，反而是一種不飽足感。 🤕 這雖然是失業的結果，我們的身心需要是關注的主角😔       你的支持是最好的醫生，讓我們一起,這,O,O,O,O,O,O,1
942,這幾天已經不知道要如何過來了。每天早上醒來，沒有任何興趣；不再知道要怎么填寫職位表；失去對生活的興趣，反而是一種不飽足感。 🤕 這雖然是失業的結果，我們的身心需要是關注的主角😔       你的支持是最好的醫生，讓我們一起,幾,O,O,O,O,O,O,2
942,這幾天已經不知道要如何過來了。每天早上醒來，沒有任何興趣；不再知道要怎么填寫職位表；失去對生活的興趣，反而是一種不飽足感。 🤕 這雖然是失業的結果，我們的身心需要是關注的主角😔       你的支持是最好的醫生，讓我們一起,天,O,O,O,O,O,O,3
942,這幾天已經不知道要如何過來了。每天早上醒來，沒有任何興趣；不再知道要怎么填寫職位表；失去對生活的興趣，反而是一種不飽足感。 🤕 這雖然是失業的結果，我們的身心需要是關注的主角😔       你的支持是最好的醫生，讓我們一起,已經,O,O,O,O,O,O,4
942,這幾天已經不知道要如何過來了。每天早上醒來，沒有任何興趣；不再知道要怎么填寫職位表；失去對生活的興趣，反而是一種不飽足感。 🤕 這雖然是失業的結果，我們的身心需要是關注的主角😔       你的支持是最好的醫生，讓我們一起,不知道,O,O,O,O,O,O,5
942,這幾天已經不知道要如何過來了。每天早上醒來，沒有任何興趣；不再知道要怎么填寫職位表；失去對生活的興趣，反而是一種不飽足感。 🤕 這雖然是失業的結果，我們的身心需要是關注的主角😔       你的支持是最好的醫生，讓我們一起,要,O,O,O,O,O,O,6
942,這幾天已經不知道要如何過來了。每天早上醒來，沒有任何興趣；不再知道要怎么填寫職位表；失去對生活的興趣，反而是一種不飽足感。 🤕 這雖然是失業的結果，我們的身心需要是關注的主角😔       你的支持是最好的醫生，讓我們一起,如何,O,O,O,O,O,O,7
942,這幾天已經不知道要如何過來了。每天早上醒來，沒有任何興趣；不再知道要怎么填寫職位表；失去對生活的興趣，反而是一種不飽足感。 🤕 這雖然是失業的結果，我們的身心需要是關注的主角😔       你的支持是最好的醫生，讓我們一起,過來,O,O,O,O,O,O,8
942,這幾天已經不知道要如何過來了。每天早上醒來，沒有任何興趣；不再知道要怎么填寫職位表；失去對生活的興趣，反而是一種不飽足感。 🤕 這雖然是失業的結果，我們的身心需要是關注的主角😔       你的支持是最好的醫生，讓我們一起,了,O,O,O,O,O,O,9
942,這幾天已經不知道要如何過來了。每天早上醒來，沒有任何興趣；不再知道要怎么填寫職位表；失去對生活的興趣，反而是一種不飽足感。 🤕 這雖然是失業的結果，我們的身心需要是關注的主角😔       你的支持是最好的醫生，讓我們一起,。,O,O,O,O,O,O,10
942,這幾天已經不知道要如何過來了。每天早上醒來，沒有任何興趣；不再知道要怎么填寫職位表；失去對生活的興趣，反而是一種不飽足感。 🤕 這雖然是失業的結果，我們的身心需要是關注的主角😔       你的支持是最好的醫生，讓我們一起,每天,O,O,O,O,O,O,11
942,這幾天已經不知道要如何過來了。每天早上醒來，沒有任何興趣；不再知道要怎么填寫職位表；失去對生活的興趣，反而是一種不飽足感。 🤕 這雖然是失業的結果，我們的身心需要是關注的主角😔       你的支持是最好的醫生，讓我們一起,早上,O,O,O,O,O,O,12
942,這幾天已經不知道要如何過來了。每天早上醒來，沒有任何興趣；不再知道要怎么填寫職位表；失去對生活的興趣，反而是一種不飽足感。 🤕 這雖然是失業的結果，我們的身心需要是關注的主角😔       你的支持是最好的醫生，讓我們一起,醒來,O,O,O,O,O,O,13
942,這幾天已經不知道要如何過來了。每天早上醒來，沒有任何興趣；不再知道要怎么填寫職位表；失去對生活的興趣，反而是一種不飽足感。 🤕 這雖然是失業的結果，我們的身心需要是關注的主角😔       你的支持是最好的醫生，讓我們一起,，,O,O,O,O,O,O,14
942,這幾天已經不知道要如何過來了。每天早上醒來，沒有任何興趣；不再知道要怎么填寫職位表；失去對生活的興趣，反而是一種不飽足感。 🤕 這雖然是失業的結果，我們的身心需要是關注的主角😔       你的支持是最好的醫生，讓我們一起,沒有,O,O,O,O,O,O,15
942,這幾天已經不知道要如何過來了。每天早上醒來，沒有任何興趣；不再知道要怎么填寫職位表；失去對生活的興趣，反而是一種不飽足感。 🤕 這雖然是失業的結果，我們的身心需要是關注的主角😔       你的支持是最好的醫生，讓我們一起,任何,O,O,O,O,O,O,16
942,這幾天已經不知道要如何過來了。每天早上醒來，沒有任何興趣；不再知道要怎么填寫職位表；失去對生活的興趣，反而是一種不飽足感。 🤕 這雖然是失業的結果，我們的身心需要是關注的主角😔       你的支持是最好的醫生，讓我們一起,興趣,O,O,O,O,O,O,17
942,這幾天已經不知道要如何過來了。每天早上醒來，沒有任何興趣；不再知道要怎么填寫職位表；失去對生活的興趣，反而是一種不飽足感。 🤕 這雖然是失業的結果，我們的身心需要是關注的主角😔       你的支持是最好的醫生，讓我們一起,；,O,O,O,O,O,O,18
942,這幾天已經不知道要如何過來了。每天早上醒來，沒有任何興趣；不再知道要怎么填寫職位表；失去對生活的興趣，反而是一種不飽足感。 🤕 這雖然是失業的結果，我們的身心需要是關注的主角😔       你的支持是最好的醫生，讓我們一起,不再,O,O,O,O,O,O,19
942,這幾天已經不知道要如何過來了。每天早上醒來，沒有任何興趣；不再知道要怎么填寫職位表；失去對生活的興趣，反而是一種不飽足感。 🤕 這雖然是失業的結果，我們的身心需要是關注的主角😔       你的支持是最好的醫生，讓我們一起,知道,O,O,O,O,O,O,20
942,這幾天已經不知道要如何過來了。每天早上醒來，沒有任何興趣；不再知道要怎么填寫職位表；失去對生活的興趣，反而是一種不飽足感。 🤕 這雖然是失業的結果，我們的身心需要是關注的主角😔       你的支持是最好的醫生，讓我們一起,要,O,O,O,O,O,O,21
942,這幾天已經不知道要如何過來了。每天早上醒來，沒有任何興趣；不再知道要怎么填寫職位表；失去對生活的興趣，反而是一種不飽足感。 🤕 這雖然是失業的結果，我們的身心需要是關注的主角😔       你的支持是最好的醫生，讓我們一起,怎么,O,O,O,O,O,O,22
942,這幾天已經不知道要如何過來了。每天早上醒來，沒有任何興趣；不再知道要怎么填寫職位表；失去對生活的興趣，反而是一種不飽足感。 🤕 這雖然是失業的結果，我們的身心需要是關注的主角😔       你的支持是最好的醫生，讓我們一起,填寫,O,O,O,O,O,O,23
942,這幾天已經不知道要如何過來了。每天早上醒來，沒有任何興趣；不再知道要怎么填寫職位表；失去對生活的興趣，反而是一種不飽足感。 🤕 這雖然是失業的結果，我們的身心需要是關注的主角😔       你的支持是最好的醫生，讓我們一起,職位,O,O,O,O,O,O,24
942,這幾天已經不知道要如何過來了。每天早上醒來，沒有任何興趣；不再知道要怎么填寫職位表；失去對生活的興趣，反而是一種不飽足感。 🤕 這雖然是失業的結果，我們的身心需要是關注的主角😔       你的支持是最好的醫生，讓我們一起,表,O,O,O,O,O,O,25
942,這幾天已經不知道要如何過來了。每天早上醒來，沒有任何興趣；不再知道要怎么填寫職位表；失去對生活的興趣，反而是一種不飽足感。 🤕 這雖然是失業的結果，我們的身心需要是關注的主角😔       你的支持是最好的醫生，讓我們一起,；,O,O,O,O,O,O,26
942,這幾天已經不知道要如何過來了。每天早上醒來，沒有任何興趣；不再知道要怎么填寫職位表；失去對生活的興趣，反而是一種不飽足感。 🤕 這雖然是失業的結果，我們的身心需要是關注的主角😔       你的支持是最好的醫生，讓我們一起,失去,O,O,O,O,O,O,27
942,這幾天已經不知道要如何過來了。每天早上醒來，沒有任何興趣；不再知道要怎么填寫職位表；失去對生活的興趣，反而是一種不飽足感。 🤕 這雖然是失業的結果，我們的身心需要是關注的主角😔       你的支持是最好的醫生，讓我們一起,對,O,O,O,O,O,O,28
942,這幾天已經不知道要如何過來了。每天早上醒來，沒有任何興趣；不再知道要怎么填寫職位表；失去對生活的興趣，反而是一種不飽足感。 🤕 這雖然是失業的結果，我們的身心需要是關注的主角😔       你的支持是最好的醫生，讓我們一起,生活,O,O,O,O,O,S-D,29
942,這幾天已經不知道要如何過來了。每天早上醒來，沒有任何興趣；不再知道要怎么填寫職位表；失去對生活的興趣，反而是一種不飽足感。 🤕 這雖然是失業的結果，我們的身心需要是關注的主角😔       你的支持是最好的醫生，讓我們一起,的,O,O,O,O,O,O,30
942,這幾天已經不知道要如何過來了。每天早上醒來，沒有任何興趣；不再知道要怎么填寫職位表；失去對生活的興趣，反而是一種不飽足感。 🤕 這雖然是失業的結果，我們的身心需要是關注的主角😔       你的支持是最好的醫生，讓我們一起,興趣,O,O,O,O,O,O,31
942,這幾天已經不知道要如何過來了。每天早上醒來，沒有任何興趣；不再知道要怎么填寫職位表；失去對生活的興趣，反而是一種不飽足感。 🤕 這雖然是失業的結果，我們的身心需要是關注的主角😔       你的支持是最好的醫生，讓我們一起,，,O,O,O,O,O,O,32
942,這幾天已經不知道要如何過來了。每天早上醒來，沒有任何興趣；不再知道要怎么填寫職位表；失去對生活的興趣，反而是一種不飽足感。 🤕 這雖然是失業的結果，我們的身心需要是關注的主角😔       你的支持是最好的醫生，讓我們一起,反而,O,O,O,O,O,O,33
942,這幾天已經不知道要如何過來了。每天早上醒來，沒有任何興趣；不再知道要怎么填寫職位表；失去對生活的興趣，反而是一種不飽足感。 🤕 這雖然是失業的結果，我們的身心需要是關注的主角😔       你的支持是最好的醫生，讓我們一起,是,O,O,O,B-W,B-W,B-W,34
942,這幾天已經不知道要如何過來了。每天早上醒來，沒有任何興趣；不再知道要怎么填寫職位表；失去對生活的興趣，反而是一種不飽足感。 🤕 這雖然是失業的結果，我們的身心需要是關注的主角😔       你的支持是最好的醫生，讓我們一起,一種,O,O,O,M-W,M-W,M-W,35
942,這幾天已經不知道要如何過來了。每天早上醒來，沒有任何興趣；不再知道要怎么填寫職位表；失去對生活的興趣，反而是一種不飽足感。 🤕 這雖然是失業的結果，我們的身心需要是關注的主角😔       你的支持是最好的醫生，讓我們一起,不,O,B-W,B-W,E-W,E-W,E-W,36
942,這幾天已經不知道要如何過來了。每天早上醒來，沒有任何興趣；不再知道要怎么填寫職位表；失去對生活的興趣，反而是一種不飽足感。 🤕 這雖然是失業的結果，我們的身心需要是關注的主角😔       你的支持是最好的醫生，讓我們一起,飽足,O,M-W,M-W,O,O,O,37
942,這幾天已經不知道要如何過來了。每天早上醒來，沒有任何興趣；不再知道要怎么填寫職位表；失去對生活的興趣，反而是一種不飽足感。 🤕 這雖然是失業的結果，我們的身心需要是關注的主角😔       你的支持是最好的醫生，讓我們一起,感,O,E-W,E-W,O,O,O,38
942,這幾天已經不知道要如何過來了。每天早上醒來，沒有任何興趣；不再知道要怎么填寫職位表；失去對生活的興趣，反而是一種不飽足感。 🤕 這雖然是失業的結果，我們的身心需要是關注的主角😔       你的支持是最好的醫生，讓我們一起,。,O,O,O,O,O,O,39
942,這幾天已經不知道要如何過來了。每天早上醒來，沒有任何興趣；不再知道要怎么填寫職位表；失去對生活的興趣，反而是一種不飽足感。 🤕 這雖然是失業的結果，我們的身心需要是關注的主角😔       你的支持是最好的醫生，讓我們一起,🤕,O,O,O,O,O,O,40
942,這幾天已經不知道要如何過來了。每天早上醒來，沒有任何興趣；不再知道要怎么填寫職位表；失去對生活的興趣，反而是一種不飽足感。 🤕 這雖然是失業的結果，我們的身心需要是關注的主角😔       你的支持是最好的醫生，讓我們一起,這,O,O,O,O,O,O,41
942,這幾天已經不知道要如何過來了。每天早上醒來，沒有任何興趣；不再知道要怎么填寫職位表；失去對生活的興趣，反而是一種不飽足感。 🤕 這雖然是失業的結果，我們的身心需要是關注的主角😔       你的支持是最好的醫生，讓我們一起,雖然,O,O,O,O,O,O,42
942,這幾天已經不知道要如何過來了。每天早上醒來，沒有任何興趣；不再知道要怎么填寫職位表；失去對生活的興趣，反而是一種不飽足感。 🤕 這雖然是失業的結果，我們的身心需要是關注的主角😔       你的支持是最好的醫生，讓我們一起,是,O,O,O,O,O,O,43
942,這幾天已經不知道要如何過來了。每天早上醒來，沒有任何興趣；不再知道要怎么填寫職位表；失去對生活的興趣，反而是一種不飽足感。 🤕 這雖然是失業的結果，我們的身心需要是關注的主角😔       你的支持是最好的醫生，讓我們一起,失業,O,O,O,O,O,O,44
942,這幾天已經不知道要如何過來了。每天早上醒來，沒有任何興趣；不再知道要怎么填寫職位表；失去對生活的興趣，反而是一種不飽足感。 🤕 這雖然是失業的結果，我們的身心需要是關注的主角😔       你的支持是最好的醫生，讓我們一起,的,O,O,O,O,O,O,45
942,這幾天已經不知道要如何過來了。每天早上醒來，沒有任何興趣；不再知道要怎么填寫職位表；失去對生活的興趣，反而是一種不飽足感。 🤕 這雖然是失業的結果，我們的身心需要是關注的主角😔       你的支持是最好的醫生，讓我們一起,結果,O,O,O,O,O,O,46
942,這幾天已經不知道要如何過來了。每天早上醒來，沒有任何興趣；不再知道要怎么填寫職位表；失去對生活的興趣，反而是一種不飽足感。 🤕 這雖然是失業的結果，我們的身心需要是關注的主角😔       你的支持是最好的醫生，讓我們一起,，,O,O,O,O,O,O,47
942,這幾天已經不知道要如何過來了。每天早上醒來，沒有任何興趣；不再知道要怎么填寫職位表；失去對生活的興趣，反而是一種不飽足感。 🤕 這雖然是失業的結果，我們的身心需要是關注的主角😔       你的支持是最好的醫生，讓我們一起,我們,O,O,O,O,O,O,48
942,這幾天已經不知道要如何過來了。每天早上醒來，沒有任何興趣；不再知道要怎么填寫職位表；失去對生活的興趣，反而是一種不飽足感。 🤕 這雖然是失業的結果，我們的身心需要是關注的主角😔       你的支持是最好的醫生，讓我們一起,的,O,O,O,O,O,O,49
942,這幾天已經不知道要如何過來了。每天早上醒來，沒有任何興趣；不再知道要怎么填寫職位表；失去對生活的興趣，反而是一種不飽足感。 🤕 這雖然是失業的結果，我們的身心需要是關注的主角😔       你的支持是最好的醫生，讓我們一起,身心,O,O,O,O,O,O,50
942,這幾天已經不知道要如何過來了。每天早上醒來，沒有任何興趣；不再知道要怎么填寫職位表；失去對生活的興趣，反而是一種不飽足感。 🤕 這雖然是失業的結果，我們的身心需要是關注的主角😔       你的支持是最好的醫生，讓我們一起,需要,O,O,O,O,O,O,51
942,這幾天已經不知道要如何過來了。每天早上醒來，沒有任何興趣；不再知道要怎么填寫職位表；失去對生活的興趣，反而是一種不飽足感。 🤕 這雖然是失業的結果，我們的身心需要是關注的主角😔       你的支持是最好的醫生，讓我們一起,是,O,O,O,O,O,O,52
942,這幾天已經不知道要如何過來了。每天早上醒來，沒有任何興趣；不再知道要怎么填寫職位表；失去對生活的興趣，反而是一種不飽足感。 🤕 這雖然是失業的結果，我們的身心需要是關注的主角😔       你的支持是最好的醫生，讓我們一起,關注,O,O,O,O,O,O,53
942,這幾天已經不知道要如何過來了。每天早上醒來，沒有任何興趣；不再知道要怎么填寫職位表；失去對生活的興趣，反而是一種不飽足感。 🤕 這雖然是失業的結果，我們的身心需要是關注的主角😔       你的支持是最好的醫生，讓我們一起,的,O,O,O,O,O,O,54
942,這幾天已經不知道要如何過來了。每天早上醒來，沒有任何興趣；不再知道要怎么填寫職位表；失去對生活的興趣，反而是一種不飽足感。 🤕 這雖然是失業的結果，我們的身心需要是關注的主角😔       你的支持是最好的醫生，讓我們一起,主角,O,O,O,O,O,O,55
942,這幾天已經不知道要如何過來了。每天早上醒來，沒有任何興趣；不再知道要怎么填寫職位表；失去對生活的興趣，反而是一種不飽足感。 🤕 這雖然是失業的結果，我們的身心需要是關注的主角😔       你的支持是最好的醫生，讓我們一起,😔,O,O,O,O,O,O,56
942,這幾天已經不知道要如何過來了。每天早上醒來，沒有任何興趣；不再知道要怎么填寫職位表；失去對生活的興趣，反而是一種不飽足感。 🤕 這雖然是失業的結果，我們的身心需要是關注的主角😔       你的支持是最好的醫生，讓我們一起,你的,O,O,O,O,O,O,57
942,這幾天已經不知道要如何過來了。每天早上醒來，沒有任何興趣；不再知道要怎么填寫職位表；失去對生活的興趣，反而是一種不飽足感。 🤕 這雖然是失業的結果，我們的身心需要是關注的主角😔       你的支持是最好的醫生，讓我們一起,支持,O,O,O,O,O,O,58
942,這幾天已經不知道要如何過來了。每天早上醒來，沒有任何興趣；不再知道要怎么填寫職位表；失去對生活的興趣，反而是一種不飽足感。 🤕 這雖然是失業的結果，我們的身心需要是關注的主角😔       你的支持是最好的醫生，讓我們一起,是,O,O,O,O,O,O,59
942,這幾天已經不知道要如何過來了。每天早上醒來，沒有任何興趣；不再知道要怎么填寫職位表；失去對生活的興趣，反而是一種不飽足感。 🤕 這雖然是失業的結果，我們的身心需要是關注的主角😔       你的支持是最好的醫生，讓我們一起,最,O,O,O,O,O,O,60
942,這幾天已經不知道要如何過來了。每天早上醒來，沒有任何興趣；不再知道要怎么填寫職位表；失去對生活的興趣，反而是一種不飽足感。 🤕 這雖然是失業的結果，我們的身心需要是關注的主角😔       你的支持是最好的醫生，讓我們一起,好的,O,O,O,O,O,O,61
942,這幾天已經不知道要如何過來了。每天早上醒來，沒有任何興趣；不再知道要怎么填寫職位表；失去對生活的興趣，反而是一種不飽足感。 🤕 這雖然是失業的結果，我們的身心需要是關注的主角😔       你的支持是最好的醫生，讓我們一起,醫生,O,O,O,O,O,O,62
942,這幾天已經不知道要如何過來了。每天早上醒來，沒有任何興趣；不再知道要怎么填寫職位表；失去對生活的興趣，反而是一種不飽足感。 🤕 這雖然是失業的結果，我們的身心需要是關注的主角😔       你的支持是最好的醫生，讓我們一起,，,O,O,O,O,O,O,63
942,這幾天已經不知道要如何過來了。每天早上醒來，沒有任何興趣；不再知道要怎么填寫職位表；失去對生活的興趣，反而是一種不飽足感。 🤕 這雖然是失業的結果，我們的身心需要是關注的主角😔       你的支持是最好的醫生，讓我們一起,讓,O,O,O,O,O,O,64
942,這幾天已經不知道要如何過來了。每天早上醒來，沒有任何興趣；不再知道要怎么填寫職位表；失去對生活的興趣，反而是一種不飽足感。 🤕 這雖然是失業的結果，我們的身心需要是關注的主角😔       你的支持是最好的醫生，讓我們一起,我們,O,O,O,O,O,O,65
942,這幾天已經不知道要如何過來了。每天早上醒來，沒有任何興趣；不再知道要怎么填寫職位表；失去對生活的興趣，反而是一種不飽足感。 🤕 這雖然是失業的結果，我們的身心需要是關注的主角😔       你的支持是最好的醫生，讓我們一起,一起,O,O,O,O,缺失預測,缺失預測,66
942,這幾天已經不知道要如何過來了。每天早上醒來，沒有任何興趣；不再知道要怎么填寫職位表；失去對生活的興趣，反而是一種不飽足感。 🤕 這雖然是失業的結果，我們的身心需要是關注的主角😔       你的支持是最好的醫生，讓我們一起,確保,O,O,O,缺失預測,缺失預測,缺失預測,67
943,最近的我，什麼也不想做，什麼都不想思考，只想被黑暗吞噬，所有的可能性感都丟失了，無法找到自己了  我不想活了，只想讓黑暗,最近,O,O,O,O,O,O,1
943,最近的我，什麼也不想做，什麼都不想思考，只想被黑暗吞噬，所有的可能性感都丟失了，無法找到自己了  我不想活了，只想讓黑暗,的,O,O,O,O,O,O,2
943,最近的我，什麼也不想做，什麼都不想思考，只想被黑暗吞噬，所有的可能性感都丟失了，無法找到自己了  我不想活了，只想讓黑暗,我,O,O,O,O,O,O,3
943,最近的我，什麼也不想做，什麼都不想思考，只想被黑暗吞噬，所有的可能性感都丟失了，無法找到自己了  我不想活了，只想讓黑暗,，,O,O,O,O,O,O,4
943,最近的我，什麼也不想做，什麼都不想思考，只想被黑暗吞噬，所有的可能性感都丟失了，無法找到自己了  我不想活了，只想讓黑暗,什麼,O,O,O,O,O,O,5
943,最近的我，什麼也不想做，什麼都不想思考，只想被黑暗吞噬，所有的可能性感都丟失了，無法找到自己了  我不想活了，只想讓黑暗,也,O,O,O,O,O,O,6
943,最近的我，什麼也不想做，什麼都不想思考，只想被黑暗吞噬，所有的可能性感都丟失了，無法找到自己了  我不想活了，只想讓黑暗,不,O,O,O,O,O,O,7
943,最近的我，什麼也不想做，什麼都不想思考，只想被黑暗吞噬，所有的可能性感都丟失了，無法找到自己了  我不想活了，只想讓黑暗,想,O,O,O,O,O,O,8
943,最近的我，什麼也不想做，什麼都不想思考，只想被黑暗吞噬，所有的可能性感都丟失了，無法找到自己了  我不想活了，只想讓黑暗,做,O,O,O,O,O,O,9
943,最近的我，什麼也不想做，什麼都不想思考，只想被黑暗吞噬，所有的可能性感都丟失了，無法找到自己了  我不想活了，只想讓黑暗,，,O,O,O,O,O,O,10
943,最近的我，什麼也不想做，什麼都不想思考，只想被黑暗吞噬，所有的可能性感都丟失了，無法找到自己了  我不想活了，只想讓黑暗,什麼,O,O,O,O,O,O,11
943,最近的我，什麼也不想做，什麼都不想思考，只想被黑暗吞噬，所有的可能性感都丟失了，無法找到自己了  我不想活了，只想讓黑暗,都,O,O,O,O,O,O,12
943,最近的我，什麼也不想做，什麼都不想思考，只想被黑暗吞噬，所有的可能性感都丟失了，無法找到自己了  我不想活了，只想讓黑暗,不,O,O,O,O,O,O,13
943,最近的我，什麼也不想做，什麼都不想思考，只想被黑暗吞噬，所有的可能性感都丟失了，無法找到自己了  我不想活了，只想讓黑暗,想,O,O,O,O,O,O,14
943,最近的我，什麼也不想做，什麼都不想思考，只想被黑暗吞噬，所有的可能性感都丟失了，無法找到自己了  我不想活了，只想讓黑暗,思考,O,O,O,O,O,O,15
943,最近的我，什麼也不想做，什麼都不想思考，只想被黑暗吞噬，所有的可能性感都丟失了，無法找到自己了  我不想活了，只想讓黑暗,，,O,O,O,O,O,O,16
943,最近的我，什麼也不想做，什麼都不想思考，只想被黑暗吞噬，所有的可能性感都丟失了，無法找到自己了  我不想活了，只想讓黑暗,只,O,O,O,O,O,O,17
943,最近的我，什麼也不想做，什麼都不想思考，只想被黑暗吞噬，所有的可能性感都丟失了，無法找到自己了  我不想活了，只想讓黑暗,想,O,O,O,O,O,O,18
943,最近的我，什麼也不想做，什麼都不想思考，只想被黑暗吞噬，所有的可能性感都丟失了，無法找到自己了  我不想活了，只想讓黑暗,被,O,O,O,O,O,O,19
943,最近的我，什麼也不想做，什麼都不想思考，只想被黑暗吞噬，所有的可能性感都丟失了，無法找到自己了  我不想活了，只想讓黑暗,黑暗,S-D,S-D,S-D,S-D,S-D,S-D,20
943,最近的我，什麼也不想做，什麼都不想思考，只想被黑暗吞噬，所有的可能性感都丟失了，無法找到自己了  我不想活了，只想讓黑暗,吞噬,O,O,O,O,O,O,21
943,最近的我，什麼也不想做，什麼都不想思考，只想被黑暗吞噬，所有的可能性感都丟失了，無法找到自己了  我不想活了，只想讓黑暗,，,O,O,O,O,O,O,22
943,最近的我，什麼也不想做，什麼都不想思考，只想被黑暗吞噬，所有的可能性感都丟失了，無法找到自己了  我不想活了，只想讓黑暗,所有,O,O,O,O,O,O,23
943,最近的我，什麼也不想做，什麼都不想思考，只想被黑暗吞噬，所有的可能性感都丟失了，無法找到自己了  我不想活了，只想讓黑暗,的,O,O,O,O,O,O,24
943,最近的我，什麼也不想做，什麼都不想思考，只想被黑暗吞噬，所有的可能性感都丟失了，無法找到自己了  我不想活了，只想讓黑暗,可能性感,O,O,O,O,O,O,25
943,最近的我，什麼也不想做，什麼都不想思考，只想被黑暗吞噬，所有的可能性感都丟失了，無法找到自己了  我不想活了，只想讓黑暗,都,O,O,O,O,O,O,26
943,最近的我，什麼也不想做，什麼都不想思考，只想被黑暗吞噬，所有的可能性感都丟失了，無法找到自己了  我不想活了，只想讓黑暗,丟失,O,O,O,O,O,O,27
943,最近的我，什麼也不想做，什麼都不想思考，只想被黑暗吞噬，所有的可能性感都丟失了，無法找到自己了  我不想活了，只想讓黑暗,了,O,O,O,O,O,O,28
943,最近的我，什麼也不想做，什麼都不想思考，只想被黑暗吞噬，所有的可能性感都丟失了，無法找到自己了  我不想活了，只想讓黑暗,，,O,O,O,O,O,O,29
943,最近的我，什麼也不想做，什麼都不想思考，只想被黑暗吞噬，所有的可能性感都丟失了，無法找到自己了  我不想活了，只想讓黑暗,無法,B-D,B-D,B-D,B-D,B-D,B-D,30
943,最近的我，什麼也不想做，什麼都不想思考，只想被黑暗吞噬，所有的可能性感都丟失了，無法找到自己了  我不想活了，只想讓黑暗,找到,M-D,M-D,M-D,M-D,M-D,M-D,31
943,最近的我，什麼也不想做，什麼都不想思考，只想被黑暗吞噬，所有的可能性感都丟失了，無法找到自己了  我不想活了，只想讓黑暗,自己,E-D,E-D,E-D,E-D,E-D,E-D,32
943,最近的我，什麼也不想做，什麼都不想思考，只想被黑暗吞噬，所有的可能性感都丟失了，無法找到自己了  我不想活了，只想讓黑暗,了,O,O,O,O,O,O,33
943,最近的我，什麼也不想做，什麼都不想思考，只想被黑暗吞噬，所有的可能性感都丟失了，無法找到自己了  我不想活了，只想讓黑暗,O,O,O,O,O,O,O,34
943,最近的我，什麼也不想做，什麼都不想思考，只想被黑暗吞噬，所有的可能性感都丟失了，無法找到自己了  我不想活了，只想讓黑暗,我,O,O,O,O,O,O,35
943,最近的我，什麼也不想做，什麼都不想思考，只想被黑暗吞噬，所有的可能性感都丟失了，無法找到自己了  我不想活了，只想讓黑暗,不,B-U,O,O,O,O,O,36
943,最近的我，什麼也不想做，什麼都不想思考，只想被黑暗吞噬，所有的可能性感都丟失了，無法找到自己了  我不想活了，只想讓黑暗,想,M-U,O,O,O,O,O,37
943,最近的我，什麼也不想做，什麼都不想思考，只想被黑暗吞噬，所有的可能性感都丟失了，無法找到自己了  我不想活了，只想讓黑暗,活了,E-U,S-U,S-U,O,S-U,S-U,38
943,最近的我，什麼也不想做，什麼都不想思考，只想被黑暗吞噬，所有的可能性感都丟失了，無法找到自己了  我不想活了，只想讓黑暗,，,O,O,O,O,O,O,39
943,最近的我，什麼也不想做，什麼都不想思考，只想被黑暗吞噬，所有的可能性感都丟失了，無法找到自己了  我不想活了，只想讓黑暗,只,O,O,O,O,O,O,40
943,最近的我，什麼也不想做，什麼都不想思考，只想被黑暗吞噬，所有的可能性感都丟失了，無法找到自己了  我不想活了，只想讓黑暗,想,O,O,O,O,O,O,41
943,最近的我，什麼也不想做，什麼都不想思考，只想被黑暗吞噬，所有的可能性感都丟失了，無法找到自己了  我不想活了，只想讓黑暗,讓,O,O,O,O,O,O,42
943,最近的我，什麼也不想做，什麼都不想思考，只想被黑暗吞噬，所有的可能性感都丟失了，無法找到自己了  我不想活了，只想讓黑暗,黑暗,S-D,S-D,S-D,O,S-D,S-D,43
944,這幾天什麼都無力了，像被灰塵包裹著似的 只想坐著不動，甚至不吃不睡，都是因為心情糟糕 我不知道是什麼問題了，但我知道只有一天才能等待,這,O,O,O,O,O,O,1
944,這幾天什麼都無力了，像被灰塵包裹著似的 只想坐著不動，甚至不吃不睡，都是因為心情糟糕 我不知道是什麼問題了，但我知道只有一天才能等待,幾,O,O,O,O,O,O,2
944,這幾天什麼都無力了，像被灰塵包裹著似的 只想坐著不動，甚至不吃不睡，都是因為心情糟糕 我不知道是什麼問題了，但我知道只有一天才能等待,天,O,O,O,O,O,O,3
944,這幾天什麼都無力了，像被灰塵包裹著似的 只想坐著不動，甚至不吃不睡，都是因為心情糟糕 我不知道是什麼問題了，但我知道只有一天才能等待,什麼,O,O,O,O,O,O,4
944,這幾天什麼都無力了，像被灰塵包裹著似的 只想坐著不動，甚至不吃不睡，都是因為心情糟糕 我不知道是什麼問題了，但我知道只有一天才能等待,都,O,O,O,O,O,O,5
944,這幾天什麼都無力了，像被灰塵包裹著似的 只想坐著不動，甚至不吃不睡，都是因為心情糟糕 我不知道是什麼問題了，但我知道只有一天才能等待,無力,S-W,S-W,S-W,S-W,S-W,S-W,6
944,這幾天什麼都無力了，像被灰塵包裹著似的 只想坐著不動，甚至不吃不睡，都是因為心情糟糕 我不知道是什麼問題了，但我知道只有一天才能等待,了,O,O,O,O,O,O,7
944,這幾天什麼都無力了，像被灰塵包裹著似的 只想坐著不動，甚至不吃不睡，都是因為心情糟糕 我不知道是什麼問題了，但我知道只有一天才能等待,，,O,O,O,O,O,O,8
944,這幾天什麼都無力了，像被灰塵包裹著似的 只想坐著不動，甚至不吃不睡，都是因為心情糟糕 我不知道是什麼問題了，但我知道只有一天才能等待,像,O,O,O,O,O,O,9
944,這幾天什麼都無力了，像被灰塵包裹著似的 只想坐著不動，甚至不吃不睡，都是因為心情糟糕 我不知道是什麼問題了，但我知道只有一天才能等待,被,O,O,O,O,O,O,10
944,這幾天什麼都無力了，像被灰塵包裹著似的 只想坐著不動，甚至不吃不睡，都是因為心情糟糕 我不知道是什麼問題了，但我知道只有一天才能等待,灰塵,O,S-D,S-D,O,S-D,O,11
944,這幾天什麼都無力了，像被灰塵包裹著似的 只想坐著不動，甚至不吃不睡，都是因為心情糟糕 我不知道是什麼問題了，但我知道只有一天才能等待,包裹,O,O,O,O,O,O,12
944,這幾天什麼都無力了，像被灰塵包裹著似的 只想坐著不動，甚至不吃不睡，都是因為心情糟糕 我不知道是什麼問題了，但我知道只有一天才能等待,著,O,O,O,O,O,O,13
944,這幾天什麼都無力了，像被灰塵包裹著似的 只想坐著不動，甚至不吃不睡，都是因為心情糟糕 我不知道是什麼問題了，但我知道只有一天才能等待,似的,O,O,O,O,O,O,14
944,這幾天什麼都無力了，像被灰塵包裹著似的 只想坐著不動，甚至不吃不睡，都是因為心情糟糕 我不知道是什麼問題了，但我知道只有一天才能等待,只,O,O,O,O,O,O,15
944,這幾天什麼都無力了，像被灰塵包裹著似的 只想坐著不動，甚至不吃不睡，都是因為心情糟糕 我不知道是什麼問題了，但我知道只有一天才能等待,想,O,O,O,O,O,O,16
944,這幾天什麼都無力了，像被灰塵包裹著似的 只想坐著不動，甚至不吃不睡，都是因為心情糟糕 我不知道是什麼問題了，但我知道只有一天才能等待,坐,O,O,O,O,O,O,17
944,這幾天什麼都無力了，像被灰塵包裹著似的 只想坐著不動，甚至不吃不睡，都是因為心情糟糕 我不知道是什麼問題了，但我知道只有一天才能等待,著,O,O,O,O,O,O,18
944,這幾天什麼都無力了，像被灰塵包裹著似的 只想坐著不動，甚至不吃不睡，都是因為心情糟糕 我不知道是什麼問題了，但我知道只有一天才能等待,不動,O,O,O,O,O,O,19
944,這幾天什麼都無力了，像被灰塵包裹著似的 只想坐著不動，甚至不吃不睡，都是因為心情糟糕 我不知道是什麼問題了，但我知道只有一天才能等待,，,O,O,O,O,O,O,20
944,這幾天什麼都無力了，像被灰塵包裹著似的 只想坐著不動，甚至不吃不睡，都是因為心情糟糕 我不知道是什麼問題了，但我知道只有一天才能等待,甚至,O,O,O,O,O,O,21
944,這幾天什麼都無力了，像被灰塵包裹著似的 只想坐著不動，甚至不吃不睡，都是因為心情糟糕 我不知道是什麼問題了，但我知道只有一天才能等待,不,O,O,O,O,O,O,22
944,這幾天什麼都無力了，像被灰塵包裹著似的 只想坐著不動，甚至不吃不睡，都是因為心情糟糕 我不知道是什麼問題了，但我知道只有一天才能等待,吃,O,O,O,O,O,O,23
944,這幾天什麼都無力了，像被灰塵包裹著似的 只想坐著不動，甚至不吃不睡，都是因為心情糟糕 我不知道是什麼問題了，但我知道只有一天才能等待,不,O,O,O,O,O,O,24
944,這幾天什麼都無力了，像被灰塵包裹著似的 只想坐著不動，甚至不吃不睡，都是因為心情糟糕 我不知道是什麼問題了，但我知道只有一天才能等待,睡,O,O,O,O,O,O,25
944,這幾天什麼都無力了，像被灰塵包裹著似的 只想坐著不動，甚至不吃不睡，都是因為心情糟糕 我不知道是什麼問題了，但我知道只有一天才能等待,，,O,O,O,O,O,O,26
944,這幾天什麼都無力了，像被灰塵包裹著似的 只想坐著不動，甚至不吃不睡，都是因為心情糟糕 我不知道是什麼問題了，但我知道只有一天才能等待,都是,O,O,O,O,O,O,27
944,這幾天什麼都無力了，像被灰塵包裹著似的 只想坐著不動，甚至不吃不睡，都是因為心情糟糕 我不知道是什麼問題了，但我知道只有一天才能等待,因為,O,O,O,O,O,O,28
944,這幾天什麼都無力了，像被灰塵包裹著似的 只想坐著不動，甚至不吃不睡，都是因為心情糟糕 我不知道是什麼問題了，但我知道只有一天才能等待,心情,O,S-D,O,O,O,S-D,29
944,這幾天什麼都無力了，像被灰塵包裹著似的 只想坐著不動，甚至不吃不睡，都是因為心情糟糕 我不知道是什麼問題了，但我知道只有一天才能等待,糟糕,S-D,S-D,S-D,S-D,S-D,S-D,30
944,這幾天什麼都無力了，像被灰塵包裹著似的 只想坐著不動，甚至不吃不睡，都是因為心情糟糕 我不知道是什麼問題了，但我知道只有一天才能等待,我,O,O,S-D,S-D,S-D,O,31
944,這幾天什麼都無力了，像被灰塵包裹著似的 只想坐著不動，甚至不吃不睡，都是因為心情糟糕 我不知道是什麼問題了，但我知道只有一天才能等待,不知道,O,O,O,O,O,O,32
944,這幾天什麼都無力了，像被灰塵包裹著似的 只想坐著不動，甚至不吃不睡，都是因為心情糟糕 我不知道是什麼問題了，但我知道只有一天才能等待,是,O,O,O,O,O,O,33
944,這幾天什麼都無力了，像被灰塵包裹著似的 只想坐著不動，甚至不吃不睡，都是因為心情糟糕 我不知道是什麼問題了，但我知道只有一天才能等待,什麼,O,O,O,O,O,O,34
944,這幾天什麼都無力了，像被灰塵包裹著似的 只想坐著不動，甚至不吃不睡，都是因為心情糟糕 我不知道是什麼問題了，但我知道只有一天才能等待,問題,O,O,O,O,O,O,35
944,這幾天什麼都無力了，像被灰塵包裹著似的 只想坐著不動，甚至不吃不睡，都是因為心情糟糕 我不知道是什麼問題了，但我知道只有一天才能等待,了,O,O,O,O,O,O,36
944,這幾天什麼都無力了，像被灰塵包裹著似的 只想坐著不動，甚至不吃不睡，都是因為心情糟糕 我不知道是什麼問題了，但我知道只有一天才能等待,，,O,O,O,O,O,O,37
944,這幾天什麼都無力了，像被灰塵包裹著似的 只想坐著不動，甚至不吃不睡，都是因為心情糟糕 我不知道是什麼問題了，但我知道只有一天才能等待,但,O,O,O,O,O,O,38
944,這幾天什麼都無力了，像被灰塵包裹著似的 只想坐著不動，甚至不吃不睡，都是因為心情糟糕 我不知道是什麼問題了，但我知道只有一天才能等待,我,O,O,O,O,O,O,39
944,這幾天什麼都無力了，像被灰塵包裹著似的 只想坐著不動，甚至不吃不睡，都是因為心情糟糕 我不知道是什麼問題了，但我知道只有一天才能等待,知道,O,O,O,O,O,O,40
944,這幾天什麼都無力了，像被灰塵包裹著似的 只想坐著不動，甚至不吃不睡，都是因為心情糟糕 我不知道是什麼問題了，但我知道只有一天才能等待,只有,O,O,O,O,O,O,41
944,這幾天什麼都無力了，像被灰塵包裹著似的 只想坐著不動，甚至不吃不睡，都是因為心情糟糕 我不知道是什麼問題了，但我知道只有一天才能等待,一天,O,O,O,O,O,O,42
944,這幾天什麼都無力了，像被灰塵包裹著似的 只想坐著不動，甚至不吃不睡，都是因為心情糟糕 我不知道是什麼問題了，但我知道只有一天才能等待,才能,O,O,O,O,O,O,43
944,這幾天什麼都無力了，像被灰塵包裹著似的 只想坐著不動，甚至不吃不睡，都是因為心情糟糕 我不知道是什麼問題了，但我知道只有一天才能等待,等待,O,O,O,O,O,O,44
945,我每天都覺得自己很差勁，無法突破自己低谷的限制。 每天看著自己的行為，覺得自己在自作自選地犯下錯誤  在黑暗中嘗試找尋光線，無法找到光線，我甚至開始質疑自己是否還存在,我,O,O,O,O,O,O,1
945,我每天都覺得自己很差勁，無法突破自己低谷的限制。 每天看著自己的行為，覺得自己在自作自選地犯下錯誤  在黑暗中嘗試找尋光線，無法找到光線，我甚至開始質疑自己是否還存在,每天,O,O,O,O,O,O,2
945,我每天都覺得自己很差勁，無法突破自己低谷的限制。 每天看著自己的行為，覺得自己在自作自選地犯下錯誤  在黑暗中嘗試找尋光線，無法找到光線，我甚至開始質疑自己是否還存在,都,O,O,O,O,O,O,3
945,我每天都覺得自己很差勁，無法突破自己低谷的限制。 每天看著自己的行為，覺得自己在自作自選地犯下錯誤  在黑暗中嘗試找尋光線，無法找到光線，我甚至開始質疑自己是否還存在,覺得,B-W,B-W,B-W,B-W,B-W,B-W,4
945,我每天都覺得自己很差勁，無法突破自己低谷的限制。 每天看著自己的行為，覺得自己在自作自選地犯下錯誤  在黑暗中嘗試找尋光線，無法找到光線，我甚至開始質疑自己是否還存在,自己,M-W,M-W,M-W,M-W,M-W,M-W,5
945,我每天都覺得自己很差勁，無法突破自己低谷的限制。 每天看著自己的行為，覺得自己在自作自選地犯下錯誤  在黑暗中嘗試找尋光線，無法找到光線，我甚至開始質疑自己是否還存在,很,M-W,M-W,M-W,M-W,M-W,M-W,6
945,我每天都覺得自己很差勁，無法突破自己低谷的限制。 每天看著自己的行為，覺得自己在自作自選地犯下錯誤  在黑暗中嘗試找尋光線，無法找到光線，我甚至開始質疑自己是否還存在,差勁,E-W,E-W,E-W,E-W,E-W,E-W,7
945,我每天都覺得自己很差勁，無法突破自己低谷的限制。 每天看著自己的行為，覺得自己在自作自選地犯下錯誤  在黑暗中嘗試找尋光線，無法找到光線，我甚至開始質疑自己是否還存在,，,O,O,O,O,O,O,8
945,我每天都覺得自己很差勁，無法突破自己低谷的限制。 每天看著自己的行為，覺得自己在自作自選地犯下錯誤  在黑暗中嘗試找尋光線，無法找到光線，我甚至開始質疑自己是否還存在,無法,B-D,B-D,B-D,B-D,B-D,B-D,9
945,我每天都覺得自己很差勁，無法突破自己低谷的限制。 每天看著自己的行為，覺得自己在自作自選地犯下錯誤  在黑暗中嘗試找尋光線，無法找到光線，我甚至開始質疑自己是否還存在,突破,M-D,M-D,M-D,M-D,M-D,M-D,10
945,我每天都覺得自己很差勁，無法突破自己低谷的限制。 每天看著自己的行為，覺得自己在自作自選地犯下錯誤  在黑暗中嘗試找尋光線，無法找到光線，我甚至開始質疑自己是否還存在,自己,E-D,E-D,E-D,E-D,E-D,E-D,11
945,我每天都覺得自己很差勁，無法突破自己低谷的限制。 每天看著自己的行為，覺得自己在自作自選地犯下錯誤  在黑暗中嘗試找尋光線，無法找到光線，我甚至開始質疑自己是否還存在,低谷,O,O,O,O,O,O,12
945,我每天都覺得自己很差勁，無法突破自己低谷的限制。 每天看著自己的行為，覺得自己在自作自選地犯下錯誤  在黑暗中嘗試找尋光線，無法找到光線，我甚至開始質疑自己是否還存在,的,O,O,O,O,O,O,13
945,我每天都覺得自己很差勁，無法突破自己低谷的限制。 每天看著自己的行為，覺得自己在自作自選地犯下錯誤  在黑暗中嘗試找尋光線，無法找到光線，我甚至開始質疑自己是否還存在,限制,O,O,O,O,O,O,14
945,我每天都覺得自己很差勁，無法突破自己低谷的限制。 每天看著自己的行為，覺得自己在自作自選地犯下錯誤  在黑暗中嘗試找尋光線，無法找到光線，我甚至開始質疑自己是否還存在,。,O,O,O,O,O,O,15
945,我每天都覺得自己很差勁，無法突破自己低谷的限制。 每天看著自己的行為，覺得自己在自作自選地犯下錯誤  在黑暗中嘗試找尋光線，無法找到光線，我甚至開始質疑自己是否還存在,每天,O,O,O,O,O,O,16
945,我每天都覺得自己很差勁，無法突破自己低谷的限制。 每天看著自己的行為，覺得自己在自作自選地犯下錯誤  在黑暗中嘗試找尋光線，無法找到光線，我甚至開始質疑自己是否還存在,看著,O,O,O,O,O,O,17
945,我每天都覺得自己很差勁，無法突破自己低谷的限制。 每天看著自己的行為，覺得自己在自作自選地犯下錯誤  在黑暗中嘗試找尋光線，無法找到光線，我甚至開始質疑自己是否還存在,自己,O,O,O,O,O,O,18
945,我每天都覺得自己很差勁，無法突破自己低谷的限制。 每天看著自己的行為，覺得自己在自作自選地犯下錯誤  在黑暗中嘗試找尋光線，無法找到光線，我甚至開始質疑自己是否還存在,的,O,O,O,O,O,O,19
945,我每天都覺得自己很差勁，無法突破自己低谷的限制。 每天看著自己的行為，覺得自己在自作自選地犯下錯誤  在黑暗中嘗試找尋光線，無法找到光線，我甚至開始質疑自己是否還存在,行為,O,O,O,O,O,O,20
945,我每天都覺得自己很差勁，無法突破自己低谷的限制。 每天看著自己的行為，覺得自己在自作自選地犯下錯誤  在黑暗中嘗試找尋光線，無法找到光線，我甚至開始質疑自己是否還存在,，,O,O,O,O,O,O,21
945,我每天都覺得自己很差勁，無法突破自己低谷的限制。 每天看著自己的行為，覺得自己在自作自選地犯下錯誤  在黑暗中嘗試找尋光線，無法找到光線，我甚至開始質疑自己是否還存在,覺得,B-W,B-W,B-W,B-W,B-W,B-W,22
945,我每天都覺得自己很差勁，無法突破自己低谷的限制。 每天看著自己的行為，覺得自己在自作自選地犯下錯誤  在黑暗中嘗試找尋光線，無法找到光線，我甚至開始質疑自己是否還存在,自己,M-W,M-W,M-W,M-W,M-W,M-W,23
945,我每天都覺得自己很差勁，無法突破自己低谷的限制。 每天看著自己的行為，覺得自己在自作自選地犯下錯誤  在黑暗中嘗試找尋光線，無法找到光線，我甚至開始質疑自己是否還存在,在,O,O,O,O,O,O,24
945,我每天都覺得自己很差勁，無法突破自己低谷的限制。 每天看著自己的行為，覺得自己在自作自選地犯下錯誤  在黑暗中嘗試找尋光線，無法找到光線，我甚至開始質疑自己是否還存在,自作,O,O,O,O,O,O,25
945,我每天都覺得自己很差勁，無法突破自己低谷的限制。 每天看著自己的行為，覺得自己在自作自選地犯下錯誤  在黑暗中嘗試找尋光線，無法找到光線，我甚至開始質疑自己是否還存在,自選,O,O,O,O,O,O,26
945,我每天都覺得自己很差勁，無法突破自己低谷的限制。 每天看著自己的行為，覺得自己在自作自選地犯下錯誤  在黑暗中嘗試找尋光線，無法找到光線，我甚至開始質疑自己是否還存在,地,O,O,O,O,O,O,27
945,我每天都覺得自己很差勁，無法突破自己低谷的限制。 每天看著自己的行為，覺得自己在自作自選地犯下錯誤  在黑暗中嘗試找尋光線，無法找到光線，我甚至開始質疑自己是否還存在,犯下,O,O,O,O,O,O,28
945,我每天都覺得自己很差勁，無法突破自己低谷的限制。 每天看著自己的行為，覺得自己在自作自選地犯下錯誤  在黑暗中嘗試找尋光線，無法找到光線，我甚至開始質疑自己是否還存在,錯誤,O,O,O,O,O,O,29
945,我每天都覺得自己很差勁，無法突破自己低谷的限制。 每天看著自己的行為，覺得自己在自作自選地犯下錯誤  在黑暗中嘗試找尋光線，無法找到光線，我甚至開始質疑自己是否還存在,O,O,O,O,O,O,O,30
945,我每天都覺得自己很差勁，無法突破自己低谷的限制。 每天看著自己的行為，覺得自己在自作自選地犯下錯誤  在黑暗中嘗試找尋光線，無法找到光線，我甚至開始質疑自己是否還存在,在,O,O,O,O,O,O,31
945,我每天都覺得自己很差勁，無法突破自己低谷的限制。 每天看著自己的行為，覺得自己在自作自選地犯下錯誤  在黑暗中嘗試找尋光線，無法找到光線，我甚至開始質疑自己是否還存在,黑暗,S-D,S-D,S-D,S-D,S-D,S-D,32
945,我每天都覺得自己很差勁，無法突破自己低谷的限制。 每天看著自己的行為，覺得自己在自作自選地犯下錯誤  在黑暗中嘗試找尋光線，無法找到光線，我甚至開始質疑自己是否還存在,中,O,O,O,O,O,O,33
945,我每天都覺得自己很差勁，無法突破自己低谷的限制。 每天看著自己的行為，覺得自己在自作自選地犯下錯誤  在黑暗中嘗試找尋光線，無法找到光線，我甚至開始質疑自己是否還存在,嘗試,O,O,O,O,O,O,34
945,我每天都覺得自己很差勁，無法突破自己低谷的限制。 每天看著自己的行為，覺得自己在自作自選地犯下錯誤  在黑暗中嘗試找尋光線，無法找到光線，我甚至開始質疑自己是否還存在,找尋,O,O,O,O,O,O,35
945,我每天都覺得自己很差勁，無法突破自己低谷的限制。 每天看著自己的行為，覺得自己在自作自選地犯下錯誤  在黑暗中嘗試找尋光線，無法找到光線，我甚至開始質疑自己是否還存在,光線,O,O,O,O,O,O,36
945,我每天都覺得自己很差勁，無法突破自己低谷的限制。 每天看著自己的行為，覺得自己在自作自選地犯下錯誤  在黑暗中嘗試找尋光線，無法找到光線，我甚至開始質疑自己是否還存在,，,O,O,O,O,O,O,37
945,我每天都覺得自己很差勁，無法突破自己低谷的限制。 每天看著自己的行為，覺得自己在自作自選地犯下錯誤  在黑暗中嘗試找尋光線，無法找到光線，我甚至開始質疑自己是否還存在,無法,B-D,B-D,B-D,B-D,B-D,B-D,38
945,我每天都覺得自己很差勁，無法突破自己低谷的限制。 每天看著自己的行為，覺得自己在自作自選地犯下錯誤  在黑暗中嘗試找尋光線，無法找到光線，我甚至開始質疑自己是否還存在,找到,M-D,M-D,M-D,M-D,M-D,M-D,39
945,我每天都覺得自己很差勁，無法突破自己低谷的限制。 每天看著自己的行為，覺得自己在自作自選地犯下錯誤  在黑暗中嘗試找尋光線，無法找到光線，我甚至開始質疑自己是否還存在,光線,E-D,E-D,E-D,E-D,E-D,E-D,40
945,我每天都覺得自己很差勁，無法突破自己低谷的限制。 每天看著自己的行為，覺得自己在自作自選地犯下錯誤  在黑暗中嘗試找尋光線，無法找到光線，我甚至開始質疑自己是否還存在,，,O,O,O,O,O,O,41
945,我每天都覺得自己很差勁，無法突破自己低谷的限制。 每天看著自己的行為，覺得自己在自作自選地犯下錯誤  在黑暗中嘗試找尋光線，無法找到光線，我甚至開始質疑自己是否還存在,我,O,O,O,O,O,O,42
945,我每天都覺得自己很差勁，無法突破自己低谷的限制。 每天看著自己的行為，覺得自己在自作自選地犯下錯誤  在黑暗中嘗試找尋光線，無法找到光線，我甚至開始質疑自己是否還存在,甚至,O,O,O,O,O,O,43
945,我每天都覺得自己很差勁，無法突破自己低谷的限制。 每天看著自己的行為，覺得自己在自作自選地犯下錯誤  在黑暗中嘗試找尋光線，無法找到光線，我甚至開始質疑自己是否還存在,開始,O,O,O,O,O,O,44
945,我每天都覺得自己很差勁，無法突破自己低谷的限制。 每天看著自己的行為，覺得自己在自作自選地犯下錯誤  在黑暗中嘗試找尋光線，無法找到光線，我甚至開始質疑自己是否還存在,質疑,O,O,O,O,O,O,45
945,我每天都覺得自己很差勁，無法突破自己低谷的限制。 每天看著自己的行為，覺得自己在自作自選地犯下錯誤  在黑暗中嘗試找尋光線，無法找到光線，我甚至開始質疑自己是否還存在,自己,O,O,O,O,O,O,46
945,我每天都覺得自己很差勁，無法突破自己低谷的限制。 每天看著自己的行為，覺得自己在自作自選地犯下錯誤  在黑暗中嘗試找尋光線，無法找到光線，我甚至開始質疑自己是否還存在,是否,O,O,O,O,O,O,47
945,我每天都覺得自己很差勁，無法突破自己低谷的限制。 每天看著自己的行為，覺得自己在自作自選地犯下錯誤  在黑暗中嘗試找尋光線，無法找到光線，我甚至開始質疑自己是否還存在,還,O,O,O,O,O,O,48
945,我每天都覺得自己很差勁，無法突破自己低谷的限制。 每天看著自己的行為，覺得自己在自作自選地犯下錯誤  在黑暗中嘗試找尋光線，無法找到光線，我甚至開始質疑自己是否還存在,存在,O,O,O,O,O,O,49
945,我每天都覺得自己很差勁，無法突破自己低谷的限制。 每天看著自己的行為，覺得自己在自作自選地犯下錯誤  在黑暗中嘗試找尋光線，無法找到光線，我甚至開始質疑自己是否還存在,。,O,O,O,O,O,O,50
946,我整天都是覺得自己很差勁，無法完成任何事情，整天都感受到絕望的感覺  我是誰呢？是誰這樣絕望？  我想我是需要重新嘗試過去的關係了！,我,O,O,O,O,O,O,1
946,我整天都是覺得自己很差勁，無法完成任何事情，整天都感受到絕望的感覺  我是誰呢？是誰這樣絕望？  我想我是需要重新嘗試過去的關係了！,整天,O,O,O,O,O,O,2
946,我整天都是覺得自己很差勁，無法完成任何事情，整天都感受到絕望的感覺  我是誰呢？是誰這樣絕望？  我想我是需要重新嘗試過去的關係了！,都,O,O,O,O,O,O,3
946,我整天都是覺得自己很差勁，無法完成任何事情，整天都感受到絕望的感覺  我是誰呢？是誰這樣絕望？  我想我是需要重新嘗試過去的關係了！,是,O,O,O,O,O,O,4
946,我整天都是覺得自己很差勁，無法完成任何事情，整天都感受到絕望的感覺  我是誰呢？是誰這樣絕望？  我想我是需要重新嘗試過去的關係了！,覺得,O,O,O,O,O,O,5
946,我整天都是覺得自己很差勁，無法完成任何事情，整天都感受到絕望的感覺  我是誰呢？是誰這樣絕望？  我想我是需要重新嘗試過去的關係了！,自己,B-W,B-W,O,O,B-W,O,6
946,我整天都是覺得自己很差勁，無法完成任何事情，整天都感受到絕望的感覺  我是誰呢？是誰這樣絕望？  我想我是需要重新嘗試過去的關係了！,很,M-W,M-W,O,O,M-W,O,7
946,我整天都是覺得自己很差勁，無法完成任何事情，整天都感受到絕望的感覺  我是誰呢？是誰這樣絕望？  我想我是需要重新嘗試過去的關係了！,差勁,E-W,E-W,S-W,S-W,E-W,S-W,8
946,我整天都是覺得自己很差勁，無法完成任何事情，整天都感受到絕望的感覺  我是誰呢？是誰這樣絕望？  我想我是需要重新嘗試過去的關係了！,，,O,O,O,O,O,O,9
946,我整天都是覺得自己很差勁，無法完成任何事情，整天都感受到絕望的感覺  我是誰呢？是誰這樣絕望？  我想我是需要重新嘗試過去的關係了！,無法,B-D,B-D,B-D,B-D,B-D,B-D,10
946,我整天都是覺得自己很差勁，無法完成任何事情，整天都感受到絕望的感覺  我是誰呢？是誰這樣絕望？  我想我是需要重新嘗試過去的關係了！,完成,M-D,M-D,M-D,M-D,M-D,M-D,11
946,我整天都是覺得自己很差勁，無法完成任何事情，整天都感受到絕望的感覺  我是誰呢？是誰這樣絕望？  我想我是需要重新嘗試過去的關係了！,任何,E-D,E-D,E-D,E-D,E-D,E-D,12
946,我整天都是覺得自己很差勁，無法完成任何事情，整天都感受到絕望的感覺  我是誰呢？是誰這樣絕望？  我想我是需要重新嘗試過去的關係了！,事情,O,O,O,O,O,O,13
946,我整天都是覺得自己很差勁，無法完成任何事情，整天都感受到絕望的感覺  我是誰呢？是誰這樣絕望？  我想我是需要重新嘗試過去的關係了！,，,O,O,O,O,O,O,14
946,我整天都是覺得自己很差勁，無法完成任何事情，整天都感受到絕望的感覺  我是誰呢？是誰這樣絕望？  我想我是需要重新嘗試過去的關係了！,整天,O,O,O,O,O,O,15
946,我整天都是覺得自己很差勁，無法完成任何事情，整天都感受到絕望的感覺  我是誰呢？是誰這樣絕望？  我想我是需要重新嘗試過去的關係了！,都,O,O,O,O,O,O,16
946,我整天都是覺得自己很差勁，無法完成任何事情，整天都感受到絕望的感覺  我是誰呢？是誰這樣絕望？  我想我是需要重新嘗試過去的關係了！,感受到,B-D,B-D,B-D,B-D,B-D,B-D,17
946,我整天都是覺得自己很差勁，無法完成任何事情，整天都感受到絕望的感覺  我是誰呢？是誰這樣絕望？  我想我是需要重新嘗試過去的關係了！,絕望,E-D,M-D,E-D,E-D,M-D,E-D,18
946,我整天都是覺得自己很差勁，無法完成任何事情，整天都感受到絕望的感覺  我是誰呢？是誰這樣絕望？  我想我是需要重新嘗試過去的關係了！,的,O,E-D,O,O,M-D,O,19
946,我整天都是覺得自己很差勁，無法完成任何事情，整天都感受到絕望的感覺  我是誰呢？是誰這樣絕望？  我想我是需要重新嘗試過去的關係了！,感覺,O,O,O,O,E-D,O,20
946,我整天都是覺得自己很差勁，無法完成任何事情，整天都感受到絕望的感覺  我是誰呢？是誰這樣絕望？  我想我是需要重新嘗試過去的關係了！,O,O,O,O,O,O,O,21
946,我整天都是覺得自己很差勁，無法完成任何事情，整天都感受到絕望的感覺  我是誰呢？是誰這樣絕望？  我想我是需要重新嘗試過去的關係了！,我,O,O,O,O,O,O,22
946,我整天都是覺得自己很差勁，無法完成任何事情，整天都感受到絕望的感覺  我是誰呢？是誰這樣絕望？  我想我是需要重新嘗試過去的關係了！,是,O,O,O,O,O,O,23
946,我整天都是覺得自己很差勁，無法完成任何事情，整天都感受到絕望的感覺  我是誰呢？是誰這樣絕望？  我想我是需要重新嘗試過去的關係了！,誰,O,O,O,O,O,O,24
946,我整天都是覺得自己很差勁，無法完成任何事情，整天都感受到絕望的感覺  我是誰呢？是誰這樣絕望？  我想我是需要重新嘗試過去的關係了！,呢,O,O,O,O,O,O,25
946,我整天都是覺得自己很差勁，無法完成任何事情，整天都感受到絕望的感覺  我是誰呢？是誰這樣絕望？  我想我是需要重新嘗試過去的關係了！,？,O,O,O,O,O,O,26
946,我整天都是覺得自己很差勁，無法完成任何事情，整天都感受到絕望的感覺  我是誰呢？是誰這樣絕望？  我想我是需要重新嘗試過去的關係了！,是,O,O,O,O,O,O,27
946,我整天都是覺得自己很差勁，無法完成任何事情，整天都感受到絕望的感覺  我是誰呢？是誰這樣絕望？  我想我是需要重新嘗試過去的關係了！,誰,O,O,O,O,O,O,28
946,我整天都是覺得自己很差勁，無法完成任何事情，整天都感受到絕望的感覺  我是誰呢？是誰這樣絕望？  我想我是需要重新嘗試過去的關係了！,這樣,O,O,O,O,O,O,29
946,我整天都是覺得自己很差勁，無法完成任何事情，整天都感受到絕望的感覺  我是誰呢？是誰這樣絕望？  我想我是需要重新嘗試過去的關係了！,絕望,S-D,O,S-D,S-D,O,S-D,30
946,我整天都是覺得自己很差勁，無法完成任何事情，整天都感受到絕望的感覺  我是誰呢？是誰這樣絕望？  我想我是需要重新嘗試過去的關係了！,？,O,O,O,O,O,O,31
946,我整天都是覺得自己很差勁，無法完成任何事情，整天都感受到絕望的感覺  我是誰呢？是誰這樣絕望？  我想我是需要重新嘗試過去的關係了！,O,O,O,O,O,O,O,32
946,我整天都是覺得自己很差勁，無法完成任何事情，整天都感受到絕望的感覺  我是誰呢？是誰這樣絕望？  我想我是需要重新嘗試過去的關係了！,我,O,O,O,O,O,O,33
946,我整天都是覺得自己很差勁，無法完成任何事情，整天都感受到絕望的感覺  我是誰呢？是誰這樣絕望？  我想我是需要重新嘗試過去的關係了！,想,O,O,O,O,O,O,34
946,我整天都是覺得自己很差勁，無法完成任何事情，整天都感受到絕望的感覺  我是誰呢？是誰這樣絕望？  我想我是需要重新嘗試過去的關係了！,我,O,O,O,O,O,O,35
946,我整天都是覺得自己很差勁，無法完成任何事情，整天都感受到絕望的感覺  我是誰呢？是誰這樣絕望？  我想我是需要重新嘗試過去的關係了！,是,O,O,O,O,O,O,36
946,我整天都是覺得自己很差勁，無法完成任何事情，整天都感受到絕望的感覺  我是誰呢？是誰這樣絕望？  我想我是需要重新嘗試過去的關係了！,需要,O,O,O,O,O,O,37
946,我整天都是覺得自己很差勁，無法完成任何事情，整天都感受到絕望的感覺  我是誰呢？是誰這樣絕望？  我想我是需要重新嘗試過去的關係了！,重新,O,O,O,O,O,O,38
946,我整天都是覺得自己很差勁，無法完成任何事情，整天都感受到絕望的感覺  我是誰呢？是誰這樣絕望？  我想我是需要重新嘗試過去的關係了！,嘗試,O,O,O,O,O,O,39
946,我整天都是覺得自己很差勁，無法完成任何事情，整天都感受到絕望的感覺  我是誰呢？是誰這樣絕望？  我想我是需要重新嘗試過去的關係了！,過去,O,O,O,O,O,O,40
946,我整天都是覺得自己很差勁，無法完成任何事情，整天都感受到絕望的感覺  我是誰呢？是誰這樣絕望？  我想我是需要重新嘗試過去的關係了！,的,O,O,O,O,O,O,41
946,我整天都是覺得自己很差勁，無法完成任何事情，整天都感受到絕望的感覺  我是誰呢？是誰這樣絕望？  我想我是需要重新嘗試過去的關係了！,關係,O,O,O,O,O,O,42
946,我整天都是覺得自己很差勁，無法完成任何事情，整天都感受到絕望的感覺  我是誰呢？是誰這樣絕望？  我想我是需要重新嘗試過去的關係了！,了,O,O,O,O,O,O,43
946,我整天都是覺得自己很差勁，無法完成任何事情，整天都感受到絕望的感覺  我是誰呢？是誰這樣絕望？  我想我是需要重新嘗試過去的關係了！,！,O,O,缺失預測,缺失預測,O,缺失預測,44
947,"財務壓力真大！最近幾天，無法下定決心做什麼事，完全沒有興趣。 最近的分數記錄一如既往，讓我感到焦慮，還有輕微的沮喪感 。我也知道，我的能力不會因為目前的狀況而變得差，但我在這刻，我真的想考慮放棄所有的理想和夢想 ‍♀️""",財務,O,O,O,O,O,O,1
947,"財務壓力真大！最近幾天，無法下定決心做什麼事，完全沒有興趣。 最近的分數記錄一如既往，讓我感到焦慮，還有輕微的沮喪感 。我也知道，我的能力不會因為目前的狀況而變得差，但我在這刻，我真的想考慮放棄所有的理想和夢想 ‍♀️""",壓力,S-W,S-W,S-W,S-W,S-W,S-W,2
947,"財務壓力真大！最近幾天，無法下定決心做什麼事，完全沒有興趣。 最近的分數記錄一如既往，讓我感到焦慮，還有輕微的沮喪感 。我也知道，我的能力不會因為目前的狀況而變得差，但我在這刻，我真的想考慮放棄所有的理想和夢想 ‍♀️""",真,O,O,O,O,O,O,3
947,"財務壓力真大！最近幾天，無法下定決心做什麼事，完全沒有興趣。 最近的分數記錄一如既往，讓我感到焦慮，還有輕微的沮喪感 。我也知道，我的能力不會因為目前的狀況而變得差，但我在這刻，我真的想考慮放棄所有的理想和夢想 ‍♀️""",大,O,O,O,O,O,O,4
947,"財務壓力真大！最近幾天，無法下定決心做什麼事，完全沒有興趣。 最近的分數記錄一如既往，讓我感到焦慮，還有輕微的沮喪感 。我也知道，我的能力不會因為目前的狀況而變得差，但我在這刻，我真的想考慮放棄所有的理想和夢想 ‍♀️""",！,O,O,O,O,O,O,5
947,"財務壓力真大！最近幾天，無法下定決心做什麼事，完全沒有興趣。 最近的分數記錄一如既往，讓我感到焦慮，還有輕微的沮喪感 。我也知道，我的能力不會因為目前的狀況而變得差，但我在這刻，我真的想考慮放棄所有的理想和夢想 ‍♀️""",最近,O,O,O,O,O,O,6
947,"財務壓力真大！最近幾天，無法下定決心做什麼事，完全沒有興趣。 最近的分數記錄一如既往，讓我感到焦慮，還有輕微的沮喪感 。我也知道，我的能力不會因為目前的狀況而變得差，但我在這刻，我真的想考慮放棄所有的理想和夢想 ‍♀️""",幾天,O,O,O,O,O,O,7
947,"財務壓力真大！最近幾天，無法下定決心做什麼事，完全沒有興趣。 最近的分數記錄一如既往，讓我感到焦慮，還有輕微的沮喪感 。我也知道，我的能力不會因為目前的狀況而變得差，但我在這刻，我真的想考慮放棄所有的理想和夢想 ‍♀️""",，,O,O,O,O,O,O,8
947,"財務壓力真大！最近幾天，無法下定決心做什麼事，完全沒有興趣。 最近的分數記錄一如既往，讓我感到焦慮，還有輕微的沮喪感 。我也知道，我的能力不會因為目前的狀況而變得差，但我在這刻，我真的想考慮放棄所有的理想和夢想 ‍♀️""",無法,O,B-W,B-W,B-W,O,B-W,9
947,"財務壓力真大！最近幾天，無法下定決心做什麼事，完全沒有興趣。 最近的分數記錄一如既往，讓我感到焦慮，還有輕微的沮喪感 。我也知道，我的能力不會因為目前的狀況而變得差，但我在這刻，我真的想考慮放棄所有的理想和夢想 ‍♀️""",下定,O,M-W,M-W,M-W,B-W,M-W,10
947,"財務壓力真大！最近幾天，無法下定決心做什麼事，完全沒有興趣。 最近的分數記錄一如既往，讓我感到焦慮，還有輕微的沮喪感 。我也知道，我的能力不會因為目前的狀況而變得差，但我在這刻，我真的想考慮放棄所有的理想和夢想 ‍♀️""",決心,O,E-W,E-W,E-W,M-W,E-W,11
947,"財務壓力真大！最近幾天，無法下定決心做什麼事，完全沒有興趣。 最近的分數記錄一如既往，讓我感到焦慮，還有輕微的沮喪感 。我也知道，我的能力不會因為目前的狀況而變得差，但我在這刻，我真的想考慮放棄所有的理想和夢想 ‍♀️""",做,O,O,O,O,E-W,O,12
947,"財務壓力真大！最近幾天，無法下定決心做什麼事，完全沒有興趣。 最近的分數記錄一如既往，讓我感到焦慮，還有輕微的沮喪感 。我也知道，我的能力不會因為目前的狀況而變得差，但我在這刻，我真的想考慮放棄所有的理想和夢想 ‍♀️""",什麼,O,O,O,O,O,O,13
947,"財務壓力真大！最近幾天，無法下定決心做什麼事，完全沒有興趣。 最近的分數記錄一如既往，讓我感到焦慮，還有輕微的沮喪感 。我也知道，我的能力不會因為目前的狀況而變得差，但我在這刻，我真的想考慮放棄所有的理想和夢想 ‍♀️""",事,O,O,O,O,O,O,14
947,"財務壓力真大！最近幾天，無法下定決心做什麼事，完全沒有興趣。 最近的分數記錄一如既往，讓我感到焦慮，還有輕微的沮喪感 。我也知道，我的能力不會因為目前的狀況而變得差，但我在這刻，我真的想考慮放棄所有的理想和夢想 ‍♀️""",，,O,O,O,O,O,O,15
947,"財務壓力真大！最近幾天，無法下定決心做什麼事，完全沒有興趣。 最近的分數記錄一如既往，讓我感到焦慮，還有輕微的沮喪感 。我也知道，我的能力不會因為目前的狀況而變得差，但我在這刻，我真的想考慮放棄所有的理想和夢想 ‍♀️""",完全,O,O,O,O,O,O,16
947,"財務壓力真大！最近幾天，無法下定決心做什麼事，完全沒有興趣。 最近的分數記錄一如既往，讓我感到焦慮，還有輕微的沮喪感 。我也知道，我的能力不會因為目前的狀況而變得差，但我在這刻，我真的想考慮放棄所有的理想和夢想 ‍♀️""",沒有,B-A,B-A,B-A,B-A,O,B-A,17
947,"財務壓力真大！最近幾天，無法下定決心做什麼事，完全沒有興趣。 最近的分數記錄一如既往，讓我感到焦慮，還有輕微的沮喪感 。我也知道，我的能力不會因為目前的狀況而變得差，但我在這刻，我真的想考慮放棄所有的理想和夢想 ‍♀️""",興趣,E-A,E-A,E-A,E-A,B-A,E-A,18
947,"財務壓力真大！最近幾天，無法下定決心做什麼事，完全沒有興趣。 最近的分數記錄一如既往，讓我感到焦慮，還有輕微的沮喪感 。我也知道，我的能力不會因為目前的狀況而變得差，但我在這刻，我真的想考慮放棄所有的理想和夢想 ‍♀️""",。,O,O,O,O,E-A,O,19
947,"財務壓力真大！最近幾天，無法下定決心做什麼事，完全沒有興趣。 最近的分數記錄一如既往，讓我感到焦慮，還有輕微的沮喪感 。我也知道，我的能力不會因為目前的狀況而變得差，但我在這刻，我真的想考慮放棄所有的理想和夢想 ‍♀️""",最近,O,O,O,O,O,O,20
947,"財務壓力真大！最近幾天，無法下定決心做什麼事，完全沒有興趣。 最近的分數記錄一如既往，讓我感到焦慮，還有輕微的沮喪感 。我也知道，我的能力不會因為目前的狀況而變得差，但我在這刻，我真的想考慮放棄所有的理想和夢想 ‍♀️""",的,O,O,O,O,O,O,21
947,"財務壓力真大！最近幾天，無法下定決心做什麼事，完全沒有興趣。 最近的分數記錄一如既往，讓我感到焦慮，還有輕微的沮喪感 。我也知道，我的能力不會因為目前的狀況而變得差，但我在這刻，我真的想考慮放棄所有的理想和夢想 ‍♀️""",分數,O,O,O,O,O,O,22
947,"財務壓力真大！最近幾天，無法下定決心做什麼事，完全沒有興趣。 最近的分數記錄一如既往，讓我感到焦慮，還有輕微的沮喪感 。我也知道，我的能力不會因為目前的狀況而變得差，但我在這刻，我真的想考慮放棄所有的理想和夢想 ‍♀️""",記錄,O,O,O,O,O,O,23
947,"財務壓力真大！最近幾天，無法下定決心做什麼事，完全沒有興趣。 最近的分數記錄一如既往，讓我感到焦慮，還有輕微的沮喪感 。我也知道，我的能力不會因為目前的狀況而變得差，但我在這刻，我真的想考慮放棄所有的理想和夢想 ‍♀️""",一如,O,O,O,O,O,O,24
947,"財務壓力真大！最近幾天，無法下定決心做什麼事，完全沒有興趣。 最近的分數記錄一如既往，讓我感到焦慮，還有輕微的沮喪感 。我也知道，我的能力不會因為目前的狀況而變得差，但我在這刻，我真的想考慮放棄所有的理想和夢想 ‍♀️""",既往,O,O,O,O,O,O,25
947,"財務壓力真大！最近幾天，無法下定決心做什麼事，完全沒有興趣。 最近的分數記錄一如既往，讓我感到焦慮，還有輕微的沮喪感 。我也知道，我的能力不會因為目前的狀況而變得差，但我在這刻，我真的想考慮放棄所有的理想和夢想 ‍♀️""",，,O,O,O,O,O,O,26
947,"財務壓力真大！最近幾天，無法下定決心做什麼事，完全沒有興趣。 最近的分數記錄一如既往，讓我感到焦慮，還有輕微的沮喪感 。我也知道，我的能力不會因為目前的狀況而變得差，但我在這刻，我真的想考慮放棄所有的理想和夢想 ‍♀️""",讓,O,O,O,O,O,O,27
947,"財務壓力真大！最近幾天，無法下定決心做什麼事，完全沒有興趣。 最近的分數記錄一如既往，讓我感到焦慮，還有輕微的沮喪感 。我也知道，我的能力不會因為目前的狀況而變得差，但我在這刻，我真的想考慮放棄所有的理想和夢想 ‍♀️""",我,O,O,O,O,O,O,28
947,"財務壓力真大！最近幾天，無法下定決心做什麼事，完全沒有興趣。 最近的分數記錄一如既往，讓我感到焦慮，還有輕微的沮喪感 。我也知道，我的能力不會因為目前的狀況而變得差，但我在這刻，我真的想考慮放棄所有的理想和夢想 ‍♀️""",感到,B-D,B-D,B-D,B-D,O,B-D,29
947,"財務壓力真大！最近幾天，無法下定決心做什麼事，完全沒有興趣。 最近的分數記錄一如既往，讓我感到焦慮，還有輕微的沮喪感 。我也知道，我的能力不會因為目前的狀況而變得差，但我在這刻，我真的想考慮放棄所有的理想和夢想 ‍♀️""",焦慮,E-D,E-D,E-D,E-D,B-D,E-D,30
947,"財務壓力真大！最近幾天，無法下定決心做什麼事，完全沒有興趣。 最近的分數記錄一如既往，讓我感到焦慮，還有輕微的沮喪感 。我也知道，我的能力不會因為目前的狀況而變得差，但我在這刻，我真的想考慮放棄所有的理想和夢想 ‍♀️""",，,O,O,O,O,E-D,O,31
947,"財務壓力真大！最近幾天，無法下定決心做什麼事，完全沒有興趣。 最近的分數記錄一如既往，讓我感到焦慮，還有輕微的沮喪感 。我也知道，我的能力不會因為目前的狀況而變得差，但我在這刻，我真的想考慮放棄所有的理想和夢想 ‍♀️""",還,O,O,O,O,O,O,32
947,"財務壓力真大！最近幾天，無法下定決心做什麼事，完全沒有興趣。 最近的分數記錄一如既往，讓我感到焦慮，還有輕微的沮喪感 。我也知道，我的能力不會因為目前的狀況而變得差，但我在這刻，我真的想考慮放棄所有的理想和夢想 ‍♀️""",有,O,O,O,O,O,O,33
947,"財務壓力真大！最近幾天，無法下定決心做什麼事，完全沒有興趣。 最近的分數記錄一如既往，讓我感到焦慮，還有輕微的沮喪感 。我也知道，我的能力不會因為目前的狀況而變得差，但我在這刻，我真的想考慮放棄所有的理想和夢想 ‍♀️""",輕微,O,O,O,O,O,O,34
947,"財務壓力真大！最近幾天，無法下定決心做什麼事，完全沒有興趣。 最近的分數記錄一如既往，讓我感到焦慮，還有輕微的沮喪感 。我也知道，我的能力不會因為目前的狀況而變得差，但我在這刻，我真的想考慮放棄所有的理想和夢想 ‍♀️""",的,O,O,O,O,O,O,35
947,"財務壓力真大！最近幾天，無法下定決心做什麼事，完全沒有興趣。 最近的分數記錄一如既往，讓我感到焦慮，還有輕微的沮喪感 。我也知道，我的能力不會因為目前的狀況而變得差，但我在這刻，我真的想考慮放棄所有的理想和夢想 ‍♀️""",沮喪,S-D,S-D,S-D,S-D,O,S-D,36
947,"財務壓力真大！最近幾天，無法下定決心做什麼事，完全沒有興趣。 最近的分數記錄一如既往，讓我感到焦慮，還有輕微的沮喪感 。我也知道，我的能力不會因為目前的狀況而變得差，但我在這刻，我真的想考慮放棄所有的理想和夢想 ‍♀️""",感,O,O,O,O,S-D,O,37
947,"財務壓力真大！最近幾天，無法下定決心做什麼事，完全沒有興趣。 最近的分數記錄一如既往，讓我感到焦慮，還有輕微的沮喪感 。我也知道，我的能力不會因為目前的狀況而變得差，但我在這刻，我真的想考慮放棄所有的理想和夢想 ‍♀️""",。,O,O,O,O,O,O,38
947,"財務壓力真大！最近幾天，無法下定決心做什麼事，完全沒有興趣。 最近的分數記錄一如既往，讓我感到焦慮，還有輕微的沮喪感 。我也知道，我的能力不會因為目前的狀況而變得差，但我在這刻，我真的想考慮放棄所有的理想和夢想 ‍♀️""",我,O,O,O,O,O,O,39
947,"財務壓力真大！最近幾天，無法下定決心做什麼事，完全沒有興趣。 最近的分數記錄一如既往，讓我感到焦慮，還有輕微的沮喪感 。我也知道，我的能力不會因為目前的狀況而變得差，但我在這刻，我真的想考慮放棄所有的理想和夢想 ‍♀️""",也,O,O,O,O,O,O,40
947,"財務壓力真大！最近幾天，無法下定決心做什麼事，完全沒有興趣。 最近的分數記錄一如既往，讓我感到焦慮，還有輕微的沮喪感 。我也知道，我的能力不會因為目前的狀況而變得差，但我在這刻，我真的想考慮放棄所有的理想和夢想 ‍♀️""",知道,O,O,O,O,O,O,41
947,"財務壓力真大！最近幾天，無法下定決心做什麼事，完全沒有興趣。 最近的分數記錄一如既往，讓我感到焦慮，還有輕微的沮喪感 。我也知道，我的能力不會因為目前的狀況而變得差，但我在這刻，我真的想考慮放棄所有的理想和夢想 ‍♀️""",，,O,O,O,O,O,O,42
947,"財務壓力真大！最近幾天，無法下定決心做什麼事，完全沒有興趣。 最近的分數記錄一如既往，讓我感到焦慮，還有輕微的沮喪感 。我也知道，我的能力不會因為目前的狀況而變得差，但我在這刻，我真的想考慮放棄所有的理想和夢想 ‍♀️""",我,O,O,O,O,O,O,43
947,"財務壓力真大！最近幾天，無法下定決心做什麼事，完全沒有興趣。 最近的分數記錄一如既往，讓我感到焦慮，還有輕微的沮喪感 。我也知道，我的能力不會因為目前的狀況而變得差，但我在這刻，我真的想考慮放棄所有的理想和夢想 ‍♀️""",的,O,O,O,O,O,O,44
947,"財務壓力真大！最近幾天，無法下定決心做什麼事，完全沒有興趣。 最近的分數記錄一如既往，讓我感到焦慮，還有輕微的沮喪感 。我也知道，我的能力不會因為目前的狀況而變得差，但我在這刻，我真的想考慮放棄所有的理想和夢想 ‍♀️""",能力,O,O,O,O,O,O,45
947,"財務壓力真大！最近幾天，無法下定決心做什麼事，完全沒有興趣。 最近的分數記錄一如既往，讓我感到焦慮，還有輕微的沮喪感 。我也知道，我的能力不會因為目前的狀況而變得差，但我在這刻，我真的想考慮放棄所有的理想和夢想 ‍♀️""",不會,O,O,O,O,O,O,46
947,"財務壓力真大！最近幾天，無法下定決心做什麼事，完全沒有興趣。 最近的分數記錄一如既往，讓我感到焦慮，還有輕微的沮喪感 。我也知道，我的能力不會因為目前的狀況而變得差，但我在這刻，我真的想考慮放棄所有的理想和夢想 ‍♀️""",因為,O,O,O,O,O,O,47
947,"財務壓力真大！最近幾天，無法下定決心做什麼事，完全沒有興趣。 最近的分數記錄一如既往，讓我感到焦慮，還有輕微的沮喪感 。我也知道，我的能力不會因為目前的狀況而變得差，但我在這刻，我真的想考慮放棄所有的理想和夢想 ‍♀️""",目前,O,O,O,O,O,O,48
947,"財務壓力真大！最近幾天，無法下定決心做什麼事，完全沒有興趣。 最近的分數記錄一如既往，讓我感到焦慮，還有輕微的沮喪感 。我也知道，我的能力不會因為目前的狀況而變得差，但我在這刻，我真的想考慮放棄所有的理想和夢想 ‍♀️""",的,O,O,O,O,O,O,49
947,"財務壓力真大！最近幾天，無法下定決心做什麼事，完全沒有興趣。 最近的分數記錄一如既往，讓我感到焦慮，還有輕微的沮喪感 。我也知道，我的能力不會因為目前的狀況而變得差，但我在這刻，我真的想考慮放棄所有的理想和夢想 ‍♀️""",狀況,O,O,O,O,O,O,50
947,"財務壓力真大！最近幾天，無法下定決心做什麼事，完全沒有興趣。 最近的分數記錄一如既往，讓我感到焦慮，還有輕微的沮喪感 。我也知道，我的能力不會因為目前的狀況而變得差，但我在這刻，我真的想考慮放棄所有的理想和夢想 ‍♀️""",而,O,O,O,O,O,O,51
947,"財務壓力真大！最近幾天，無法下定決心做什麼事，完全沒有興趣。 最近的分數記錄一如既往，讓我感到焦慮，還有輕微的沮喪感 。我也知道，我的能力不會因為目前的狀況而變得差，但我在這刻，我真的想考慮放棄所有的理想和夢想 ‍♀️""",變得,O,O,O,O,O,O,52
947,"財務壓力真大！最近幾天，無法下定決心做什麼事，完全沒有興趣。 最近的分數記錄一如既往，讓我感到焦慮，還有輕微的沮喪感 。我也知道，我的能力不會因為目前的狀況而變得差，但我在這刻，我真的想考慮放棄所有的理想和夢想 ‍♀️""",差,O,O,O,O,O,O,53
947,"財務壓力真大！最近幾天，無法下定決心做什麼事，完全沒有興趣。 最近的分數記錄一如既往，讓我感到焦慮，還有輕微的沮喪感 。我也知道，我的能力不會因為目前的狀況而變得差，但我在這刻，我真的想考慮放棄所有的理想和夢想 ‍♀️""",，,O,O,O,O,O,O,54
947,"財務壓力真大！最近幾天，無法下定決心做什麼事，完全沒有興趣。 最近的分數記錄一如既往，讓我感到焦慮，還有輕微的沮喪感 。我也知道，我的能力不會因為目前的狀況而變得差，但我在這刻，我真的想考慮放棄所有的理想和夢想 ‍♀️""",但,O,O,O,O,O,O,55
947,"財務壓力真大！最近幾天，無法下定決心做什麼事，完全沒有興趣。 最近的分數記錄一如既往，讓我感到焦慮，還有輕微的沮喪感 。我也知道，我的能力不會因為目前的狀況而變得差，但我在這刻，我真的想考慮放棄所有的理想和夢想 ‍♀️""",我,O,O,O,O,O,O,56
947,"財務壓力真大！最近幾天，無法下定決心做什麼事，完全沒有興趣。 最近的分數記錄一如既往，讓我感到焦慮，還有輕微的沮喪感 。我也知道，我的能力不會因為目前的狀況而變得差，但我在這刻，我真的想考慮放棄所有的理想和夢想 ‍♀️""",在,O,O,O,O,O,O,57
947,"財務壓力真大！最近幾天，無法下定決心做什麼事，完全沒有興趣。 最近的分數記錄一如既往，讓我感到焦慮，還有輕微的沮喪感 。我也知道，我的能力不會因為目前的狀況而變得差，但我在這刻，我真的想考慮放棄所有的理想和夢想 ‍♀️""",這刻,O,O,O,O,O,O,58
947,"財務壓力真大！最近幾天，無法下定決心做什麼事，完全沒有興趣。 最近的分數記錄一如既往，讓我感到焦慮，還有輕微的沮喪感 。我也知道，我的能力不會因為目前的狀況而變得差，但我在這刻，我真的想考慮放棄所有的理想和夢想 ‍♀️""",，,O,O,O,O,O,O,59
947,"財務壓力真大！最近幾天，無法下定決心做什麼事，完全沒有興趣。 最近的分數記錄一如既往，讓我感到焦慮，還有輕微的沮喪感 。我也知道，我的能力不會因為目前的狀況而變得差，但我在這刻，我真的想考慮放棄所有的理想和夢想 ‍♀️""",我,O,O,O,O,O,O,60
947,"財務壓力真大！最近幾天，無法下定決心做什麼事，完全沒有興趣。 最近的分數記錄一如既往，讓我感到焦慮，還有輕微的沮喪感 。我也知道，我的能力不會因為目前的狀況而變得差，但我在這刻，我真的想考慮放棄所有的理想和夢想 ‍♀️""",真的,O,O,O,O,O,O,61
947,"財務壓力真大！最近幾天，無法下定決心做什麼事，完全沒有興趣。 最近的分數記錄一如既往，讓我感到焦慮，還有輕微的沮喪感 。我也知道，我的能力不會因為目前的狀況而變得差，但我在這刻，我真的想考慮放棄所有的理想和夢想 ‍♀️""",想,O,O,O,O,O,O,62
947,"財務壓力真大！最近幾天，無法下定決心做什麼事，完全沒有興趣。 最近的分數記錄一如既往，讓我感到焦慮，還有輕微的沮喪感 。我也知道，我的能力不會因為目前的狀況而變得差，但我在這刻，我真的想考慮放棄所有的理想和夢想 ‍♀️""",考慮,O,O,B-U,B-U,O,B-U,63
947,"財務壓力真大！最近幾天，無法下定決心做什麼事，完全沒有興趣。 最近的分數記錄一如既往，讓我感到焦慮，還有輕微的沮喪感 。我也知道，我的能力不會因為目前的狀況而變得差，但我在這刻，我真的想考慮放棄所有的理想和夢想 ‍♀️""",放棄,O,B-U,M-U,M-U,B-U,M-U,64
947,"財務壓力真大！最近幾天，無法下定決心做什麼事，完全沒有興趣。 最近的分數記錄一如既往，讓我感到焦慮，還有輕微的沮喪感 。我也知道，我的能力不會因為目前的狀況而變得差，但我在這刻，我真的想考慮放棄所有的理想和夢想 ‍♀️""",所有,O,M-U,O,E-U,M-U,O,65
947,"財務壓力真大！最近幾天，無法下定決心做什麼事，完全沒有興趣。 最近的分數記錄一如既往，讓我感到焦慮，還有輕微的沮喪感 。我也知道，我的能力不會因為目前的狀況而變得差，但我在這刻，我真的想考慮放棄所有的理想和夢想 ‍♀️""",的,O,O,O,O,O,O,66
947,"財務壓力真大！最近幾天，無法下定決心做什麼事，完全沒有興趣。 最近的分數記錄一如既往，讓我感到焦慮，還有輕微的沮喪感 。我也知道，我的能力不會因為目前的狀況而變得差，但我在這刻，我真的想考慮放棄所有的理想和夢想 ‍♀️""",理想,O,O,O,O,O,O,67
947,"財務壓力真大！最近幾天，無法下定決心做什麼事，完全沒有興趣。 最近的分數記錄一如既往，讓我感到焦慮，還有輕微的沮喪感 。我也知道，我的能力不會因為目前的狀況而變得差，但我在這刻，我真的想考慮放棄所有的理想和夢想 ‍♀️""",和,O,O,O,O,O,E-U,68
947,"財務壓力真大！最近幾天，無法下定決心做什麼事，完全沒有興趣。 最近的分數記錄一如既往，讓我感到焦慮，還有輕微的沮喪感 。我也知道，我的能力不會因為目前的狀況而變得差，但我在這刻，我真的想考慮放棄所有的理想和夢想 ‍♀️""",夢想,O,O,O,O,O,O,69
947,"財務壓力真大！最近幾天，無法下定決心做什麼事，完全沒有興趣。 最近的分數記錄一如既往，讓我感到焦慮，還有輕微的沮喪感 。我也知道，我的能力不會因為目前的狀況而變得差，但我在這刻，我真的想考慮放棄所有的理想和夢想 ‍♀️""",‍♀️,O,O,缺失預測,O,O,O,70
948,我覺得所有的行業人士都會遇到這種過度完美主義的劑方。從企業高管到個性獨立的創意人士，我們都被告知，必須是完美，沒有偏差，沒有失敗！ 但你知道什麼？這種完美主義的行為其實,我,O,O,O,O,O,O,1
948,我覺得所有的行業人士都會遇到這種過度完美主義的劑方。從企業高管到個性獨立的創意人士，我們都被告知，必須是完美，沒有偏差，沒有失敗！ 但你知道什麼？這種完美主義的行為其實,覺得,O,O,O,O,O,O,2
948,我覺得所有的行業人士都會遇到這種過度完美主義的劑方。從企業高管到個性獨立的創意人士，我們都被告知，必須是完美，沒有偏差，沒有失敗！ 但你知道什麼？這種完美主義的行為其實,所有,O,O,O,O,O,O,3
948,我覺得所有的行業人士都會遇到這種過度完美主義的劑方。從企業高管到個性獨立的創意人士，我們都被告知，必須是完美，沒有偏差，沒有失敗！ 但你知道什麼？這種完美主義的行為其實,的,O,O,O,O,O,O,4
948,我覺得所有的行業人士都會遇到這種過度完美主義的劑方。從企業高管到個性獨立的創意人士，我們都被告知，必須是完美，沒有偏差，沒有失敗！ 但你知道什麼？這種完美主義的行為其實,行業,O,O,O,O,O,O,5
948,我覺得所有的行業人士都會遇到這種過度完美主義的劑方。從企業高管到個性獨立的創意人士，我們都被告知，必須是完美，沒有偏差，沒有失敗！ 但你知道什麼？這種完美主義的行為其實,人士,O,O,O,O,O,O,6
948,我覺得所有的行業人士都會遇到這種過度完美主義的劑方。從企業高管到個性獨立的創意人士，我們都被告知，必須是完美，沒有偏差，沒有失敗！ 但你知道什麼？這種完美主義的行為其實,都,O,O,O,O,O,O,7
948,我覺得所有的行業人士都會遇到這種過度完美主義的劑方。從企業高管到個性獨立的創意人士，我們都被告知，必須是完美，沒有偏差，沒有失敗！ 但你知道什麼？這種完美主義的行為其實,會,O,O,O,O,O,O,8
948,我覺得所有的行業人士都會遇到這種過度完美主義的劑方。從企業高管到個性獨立的創意人士，我們都被告知，必須是完美，沒有偏差，沒有失敗！ 但你知道什麼？這種完美主義的行為其實,遇到,O,O,O,O,O,O,9
948,我覺得所有的行業人士都會遇到這種過度完美主義的劑方。從企業高管到個性獨立的創意人士，我們都被告知，必須是完美，沒有偏差，沒有失敗！ 但你知道什麼？這種完美主義的行為其實,這種,O,O,O,O,O,O,10
948,我覺得所有的行業人士都會遇到這種過度完美主義的劑方。從企業高管到個性獨立的創意人士，我們都被告知，必須是完美，沒有偏差，沒有失敗！ 但你知道什麼？這種完美主義的行為其實,過度,O,O,O,O,O,O,11
948,我覺得所有的行業人士都會遇到這種過度完美主義的劑方。從企業高管到個性獨立的創意人士，我們都被告知，必須是完美，沒有偏差，沒有失敗！ 但你知道什麼？這種完美主義的行為其實,完美主義,O,O,O,S-W,O,S-W,12
948,我覺得所有的行業人士都會遇到這種過度完美主義的劑方。從企業高管到個性獨立的創意人士，我們都被告知，必須是完美，沒有偏差，沒有失敗！ 但你知道什麼？這種完美主義的行為其實,的,O,O,O,O,O,O,13
948,我覺得所有的行業人士都會遇到這種過度完美主義的劑方。從企業高管到個性獨立的創意人士，我們都被告知，必須是完美，沒有偏差，沒有失敗！ 但你知道什麼？這種完美主義的行為其實,劑方,O,O,O,O,O,O,14
948,我覺得所有的行業人士都會遇到這種過度完美主義的劑方。從企業高管到個性獨立的創意人士，我們都被告知，必須是完美，沒有偏差，沒有失敗！ 但你知道什麼？這種完美主義的行為其實,。,O,O,O,O,O,O,15
948,我覺得所有的行業人士都會遇到這種過度完美主義的劑方。從企業高管到個性獨立的創意人士，我們都被告知，必須是完美，沒有偏差，沒有失敗！ 但你知道什麼？這種完美主義的行為其實,從,O,O,O,O,O,O,16
948,我覺得所有的行業人士都會遇到這種過度完美主義的劑方。從企業高管到個性獨立的創意人士，我們都被告知，必須是完美，沒有偏差，沒有失敗！ 但你知道什麼？這種完美主義的行為其實,企業,O,O,O,O,O,O,17
948,我覺得所有的行業人士都會遇到這種過度完美主義的劑方。從企業高管到個性獨立的創意人士，我們都被告知，必須是完美，沒有偏差，沒有失敗！ 但你知道什麼？這種完美主義的行為其實,高管,O,O,O,O,O,O,18
948,我覺得所有的行業人士都會遇到這種過度完美主義的劑方。從企業高管到個性獨立的創意人士，我們都被告知，必須是完美，沒有偏差，沒有失敗！ 但你知道什麼？這種完美主義的行為其實,到,O,O,O,O,O,O,19
948,我覺得所有的行業人士都會遇到這種過度完美主義的劑方。從企業高管到個性獨立的創意人士，我們都被告知，必須是完美，沒有偏差，沒有失敗！ 但你知道什麼？這種完美主義的行為其實,個性,O,O,O,O,O,O,20
948,我覺得所有的行業人士都會遇到這種過度完美主義的劑方。從企業高管到個性獨立的創意人士，我們都被告知，必須是完美，沒有偏差，沒有失敗！ 但你知道什麼？這種完美主義的行為其實,獨立,O,O,O,O,O,O,21
948,我覺得所有的行業人士都會遇到這種過度完美主義的劑方。從企業高管到個性獨立的創意人士，我們都被告知，必須是完美，沒有偏差，沒有失敗！ 但你知道什麼？這種完美主義的行為其實,的,O,O,O,O,O,O,22
948,我覺得所有的行業人士都會遇到這種過度完美主義的劑方。從企業高管到個性獨立的創意人士，我們都被告知，必須是完美，沒有偏差，沒有失敗！ 但你知道什麼？這種完美主義的行為其實,創意,O,O,O,O,O,O,23
948,我覺得所有的行業人士都會遇到這種過度完美主義的劑方。從企業高管到個性獨立的創意人士，我們都被告知，必須是完美，沒有偏差，沒有失敗！ 但你知道什麼？這種完美主義的行為其實,人士,O,O,O,O,O,O,24
948,我覺得所有的行業人士都會遇到這種過度完美主義的劑方。從企業高管到個性獨立的創意人士，我們都被告知，必須是完美，沒有偏差，沒有失敗！ 但你知道什麼？這種完美主義的行為其實,，,O,O,O,O,O,O,25
948,我覺得所有的行業人士都會遇到這種過度完美主義的劑方。從企業高管到個性獨立的創意人士，我們都被告知，必須是完美，沒有偏差，沒有失敗！ 但你知道什麼？這種完美主義的行為其實,我們,O,O,O,O,O,O,26
948,我覺得所有的行業人士都會遇到這種過度完美主義的劑方。從企業高管到個性獨立的創意人士，我們都被告知，必須是完美，沒有偏差，沒有失敗！ 但你知道什麼？這種完美主義的行為其實,都,O,O,O,O,O,O,27
948,我覺得所有的行業人士都會遇到這種過度完美主義的劑方。從企業高管到個性獨立的創意人士，我們都被告知，必須是完美，沒有偏差，沒有失敗！ 但你知道什麼？這種完美主義的行為其實,被,O,O,O,O,O,O,28
948,我覺得所有的行業人士都會遇到這種過度完美主義的劑方。從企業高管到個性獨立的創意人士，我們都被告知，必須是完美，沒有偏差，沒有失敗！ 但你知道什麼？這種完美主義的行為其實,告知,O,O,O,O,O,O,29
948,我覺得所有的行業人士都會遇到這種過度完美主義的劑方。從企業高管到個性獨立的創意人士，我們都被告知，必須是完美，沒有偏差，沒有失敗！ 但你知道什麼？這種完美主義的行為其實,，,O,O,O,O,O,O,30
948,我覺得所有的行業人士都會遇到這種過度完美主義的劑方。從企業高管到個性獨立的創意人士，我們都被告知，必須是完美，沒有偏差，沒有失敗！ 但你知道什麼？這種完美主義的行為其實,必須,O,O,O,O,O,O,31
948,我覺得所有的行業人士都會遇到這種過度完美主義的劑方。從企業高管到個性獨立的創意人士，我們都被告知，必須是完美，沒有偏差，沒有失敗！ 但你知道什麼？這種完美主義的行為其實,是,O,O,O,O,O,O,32
948,我覺得所有的行業人士都會遇到這種過度完美主義的劑方。從企業高管到個性獨立的創意人士，我們都被告知，必須是完美，沒有偏差，沒有失敗！ 但你知道什麼？這種完美主義的行為其實,完美,O,O,O,S-D,O,S-D,33
948,我覺得所有的行業人士都會遇到這種過度完美主義的劑方。從企業高管到個性獨立的創意人士，我們都被告知，必須是完美，沒有偏差，沒有失敗！ 但你知道什麼？這種完美主義的行為其實,，,O,O,O,O,O,O,34
948,我覺得所有的行業人士都會遇到這種過度完美主義的劑方。從企業高管到個性獨立的創意人士，我們都被告知，必須是完美，沒有偏差，沒有失敗！ 但你知道什麼？這種完美主義的行為其實,沒有,O,O,O,O,O,O,35
948,我覺得所有的行業人士都會遇到這種過度完美主義的劑方。從企業高管到個性獨立的創意人士，我們都被告知，必須是完美，沒有偏差，沒有失敗！ 但你知道什麼？這種完美主義的行為其實,偏差,O,O,O,O,O,O,36
948,我覺得所有的行業人士都會遇到這種過度完美主義的劑方。從企業高管到個性獨立的創意人士，我們都被告知，必須是完美，沒有偏差，沒有失敗！ 但你知道什麼？這種完美主義的行為其實,，,O,O,O,O,O,O,37
948,我覺得所有的行業人士都會遇到這種過度完美主義的劑方。從企業高管到個性獨立的創意人士，我們都被告知，必須是完美，沒有偏差，沒有失敗！ 但你知道什麼？這種完美主義的行為其實,沒有,O,O,O,O,O,O,38
948,我覺得所有的行業人士都會遇到這種過度完美主義的劑方。從企業高管到個性獨立的創意人士，我們都被告知，必須是完美，沒有偏差，沒有失敗！ 但你知道什麼？這種完美主義的行為其實,失敗,O,O,O,O,O,O,39
948,我覺得所有的行業人士都會遇到這種過度完美主義的劑方。從企業高管到個性獨立的創意人士，我們都被告知，必須是完美，沒有偏差，沒有失敗！ 但你知道什麼？這種完美主義的行為其實,！,O,O,O,O,O,O,40
948,我覺得所有的行業人士都會遇到這種過度完美主義的劑方。從企業高管到個性獨立的創意人士，我們都被告知，必須是完美，沒有偏差，沒有失敗！ 但你知道什麼？這種完美主義的行為其實,但,O,O,O,O,O,O,41
948,我覺得所有的行業人士都會遇到這種過度完美主義的劑方。從企業高管到個性獨立的創意人士，我們都被告知，必須是完美，沒有偏差，沒有失敗！ 但你知道什麼？這種完美主義的行為其實,你,O,O,O,O,O,O,42
948,我覺得所有的行業人士都會遇到這種過度完美主義的劑方。從企業高管到個性獨立的創意人士，我們都被告知，必須是完美，沒有偏差，沒有失敗！ 但你知道什麼？這種完美主義的行為其實,知道,O,O,O,O,O,O,43
948,我覺得所有的行業人士都會遇到這種過度完美主義的劑方。從企業高管到個性獨立的創意人士，我們都被告知，必須是完美，沒有偏差，沒有失敗！ 但你知道什麼？這種完美主義的行為其實,什麼,O,O,O,O,O,O,44
948,我覺得所有的行業人士都會遇到這種過度完美主義的劑方。從企業高管到個性獨立的創意人士，我們都被告知，必須是完美，沒有偏差，沒有失敗！ 但你知道什麼？這種完美主義的行為其實,？,O,O,O,O,O,O,45
948,我覺得所有的行業人士都會遇到這種過度完美主義的劑方。從企業高管到個性獨立的創意人士，我們都被告知，必須是完美，沒有偏差，沒有失敗！ 但你知道什麼？這種完美主義的行為其實,這種,O,O,O,O,O,O,46
948,我覺得所有的行業人士都會遇到這種過度完美主義的劑方。從企業高管到個性獨立的創意人士，我們都被告知，必須是完美，沒有偏差，沒有失敗！ 但你知道什麼？這種完美主義的行為其實,完美主義,O,O,O,O,O,O,47
948,我覺得所有的行業人士都會遇到這種過度完美主義的劑方。從企業高管到個性獨立的創意人士，我們都被告知，必須是完美，沒有偏差，沒有失敗！ 但你知道什麼？這種完美主義的行為其實,的,O,O,O,O,O,O,48
948,我覺得所有的行業人士都會遇到這種過度完美主義的劑方。從企業高管到個性獨立的創意人士，我們都被告知，必須是完美，沒有偏差，沒有失敗！ 但你知道什麼？這種完美主義的行為其實,行為,O,O,O,O,O,O,49
948,我覺得所有的行業人士都會遇到這種過度完美主義的劑方。從企業高管到個性獨立的創意人士，我們都被告知，必須是完美，沒有偏差，沒有失敗！ 但你知道什麼？這種完美主義的行為其實,其實,O,O,O,O,O,O,50
949,每個人的生活都是不一樣的，我們不可能每天都能夠和人們分享心事與感受，因為我們都需要一些孤獨的時刻。但是，在這種情況下，我們被孤立在孤立的世界中 。我們沒有任何人和我們分享我們的感受，無法讓我們得到幫助或支持。我們在這種情況下只會感到更多的孤立和孤軍戰鬥 。我在這個,每個人,O,O,O,O,O,O,1
949,每個人的生活都是不一樣的，我們不可能每天都能夠和人們分享心事與感受，因為我們都需要一些孤獨的時刻。但是，在這種情況下，我們被孤立在孤立的世界中 。我們沒有任何人和我們分享我們的感受，無法讓我們得到幫助或支持。我們在這種情況下只會感到更多的孤立和孤軍戰鬥 。我在這個,的,O,O,O,O,O,O,2
949,每個人的生活都是不一樣的，我們不可能每天都能夠和人們分享心事與感受，因為我們都需要一些孤獨的時刻。但是，在這種情況下，我們被孤立在孤立的世界中 。我們沒有任何人和我們分享我們的感受，無法讓我們得到幫助或支持。我們在這種情況下只會感到更多的孤立和孤軍戰鬥 。我在這個,生活,O,O,O,O,O,O,3
949,每個人的生活都是不一樣的，我們不可能每天都能夠和人們分享心事與感受，因為我們都需要一些孤獨的時刻。但是，在這種情況下，我們被孤立在孤立的世界中 。我們沒有任何人和我們分享我們的感受，無法讓我們得到幫助或支持。我們在這種情況下只會感到更多的孤立和孤軍戰鬥 。我在這個,都是,O,O,O,O,O,O,4
949,每個人的生活都是不一樣的，我們不可能每天都能夠和人們分享心事與感受，因為我們都需要一些孤獨的時刻。但是，在這種情況下，我們被孤立在孤立的世界中 。我們沒有任何人和我們分享我們的感受，無法讓我們得到幫助或支持。我們在這種情況下只會感到更多的孤立和孤軍戰鬥 。我在這個,不,O,O,O,O,O,O,5
949,每個人的生活都是不一樣的，我們不可能每天都能夠和人們分享心事與感受，因為我們都需要一些孤獨的時刻。但是，在這種情況下，我們被孤立在孤立的世界中 。我們沒有任何人和我們分享我們的感受，無法讓我們得到幫助或支持。我們在這種情況下只會感到更多的孤立和孤軍戰鬥 。我在這個,一樣,O,O,O,O,O,O,6
949,每個人的生活都是不一樣的，我們不可能每天都能夠和人們分享心事與感受，因為我們都需要一些孤獨的時刻。但是，在這種情況下，我們被孤立在孤立的世界中 。我們沒有任何人和我們分享我們的感受，無法讓我們得到幫助或支持。我們在這種情況下只會感到更多的孤立和孤軍戰鬥 。我在這個,的,O,O,O,O,O,O,7
949,每個人的生活都是不一樣的，我們不可能每天都能夠和人們分享心事與感受，因為我們都需要一些孤獨的時刻。但是，在這種情況下，我們被孤立在孤立的世界中 。我們沒有任何人和我們分享我們的感受，無法讓我們得到幫助或支持。我們在這種情況下只會感到更多的孤立和孤軍戰鬥 。我在這個,，,O,O,O,O,O,O,8
949,每個人的生活都是不一樣的，我們不可能每天都能夠和人們分享心事與感受，因為我們都需要一些孤獨的時刻。但是，在這種情況下，我們被孤立在孤立的世界中 。我們沒有任何人和我們分享我們的感受，無法讓我們得到幫助或支持。我們在這種情況下只會感到更多的孤立和孤軍戰鬥 。我在這個,我們,O,O,O,O,O,O,9
949,每個人的生活都是不一樣的，我們不可能每天都能夠和人們分享心事與感受，因為我們都需要一些孤獨的時刻。但是，在這種情況下，我們被孤立在孤立的世界中 。我們沒有任何人和我們分享我們的感受，無法讓我們得到幫助或支持。我們在這種情況下只會感到更多的孤立和孤軍戰鬥 。我在這個,不,O,O,O,O,O,O,10
949,每個人的生活都是不一樣的，我們不可能每天都能夠和人們分享心事與感受，因為我們都需要一些孤獨的時刻。但是，在這種情況下，我們被孤立在孤立的世界中 。我們沒有任何人和我們分享我們的感受，無法讓我們得到幫助或支持。我們在這種情況下只會感到更多的孤立和孤軍戰鬥 。我在這個,可能,O,O,O,O,O,O,11
949,每個人的生活都是不一樣的，我們不可能每天都能夠和人們分享心事與感受，因為我們都需要一些孤獨的時刻。但是，在這種情況下，我們被孤立在孤立的世界中 。我們沒有任何人和我們分享我們的感受，無法讓我們得到幫助或支持。我們在這種情況下只會感到更多的孤立和孤軍戰鬥 。我在這個,每天,O,O,O,O,O,O,12
949,每個人的生活都是不一樣的，我們不可能每天都能夠和人們分享心事與感受，因為我們都需要一些孤獨的時刻。但是，在這種情況下，我們被孤立在孤立的世界中 。我們沒有任何人和我們分享我們的感受，無法讓我們得到幫助或支持。我們在這種情況下只會感到更多的孤立和孤軍戰鬥 。我在這個,都,O,O,O,O,O,O,13
949,每個人的生活都是不一樣的，我們不可能每天都能夠和人們分享心事與感受，因為我們都需要一些孤獨的時刻。但是，在這種情況下，我們被孤立在孤立的世界中 。我們沒有任何人和我們分享我們的感受，無法讓我們得到幫助或支持。我們在這種情況下只會感到更多的孤立和孤軍戰鬥 。我在這個,能夠,O,O,O,O,O,O,14
949,每個人的生活都是不一樣的，我們不可能每天都能夠和人們分享心事與感受，因為我們都需要一些孤獨的時刻。但是，在這種情況下，我們被孤立在孤立的世界中 。我們沒有任何人和我們分享我們的感受，無法讓我們得到幫助或支持。我們在這種情況下只會感到更多的孤立和孤軍戰鬥 。我在這個,和,O,O,O,O,O,O,15
949,每個人的生活都是不一樣的，我們不可能每天都能夠和人們分享心事與感受，因為我們都需要一些孤獨的時刻。但是，在這種情況下，我們被孤立在孤立的世界中 。我們沒有任何人和我們分享我們的感受，無法讓我們得到幫助或支持。我們在這種情況下只會感到更多的孤立和孤軍戰鬥 。我在這個,人們,O,O,O,O,O,O,16
949,每個人的生活都是不一樣的，我們不可能每天都能夠和人們分享心事與感受，因為我們都需要一些孤獨的時刻。但是，在這種情況下，我們被孤立在孤立的世界中 。我們沒有任何人和我們分享我們的感受，無法讓我們得到幫助或支持。我們在這種情況下只會感到更多的孤立和孤軍戰鬥 。我在這個,分享,O,O,O,O,O,O,17
949,每個人的生活都是不一樣的，我們不可能每天都能夠和人們分享心事與感受，因為我們都需要一些孤獨的時刻。但是，在這種情況下，我們被孤立在孤立的世界中 。我們沒有任何人和我們分享我們的感受，無法讓我們得到幫助或支持。我們在這種情況下只會感到更多的孤立和孤軍戰鬥 。我在這個,心事,O,O,O,O,O,O,18
949,每個人的生活都是不一樣的，我們不可能每天都能夠和人們分享心事與感受，因為我們都需要一些孤獨的時刻。但是，在這種情況下，我們被孤立在孤立的世界中 。我們沒有任何人和我們分享我們的感受，無法讓我們得到幫助或支持。我們在這種情況下只會感到更多的孤立和孤軍戰鬥 。我在這個,與,O,O,O,O,O,O,19
949,每個人的生活都是不一樣的，我們不可能每天都能夠和人們分享心事與感受，因為我們都需要一些孤獨的時刻。但是，在這種情況下，我們被孤立在孤立的世界中 。我們沒有任何人和我們分享我們的感受，無法讓我們得到幫助或支持。我們在這種情況下只會感到更多的孤立和孤軍戰鬥 。我在這個,感受,O,O,O,O,O,O,20
949,每個人的生活都是不一樣的，我們不可能每天都能夠和人們分享心事與感受，因為我們都需要一些孤獨的時刻。但是，在這種情況下，我們被孤立在孤立的世界中 。我們沒有任何人和我們分享我們的感受，無法讓我們得到幫助或支持。我們在這種情況下只會感到更多的孤立和孤軍戰鬥 。我在這個,，,O,O,O,O,O,O,21
949,每個人的生活都是不一樣的，我們不可能每天都能夠和人們分享心事與感受，因為我們都需要一些孤獨的時刻。但是，在這種情況下，我們被孤立在孤立的世界中 。我們沒有任何人和我們分享我們的感受，無法讓我們得到幫助或支持。我們在這種情況下只會感到更多的孤立和孤軍戰鬥 。我在這個,因為,O,O,O,O,O,O,22
949,每個人的生活都是不一樣的，我們不可能每天都能夠和人們分享心事與感受，因為我們都需要一些孤獨的時刻。但是，在這種情況下，我們被孤立在孤立的世界中 。我們沒有任何人和我們分享我們的感受，無法讓我們得到幫助或支持。我們在這種情況下只會感到更多的孤立和孤軍戰鬥 。我在這個,我們,O,O,O,O,O,O,23
949,每個人的生活都是不一樣的，我們不可能每天都能夠和人們分享心事與感受，因為我們都需要一些孤獨的時刻。但是，在這種情況下，我們被孤立在孤立的世界中 。我們沒有任何人和我們分享我們的感受，無法讓我們得到幫助或支持。我們在這種情況下只會感到更多的孤立和孤軍戰鬥 。我在這個,都,O,O,O,O,O,O,24
949,每個人的生活都是不一樣的，我們不可能每天都能夠和人們分享心事與感受，因為我們都需要一些孤獨的時刻。但是，在這種情況下，我們被孤立在孤立的世界中 。我們沒有任何人和我們分享我們的感受，無法讓我們得到幫助或支持。我們在這種情況下只會感到更多的孤立和孤軍戰鬥 。我在這個,需要,O,O,O,O,O,O,25
949,每個人的生活都是不一樣的，我們不可能每天都能夠和人們分享心事與感受，因為我們都需要一些孤獨的時刻。但是，在這種情況下，我們被孤立在孤立的世界中 。我們沒有任何人和我們分享我們的感受，無法讓我們得到幫助或支持。我們在這種情況下只會感到更多的孤立和孤軍戰鬥 。我在這個,一些,O,O,O,O,O,O,26
949,每個人的生活都是不一樣的，我們不可能每天都能夠和人們分享心事與感受，因為我們都需要一些孤獨的時刻。但是，在這種情況下，我們被孤立在孤立的世界中 。我們沒有任何人和我們分享我們的感受，無法讓我們得到幫助或支持。我們在這種情況下只會感到更多的孤立和孤軍戰鬥 。我在這個,孤獨,S-D,O,S-D,S-D,O,S-D,27
949,每個人的生活都是不一樣的，我們不可能每天都能夠和人們分享心事與感受，因為我們都需要一些孤獨的時刻。但是，在這種情況下，我們被孤立在孤立的世界中 。我們沒有任何人和我們分享我們的感受，無法讓我們得到幫助或支持。我們在這種情況下只會感到更多的孤立和孤軍戰鬥 。我在這個,的,O,O,O,O,O,O,28
949,每個人的生活都是不一樣的，我們不可能每天都能夠和人們分享心事與感受，因為我們都需要一些孤獨的時刻。但是，在這種情況下，我們被孤立在孤立的世界中 。我們沒有任何人和我們分享我們的感受，無法讓我們得到幫助或支持。我們在這種情況下只會感到更多的孤立和孤軍戰鬥 。我在這個,時刻,O,O,O,O,O,O,29
949,每個人的生活都是不一樣的，我們不可能每天都能夠和人們分享心事與感受，因為我們都需要一些孤獨的時刻。但是，在這種情況下，我們被孤立在孤立的世界中 。我們沒有任何人和我們分享我們的感受，無法讓我們得到幫助或支持。我們在這種情況下只會感到更多的孤立和孤軍戰鬥 。我在這個,。,O,O,O,O,O,O,30
949,每個人的生活都是不一樣的，我們不可能每天都能夠和人們分享心事與感受，因為我們都需要一些孤獨的時刻。但是，在這種情況下，我們被孤立在孤立的世界中 。我們沒有任何人和我們分享我們的感受，無法讓我們得到幫助或支持。我們在這種情況下只會感到更多的孤立和孤軍戰鬥 。我在這個,但是,O,O,O,O,O,O,31
949,每個人的生活都是不一樣的，我們不可能每天都能夠和人們分享心事與感受，因為我們都需要一些孤獨的時刻。但是，在這種情況下，我們被孤立在孤立的世界中 。我們沒有任何人和我們分享我們的感受，無法讓我們得到幫助或支持。我們在這種情況下只會感到更多的孤立和孤軍戰鬥 。我在這個,，,O,O,O,O,O,O,32
949,每個人的生活都是不一樣的，我們不可能每天都能夠和人們分享心事與感受，因為我們都需要一些孤獨的時刻。但是，在這種情況下，我們被孤立在孤立的世界中 。我們沒有任何人和我們分享我們的感受，無法讓我們得到幫助或支持。我們在這種情況下只會感到更多的孤立和孤軍戰鬥 。我在這個,在,O,O,O,O,O,O,33
949,每個人的生活都是不一樣的，我們不可能每天都能夠和人們分享心事與感受，因為我們都需要一些孤獨的時刻。但是，在這種情況下，我們被孤立在孤立的世界中 。我們沒有任何人和我們分享我們的感受，無法讓我們得到幫助或支持。我們在這種情況下只會感到更多的孤立和孤軍戰鬥 。我在這個,這種,O,O,O,O,O,O,34
949,每個人的生活都是不一樣的，我們不可能每天都能夠和人們分享心事與感受，因為我們都需要一些孤獨的時刻。但是，在這種情況下，我們被孤立在孤立的世界中 。我們沒有任何人和我們分享我們的感受，無法讓我們得到幫助或支持。我們在這種情況下只會感到更多的孤立和孤軍戰鬥 。我在這個,情況,O,O,O,O,O,O,35
949,每個人的生活都是不一樣的，我們不可能每天都能夠和人們分享心事與感受，因為我們都需要一些孤獨的時刻。但是，在這種情況下，我們被孤立在孤立的世界中 。我們沒有任何人和我們分享我們的感受，無法讓我們得到幫助或支持。我們在這種情況下只會感到更多的孤立和孤軍戰鬥 。我在這個,下,O,O,O,O,O,O,36
949,每個人的生活都是不一樣的，我們不可能每天都能夠和人們分享心事與感受，因為我們都需要一些孤獨的時刻。但是，在這種情況下，我們被孤立在孤立的世界中 。我們沒有任何人和我們分享我們的感受，無法讓我們得到幫助或支持。我們在這種情況下只會感到更多的孤立和孤軍戰鬥 。我在這個,，,O,O,O,O,O,O,37
949,每個人的生活都是不一樣的，我們不可能每天都能夠和人們分享心事與感受，因為我們都需要一些孤獨的時刻。但是，在這種情況下，我們被孤立在孤立的世界中 。我們沒有任何人和我們分享我們的感受，無法讓我們得到幫助或支持。我們在這種情況下只會感到更多的孤立和孤軍戰鬥 。我在這個,我們,O,O,O,O,O,O,38
949,每個人的生活都是不一樣的，我們不可能每天都能夠和人們分享心事與感受，因為我們都需要一些孤獨的時刻。但是，在這種情況下，我們被孤立在孤立的世界中 。我們沒有任何人和我們分享我們的感受，無法讓我們得到幫助或支持。我們在這種情況下只會感到更多的孤立和孤軍戰鬥 。我在這個,被,O,O,O,O,O,O,39
949,每個人的生活都是不一樣的，我們不可能每天都能夠和人們分享心事與感受，因為我們都需要一些孤獨的時刻。但是，在這種情況下，我們被孤立在孤立的世界中 。我們沒有任何人和我們分享我們的感受，無法讓我們得到幫助或支持。我們在這種情況下只會感到更多的孤立和孤軍戰鬥 。我在這個,孤立,S-D,O,S-D,S-D,O,O,40
949,每個人的生活都是不一樣的，我們不可能每天都能夠和人們分享心事與感受，因為我們都需要一些孤獨的時刻。但是，在這種情況下，我們被孤立在孤立的世界中 。我們沒有任何人和我們分享我們的感受，無法讓我們得到幫助或支持。我們在這種情況下只會感到更多的孤立和孤軍戰鬥 。我在這個,在,O,O,O,O,O,O,41
949,每個人的生活都是不一樣的，我們不可能每天都能夠和人們分享心事與感受，因為我們都需要一些孤獨的時刻。但是，在這種情況下，我們被孤立在孤立的世界中 。我們沒有任何人和我們分享我們的感受，無法讓我們得到幫助或支持。我們在這種情況下只會感到更多的孤立和孤軍戰鬥 。我在這個,孤立,S-D,O,S-D,S-D,O,O,42
949,每個人的生活都是不一樣的，我們不可能每天都能夠和人們分享心事與感受，因為我們都需要一些孤獨的時刻。但是，在這種情況下，我們被孤立在孤立的世界中 。我們沒有任何人和我們分享我們的感受，無法讓我們得到幫助或支持。我們在這種情況下只會感到更多的孤立和孤軍戰鬥 。我在這個,的,O,O,O,O,O,O,43
949,每個人的生活都是不一樣的，我們不可能每天都能夠和人們分享心事與感受，因為我們都需要一些孤獨的時刻。但是，在這種情況下，我們被孤立在孤立的世界中 。我們沒有任何人和我們分享我們的感受，無法讓我們得到幫助或支持。我們在這種情況下只會感到更多的孤立和孤軍戰鬥 。我在這個,世界,O,O,O,O,O,O,44
949,每個人的生活都是不一樣的，我們不可能每天都能夠和人們分享心事與感受，因為我們都需要一些孤獨的時刻。但是，在這種情況下，我們被孤立在孤立的世界中 。我們沒有任何人和我們分享我們的感受，無法讓我們得到幫助或支持。我們在這種情況下只會感到更多的孤立和孤軍戰鬥 。我在這個,中,O,O,O,O,O,O,45
949,每個人的生活都是不一樣的，我們不可能每天都能夠和人們分享心事與感受，因為我們都需要一些孤獨的時刻。但是，在這種情況下，我們被孤立在孤立的世界中 。我們沒有任何人和我們分享我們的感受，無法讓我們得到幫助或支持。我們在這種情況下只會感到更多的孤立和孤軍戰鬥 。我在這個,。,O,O,O,O,O,O,46
949,每個人的生活都是不一樣的，我們不可能每天都能夠和人們分享心事與感受，因為我們都需要一些孤獨的時刻。但是，在這種情況下，我們被孤立在孤立的世界中 。我們沒有任何人和我們分享我們的感受，無法讓我們得到幫助或支持。我們在這種情況下只會感到更多的孤立和孤軍戰鬥 。我在這個,我們,O,O,O,O,O,O,47
949,每個人的生活都是不一樣的，我們不可能每天都能夠和人們分享心事與感受，因為我們都需要一些孤獨的時刻。但是，在這種情況下，我們被孤立在孤立的世界中 。我們沒有任何人和我們分享我們的感受，無法讓我們得到幫助或支持。我們在這種情況下只會感到更多的孤立和孤軍戰鬥 。我在這個,沒有,O,O,O,O,O,O,48
949,每個人的生活都是不一樣的，我們不可能每天都能夠和人們分享心事與感受，因為我們都需要一些孤獨的時刻。但是，在這種情況下，我們被孤立在孤立的世界中 。我們沒有任何人和我們分享我們的感受，無法讓我們得到幫助或支持。我們在這種情況下只會感到更多的孤立和孤軍戰鬥 。我在這個,任何,O,O,O,O,O,O,49
949,每個人的生活都是不一樣的，我們不可能每天都能夠和人們分享心事與感受，因為我們都需要一些孤獨的時刻。但是，在這種情況下，我們被孤立在孤立的世界中 。我們沒有任何人和我們分享我們的感受，無法讓我們得到幫助或支持。我們在這種情況下只會感到更多的孤立和孤軍戰鬥 。我在這個,人,O,O,O,O,O,O,50
949,每個人的生活都是不一樣的，我們不可能每天都能夠和人們分享心事與感受，因為我們都需要一些孤獨的時刻。但是，在這種情況下，我們被孤立在孤立的世界中 。我們沒有任何人和我們分享我們的感受，無法讓我們得到幫助或支持。我們在這種情況下只會感到更多的孤立和孤軍戰鬥 。我在這個,和,O,O,O,O,O,O,51
949,每個人的生活都是不一樣的，我們不可能每天都能夠和人們分享心事與感受，因為我們都需要一些孤獨的時刻。但是，在這種情況下，我們被孤立在孤立的世界中 。我們沒有任何人和我們分享我們的感受，無法讓我們得到幫助或支持。我們在這種情況下只會感到更多的孤立和孤軍戰鬥 。我在這個,我們,O,O,O,O,O,O,52
949,每個人的生活都是不一樣的，我們不可能每天都能夠和人們分享心事與感受，因為我們都需要一些孤獨的時刻。但是，在這種情況下，我們被孤立在孤立的世界中 。我們沒有任何人和我們分享我們的感受，無法讓我們得到幫助或支持。我們在這種情況下只會感到更多的孤立和孤軍戰鬥 。我在這個,分享,O,O,O,O,O,O,53
949,每個人的生活都是不一樣的，我們不可能每天都能夠和人們分享心事與感受，因為我們都需要一些孤獨的時刻。但是，在這種情況下，我們被孤立在孤立的世界中 。我們沒有任何人和我們分享我們的感受，無法讓我們得到幫助或支持。我們在這種情況下只會感到更多的孤立和孤軍戰鬥 。我在這個,我們,O,O,O,O,O,O,54
949,每個人的生活都是不一樣的，我們不可能每天都能夠和人們分享心事與感受，因為我們都需要一些孤獨的時刻。但是，在這種情況下，我們被孤立在孤立的世界中 。我們沒有任何人和我們分享我們的感受，無法讓我們得到幫助或支持。我們在這種情況下只會感到更多的孤立和孤軍戰鬥 。我在這個,的,O,O,O,O,O,O,55
949,每個人的生活都是不一樣的，我們不可能每天都能夠和人們分享心事與感受，因為我們都需要一些孤獨的時刻。但是，在這種情況下，我們被孤立在孤立的世界中 。我們沒有任何人和我們分享我們的感受，無法讓我們得到幫助或支持。我們在這種情況下只會感到更多的孤立和孤軍戰鬥 。我在這個,感受,O,O,O,O,O,O,56
949,每個人的生活都是不一樣的，我們不可能每天都能夠和人們分享心事與感受，因為我們都需要一些孤獨的時刻。但是，在這種情況下，我們被孤立在孤立的世界中 。我們沒有任何人和我們分享我們的感受，無法讓我們得到幫助或支持。我們在這種情況下只會感到更多的孤立和孤軍戰鬥 。我在這個,，,O,O,O,O,O,O,57
949,每個人的生活都是不一樣的，我們不可能每天都能夠和人們分享心事與感受，因為我們都需要一些孤獨的時刻。但是，在這種情況下，我們被孤立在孤立的世界中 。我們沒有任何人和我們分享我們的感受，無法讓我們得到幫助或支持。我們在這種情況下只會感到更多的孤立和孤軍戰鬥 。我在這個,無法,O,O,O,O,O,O,58
949,每個人的生活都是不一樣的，我們不可能每天都能夠和人們分享心事與感受，因為我們都需要一些孤獨的時刻。但是，在這種情況下，我們被孤立在孤立的世界中 。我們沒有任何人和我們分享我們的感受，無法讓我們得到幫助或支持。我們在這種情況下只會感到更多的孤立和孤軍戰鬥 。我在這個,讓,O,O,O,O,O,O,59
949,每個人的生活都是不一樣的，我們不可能每天都能夠和人們分享心事與感受，因為我們都需要一些孤獨的時刻。但是，在這種情況下，我們被孤立在孤立的世界中 。我們沒有任何人和我們分享我們的感受，無法讓我們得到幫助或支持。我們在這種情況下只會感到更多的孤立和孤軍戰鬥 。我在這個,我們,O,O,O,O,O,O,60
949,每個人的生活都是不一樣的，我們不可能每天都能夠和人們分享心事與感受，因為我們都需要一些孤獨的時刻。但是，在這種情況下，我們被孤立在孤立的世界中 。我們沒有任何人和我們分享我們的感受，無法讓我們得到幫助或支持。我們在這種情況下只會感到更多的孤立和孤軍戰鬥 。我在這個,得到,O,O,O,O,O,O,61
949,每個人的生活都是不一樣的，我們不可能每天都能夠和人們分享心事與感受，因為我們都需要一些孤獨的時刻。但是，在這種情況下，我們被孤立在孤立的世界中 。我們沒有任何人和我們分享我們的感受，無法讓我們得到幫助或支持。我們在這種情況下只會感到更多的孤立和孤軍戰鬥 。我在這個,幫助,O,O,O,O,O,O,62
949,每個人的生活都是不一樣的，我們不可能每天都能夠和人們分享心事與感受，因為我們都需要一些孤獨的時刻。但是，在這種情況下，我們被孤立在孤立的世界中 。我們沒有任何人和我們分享我們的感受，無法讓我們得到幫助或支持。我們在這種情況下只會感到更多的孤立和孤軍戰鬥 。我在這個,或,O,O,O,O,O,O,63
949,每個人的生活都是不一樣的，我們不可能每天都能夠和人們分享心事與感受，因為我們都需要一些孤獨的時刻。但是，在這種情況下，我們被孤立在孤立的世界中 。我們沒有任何人和我們分享我們的感受，無法讓我們得到幫助或支持。我們在這種情況下只會感到更多的孤立和孤軍戰鬥 。我在這個,支持,O,O,O,O,O,O,64
949,每個人的生活都是不一樣的，我們不可能每天都能夠和人們分享心事與感受，因為我們都需要一些孤獨的時刻。但是，在這種情況下，我們被孤立在孤立的世界中 。我們沒有任何人和我們分享我們的感受，無法讓我們得到幫助或支持。我們在這種情況下只會感到更多的孤立和孤軍戰鬥 。我在這個,。,O,O,O,O,O,O,65
949,每個人的生活都是不一樣的，我們不可能每天都能夠和人們分享心事與感受，因為我們都需要一些孤獨的時刻。但是，在這種情況下，我們被孤立在孤立的世界中 。我們沒有任何人和我們分享我們的感受，無法讓我們得到幫助或支持。我們在這種情況下只會感到更多的孤立和孤軍戰鬥 。我在這個,我們,O,O,O,O,O,O,66
949,每個人的生活都是不一樣的，我們不可能每天都能夠和人們分享心事與感受，因為我們都需要一些孤獨的時刻。但是，在這種情況下，我們被孤立在孤立的世界中 。我們沒有任何人和我們分享我們的感受，無法讓我們得到幫助或支持。我們在這種情況下只會感到更多的孤立和孤軍戰鬥 。我在這個,在,O,O,O,O,O,O,67
949,每個人的生活都是不一樣的，我們不可能每天都能夠和人們分享心事與感受，因為我們都需要一些孤獨的時刻。但是，在這種情況下，我們被孤立在孤立的世界中 。我們沒有任何人和我們分享我們的感受，無法讓我們得到幫助或支持。我們在這種情況下只會感到更多的孤立和孤軍戰鬥 。我在這個,這種,O,O,O,O,O,O,68
949,每個人的生活都是不一樣的，我們不可能每天都能夠和人們分享心事與感受，因為我們都需要一些孤獨的時刻。但是，在這種情況下，我們被孤立在孤立的世界中 。我們沒有任何人和我們分享我們的感受，無法讓我們得到幫助或支持。我們在這種情況下只會感到更多的孤立和孤軍戰鬥 。我在這個,情況,O,O,O,O,O,O,69
949,每個人的生活都是不一樣的，我們不可能每天都能夠和人們分享心事與感受，因為我們都需要一些孤獨的時刻。但是，在這種情況下，我們被孤立在孤立的世界中 。我們沒有任何人和我們分享我們的感受，無法讓我們得到幫助或支持。我們在這種情況下只會感到更多的孤立和孤軍戰鬥 。我在這個,下,O,O,O,O,O,O,70
949,每個人的生活都是不一樣的，我們不可能每天都能夠和人們分享心事與感受，因為我們都需要一些孤獨的時刻。但是，在這種情況下，我們被孤立在孤立的世界中 。我們沒有任何人和我們分享我們的感受，無法讓我們得到幫助或支持。我們在這種情況下只會感到更多的孤立和孤軍戰鬥 。我在這個,只,O,O,O,O,O,O,71
949,每個人的生活都是不一樣的，我們不可能每天都能夠和人們分享心事與感受，因為我們都需要一些孤獨的時刻。但是，在這種情況下，我們被孤立在孤立的世界中 。我們沒有任何人和我們分享我們的感受，無法讓我們得到幫助或支持。我們在這種情況下只會感到更多的孤立和孤軍戰鬥 。我在這個,會,O,O,O,O,O,O,72
949,每個人的生活都是不一樣的，我們不可能每天都能夠和人們分享心事與感受，因為我們都需要一些孤獨的時刻。但是，在這種情況下，我們被孤立在孤立的世界中 。我們沒有任何人和我們分享我們的感受，無法讓我們得到幫助或支持。我們在這種情況下只會感到更多的孤立和孤軍戰鬥 。我在這個,感到,O,O,O,O,O,O,73
949,每個人的生活都是不一樣的，我們不可能每天都能夠和人們分享心事與感受，因為我們都需要一些孤獨的時刻。但是，在這種情況下，我們被孤立在孤立的世界中 。我們沒有任何人和我們分享我們的感受，無法讓我們得到幫助或支持。我們在這種情況下只會感到更多的孤立和孤軍戰鬥 。我在這個,更多,O,O,O,O,O,O,74
949,每個人的生活都是不一樣的，我們不可能每天都能夠和人們分享心事與感受，因為我們都需要一些孤獨的時刻。但是，在這種情況下，我們被孤立在孤立的世界中 。我們沒有任何人和我們分享我們的感受，無法讓我們得到幫助或支持。我們在這種情況下只會感到更多的孤立和孤軍戰鬥 。我在這個,的,O,O,O,O,O,O,75
949,每個人的生活都是不一樣的，我們不可能每天都能夠和人們分享心事與感受，因為我們都需要一些孤獨的時刻。但是，在這種情況下，我們被孤立在孤立的世界中 。我們沒有任何人和我們分享我們的感受，無法讓我們得到幫助或支持。我們在這種情況下只會感到更多的孤立和孤軍戰鬥 。我在這個,孤立,S-D,O,S-D,S-D,O,S-D,76
949,每個人的生活都是不一樣的，我們不可能每天都能夠和人們分享心事與感受，因為我們都需要一些孤獨的時刻。但是，在這種情況下，我們被孤立在孤立的世界中 。我們沒有任何人和我們分享我們的感受，無法讓我們得到幫助或支持。我們在這種情況下只會感到更多的孤立和孤軍戰鬥 。我在這個,和,O,O,O,O,O,O,77
949,每個人的生活都是不一樣的，我們不可能每天都能夠和人們分享心事與感受，因為我們都需要一些孤獨的時刻。但是，在這種情況下，我們被孤立在孤立的世界中 。我們沒有任何人和我們分享我們的感受，無法讓我們得到幫助或支持。我們在這種情況下只會感到更多的孤立和孤軍戰鬥 。我在這個,孤軍戰鬥,S-D,S-D,S-D,S-D,O,S-D,78
949,每個人的生活都是不一樣的，我們不可能每天都能夠和人們分享心事與感受，因為我們都需要一些孤獨的時刻。但是，在這種情況下，我們被孤立在孤立的世界中 。我們沒有任何人和我們分享我們的感受，無法讓我們得到幫助或支持。我們在這種情況下只會感到更多的孤立和孤軍戰鬥 。我在這個,。,O,O,O,O,O,O,79
949,每個人的生活都是不一樣的，我們不可能每天都能夠和人們分享心事與感受，因為我們都需要一些孤獨的時刻。但是，在這種情況下，我們被孤立在孤立的世界中 。我們沒有任何人和我們分享我們的感受，無法讓我們得到幫助或支持。我們在這種情況下只會感到更多的孤立和孤軍戰鬥 。我在這個,我,O,O,O,O,O,O,80
949,每個人的生活都是不一樣的，我們不可能每天都能夠和人們分享心事與感受，因為我們都需要一些孤獨的時刻。但是，在這種情況下，我們被孤立在孤立的世界中 。我們沒有任何人和我們分享我們的感受，無法讓我們得到幫助或支持。我們在這種情況下只會感到更多的孤立和孤軍戰鬥 。我在這個,在,O,O,O,O,O,O,81
949,每個人的生活都是不一樣的，我們不可能每天都能夠和人們分享心事與感受，因為我們都需要一些孤獨的時刻。但是，在這種情況下，我們被孤立在孤立的世界中 。我們沒有任何人和我們分享我們的感受，無法讓我們得到幫助或支持。我們在這種情況下只會感到更多的孤立和孤軍戰鬥 。我在這個,這個,O,O,O,O,O,O,82
950,在夜晚的黑暗中，我又一次與憂鬱的相遇。這種感受像是什麼？像是被漸漸失去的光芒。 我對未來的前景產生了很多疑問。 我不再信任自己的決定。 我的理想的世界像是什麼？,在,O,O,O,O,O,O,1
950,在夜晚的黑暗中，我又一次與憂鬱的相遇。這種感受像是什麼？像是被漸漸失去的光芒。 我對未來的前景產生了很多疑問。 我不再信任自己的決定。 我的理想的世界像是什麼？,夜晚,O,O,O,O,O,O,2
950,在夜晚的黑暗中，我又一次與憂鬱的相遇。這種感受像是什麼？像是被漸漸失去的光芒。 我對未來的前景產生了很多疑問。 我不再信任自己的決定。 我的理想的世界像是什麼？,的,O,O,O,O,O,O,3
950,在夜晚的黑暗中，我又一次與憂鬱的相遇。這種感受像是什麼？像是被漸漸失去的光芒。 我對未來的前景產生了很多疑問。 我不再信任自己的決定。 我的理想的世界像是什麼？,黑暗,S-D,S-D,S-D,S-D,S-D,S-D,4
950,在夜晚的黑暗中，我又一次與憂鬱的相遇。這種感受像是什麼？像是被漸漸失去的光芒。 我對未來的前景產生了很多疑問。 我不再信任自己的決定。 我的理想的世界像是什麼？,中,O,O,O,O,O,O,5
950,在夜晚的黑暗中，我又一次與憂鬱的相遇。這種感受像是什麼？像是被漸漸失去的光芒。 我對未來的前景產生了很多疑問。 我不再信任自己的決定。 我的理想的世界像是什麼？,，,O,O,O,O,O,O,6
950,在夜晚的黑暗中，我又一次與憂鬱的相遇。這種感受像是什麼？像是被漸漸失去的光芒。 我對未來的前景產生了很多疑問。 我不再信任自己的決定。 我的理想的世界像是什麼？,我,O,O,O,O,O,O,7
950,在夜晚的黑暗中，我又一次與憂鬱的相遇。這種感受像是什麼？像是被漸漸失去的光芒。 我對未來的前景產生了很多疑問。 我不再信任自己的決定。 我的理想的世界像是什麼？,又,O,O,O,O,O,O,8
950,在夜晚的黑暗中，我又一次與憂鬱的相遇。這種感受像是什麼？像是被漸漸失去的光芒。 我對未來的前景產生了很多疑問。 我不再信任自己的決定。 我的理想的世界像是什麼？,一次,O,O,O,O,O,O,9
950,在夜晚的黑暗中，我又一次與憂鬱的相遇。這種感受像是什麼？像是被漸漸失去的光芒。 我對未來的前景產生了很多疑問。 我不再信任自己的決定。 我的理想的世界像是什麼？,與,O,O,O,O,O,O,10
950,在夜晚的黑暗中，我又一次與憂鬱的相遇。這種感受像是什麼？像是被漸漸失去的光芒。 我對未來的前景產生了很多疑問。 我不再信任自己的決定。 我的理想的世界像是什麼？,憂鬱,S-D,S-D,S-D,S-D,S-D,S-D,11
950,在夜晚的黑暗中，我又一次與憂鬱的相遇。這種感受像是什麼？像是被漸漸失去的光芒。 我對未來的前景產生了很多疑問。 我不再信任自己的決定。 我的理想的世界像是什麼？,的,O,O,O,O,O,O,12
950,在夜晚的黑暗中，我又一次與憂鬱的相遇。這種感受像是什麼？像是被漸漸失去的光芒。 我對未來的前景產生了很多疑問。 我不再信任自己的決定。 我的理想的世界像是什麼？,相遇,O,O,O,O,O,O,13
950,在夜晚的黑暗中，我又一次與憂鬱的相遇。這種感受像是什麼？像是被漸漸失去的光芒。 我對未來的前景產生了很多疑問。 我不再信任自己的決定。 我的理想的世界像是什麼？,。,O,O,O,O,O,O,14
950,在夜晚的黑暗中，我又一次與憂鬱的相遇。這種感受像是什麼？像是被漸漸失去的光芒。 我對未來的前景產生了很多疑問。 我不再信任自己的決定。 我的理想的世界像是什麼？,這種,O,O,O,O,O,O,15
950,在夜晚的黑暗中，我又一次與憂鬱的相遇。這種感受像是什麼？像是被漸漸失去的光芒。 我對未來的前景產生了很多疑問。 我不再信任自己的決定。 我的理想的世界像是什麼？,感受,O,O,O,O,O,O,16
950,在夜晚的黑暗中，我又一次與憂鬱的相遇。這種感受像是什麼？像是被漸漸失去的光芒。 我對未來的前景產生了很多疑問。 我不再信任自己的決定。 我的理想的世界像是什麼？,像是,O,O,O,O,O,O,17
950,在夜晚的黑暗中，我又一次與憂鬱的相遇。這種感受像是什麼？像是被漸漸失去的光芒。 我對未來的前景產生了很多疑問。 我不再信任自己的決定。 我的理想的世界像是什麼？,什麼,O,O,O,O,O,O,18
950,在夜晚的黑暗中，我又一次與憂鬱的相遇。這種感受像是什麼？像是被漸漸失去的光芒。 我對未來的前景產生了很多疑問。 我不再信任自己的決定。 我的理想的世界像是什麼？,？,O,O,O,O,O,O,19
950,在夜晚的黑暗中，我又一次與憂鬱的相遇。這種感受像是什麼？像是被漸漸失去的光芒。 我對未來的前景產生了很多疑問。 我不再信任自己的決定。 我的理想的世界像是什麼？,像是,O,O,O,O,O,O,20
950,在夜晚的黑暗中，我又一次與憂鬱的相遇。這種感受像是什麼？像是被漸漸失去的光芒。 我對未來的前景產生了很多疑問。 我不再信任自己的決定。 我的理想的世界像是什麼？,被,O,O,O,O,O,O,21
950,在夜晚的黑暗中，我又一次與憂鬱的相遇。這種感受像是什麼？像是被漸漸失去的光芒。 我對未來的前景產生了很多疑問。 我不再信任自己的決定。 我的理想的世界像是什麼？,漸漸,O,O,O,O,O,O,22
950,在夜晚的黑暗中，我又一次與憂鬱的相遇。這種感受像是什麼？像是被漸漸失去的光芒。 我對未來的前景產生了很多疑問。 我不再信任自己的決定。 我的理想的世界像是什麼？,失去,O,B-D,B-D,O,O,B-D,23
950,在夜晚的黑暗中，我又一次與憂鬱的相遇。這種感受像是什麼？像是被漸漸失去的光芒。 我對未來的前景產生了很多疑問。 我不再信任自己的決定。 我的理想的世界像是什麼？,的,O,M-D,M-D,O,O,M-D,24
950,在夜晚的黑暗中，我又一次與憂鬱的相遇。這種感受像是什麼？像是被漸漸失去的光芒。 我對未來的前景產生了很多疑問。 我不再信任自己的決定。 我的理想的世界像是什麼？,光芒,O,E-D,E-D,S-D,S-D,E-D,25
950,在夜晚的黑暗中，我又一次與憂鬱的相遇。這種感受像是什麼？像是被漸漸失去的光芒。 我對未來的前景產生了很多疑問。 我不再信任自己的決定。 我的理想的世界像是什麼？,。,O,O,O,O,O,O,26
950,在夜晚的黑暗中，我又一次與憂鬱的相遇。這種感受像是什麼？像是被漸漸失去的光芒。 我對未來的前景產生了很多疑問。 我不再信任自己的決定。 我的理想的世界像是什麼？,我,O,O,O,O,O,O,27
950,在夜晚的黑暗中，我又一次與憂鬱的相遇。這種感受像是什麼？像是被漸漸失去的光芒。 我對未來的前景產生了很多疑問。 我不再信任自己的決定。 我的理想的世界像是什麼？,對,O,O,O,O,O,O,28
950,在夜晚的黑暗中，我又一次與憂鬱的相遇。這種感受像是什麼？像是被漸漸失去的光芒。 我對未來的前景產生了很多疑問。 我不再信任自己的決定。 我的理想的世界像是什麼？,未來,O,O,O,O,O,O,29
950,在夜晚的黑暗中，我又一次與憂鬱的相遇。這種感受像是什麼？像是被漸漸失去的光芒。 我對未來的前景產生了很多疑問。 我不再信任自己的決定。 我的理想的世界像是什麼？,的,O,O,O,O,O,O,30
950,在夜晚的黑暗中，我又一次與憂鬱的相遇。這種感受像是什麼？像是被漸漸失去的光芒。 我對未來的前景產生了很多疑問。 我不再信任自己的決定。 我的理想的世界像是什麼？,前景,O,O,O,O,O,O,31
950,在夜晚的黑暗中，我又一次與憂鬱的相遇。這種感受像是什麼？像是被漸漸失去的光芒。 我對未來的前景產生了很多疑問。 我不再信任自己的決定。 我的理想的世界像是什麼？,產生,O,O,O,O,O,O,32
950,在夜晚的黑暗中，我又一次與憂鬱的相遇。這種感受像是什麼？像是被漸漸失去的光芒。 我對未來的前景產生了很多疑問。 我不再信任自己的決定。 我的理想的世界像是什麼？,了,O,O,O,O,O,O,33
950,在夜晚的黑暗中，我又一次與憂鬱的相遇。這種感受像是什麼？像是被漸漸失去的光芒。 我對未來的前景產生了很多疑問。 我不再信任自己的決定。 我的理想的世界像是什麼？,很多,O,O,O,O,O,O,34
950,在夜晚的黑暗中，我又一次與憂鬱的相遇。這種感受像是什麼？像是被漸漸失去的光芒。 我對未來的前景產生了很多疑問。 我不再信任自己的決定。 我的理想的世界像是什麼？,疑問,O,O,O,O,O,O,35
950,在夜晚的黑暗中，我又一次與憂鬱的相遇。這種感受像是什麼？像是被漸漸失去的光芒。 我對未來的前景產生了很多疑問。 我不再信任自己的決定。 我的理想的世界像是什麼？,。,O,O,O,O,O,O,36
950,在夜晚的黑暗中，我又一次與憂鬱的相遇。這種感受像是什麼？像是被漸漸失去的光芒。 我對未來的前景產生了很多疑問。 我不再信任自己的決定。 我的理想的世界像是什麼？,我,O,O,O,O,O,O,37
950,在夜晚的黑暗中，我又一次與憂鬱的相遇。這種感受像是什麼？像是被漸漸失去的光芒。 我對未來的前景產生了很多疑問。 我不再信任自己的決定。 我的理想的世界像是什麼？,不,O,O,O,O,O,O,38
950,在夜晚的黑暗中，我又一次與憂鬱的相遇。這種感受像是什麼？像是被漸漸失去的光芒。 我對未來的前景產生了很多疑問。 我不再信任自己的決定。 我的理想的世界像是什麼？,再,O,O,O,O,O,O,39
950,在夜晚的黑暗中，我又一次與憂鬱的相遇。這種感受像是什麼？像是被漸漸失去的光芒。 我對未來的前景產生了很多疑問。 我不再信任自己的決定。 我的理想的世界像是什麼？,信任,O,O,O,O,O,O,40
950,在夜晚的黑暗中，我又一次與憂鬱的相遇。這種感受像是什麼？像是被漸漸失去的光芒。 我對未來的前景產生了很多疑問。 我不再信任自己的決定。 我的理想的世界像是什麼？,自己,O,O,O,O,O,O,41
950,在夜晚的黑暗中，我又一次與憂鬱的相遇。這種感受像是什麼？像是被漸漸失去的光芒。 我對未來的前景產生了很多疑問。 我不再信任自己的決定。 我的理想的世界像是什麼？,的,O,O,O,O,O,O,42
950,在夜晚的黑暗中，我又一次與憂鬱的相遇。這種感受像是什麼？像是被漸漸失去的光芒。 我對未來的前景產生了很多疑問。 我不再信任自己的決定。 我的理想的世界像是什麼？,決定,O,O,O,O,O,O,43
950,在夜晚的黑暗中，我又一次與憂鬱的相遇。這種感受像是什麼？像是被漸漸失去的光芒。 我對未來的前景產生了很多疑問。 我不再信任自己的決定。 我的理想的世界像是什麼？,。,O,O,O,O,O,O,44
950,在夜晚的黑暗中，我又一次與憂鬱的相遇。這種感受像是什麼？像是被漸漸失去的光芒。 我對未來的前景產生了很多疑問。 我不再信任自己的決定。 我的理想的世界像是什麼？,我的,O,O,O,O,O,O,45
950,在夜晚的黑暗中，我又一次與憂鬱的相遇。這種感受像是什麼？像是被漸漸失去的光芒。 我對未來的前景產生了很多疑問。 我不再信任自己的決定。 我的理想的世界像是什麼？,理想,O,O,O,O,O,O,46
950,在夜晚的黑暗中，我又一次與憂鬱的相遇。這種感受像是什麼？像是被漸漸失去的光芒。 我對未來的前景產生了很多疑問。 我不再信任自己的決定。 我的理想的世界像是什麼？,的,O,O,O,O,O,O,47
950,在夜晚的黑暗中，我又一次與憂鬱的相遇。這種感受像是什麼？像是被漸漸失去的光芒。 我對未來的前景產生了很多疑問。 我不再信任自己的決定。 我的理想的世界像是什麼？,世界,O,O,O,O,O,O,48
950,在夜晚的黑暗中，我又一次與憂鬱的相遇。這種感受像是什麼？像是被漸漸失去的光芒。 我對未來的前景產生了很多疑問。 我不再信任自己的決定。 我的理想的世界像是什麼？,像是,O,O,O,O,O,O,49
950,在夜晚的黑暗中，我又一次與憂鬱的相遇。這種感受像是什麼？像是被漸漸失去的光芒。 我對未來的前景產生了很多疑問。 我不再信任自己的決定。 我的理想的世界像是什麼？,什麼,O,O,O,O,O,O,50
950,在夜晚的黑暗中，我又一次與憂鬱的相遇。這種感受像是什麼？像是被漸漸失去的光芒。 我對未來的前景產生了很多疑問。 我不再信任自己的決定。 我的理想的世界像是什麼？,？,O,O,O,O,O,O,51
951,這樣的生活已經讓我疲憊不堪 我不想活了；我想結束一切,這樣的,O,O,O,O,O,O,1
951,這樣的生活已經讓我疲憊不堪 我不想活了；我想結束一切,生活,O,O,O,O,O,O,2
951,這樣的生活已經讓我疲憊不堪 我不想活了；我想結束一切,已經,O,O,O,O,O,O,3
951,這樣的生活已經讓我疲憊不堪 我不想活了；我想結束一切,讓,O,O,O,O,O,O,4
951,這樣的生活已經讓我疲憊不堪 我不想活了；我想結束一切,我,O,O,O,O,O,O,5
951,這樣的生活已經讓我疲憊不堪 我不想活了；我想結束一切,疲憊不堪,S-D,S-D,S-D,S-D,S-W,S-D,6
951,這樣的生活已經讓我疲憊不堪 我不想活了；我想結束一切,我,O,O,O,S-D,S-W,S-D,7
951,這樣的生活已經讓我疲憊不堪 我不想活了；我想結束一切,不,B-U,O,O,O,O,O,8
951,這樣的生活已經讓我疲憊不堪 我不想活了；我想結束一切,想,M-U,O,O,O,O,O,9
951,這樣的生活已經讓我疲憊不堪 我不想活了；我想結束一切,活了,E-U,S-U,S-U,O,O,O,10
951,這樣的生活已經讓我疲憊不堪 我不想活了；我想結束一切,；,O,O,O,S-U,S-U,S-U,11
951,這樣的生活已經讓我疲憊不堪 我不想活了；我想結束一切,我,O,O,O,O,O,O,12
951,這樣的生活已經讓我疲憊不堪 我不想活了；我想結束一切,想,O,O,O,O,O,O,13
951,這樣的生活已經讓我疲憊不堪 我不想活了；我想結束一切,結束,B-U,O,O,O,O,O,14
951,這樣的生活已經讓我疲憊不堪 我不想活了；我想結束一切,一切,E-U,S-U,S-U,O,O,O,15
952,我想了很久，明天起，我將不再去上學，不再去上班。我的生活就此結束，無論什麼都無所謂。我不想再看到其他人的微笑，我不想再聽到其他人的笑嘲。我不想再感到壓力，無論什麼都可以。我只想消失。,我,O,O,O,O,O,O,1
952,我想了很久，明天起，我將不再去上學，不再去上班。我的生活就此結束，無論什麼都無所謂。我不想再看到其他人的微笑，我不想再聽到其他人的笑嘲。我不想再感到壓力，無論什麼都可以。我只想消失。,想了,O,O,O,O,O,O,2
952,我想了很久，明天起，我將不再去上學，不再去上班。我的生活就此結束，無論什麼都無所謂。我不想再看到其他人的微笑，我不想再聽到其他人的笑嘲。我不想再感到壓力，無論什麼都可以。我只想消失。,很,O,O,O,O,O,O,3
952,我想了很久，明天起，我將不再去上學，不再去上班。我的生活就此結束，無論什麼都無所謂。我不想再看到其他人的微笑，我不想再聽到其他人的笑嘲。我不想再感到壓力，無論什麼都可以。我只想消失。,久,O,O,O,O,O,O,4
952,我想了很久，明天起，我將不再去上學，不再去上班。我的生活就此結束，無論什麼都無所謂。我不想再看到其他人的微笑，我不想再聽到其他人的笑嘲。我不想再感到壓力，無論什麼都可以。我只想消失。,，,O,O,O,O,O,O,5
952,我想了很久，明天起，我將不再去上學，不再去上班。我的生活就此結束，無論什麼都無所謂。我不想再看到其他人的微笑，我不想再聽到其他人的笑嘲。我不想再感到壓力，無論什麼都可以。我只想消失。,明天,O,O,O,O,O,O,6
952,我想了很久，明天起，我將不再去上學，不再去上班。我的生活就此結束，無論什麼都無所謂。我不想再看到其他人的微笑，我不想再聽到其他人的笑嘲。我不想再感到壓力，無論什麼都可以。我只想消失。,起,O,O,O,O,O,O,7
952,我想了很久，明天起，我將不再去上學，不再去上班。我的生活就此結束，無論什麼都無所謂。我不想再看到其他人的微笑，我不想再聽到其他人的笑嘲。我不想再感到壓力，無論什麼都可以。我只想消失。,，,O,O,O,O,O,O,8
952,我想了很久，明天起，我將不再去上學，不再去上班。我的生活就此結束，無論什麼都無所謂。我不想再看到其他人的微笑，我不想再聽到其他人的笑嘲。我不想再感到壓力，無論什麼都可以。我只想消失。,我,O,O,O,O,O,O,9
952,我想了很久，明天起，我將不再去上學，不再去上班。我的生活就此結束，無論什麼都無所謂。我不想再看到其他人的微笑，我不想再聽到其他人的笑嘲。我不想再感到壓力，無論什麼都可以。我只想消失。,將,O,O,O,O,O,O,10
952,我想了很久，明天起，我將不再去上學，不再去上班。我的生活就此結束，無論什麼都無所謂。我不想再看到其他人的微笑，我不想再聽到其他人的笑嘲。我不想再感到壓力，無論什麼都可以。我只想消失。,不再,O,B-U,O,O,O,B-U,11
952,我想了很久，明天起，我將不再去上學，不再去上班。我的生活就此結束，無論什麼都無所謂。我不想再看到其他人的微笑，我不想再聽到其他人的笑嘲。我不想再感到壓力，無論什麼都可以。我只想消失。,去,O,E-U,O,O,O,E-U,12
952,我想了很久，明天起，我將不再去上學，不再去上班。我的生活就此結束，無論什麼都無所謂。我不想再看到其他人的微笑，我不想再聽到其他人的笑嘲。我不想再感到壓力，無論什麼都可以。我只想消失。,上學,O,O,O,O,O,O,13
952,我想了很久，明天起，我將不再去上學，不再去上班。我的生活就此結束，無論什麼都無所謂。我不想再看到其他人的微笑，我不想再聽到其他人的笑嘲。我不想再感到壓力，無論什麼都可以。我只想消失。,，,O,O,O,O,O,O,14
952,我想了很久，明天起，我將不再去上學，不再去上班。我的生活就此結束，無論什麼都無所謂。我不想再看到其他人的微笑，我不想再聽到其他人的笑嘲。我不想再感到壓力，無論什麼都可以。我只想消失。,不再,O,B-U,O,O,O,B-U,15
952,我想了很久，明天起，我將不再去上學，不再去上班。我的生活就此結束，無論什麼都無所謂。我不想再看到其他人的微笑，我不想再聽到其他人的笑嘲。我不想再感到壓力，無論什麼都可以。我只想消失。,去,O,E-U,O,O,O,E-U,16
952,我想了很久，明天起，我將不再去上學，不再去上班。我的生活就此結束，無論什麼都無所謂。我不想再看到其他人的微笑，我不想再聽到其他人的笑嘲。我不想再感到壓力，無論什麼都可以。我只想消失。,上班,O,O,O,O,O,O,17
952,我想了很久，明天起，我將不再去上學，不再去上班。我的生活就此結束，無論什麼都無所謂。我不想再看到其他人的微笑，我不想再聽到其他人的笑嘲。我不想再感到壓力，無論什麼都可以。我只想消失。,。,O,O,O,O,O,O,18
952,我想了很久，明天起，我將不再去上學，不再去上班。我的生活就此結束，無論什麼都無所謂。我不想再看到其他人的微笑，我不想再聽到其他人的笑嘲。我不想再感到壓力，無論什麼都可以。我只想消失。,我的,O,O,O,O,O,O,19
952,我想了很久，明天起，我將不再去上學，不再去上班。我的生活就此結束，無論什麼都無所謂。我不想再看到其他人的微笑，我不想再聽到其他人的笑嘲。我不想再感到壓力，無論什麼都可以。我只想消失。,生活,O,O,O,O,O,O,20
952,我想了很久，明天起，我將不再去上學，不再去上班。我的生活就此結束，無論什麼都無所謂。我不想再看到其他人的微笑，我不想再聽到其他人的笑嘲。我不想再感到壓力，無論什麼都可以。我只想消失。,就此,O,O,O,O,O,O,21
952,我想了很久，明天起，我將不再去上學，不再去上班。我的生活就此結束，無論什麼都無所謂。我不想再看到其他人的微笑，我不想再聽到其他人的笑嘲。我不想再感到壓力，無論什麼都可以。我只想消失。,結束,O,O,O,O,O,O,22
952,我想了很久，明天起，我將不再去上學，不再去上班。我的生活就此結束，無論什麼都無所謂。我不想再看到其他人的微笑，我不想再聽到其他人的笑嘲。我不想再感到壓力，無論什麼都可以。我只想消失。,，,O,O,O,O,O,O,23
952,我想了很久，明天起，我將不再去上學，不再去上班。我的生活就此結束，無論什麼都無所謂。我不想再看到其他人的微笑，我不想再聽到其他人的笑嘲。我不想再感到壓力，無論什麼都可以。我只想消失。,無論,O,O,S-U,O,O,O,24
952,我想了很久，明天起，我將不再去上學，不再去上班。我的生活就此結束，無論什麼都無所謂。我不想再看到其他人的微笑，我不想再聽到其他人的笑嘲。我不想再感到壓力，無論什麼都可以。我只想消失。,什麼,O,O,O,O,O,O,25
952,我想了很久，明天起，我將不再去上學，不再去上班。我的生活就此結束，無論什麼都無所謂。我不想再看到其他人的微笑，我不想再聽到其他人的笑嘲。我不想再感到壓力，無論什麼都可以。我只想消失。,都,O,O,O,O,O,O,26
952,我想了很久，明天起，我將不再去上學，不再去上班。我的生活就此結束，無論什麼都無所謂。我不想再看到其他人的微笑，我不想再聽到其他人的笑嘲。我不想再感到壓力，無論什麼都可以。我只想消失。,無所謂,O,O,O,O,O,O,27
952,我想了很久，明天起，我將不再去上學，不再去上班。我的生活就此結束，無論什麼都無所謂。我不想再看到其他人的微笑，我不想再聽到其他人的笑嘲。我不想再感到壓力，無論什麼都可以。我只想消失。,。,O,O,O,O,O,O,28
952,我想了很久，明天起，我將不再去上學，不再去上班。我的生活就此結束，無論什麼都無所謂。我不想再看到其他人的微笑，我不想再聽到其他人的笑嘲。我不想再感到壓力，無論什麼都可以。我只想消失。,我,O,O,O,O,O,O,29
952,我想了很久，明天起，我將不再去上學，不再去上班。我的生活就此結束，無論什麼都無所謂。我不想再看到其他人的微笑，我不想再聽到其他人的笑嘲。我不想再感到壓力，無論什麼都可以。我只想消失。,不想,O,O,O,O,O,O,30
952,我想了很久，明天起，我將不再去上學，不再去上班。我的生活就此結束，無論什麼都無所謂。我不想再看到其他人的微笑，我不想再聽到其他人的笑嘲。我不想再感到壓力，無論什麼都可以。我只想消失。,再,O,O,O,O,O,O,31
952,我想了很久，明天起，我將不再去上學，不再去上班。我的生活就此結束，無論什麼都無所謂。我不想再看到其他人的微笑，我不想再聽到其他人的笑嘲。我不想再感到壓力，無論什麼都可以。我只想消失。,看到,O,O,O,O,O,O,32
952,我想了很久，明天起，我將不再去上學，不再去上班。我的生活就此結束，無論什麼都無所謂。我不想再看到其他人的微笑，我不想再聽到其他人的笑嘲。我不想再感到壓力，無論什麼都可以。我只想消失。,其他,O,O,O,O,O,O,33
952,我想了很久，明天起，我將不再去上學，不再去上班。我的生活就此結束，無論什麼都無所謂。我不想再看到其他人的微笑，我不想再聽到其他人的笑嘲。我不想再感到壓力，無論什麼都可以。我只想消失。,人的,O,O,O,O,O,O,34
952,我想了很久，明天起，我將不再去上學，不再去上班。我的生活就此結束，無論什麼都無所謂。我不想再看到其他人的微笑，我不想再聽到其他人的笑嘲。我不想再感到壓力，無論什麼都可以。我只想消失。,微笑,O,S-D,O,O,O,O,35
952,我想了很久，明天起，我將不再去上學，不再去上班。我的生活就此結束，無論什麼都無所謂。我不想再看到其他人的微笑，我不想再聽到其他人的笑嘲。我不想再感到壓力，無論什麼都可以。我只想消失。,，,O,O,O,O,O,O,36
952,我想了很久，明天起，我將不再去上學，不再去上班。我的生活就此結束，無論什麼都無所謂。我不想再看到其他人的微笑，我不想再聽到其他人的笑嘲。我不想再感到壓力，無論什麼都可以。我只想消失。,我,O,O,O,O,O,O,37
952,我想了很久，明天起，我將不再去上學，不再去上班。我的生活就此結束，無論什麼都無所謂。我不想再看到其他人的微笑，我不想再聽到其他人的笑嘲。我不想再感到壓力，無論什麼都可以。我只想消失。,不想,O,O,O,S-D,S-D,O,38
952,我想了很久，明天起，我將不再去上學，不再去上班。我的生活就此結束，無論什麼都無所謂。我不想再看到其他人的微笑，我不想再聽到其他人的笑嘲。我不想再感到壓力，無論什麼都可以。我只想消失。,再,O,O,O,O,O,O,39
952,我想了很久，明天起，我將不再去上學，不再去上班。我的生活就此結束，無論什麼都無所謂。我不想再看到其他人的微笑，我不想再聽到其他人的笑嘲。我不想再感到壓力，無論什麼都可以。我只想消失。,聽到,O,O,O,O,O,O,40
952,我想了很久，明天起，我將不再去上學，不再去上班。我的生活就此結束，無論什麼都無所謂。我不想再看到其他人的微笑，我不想再聽到其他人的笑嘲。我不想再感到壓力，無論什麼都可以。我只想消失。,其他,O,O,O,O,O,O,41
952,我想了很久，明天起，我將不再去上學，不再去上班。我的生活就此結束，無論什麼都無所謂。我不想再看到其他人的微笑，我不想再聽到其他人的笑嘲。我不想再感到壓力，無論什麼都可以。我只想消失。,人的,O,O,O,O,O,O,42
952,我想了很久，明天起，我將不再去上學，不再去上班。我的生活就此結束，無論什麼都無所謂。我不想再看到其他人的微笑，我不想再聽到其他人的笑嘲。我不想再感到壓力，無論什麼都可以。我只想消失。,笑嘲,O,S-D,O,O,O,O,43
952,我想了很久，明天起，我將不再去上學，不再去上班。我的生活就此結束，無論什麼都無所謂。我不想再看到其他人的微笑，我不想再聽到其他人的笑嘲。我不想再感到壓力，無論什麼都可以。我只想消失。,。,O,O,O,O,O,O,44
952,我想了很久，明天起，我將不再去上學，不再去上班。我的生活就此結束，無論什麼都無所謂。我不想再看到其他人的微笑，我不想再聽到其他人的笑嘲。我不想再感到壓力，無論什麼都可以。我只想消失。,我,O,O,O,O,O,O,45
952,我想了很久，明天起，我將不再去上學，不再去上班。我的生活就此結束，無論什麼都無所謂。我不想再看到其他人的微笑，我不想再聽到其他人的笑嘲。我不想再感到壓力，無論什麼都可以。我只想消失。,不想,O,O,O,O,O,O,46
952,我想了很久，明天起，我將不再去上學，不再去上班。我的生活就此結束，無論什麼都無所謂。我不想再看到其他人的微笑，我不想再聽到其他人的笑嘲。我不想再感到壓力，無論什麼都可以。我只想消失。,再,O,O,O,S-D,S-D,O,47
952,我想了很久，明天起，我將不再去上學，不再去上班。我的生活就此結束，無論什麼都無所謂。我不想再看到其他人的微笑，我不想再聽到其他人的笑嘲。我不想再感到壓力，無論什麼都可以。我只想消失。,感到,O,O,O,O,O,O,48
952,我想了很久，明天起，我將不再去上學，不再去上班。我的生活就此結束，無論什麼都無所謂。我不想再看到其他人的微笑，我不想再聽到其他人的笑嘲。我不想再感到壓力，無論什麼都可以。我只想消失。,壓力,S-D,S-D,O,O,O,O,49
952,我想了很久，明天起，我將不再去上學，不再去上班。我的生活就此結束，無論什麼都無所謂。我不想再看到其他人的微笑，我不想再聽到其他人的笑嘲。我不想再感到壓力，無論什麼都可以。我只想消失。,，,O,O,O,O,O,O,50
952,我想了很久，明天起，我將不再去上學，不再去上班。我的生活就此結束，無論什麼都無所謂。我不想再看到其他人的微笑，我不想再聽到其他人的笑嘲。我不想再感到壓力，無論什麼都可以。我只想消失。,無論,O,O,O,O,O,O,51
952,我想了很久，明天起，我將不再去上學，不再去上班。我的生活就此結束，無論什麼都無所謂。我不想再看到其他人的微笑，我不想再聽到其他人的笑嘲。我不想再感到壓力，無論什麼都可以。我只想消失。,什麼,O,O,O,O,O,O,52
952,我想了很久，明天起，我將不再去上學，不再去上班。我的生活就此結束，無論什麼都無所謂。我不想再看到其他人的微笑，我不想再聽到其他人的笑嘲。我不想再感到壓力，無論什麼都可以。我只想消失。,都,O,O,O,O,O,O,53
952,我想了很久，明天起，我將不再去上學，不再去上班。我的生活就此結束，無論什麼都無所謂。我不想再看到其他人的微笑，我不想再聽到其他人的笑嘲。我不想再感到壓力，無論什麼都可以。我只想消失。,可以,O,O,O,S-D,O,O,54
952,我想了很久，明天起，我將不再去上學，不再去上班。我的生活就此結束，無論什麼都無所謂。我不想再看到其他人的微笑，我不想再聽到其他人的笑嘲。我不想再感到壓力，無論什麼都可以。我只想消失。,。,O,O,O,O,O,O,55
952,我想了很久，明天起，我將不再去上學，不再去上班。我的生活就此結束，無論什麼都無所謂。我不想再看到其他人的微笑，我不想再聽到其他人的笑嘲。我不想再感到壓力，無論什麼都可以。我只想消失。,我,O,O,O,O,O,O,56
952,我想了很久，明天起，我將不再去上學，不再去上班。我的生活就此結束，無論什麼都無所謂。我不想再看到其他人的微笑，我不想再聽到其他人的笑嘲。我不想再感到壓力，無論什麼都可以。我只想消失。,只,O,O,O,O,O,O,57
952,我想了很久，明天起，我將不再去上學，不再去上班。我的生活就此結束，無論什麼都無所謂。我不想再看到其他人的微笑，我不想再聽到其他人的笑嘲。我不想再感到壓力，無論什麼都可以。我只想消失。,想,O,O,O,O,O,O,58
952,我想了很久，明天起，我將不再去上學，不再去上班。我的生活就此結束，無論什麼都無所謂。我不想再看到其他人的微笑，我不想再聽到其他人的笑嘲。我不想再感到壓力，無論什麼都可以。我只想消失。,消失,S-U,S-U,O,O,O,O,59
952,我想了很久，明天起，我將不再去上學，不再去上班。我的生活就此結束，無論什麼都無所謂。我不想再看到其他人的微笑，我不想再聽到其他人的笑嘲。我不想再感到壓力，無論什麼都可以。我只想消失。,。,O,O,O,O,O,O,60
953,憂鬱的黑影總是掛在我頭上，我無法感受到快樂。 我覺得自己很差勁，總是失敗了，罪惡感在我心頭扯著我 。 所以我在這裡，隱藏在我的世界裡，試圖忘記我是什麼樣的人,憂鬱,S-D,S-D,S-D,S-D,S-D,S-D,1
953,憂鬱的黑影總是掛在我頭上，我無法感受到快樂。 我覺得自己很差勁，總是失敗了，罪惡感在我心頭扯著我 。 所以我在這裡，隱藏在我的世界裡，試圖忘記我是什麼樣的人,的,O,O,O,O,O,O,2
953,憂鬱的黑影總是掛在我頭上，我無法感受到快樂。 我覺得自己很差勁，總是失敗了，罪惡感在我心頭扯著我 。 所以我在這裡，隱藏在我的世界裡，試圖忘記我是什麼樣的人,黑影,S-D,S-D,S-D,S-D,S-D,S-D,3
953,憂鬱的黑影總是掛在我頭上，我無法感受到快樂。 我覺得自己很差勁，總是失敗了，罪惡感在我心頭扯著我 。 所以我在這裡，隱藏在我的世界裡，試圖忘記我是什麼樣的人,總是,O,O,O,O,O,O,4
953,憂鬱的黑影總是掛在我頭上，我無法感受到快樂。 我覺得自己很差勁，總是失敗了，罪惡感在我心頭扯著我 。 所以我在這裡，隱藏在我的世界裡，試圖忘記我是什麼樣的人,掛,O,O,O,O,O,O,5
953,憂鬱的黑影總是掛在我頭上，我無法感受到快樂。 我覺得自己很差勁，總是失敗了，罪惡感在我心頭扯著我 。 所以我在這裡，隱藏在我的世界裡，試圖忘記我是什麼樣的人,在,O,O,O,O,O,O,6
953,憂鬱的黑影總是掛在我頭上，我無法感受到快樂。 我覺得自己很差勁，總是失敗了，罪惡感在我心頭扯著我 。 所以我在這裡，隱藏在我的世界裡，試圖忘記我是什麼樣的人,我,O,O,O,O,O,O,7
953,憂鬱的黑影總是掛在我頭上，我無法感受到快樂。 我覺得自己很差勁，總是失敗了，罪惡感在我心頭扯著我 。 所以我在這裡，隱藏在我的世界裡，試圖忘記我是什麼樣的人,頭上,O,O,O,O,O,O,8
953,憂鬱的黑影總是掛在我頭上，我無法感受到快樂。 我覺得自己很差勁，總是失敗了，罪惡感在我心頭扯著我 。 所以我在這裡，隱藏在我的世界裡，試圖忘記我是什麼樣的人,，,O,O,O,O,O,O,9
953,憂鬱的黑影總是掛在我頭上，我無法感受到快樂。 我覺得自己很差勁，總是失敗了，罪惡感在我心頭扯著我 。 所以我在這裡，隱藏在我的世界裡，試圖忘記我是什麼樣的人,我,O,O,O,O,O,B-A,10
953,憂鬱的黑影總是掛在我頭上，我無法感受到快樂。 我覺得自己很差勁，總是失敗了，罪惡感在我心頭扯著我 。 所以我在這裡，隱藏在我的世界裡，試圖忘記我是什麼樣的人,無法,B-A,B-A,B-A,B-A,B-A,M-A,11
953,憂鬱的黑影總是掛在我頭上，我無法感受到快樂。 我覺得自己很差勁，總是失敗了，罪惡感在我心頭扯著我 。 所以我在這裡，隱藏在我的世界裡，試圖忘記我是什麼樣的人,感受到,M-A,M-A,M-A,M-A,M-A,E-A,12
953,憂鬱的黑影總是掛在我頭上，我無法感受到快樂。 我覺得自己很差勁，總是失敗了，罪惡感在我心頭扯著我 。 所以我在這裡，隱藏在我的世界裡，試圖忘記我是什麼樣的人,快樂,E-A,E-A,E-A,E-A,E-A,O,13
953,憂鬱的黑影總是掛在我頭上，我無法感受到快樂。 我覺得自己很差勁，總是失敗了，罪惡感在我心頭扯著我 。 所以我在這裡，隱藏在我的世界裡，試圖忘記我是什麼樣的人,。,O,O,O,O,O,O,14
953,憂鬱的黑影總是掛在我頭上，我無法感受到快樂。 我覺得自己很差勁，總是失敗了，罪惡感在我心頭扯著我 。 所以我在這裡，隱藏在我的世界裡，試圖忘記我是什麼樣的人,我,O,O,O,O,O,O,15
953,憂鬱的黑影總是掛在我頭上，我無法感受到快樂。 我覺得自己很差勁，總是失敗了，罪惡感在我心頭扯著我 。 所以我在這裡，隱藏在我的世界裡，試圖忘記我是什麼樣的人,覺得,O,O,O,O,O,O,16
953,憂鬱的黑影總是掛在我頭上，我無法感受到快樂。 我覺得自己很差勁，總是失敗了，罪惡感在我心頭扯著我 。 所以我在這裡，隱藏在我的世界裡，試圖忘記我是什麼樣的人,自己,O,O,O,O,O,O,17
953,憂鬱的黑影總是掛在我頭上，我無法感受到快樂。 我覺得自己很差勁，總是失敗了，罪惡感在我心頭扯著我 。 所以我在這裡，隱藏在我的世界裡，試圖忘記我是什麼樣的人,很,O,O,O,O,O,S-W,18
953,憂鬱的黑影總是掛在我頭上，我無法感受到快樂。 我覺得自己很差勁，總是失敗了，罪惡感在我心頭扯著我 。 所以我在這裡，隱藏在我的世界裡，試圖忘記我是什麼樣的人,差勁,S-W,S-W,S-W,S-W,S-W,O,19
953,憂鬱的黑影總是掛在我頭上，我無法感受到快樂。 我覺得自己很差勁，總是失敗了，罪惡感在我心頭扯著我 。 所以我在這裡，隱藏在我的世界裡，試圖忘記我是什麼樣的人,，,O,O,O,O,O,O,20
953,憂鬱的黑影總是掛在我頭上，我無法感受到快樂。 我覺得自己很差勁，總是失敗了，罪惡感在我心頭扯著我 。 所以我在這裡，隱藏在我的世界裡，試圖忘記我是什麼樣的人,總是,O,O,O,O,O,S-W,21
953,憂鬱的黑影總是掛在我頭上，我無法感受到快樂。 我覺得自己很差勁，總是失敗了，罪惡感在我心頭扯著我 。 所以我在這裡，隱藏在我的世界裡，試圖忘記我是什麼樣的人,失敗,O,O,O,O,O,O,22
953,憂鬱的黑影總是掛在我頭上，我無法感受到快樂。 我覺得自己很差勁，總是失敗了，罪惡感在我心頭扯著我 。 所以我在這裡，隱藏在我的世界裡，試圖忘記我是什麼樣的人,了,O,O,O,O,O,S-W,23
953,憂鬱的黑影總是掛在我頭上，我無法感受到快樂。 我覺得自己很差勁，總是失敗了，罪惡感在我心頭扯著我 。 所以我在這裡，隱藏在我的世界裡，試圖忘記我是什麼樣的人,，,O,O,O,O,O,O,24
953,憂鬱的黑影總是掛在我頭上，我無法感受到快樂。 我覺得自己很差勁，總是失敗了，罪惡感在我心頭扯著我 。 所以我在這裡，隱藏在我的世界裡，試圖忘記我是什麼樣的人,罪惡感,S-W,S-W,S-W,S-W,S-W,O,25
953,憂鬱的黑影總是掛在我頭上，我無法感受到快樂。 我覺得自己很差勁，總是失敗了，罪惡感在我心頭扯著我 。 所以我在這裡，隱藏在我的世界裡，試圖忘記我是什麼樣的人,在,O,O,O,O,O,O,26
953,憂鬱的黑影總是掛在我頭上，我無法感受到快樂。 我覺得自己很差勁，總是失敗了，罪惡感在我心頭扯著我 。 所以我在這裡，隱藏在我的世界裡，試圖忘記我是什麼樣的人,我,O,O,O,O,O,O,27
953,憂鬱的黑影總是掛在我頭上，我無法感受到快樂。 我覺得自己很差勁，總是失敗了，罪惡感在我心頭扯著我 。 所以我在這裡，隱藏在我的世界裡，試圖忘記我是什麼樣的人,心頭,O,O,O,O,O,O,28
953,憂鬱的黑影總是掛在我頭上，我無法感受到快樂。 我覺得自己很差勁，總是失敗了，罪惡感在我心頭扯著我 。 所以我在這裡，隱藏在我的世界裡，試圖忘記我是什麼樣的人,扯著,O,O,O,O,O,O,29
953,憂鬱的黑影總是掛在我頭上，我無法感受到快樂。 我覺得自己很差勁，總是失敗了，罪惡感在我心頭扯著我 。 所以我在這裡，隱藏在我的世界裡，試圖忘記我是什麼樣的人,我,O,O,O,O,O,O,30
953,憂鬱的黑影總是掛在我頭上，我無法感受到快樂。 我覺得自己很差勁，總是失敗了，罪惡感在我心頭扯著我 。 所以我在這裡，隱藏在我的世界裡，試圖忘記我是什麼樣的人,。,O,O,O,O,O,O,31
953,憂鬱的黑影總是掛在我頭上，我無法感受到快樂。 我覺得自己很差勁，總是失敗了，罪惡感在我心頭扯著我 。 所以我在這裡，隱藏在我的世界裡，試圖忘記我是什麼樣的人,所以,O,O,O,O,O,O,32
953,憂鬱的黑影總是掛在我頭上，我無法感受到快樂。 我覺得自己很差勁，總是失敗了，罪惡感在我心頭扯著我 。 所以我在這裡，隱藏在我的世界裡，試圖忘記我是什麼樣的人,我,O,O,O,O,O,O,33
953,憂鬱的黑影總是掛在我頭上，我無法感受到快樂。 我覺得自己很差勁，總是失敗了，罪惡感在我心頭扯著我 。 所以我在這裡，隱藏在我的世界裡，試圖忘記我是什麼樣的人,在,O,O,O,O,O,O,34
953,憂鬱的黑影總是掛在我頭上，我無法感受到快樂。 我覺得自己很差勁，總是失敗了，罪惡感在我心頭扯著我 。 所以我在這裡，隱藏在我的世界裡，試圖忘記我是什麼樣的人,這裡,O,O,O,O,O,O,35
953,憂鬱的黑影總是掛在我頭上，我無法感受到快樂。 我覺得自己很差勁，總是失敗了，罪惡感在我心頭扯著我 。 所以我在這裡，隱藏在我的世界裡，試圖忘記我是什麼樣的人,，,O,O,O,O,O,O,36
953,憂鬱的黑影總是掛在我頭上，我無法感受到快樂。 我覺得自己很差勁，總是失敗了，罪惡感在我心頭扯著我 。 所以我在這裡，隱藏在我的世界裡，試圖忘記我是什麼樣的人,隱藏,O,O,O,O,O,O,37
953,憂鬱的黑影總是掛在我頭上，我無法感受到快樂。 我覺得自己很差勁，總是失敗了，罪惡感在我心頭扯著我 。 所以我在這裡，隱藏在我的世界裡，試圖忘記我是什麼樣的人,在,O,O,O,O,O,O,38
953,憂鬱的黑影總是掛在我頭上，我無法感受到快樂。 我覺得自己很差勁，總是失敗了，罪惡感在我心頭扯著我 。 所以我在這裡，隱藏在我的世界裡，試圖忘記我是什麼樣的人,我,O,O,O,O,O,O,39
953,憂鬱的黑影總是掛在我頭上，我無法感受到快樂。 我覺得自己很差勁，總是失敗了，罪惡感在我心頭扯著我 。 所以我在這裡，隱藏在我的世界裡，試圖忘記我是什麼樣的人,的,O,O,O,O,O,O,40
953,憂鬱的黑影總是掛在我頭上，我無法感受到快樂。 我覺得自己很差勁，總是失敗了，罪惡感在我心頭扯著我 。 所以我在這裡，隱藏在我的世界裡，試圖忘記我是什麼樣的人,世界,O,O,O,O,O,O,41
953,憂鬱的黑影總是掛在我頭上，我無法感受到快樂。 我覺得自己很差勁，總是失敗了，罪惡感在我心頭扯著我 。 所以我在這裡，隱藏在我的世界裡，試圖忘記我是什麼樣的人,裡,O,O,O,O,O,O,42
953,憂鬱的黑影總是掛在我頭上，我無法感受到快樂。 我覺得自己很差勁，總是失敗了，罪惡感在我心頭扯著我 。 所以我在這裡，隱藏在我的世界裡，試圖忘記我是什麼樣的人,，,O,O,O,O,O,O,43
953,憂鬱的黑影總是掛在我頭上，我無法感受到快樂。 我覺得自己很差勁，總是失敗了，罪惡感在我心頭扯著我 。 所以我在這裡，隱藏在我的世界裡，試圖忘記我是什麼樣的人,試圖,O,O,O,O,O,O,44
953,憂鬱的黑影總是掛在我頭上，我無法感受到快樂。 我覺得自己很差勁，總是失敗了，罪惡感在我心頭扯著我 。 所以我在這裡，隱藏在我的世界裡，試圖忘記我是什麼樣的人,忘記,O,O,O,O,O,O,45
953,憂鬱的黑影總是掛在我頭上，我無法感受到快樂。 我覺得自己很差勁，總是失敗了，罪惡感在我心頭扯著我 。 所以我在這裡，隱藏在我的世界裡，試圖忘記我是什麼樣的人,我,O,O,O,O,O,O,46
953,憂鬱的黑影總是掛在我頭上，我無法感受到快樂。 我覺得自己很差勁，總是失敗了，罪惡感在我心頭扯著我 。 所以我在這裡，隱藏在我的世界裡，試圖忘記我是什麼樣的人,是,O,O,O,O,O,O,47
953,憂鬱的黑影總是掛在我頭上，我無法感受到快樂。 我覺得自己很差勁，總是失敗了，罪惡感在我心頭扯著我 。 所以我在這裡，隱藏在我的世界裡，試圖忘記我是什麼樣的人,什麼樣,O,O,O,O,O,缺失預測,48
953,憂鬱的黑影總是掛在我頭上，我無法感受到快樂。 我覺得自己很差勁，總是失敗了，罪惡感在我心頭扯著我 。 所以我在這裡，隱藏在我的世界裡，試圖忘記我是什麼樣的人,的人,O,O,O,O,O,缺失預測,49
954,我整天都在彌補，彌補，彌補；希望自己不會被發現，我們都太完美了，不想被判斷。我想問您們，還有哪些方式可以幫我「自殺」？ 🤔 我實在想走出這個彌補的陷阱，想重新定義完美，但我覺得很難。  我們都在努力，努力，努力；但到底有什麼用？,我,O,O,O,O,O,O,1
954,我整天都在彌補，彌補，彌補；希望自己不會被發現，我們都太完美了，不想被判斷。我想問您們，還有哪些方式可以幫我「自殺」？ 🤔 我實在想走出這個彌補的陷阱，想重新定義完美，但我覺得很難。  我們都在努力，努力，努力；但到底有什麼用？,整天,O,O,O,O,O,O,2
954,我整天都在彌補，彌補，彌補；希望自己不會被發現，我們都太完美了，不想被判斷。我想問您們，還有哪些方式可以幫我「自殺」？ 🤔 我實在想走出這個彌補的陷阱，想重新定義完美，但我覺得很難。  我們都在努力，努力，努力；但到底有什麼用？,都,O,O,O,O,O,O,3
954,我整天都在彌補，彌補，彌補；希望自己不會被發現，我們都太完美了，不想被判斷。我想問您們，還有哪些方式可以幫我「自殺」？ 🤔 我實在想走出這個彌補的陷阱，想重新定義完美，但我覺得很難。  我們都在努力，努力，努力；但到底有什麼用？,在,O,O,O,O,O,O,4
954,我整天都在彌補，彌補，彌補；希望自己不會被發現，我們都太完美了，不想被判斷。我想問您們，還有哪些方式可以幫我「自殺」？ 🤔 我實在想走出這個彌補的陷阱，想重新定義完美，但我覺得很難。  我們都在努力，努力，努力；但到底有什麼用？,彌補,B-W,B-W,B-W,B-W,B-W,B-W,5
954,我整天都在彌補，彌補，彌補；希望自己不會被發現，我們都太完美了，不想被判斷。我想問您們，還有哪些方式可以幫我「自殺」？ 🤔 我實在想走出這個彌補的陷阱，想重新定義完美，但我覺得很難。  我們都在努力，努力，努力；但到底有什麼用？,，,M-W,M-W,M-W,M-W,M-W,M-W,6
954,我整天都在彌補，彌補，彌補；希望自己不會被發現，我們都太完美了，不想被判斷。我想問您們，還有哪些方式可以幫我「自殺」？ 🤔 我實在想走出這個彌補的陷阱，想重新定義完美，但我覺得很難。  我們都在努力，努力，努力；但到底有什麼用？,彌補,M-W,M-W,M-W,M-W,M-W,M-W,7
954,我整天都在彌補，彌補，彌補；希望自己不會被發現，我們都太完美了，不想被判斷。我想問您們，還有哪些方式可以幫我「自殺」？ 🤔 我實在想走出這個彌補的陷阱，想重新定義完美，但我覺得很難。  我們都在努力，努力，努力；但到底有什麼用？,，,M-W,M-W,M-W,M-W,M-W,M-W,8
954,我整天都在彌補，彌補，彌補；希望自己不會被發現，我們都太完美了，不想被判斷。我想問您們，還有哪些方式可以幫我「自殺」？ 🤔 我實在想走出這個彌補的陷阱，想重新定義完美，但我覺得很難。  我們都在努力，努力，努力；但到底有什麼用？,彌補,E-W,E-W,E-W,E-W,E-W,E-W,9
954,我整天都在彌補，彌補，彌補；希望自己不會被發現，我們都太完美了，不想被判斷。我想問您們，還有哪些方式可以幫我「自殺」？ 🤔 我實在想走出這個彌補的陷阱，想重新定義完美，但我覺得很難。  我們都在努力，努力，努力；但到底有什麼用？,；,O,O,O,O,O,O,10
954,我整天都在彌補，彌補，彌補；希望自己不會被發現，我們都太完美了，不想被判斷。我想問您們，還有哪些方式可以幫我「自殺」？ 🤔 我實在想走出這個彌補的陷阱，想重新定義完美，但我覺得很難。  我們都在努力，努力，努力；但到底有什麼用？,希望,O,O,O,O,O,O,11
954,我整天都在彌補，彌補，彌補；希望自己不會被發現，我們都太完美了，不想被判斷。我想問您們，還有哪些方式可以幫我「自殺」？ 🤔 我實在想走出這個彌補的陷阱，想重新定義完美，但我覺得很難。  我們都在努力，努力，努力；但到底有什麼用？,自己,O,O,O,O,O,O,12
954,我整天都在彌補，彌補，彌補；希望自己不會被發現，我們都太完美了，不想被判斷。我想問您們，還有哪些方式可以幫我「自殺」？ 🤔 我實在想走出這個彌補的陷阱，想重新定義完美，但我覺得很難。  我們都在努力，努力，努力；但到底有什麼用？,不,O,O,O,O,O,O,13
954,我整天都在彌補，彌補，彌補；希望自己不會被發現，我們都太完美了，不想被判斷。我想問您們，還有哪些方式可以幫我「自殺」？ 🤔 我實在想走出這個彌補的陷阱，想重新定義完美，但我覺得很難。  我們都在努力，努力，努力；但到底有什麼用？,會,O,O,O,O,O,O,14
954,我整天都在彌補，彌補，彌補；希望自己不會被發現，我們都太完美了，不想被判斷。我想問您們，還有哪些方式可以幫我「自殺」？ 🤔 我實在想走出這個彌補的陷阱，想重新定義完美，但我覺得很難。  我們都在努力，努力，努力；但到底有什麼用？,被,O,O,O,O,O,O,15
954,我整天都在彌補，彌補，彌補；希望自己不會被發現，我們都太完美了，不想被判斷。我想問您們，還有哪些方式可以幫我「自殺」？ 🤔 我實在想走出這個彌補的陷阱，想重新定義完美，但我覺得很難。  我們都在努力，努力，努力；但到底有什麼用？,發現,O,O,O,O,O,O,16
954,我整天都在彌補，彌補，彌補；希望自己不會被發現，我們都太完美了，不想被判斷。我想問您們，還有哪些方式可以幫我「自殺」？ 🤔 我實在想走出這個彌補的陷阱，想重新定義完美，但我覺得很難。  我們都在努力，努力，努力；但到底有什麼用？,，,O,O,O,O,O,O,17
954,我整天都在彌補，彌補，彌補；希望自己不會被發現，我們都太完美了，不想被判斷。我想問您們，還有哪些方式可以幫我「自殺」？ 🤔 我實在想走出這個彌補的陷阱，想重新定義完美，但我覺得很難。  我們都在努力，努力，努力；但到底有什麼用？,我們,O,O,O,O,O,O,18
954,我整天都在彌補，彌補，彌補；希望自己不會被發現，我們都太完美了，不想被判斷。我想問您們，還有哪些方式可以幫我「自殺」？ 🤔 我實在想走出這個彌補的陷阱，想重新定義完美，但我覺得很難。  我們都在努力，努力，努力；但到底有什麼用？,都,O,O,O,O,O,O,19
954,我整天都在彌補，彌補，彌補；希望自己不會被發現，我們都太完美了，不想被判斷。我想問您們，還有哪些方式可以幫我「自殺」？ 🤔 我實在想走出這個彌補的陷阱，想重新定義完美，但我覺得很難。  我們都在努力，努力，努力；但到底有什麼用？,太,O,O,O,O,O,O,20
954,我整天都在彌補，彌補，彌補；希望自己不會被發現，我們都太完美了，不想被判斷。我想問您們，還有哪些方式可以幫我「自殺」？ 🤔 我實在想走出這個彌補的陷阱，想重新定義完美，但我覺得很難。  我們都在努力，努力，努力；但到底有什麼用？,完美,O,S-A,S-A,S-A,S-D,O,21
954,我整天都在彌補，彌補，彌補；希望自己不會被發現，我們都太完美了，不想被判斷。我想問您們，還有哪些方式可以幫我「自殺」？ 🤔 我實在想走出這個彌補的陷阱，想重新定義完美，但我覺得很難。  我們都在努力，努力，努力；但到底有什麼用？,了,O,O,O,O,O,O,22
954,我整天都在彌補，彌補，彌補；希望自己不會被發現，我們都太完美了，不想被判斷。我想問您們，還有哪些方式可以幫我「自殺」？ 🤔 我實在想走出這個彌補的陷阱，想重新定義完美，但我覺得很難。  我們都在努力，努力，努力；但到底有什麼用？,，,O,O,O,O,O,O,23
954,我整天都在彌補，彌補，彌補；希望自己不會被發現，我們都太完美了，不想被判斷。我想問您們，還有哪些方式可以幫我「自殺」？ 🤔 我實在想走出這個彌補的陷阱，想重新定義完美，但我覺得很難。  我們都在努力，努力，努力；但到底有什麼用？,不想,O,O,O,O,O,O,24
954,我整天都在彌補，彌補，彌補；希望自己不會被發現，我們都太完美了，不想被判斷。我想問您們，還有哪些方式可以幫我「自殺」？ 🤔 我實在想走出這個彌補的陷阱，想重新定義完美，但我覺得很難。  我們都在努力，努力，努力；但到底有什麼用？,被,O,O,O,O,O,O,25
954,我整天都在彌補，彌補，彌補；希望自己不會被發現，我們都太完美了，不想被判斷。我想問您們，還有哪些方式可以幫我「自殺」？ 🤔 我實在想走出這個彌補的陷阱，想重新定義完美，但我覺得很難。  我們都在努力，努力，努力；但到底有什麼用？,判斷,O,O,O,O,O,O,26
954,我整天都在彌補，彌補，彌補；希望自己不會被發現，我們都太完美了，不想被判斷。我想問您們，還有哪些方式可以幫我「自殺」？ 🤔 我實在想走出這個彌補的陷阱，想重新定義完美，但我覺得很難。  我們都在努力，努力，努力；但到底有什麼用？,。,O,O,O,O,O,O,27
954,我整天都在彌補，彌補，彌補；希望自己不會被發現，我們都太完美了，不想被判斷。我想問您們，還有哪些方式可以幫我「自殺」？ 🤔 我實在想走出這個彌補的陷阱，想重新定義完美，但我覺得很難。  我們都在努力，努力，努力；但到底有什麼用？,我,O,O,O,O,O,O,28
954,我整天都在彌補，彌補，彌補；希望自己不會被發現，我們都太完美了，不想被判斷。我想問您們，還有哪些方式可以幫我「自殺」？ 🤔 我實在想走出這個彌補的陷阱，想重新定義完美，但我覺得很難。  我們都在努力，努力，努力；但到底有什麼用？,想,O,O,O,O,O,O,29
954,我整天都在彌補，彌補，彌補；希望自己不會被發現，我們都太完美了，不想被判斷。我想問您們，還有哪些方式可以幫我「自殺」？ 🤔 我實在想走出這個彌補的陷阱，想重新定義完美，但我覺得很難。  我們都在努力，努力，努力；但到底有什麼用？,問,O,O,O,O,O,O,30
954,我整天都在彌補，彌補，彌補；希望自己不會被發現，我們都太完美了，不想被判斷。我想問您們，還有哪些方式可以幫我「自殺」？ 🤔 我實在想走出這個彌補的陷阱，想重新定義完美，但我覺得很難。  我們都在努力，努力，努力；但到底有什麼用？,您們,O,O,O,O,O,O,31
954,我整天都在彌補，彌補，彌補；希望自己不會被發現，我們都太完美了，不想被判斷。我想問您們，還有哪些方式可以幫我「自殺」？ 🤔 我實在想走出這個彌補的陷阱，想重新定義完美，但我覺得很難。  我們都在努力，努力，努力；但到底有什麼用？,，,O,O,O,O,O,O,32
954,我整天都在彌補，彌補，彌補；希望自己不會被發現，我們都太完美了，不想被判斷。我想問您們，還有哪些方式可以幫我「自殺」？ 🤔 我實在想走出這個彌補的陷阱，想重新定義完美，但我覺得很難。  我們都在努力，努力，努力；但到底有什麼用？,還,O,O,O,O,O,O,33
954,我整天都在彌補，彌補，彌補；希望自己不會被發現，我們都太完美了，不想被判斷。我想問您們，還有哪些方式可以幫我「自殺」？ 🤔 我實在想走出這個彌補的陷阱，想重新定義完美，但我覺得很難。  我們都在努力，努力，努力；但到底有什麼用？,有,O,O,O,O,O,O,34
954,我整天都在彌補，彌補，彌補；希望自己不會被發現，我們都太完美了，不想被判斷。我想問您們，還有哪些方式可以幫我「自殺」？ 🤔 我實在想走出這個彌補的陷阱，想重新定義完美，但我覺得很難。  我們都在努力，努力，努力；但到底有什麼用？,哪些,O,O,O,O,O,O,35
954,我整天都在彌補，彌補，彌補；希望自己不會被發現，我們都太完美了，不想被判斷。我想問您們，還有哪些方式可以幫我「自殺」？ 🤔 我實在想走出這個彌補的陷阱，想重新定義完美，但我覺得很難。  我們都在努力，努力，努力；但到底有什麼用？,方式,O,O,O,O,O,O,36
954,我整天都在彌補，彌補，彌補；希望自己不會被發現，我們都太完美了，不想被判斷。我想問您們，還有哪些方式可以幫我「自殺」？ 🤔 我實在想走出這個彌補的陷阱，想重新定義完美，但我覺得很難。  我們都在努力，努力，努力；但到底有什麼用？,可以,O,O,O,O,O,O,37
954,我整天都在彌補，彌補，彌補；希望自己不會被發現，我們都太完美了，不想被判斷。我想問您們，還有哪些方式可以幫我「自殺」？ 🤔 我實在想走出這個彌補的陷阱，想重新定義完美，但我覺得很難。  我們都在努力，努力，努力；但到底有什麼用？,幫,O,O,O,O,O,O,38
954,我整天都在彌補，彌補，彌補；希望自己不會被發現，我們都太完美了，不想被判斷。我想問您們，還有哪些方式可以幫我「自殺」？ 🤔 我實在想走出這個彌補的陷阱，想重新定義完美，但我覺得很難。  我們都在努力，努力，努力；但到底有什麼用？,我,O,O,O,O,O,O,39
954,我整天都在彌補，彌補，彌補；希望自己不會被發現，我們都太完美了，不想被判斷。我想問您們，還有哪些方式可以幫我「自殺」？ 🤔 我實在想走出這個彌補的陷阱，想重新定義完美，但我覺得很難。  我們都在努力，努力，努力；但到底有什麼用？,「,O,O,O,O,O,O,40
954,我整天都在彌補，彌補，彌補；希望自己不會被發現，我們都太完美了，不想被判斷。我想問您們，還有哪些方式可以幫我「自殺」？ 🤔 我實在想走出這個彌補的陷阱，想重新定義完美，但我覺得很難。  我們都在努力，努力，努力；但到底有什麼用？,自殺,S-U,S-U,S-U,S-U,S-U,S-U,41
954,我整天都在彌補，彌補，彌補；希望自己不會被發現，我們都太完美了，不想被判斷。我想問您們，還有哪些方式可以幫我「自殺」？ 🤔 我實在想走出這個彌補的陷阱，想重新定義完美，但我覺得很難。  我們都在努力，努力，努力；但到底有什麼用？,」,O,O,O,O,O,O,42
954,我整天都在彌補，彌補，彌補；希望自己不會被發現，我們都太完美了，不想被判斷。我想問您們，還有哪些方式可以幫我「自殺」？ 🤔 我實在想走出這個彌補的陷阱，想重新定義完美，但我覺得很難。  我們都在努力，努力，努力；但到底有什麼用？,？,O,O,O,O,O,O,43
954,我整天都在彌補，彌補，彌補；希望自己不會被發現，我們都太完美了，不想被判斷。我想問您們，還有哪些方式可以幫我「自殺」？ 🤔 我實在想走出這個彌補的陷阱，想重新定義完美，但我覺得很難。  我們都在努力，努力，努力；但到底有什麼用？,🤔,O,O,O,O,O,O,44
954,我整天都在彌補，彌補，彌補；希望自己不會被發現，我們都太完美了，不想被判斷。我想問您們，還有哪些方式可以幫我「自殺」？ 🤔 我實在想走出這個彌補的陷阱，想重新定義完美，但我覺得很難。  我們都在努力，努力，努力；但到底有什麼用？,我,O,O,O,O,O,O,45
954,我整天都在彌補，彌補，彌補；希望自己不會被發現，我們都太完美了，不想被判斷。我想問您們，還有哪些方式可以幫我「自殺」？ 🤔 我實在想走出這個彌補的陷阱，想重新定義完美，但我覺得很難。  我們都在努力，努力，努力；但到底有什麼用？,實在,O,O,O,O,O,O,46
954,我整天都在彌補，彌補，彌補；希望自己不會被發現，我們都太完美了，不想被判斷。我想問您們，還有哪些方式可以幫我「自殺」？ 🤔 我實在想走出這個彌補的陷阱，想重新定義完美，但我覺得很難。  我們都在努力，努力，努力；但到底有什麼用？,想,O,O,O,O,O,O,47
954,我整天都在彌補，彌補，彌補；希望自己不會被發現，我們都太完美了，不想被判斷。我想問您們，還有哪些方式可以幫我「自殺」？ 🤔 我實在想走出這個彌補的陷阱，想重新定義完美，但我覺得很難。  我們都在努力，努力，努力；但到底有什麼用？,走,O,O,O,O,O,O,48
954,我整天都在彌補，彌補，彌補；希望自己不會被發現，我們都太完美了，不想被判斷。我想問您們，還有哪些方式可以幫我「自殺」？ 🤔 我實在想走出這個彌補的陷阱，想重新定義完美，但我覺得很難。  我們都在努力，努力，努力；但到底有什麼用？,出,O,O,O,O,O,O,49
954,我整天都在彌補，彌補，彌補；希望自己不會被發現，我們都太完美了，不想被判斷。我想問您們，還有哪些方式可以幫我「自殺」？ 🤔 我實在想走出這個彌補的陷阱，想重新定義完美，但我覺得很難。  我們都在努力，努力，努力；但到底有什麼用？,這,O,O,O,O,O,O,50
954,我整天都在彌補，彌補，彌補；希望自己不會被發現，我們都太完美了，不想被判斷。我想問您們，還有哪些方式可以幫我「自殺」？ 🤔 我實在想走出這個彌補的陷阱，想重新定義完美，但我覺得很難。  我們都在努力，努力，努力；但到底有什麼用？,個,O,O,O,O,O,O,51
954,我整天都在彌補，彌補，彌補；希望自己不會被發現，我們都太完美了，不想被判斷。我想問您們，還有哪些方式可以幫我「自殺」？ 🤔 我實在想走出這個彌補的陷阱，想重新定義完美，但我覺得很難。  我們都在努力，努力，努力；但到底有什麼用？,彌補,O,O,O,O,O,O,52
954,我整天都在彌補，彌補，彌補；希望自己不會被發現，我們都太完美了，不想被判斷。我想問您們，還有哪些方式可以幫我「自殺」？ 🤔 我實在想走出這個彌補的陷阱，想重新定義完美，但我覺得很難。  我們都在努力，努力，努力；但到底有什麼用？,的,O,O,O,O,O,O,53
954,我整天都在彌補，彌補，彌補；希望自己不會被發現，我們都太完美了，不想被判斷。我想問您們，還有哪些方式可以幫我「自殺」？ 🤔 我實在想走出這個彌補的陷阱，想重新定義完美，但我覺得很難。  我們都在努力，努力，努力；但到底有什麼用？,陷阱,O,O,O,O,O,O,54
954,我整天都在彌補，彌補，彌補；希望自己不會被發現，我們都太完美了，不想被判斷。我想問您們，還有哪些方式可以幫我「自殺」？ 🤔 我實在想走出這個彌補的陷阱，想重新定義完美，但我覺得很難。  我們都在努力，努力，努力；但到底有什麼用？,，,O,O,O,O,O,O,55
954,我整天都在彌補，彌補，彌補；希望自己不會被發現，我們都太完美了，不想被判斷。我想問您們，還有哪些方式可以幫我「自殺」？ 🤔 我實在想走出這個彌補的陷阱，想重新定義完美，但我覺得很難。  我們都在努力，努力，努力；但到底有什麼用？,想,O,O,O,O,O,O,56
954,我整天都在彌補，彌補，彌補；希望自己不會被發現，我們都太完美了，不想被判斷。我想問您們，還有哪些方式可以幫我「自殺」？ 🤔 我實在想走出這個彌補的陷阱，想重新定義完美，但我覺得很難。  我們都在努力，努力，努力；但到底有什麼用？,重新,O,O,O,O,O,O,57
954,我整天都在彌補，彌補，彌補；希望自己不會被發現，我們都太完美了，不想被判斷。我想問您們，還有哪些方式可以幫我「自殺」？ 🤔 我實在想走出這個彌補的陷阱，想重新定義完美，但我覺得很難。  我們都在努力，努力，努力；但到底有什麼用？,定義,O,O,O,O,O,O,58
954,我整天都在彌補，彌補，彌補；希望自己不會被發現，我們都太完美了，不想被判斷。我想問您們，還有哪些方式可以幫我「自殺」？ 🤔 我實在想走出這個彌補的陷阱，想重新定義完美，但我覺得很難。  我們都在努力，努力，努力；但到底有什麼用？,完美,O,O,O,O,O,O,59
954,我整天都在彌補，彌補，彌補；希望自己不會被發現，我們都太完美了，不想被判斷。我想問您們，還有哪些方式可以幫我「自殺」？ 🤔 我實在想走出這個彌補的陷阱，想重新定義完美，但我覺得很難。  我們都在努力，努力，努力；但到底有什麼用？,，,O,O,O,O,O,O,60
954,我整天都在彌補，彌補，彌補；希望自己不會被發現，我們都太完美了，不想被判斷。我想問您們，還有哪些方式可以幫我「自殺」？ 🤔 我實在想走出這個彌補的陷阱，想重新定義完美，但我覺得很難。  我們都在努力，努力，努力；但到底有什麼用？,但,O,O,O,O,O,O,61
954,我整天都在彌補，彌補，彌補；希望自己不會被發現，我們都太完美了，不想被判斷。我想問您們，還有哪些方式可以幫我「自殺」？ 🤔 我實在想走出這個彌補的陷阱，想重新定義完美，但我覺得很難。  我們都在努力，努力，努力；但到底有什麼用？,我,O,O,O,O,O,O,62
954,我整天都在彌補，彌補，彌補；希望自己不會被發現，我們都太完美了，不想被判斷。我想問您們，還有哪些方式可以幫我「自殺」？ 🤔 我實在想走出這個彌補的陷阱，想重新定義完美，但我覺得很難。  我們都在努力，努力，努力；但到底有什麼用？,覺得,O,O,O,O,O,O,63
954,我整天都在彌補，彌補，彌補；希望自己不會被發現，我們都太完美了，不想被判斷。我想問您們，還有哪些方式可以幫我「自殺」？ 🤔 我實在想走出這個彌補的陷阱，想重新定義完美，但我覺得很難。  我們都在努力，努力，努力；但到底有什麼用？,很,O,O,O,O,O,O,64
954,我整天都在彌補，彌補，彌補；希望自己不會被發現，我們都太完美了，不想被判斷。我想問您們，還有哪些方式可以幫我「自殺」？ 🤔 我實在想走出這個彌補的陷阱，想重新定義完美，但我覺得很難。  我們都在努力，努力，努力；但到底有什麼用？,難,O,O,O,O,O,O,65
954,我整天都在彌補，彌補，彌補；希望自己不會被發現，我們都太完美了，不想被判斷。我想問您們，還有哪些方式可以幫我「自殺」？ 🤔 我實在想走出這個彌補的陷阱，想重新定義完美，但我覺得很難。  我們都在努力，努力，努力；但到底有什麼用？,。,O,O,O,O,O,O,66
954,我整天都在彌補，彌補，彌補；希望自己不會被發現，我們都太完美了，不想被判斷。我想問您們，還有哪些方式可以幫我「自殺」？ 🤔 我實在想走出這個彌補的陷阱，想重新定義完美，但我覺得很難。  我們都在努力，努力，努力；但到底有什麼用？,我們,O,O,O,O,O,O,67
954,我整天都在彌補，彌補，彌補；希望自己不會被發現，我們都太完美了，不想被判斷。我想問您們，還有哪些方式可以幫我「自殺」？ 🤔 我實在想走出這個彌補的陷阱，想重新定義完美，但我覺得很難。  我們都在努力，努力，努力；但到底有什麼用？,都,O,O,O,O,O,O,68
954,我整天都在彌補，彌補，彌補；希望自己不會被發現，我們都太完美了，不想被判斷。我想問您們，還有哪些方式可以幫我「自殺」？ 🤔 我實在想走出這個彌補的陷阱，想重新定義完美，但我覺得很難。  我們都在努力，努力，努力；但到底有什麼用？,在,O,O,B-D,B-D,O,B-D,69
954,我整天都在彌補，彌補，彌補；希望自己不會被發現，我們都太完美了，不想被判斷。我想問您們，還有哪些方式可以幫我「自殺」？ 🤔 我實在想走出這個彌補的陷阱，想重新定義完美，但我覺得很難。  我們都在努力，努力，努力；但到底有什麼用？,努力,O,B-D,M-D,M-D,B-D,M-D,70
954,我整天都在彌補，彌補，彌補；希望自己不會被發現，我們都太完美了，不想被判斷。我想問您們，還有哪些方式可以幫我「自殺」？ 🤔 我實在想走出這個彌補的陷阱，想重新定義完美，但我覺得很難。  我們都在努力，努力，努力；但到底有什麼用？,，,M-D,M-D,M-D,M-D,M-D,M-D,71
954,我整天都在彌補，彌補，彌補；希望自己不會被發現，我們都太完美了，不想被判斷。我想問您們，還有哪些方式可以幫我「自殺」？ 🤔 我實在想走出這個彌補的陷阱，想重新定義完美，但我覺得很難。  我們都在努力，努力，努力；但到底有什麼用？,努力,M-D,M-D,M-D,M-D,M-D,M-D,72
954,我整天都在彌補，彌補，彌補；希望自己不會被發現，我們都太完美了，不想被判斷。我想問您們，還有哪些方式可以幫我「自殺」？ 🤔 我實在想走出這個彌補的陷阱，想重新定義完美，但我覺得很難。  我們都在努力，努力，努力；但到底有什麼用？,，,O,M-D,E-D,E-D,M-D,E-D,73
954,我整天都在彌補，彌補，彌補；希望自己不會被發現，我們都太完美了，不想被判斷。我想問您們，還有哪些方式可以幫我「自殺」？ 🤔 我實在想走出這個彌補的陷阱，想重新定義完美，但我覺得很難。  我們都在努力，努力，努力；但到底有什麼用？,努力,O,E-D,O,O,E-D,O,74
954,我整天都在彌補，彌補，彌補；希望自己不會被發現，我們都太完美了，不想被判斷。我想問您們，還有哪些方式可以幫我「自殺」？ 🤔 我實在想走出這個彌補的陷阱，想重新定義完美，但我覺得很難。  我們都在努力，努力，努力；但到底有什麼用？,；,O,O,O,O,O,O,75
954,我整天都在彌補，彌補，彌補；希望自己不會被發現，我們都太完美了，不想被判斷。我想問您們，還有哪些方式可以幫我「自殺」？ 🤔 我實在想走出這個彌補的陷阱，想重新定義完美，但我覺得很難。  我們都在努力，努力，努力；但到底有什麼用？,但,O,O,O,O,O,O,76
954,我整天都在彌補，彌補，彌補；希望自己不會被發現，我們都太完美了，不想被判斷。我想問您們，還有哪些方式可以幫我「自殺」？ 🤔 我實在想走出這個彌補的陷阱，想重新定義完美，但我覺得很難。  我們都在努力，努力，努力；但到底有什麼用？,到底,O,O,O,O,O,O,77
954,我整天都在彌補，彌補，彌補；希望自己不會被發現，我們都太完美了，不想被判斷。我想問您們，還有哪些方式可以幫我「自殺」？ 🤔 我實在想走出這個彌補的陷阱，想重新定義完美，但我覺得很難。  我們都在努力，努力，努力；但到底有什麼用？,有,O,O,O,O,O,O,78
954,我整天都在彌補，彌補，彌補；希望自己不會被發現，我們都太完美了，不想被判斷。我想問您們，還有哪些方式可以幫我「自殺」？ 🤔 我實在想走出這個彌補的陷阱，想重新定義完美，但我覺得很難。  我們都在努力，努力，努力；但到底有什麼用？,什麼,O,O,O,O,O,O,79
954,我整天都在彌補，彌補，彌補；希望自己不會被發現，我們都太完美了，不想被判斷。我想問您們，還有哪些方式可以幫我「自殺」？ 🤔 我實在想走出這個彌補的陷阱，想重新定義完美，但我覺得很難。  我們都在努力，努力，努力；但到底有什麼用？,用,O,O,O,O,O,O,80
954,我整天都在彌補，彌補，彌補；希望自己不會被發現，我們都太完美了，不想被判斷。我想問您們，還有哪些方式可以幫我「自殺」？ 🤔 我實在想走出這個彌補的陷阱，想重新定義完美，但我覺得很難。  我們都在努力，努力，努力；但到底有什麼用？,？,O,O,缺失預測,缺失預測,O,缺失預測,81
955,最近沒有興趣了。 每天的日程都像是在重覆。 我正在嘗試找出什麼是自己真正喜歡的事物。,最近,O,O,O,O,O,O,1
955,最近沒有興趣了。 每天的日程都像是在重覆。 我正在嘗試找出什麼是自己真正喜歡的事物。,沒有,B-A,O,O,O,O,O,2
955,最近沒有興趣了。 每天的日程都像是在重覆。 我正在嘗試找出什麼是自己真正喜歡的事物。,興趣,E-A,O,O,O,O,O,3
955,最近沒有興趣了。 每天的日程都像是在重覆。 我正在嘗試找出什麼是自己真正喜歡的事物。,了,O,O,O,O,O,O,4
955,最近沒有興趣了。 每天的日程都像是在重覆。 我正在嘗試找出什麼是自己真正喜歡的事物。,。,O,O,O,O,O,O,5
955,最近沒有興趣了。 每天的日程都像是在重覆。 我正在嘗試找出什麼是自己真正喜歡的事物。,每天,O,O,O,O,O,O,6
955,最近沒有興趣了。 每天的日程都像是在重覆。 我正在嘗試找出什麼是自己真正喜歡的事物。,的,O,O,O,O,O,O,7
955,最近沒有興趣了。 每天的日程都像是在重覆。 我正在嘗試找出什麼是自己真正喜歡的事物。,日程,O,O,O,O,O,O,8
955,最近沒有興趣了。 每天的日程都像是在重覆。 我正在嘗試找出什麼是自己真正喜歡的事物。,都,O,O,O,O,O,O,9
955,最近沒有興趣了。 每天的日程都像是在重覆。 我正在嘗試找出什麼是自己真正喜歡的事物。,像是,O,O,O,O,O,O,10
955,最近沒有興趣了。 每天的日程都像是在重覆。 我正在嘗試找出什麼是自己真正喜歡的事物。,在,O,O,O,O,O,O,11
955,最近沒有興趣了。 每天的日程都像是在重覆。 我正在嘗試找出什麼是自己真正喜歡的事物。,重覆,O,O,S-D,O,S-D,O,12
955,最近沒有興趣了。 每天的日程都像是在重覆。 我正在嘗試找出什麼是自己真正喜歡的事物。,。,O,O,O,O,O,O,13
955,最近沒有興趣了。 每天的日程都像是在重覆。 我正在嘗試找出什麼是自己真正喜歡的事物。,我,O,O,O,O,O,O,14
955,最近沒有興趣了。 每天的日程都像是在重覆。 我正在嘗試找出什麼是自己真正喜歡的事物。,正在,O,O,O,O,O,O,15
955,最近沒有興趣了。 每天的日程都像是在重覆。 我正在嘗試找出什麼是自己真正喜歡的事物。,嘗試,O,O,O,O,O,O,16
955,最近沒有興趣了。 每天的日程都像是在重覆。 我正在嘗試找出什麼是自己真正喜歡的事物。,找出,O,O,O,O,O,O,17
955,最近沒有興趣了。 每天的日程都像是在重覆。 我正在嘗試找出什麼是自己真正喜歡的事物。,什麼,O,O,O,O,O,O,18
955,最近沒有興趣了。 每天的日程都像是在重覆。 我正在嘗試找出什麼是自己真正喜歡的事物。,是,O,O,O,O,O,O,19
955,最近沒有興趣了。 每天的日程都像是在重覆。 我正在嘗試找出什麼是自己真正喜歡的事物。,自己,O,O,O,O,O,O,20
955,最近沒有興趣了。 每天的日程都像是在重覆。 我正在嘗試找出什麼是自己真正喜歡的事物。,真正,O,O,O,O,O,O,21
955,最近沒有興趣了。 每天的日程都像是在重覆。 我正在嘗試找出什麼是自己真正喜歡的事物。,喜歡,O,O,O,O,O,O,22
955,最近沒有興趣了。 每天的日程都像是在重覆。 我正在嘗試找出什麼是自己真正喜歡的事物。,的,O,O,O,O,O,O,23
955,最近沒有興趣了。 每天的日程都像是在重覆。 我正在嘗試找出什麼是自己真正喜歡的事物。,事物,O,O,O,O,O,O,24
955,最近沒有興趣了。 每天的日程都像是在重覆。 我正在嘗試找出什麼是自己真正喜歡的事物。,。,O,O,O,O,O,O,25
956,目前我正在經歷一個無法描述的黑暗。 我不知道要從何開始，如何開始。 所有的嘗試似乎都無法使我感受到希望。 我不知道自己還會活多久。,目前,O,O,O,O,O,O,1
956,目前我正在經歷一個無法描述的黑暗。 我不知道要從何開始，如何開始。 所有的嘗試似乎都無法使我感受到希望。 我不知道自己還會活多久。,我,O,O,O,O,O,O,2
956,目前我正在經歷一個無法描述的黑暗。 我不知道要從何開始，如何開始。 所有的嘗試似乎都無法使我感受到希望。 我不知道自己還會活多久。,正,O,O,O,O,O,O,3
956,目前我正在經歷一個無法描述的黑暗。 我不知道要從何開始，如何開始。 所有的嘗試似乎都無法使我感受到希望。 我不知道自己還會活多久。,在,O,O,O,O,O,O,4
956,目前我正在經歷一個無法描述的黑暗。 我不知道要從何開始，如何開始。 所有的嘗試似乎都無法使我感受到希望。 我不知道自己還會活多久。,經歷,O,O,O,O,O,O,5
956,目前我正在經歷一個無法描述的黑暗。 我不知道要從何開始，如何開始。 所有的嘗試似乎都無法使我感受到希望。 我不知道自己還會活多久。,一個,O,O,B-D,B-D,B-D,B-D,6
956,目前我正在經歷一個無法描述的黑暗。 我不知道要從何開始，如何開始。 所有的嘗試似乎都無法使我感受到希望。 我不知道自己還會活多久。,無法,O,B-D,E-D,E-D,E-D,E-D,7
956,目前我正在經歷一個無法描述的黑暗。 我不知道要從何開始，如何開始。 所有的嘗試似乎都無法使我感受到希望。 我不知道自己還會活多久。,描述,O,M-D,O,O,O,O,8
956,目前我正在經歷一個無法描述的黑暗。 我不知道要從何開始，如何開始。 所有的嘗試似乎都無法使我感受到希望。 我不知道自己還會活多久。,的,O,E-D,S-D,S-D,S-D,S-D,9
956,目前我正在經歷一個無法描述的黑暗。 我不知道要從何開始，如何開始。 所有的嘗試似乎都無法使我感受到希望。 我不知道自己還會活多久。,黑暗,S-D,S-D,O,O,O,O,10
956,目前我正在經歷一個無法描述的黑暗。 我不知道要從何開始，如何開始。 所有的嘗試似乎都無法使我感受到希望。 我不知道自己還會活多久。,。,O,O,O,O,O,O,11
956,目前我正在經歷一個無法描述的黑暗。 我不知道要從何開始，如何開始。 所有的嘗試似乎都無法使我感受到希望。 我不知道自己還會活多久。,我,O,O,O,O,O,O,12
956,目前我正在經歷一個無法描述的黑暗。 我不知道要從何開始，如何開始。 所有的嘗試似乎都無法使我感受到希望。 我不知道自己還會活多久。,不,O,O,O,O,O,O,13
956,目前我正在經歷一個無法描述的黑暗。 我不知道要從何開始，如何開始。 所有的嘗試似乎都無法使我感受到希望。 我不知道自己還會活多久。,知道,O,O,O,O,O,O,14
956,目前我正在經歷一個無法描述的黑暗。 我不知道要從何開始，如何開始。 所有的嘗試似乎都無法使我感受到希望。 我不知道自己還會活多久。,要,O,O,O,O,O,O,15
956,目前我正在經歷一個無法描述的黑暗。 我不知道要從何開始，如何開始。 所有的嘗試似乎都無法使我感受到希望。 我不知道自己還會活多久。,從,O,O,O,O,O,O,16
956,目前我正在經歷一個無法描述的黑暗。 我不知道要從何開始，如何開始。 所有的嘗試似乎都無法使我感受到希望。 我不知道自己還會活多久。,何,O,O,O,O,O,O,17
956,目前我正在經歷一個無法描述的黑暗。 我不知道要從何開始，如何開始。 所有的嘗試似乎都無法使我感受到希望。 我不知道自己還會活多久。,開始,O,O,O,O,O,O,18
956,目前我正在經歷一個無法描述的黑暗。 我不知道要從何開始，如何開始。 所有的嘗試似乎都無法使我感受到希望。 我不知道自己還會活多久。,，,O,O,O,O,O,O,19
956,目前我正在經歷一個無法描述的黑暗。 我不知道要從何開始，如何開始。 所有的嘗試似乎都無法使我感受到希望。 我不知道自己還會活多久。,如何,O,O,O,O,O,O,20
956,目前我正在經歷一個無法描述的黑暗。 我不知道要從何開始，如何開始。 所有的嘗試似乎都無法使我感受到希望。 我不知道自己還會活多久。,開始,O,O,O,O,O,O,21
956,目前我正在經歷一個無法描述的黑暗。 我不知道要從何開始，如何開始。 所有的嘗試似乎都無法使我感受到希望。 我不知道自己還會活多久。,。,O,O,O,O,O,O,22
956,目前我正在經歷一個無法描述的黑暗。 我不知道要從何開始，如何開始。 所有的嘗試似乎都無法使我感受到希望。 我不知道自己還會活多久。,所有,O,O,O,O,O,O,23
956,目前我正在經歷一個無法描述的黑暗。 我不知道要從何開始，如何開始。 所有的嘗試似乎都無法使我感受到希望。 我不知道自己還會活多久。,的,O,O,O,O,O,O,24
956,目前我正在經歷一個無法描述的黑暗。 我不知道要從何開始，如何開始。 所有的嘗試似乎都無法使我感受到希望。 我不知道自己還會活多久。,嘗試,O,O,O,O,O,O,25
956,目前我正在經歷一個無法描述的黑暗。 我不知道要從何開始，如何開始。 所有的嘗試似乎都無法使我感受到希望。 我不知道自己還會活多久。,似乎,O,O,B-D,B-D,B-D,B-D,26
956,目前我正在經歷一個無法描述的黑暗。 我不知道要從何開始，如何開始。 所有的嘗試似乎都無法使我感受到希望。 我不知道自己還會活多久。,都,O,O,O,O,O,O,27
956,目前我正在經歷一個無法描述的黑暗。 我不知道要從何開始，如何開始。 所有的嘗試似乎都無法使我感受到希望。 我不知道自己還會活多久。,無法,B-A,B-D,O,O,O,O,28
956,目前我正在經歷一個無法描述的黑暗。 我不知道要從何開始，如何開始。 所有的嘗試似乎都無法使我感受到希望。 我不知道自己還會活多久。,使,M-A,O,O,O,O,O,29
956,目前我正在經歷一個無法描述的黑暗。 我不知道要從何開始，如何開始。 所有的嘗試似乎都無法使我感受到希望。 我不知道自己還會活多久。,我,M-A,O,S-A,S-A,S-A,S-A,30
956,目前我正在經歷一個無法描述的黑暗。 我不知道要從何開始，如何開始。 所有的嘗試似乎都無法使我感受到希望。 我不知道自己還會活多久。,感受到,M-A,O,O,O,O,O,31
956,目前我正在經歷一個無法描述的黑暗。 我不知道要從何開始，如何開始。 所有的嘗試似乎都無法使我感受到希望。 我不知道自己還會活多久。,希望,E-A,S-A,O,O,O,O,32
956,目前我正在經歷一個無法描述的黑暗。 我不知道要從何開始，如何開始。 所有的嘗試似乎都無法使我感受到希望。 我不知道自己還會活多久。,。,O,O,O,O,O,O,33
956,目前我正在經歷一個無法描述的黑暗。 我不知道要從何開始，如何開始。 所有的嘗試似乎都無法使我感受到希望。 我不知道自己還會活多久。,我,O,O,O,O,O,O,34
956,目前我正在經歷一個無法描述的黑暗。 我不知道要從何開始，如何開始。 所有的嘗試似乎都無法使我感受到希望。 我不知道自己還會活多久。,不,O,O,O,O,O,O,35
956,目前我正在經歷一個無法描述的黑暗。 我不知道要從何開始，如何開始。 所有的嘗試似乎都無法使我感受到希望。 我不知道自己還會活多久。,知道,O,O,O,O,O,O,36
956,目前我正在經歷一個無法描述的黑暗。 我不知道要從何開始，如何開始。 所有的嘗試似乎都無法使我感受到希望。 我不知道自己還會活多久。,自己,O,O,O,O,O,O,37
956,目前我正在經歷一個無法描述的黑暗。 我不知道要從何開始，如何開始。 所有的嘗試似乎都無法使我感受到希望。 我不知道自己還會活多久。,還,O,O,O,O,O,O,38
956,目前我正在經歷一個無法描述的黑暗。 我不知道要從何開始，如何開始。 所有的嘗試似乎都無法使我感受到希望。 我不知道自己還會活多久。,會,O,O,O,O,O,O,39
956,目前我正在經歷一個無法描述的黑暗。 我不知道要從何開始，如何開始。 所有的嘗試似乎都無法使我感受到希望。 我不知道自己還會活多久。,活,O,O,缺失預測,缺失預測,缺失預測,缺失預測,40
956,目前我正在經歷一個無法描述的黑暗。 我不知道要從何開始，如何開始。 所有的嘗試似乎都無法使我感受到希望。 我不知道自己還會活多久。,多久,O,O,缺失預測,缺失預測,缺失預測,缺失預測,41
956,目前我正在經歷一個無法描述的黑暗。 我不知道要從何開始，如何開始。 所有的嘗試似乎都無法使我感受到希望。 我不知道自己還會活多久。,。,O,O,缺失預測,缺失預測,缺失預測,缺失預測,42
957,這一刻，我只想放棄所有事... 所有工作、所有友情、所有希望... 這不是我典型的態度，但我真的無法控制自己了... 我只想失去所有的痛,這一刻,O,O,O,O,O,O,1
957,這一刻，我只想放棄所有事... 所有工作、所有友情、所有希望... 這不是我典型的態度，但我真的無法控制自己了... 我只想失去所有的痛,，,O,O,O,O,O,O,2
957,這一刻，我只想放棄所有事... 所有工作、所有友情、所有希望... 這不是我典型的態度，但我真的無法控制自己了... 我只想失去所有的痛,我,O,O,O,O,O,O,3
957,這一刻，我只想放棄所有事... 所有工作、所有友情、所有希望... 這不是我典型的態度，但我真的無法控制自己了... 我只想失去所有的痛,只,O,O,O,O,O,O,4
957,這一刻，我只想放棄所有事... 所有工作、所有友情、所有希望... 這不是我典型的態度，但我真的無法控制自己了... 我只想失去所有的痛,想,O,O,O,O,O,O,5
957,這一刻，我只想放棄所有事... 所有工作、所有友情、所有希望... 這不是我典型的態度，但我真的無法控制自己了... 我只想失去所有的痛,放棄,B-D,B-D,B-D,B-D,B-D,B-D,6
957,這一刻，我只想放棄所有事... 所有工作、所有友情、所有希望... 這不是我典型的態度，但我真的無法控制自己了... 我只想失去所有的痛,所有,M-D,M-D,M-D,M-D,M-D,M-D,7
957,這一刻，我只想放棄所有事... 所有工作、所有友情、所有希望... 這不是我典型的態度，但我真的無法控制自己了... 我只想失去所有的痛,事,E-D,E-D,E-D,E-D,E-D,E-D,8
957,這一刻，我只想放棄所有事... 所有工作、所有友情、所有希望... 這不是我典型的態度，但我真的無法控制自己了... 我只想失去所有的痛,...,O,O,O,O,O,O,9
957,這一刻，我只想放棄所有事... 所有工作、所有友情、所有希望... 這不是我典型的態度，但我真的無法控制自己了... 我只想失去所有的痛,所有,O,O,O,O,O,O,10
957,這一刻，我只想放棄所有事... 所有工作、所有友情、所有希望... 這不是我典型的態度，但我真的無法控制自己了... 我只想失去所有的痛,工作,O,O,O,O,O,O,11
957,這一刻，我只想放棄所有事... 所有工作、所有友情、所有希望... 這不是我典型的態度，但我真的無法控制自己了... 我只想失去所有的痛,、,O,O,O,O,O,O,12
957,這一刻，我只想放棄所有事... 所有工作、所有友情、所有希望... 這不是我典型的態度，但我真的無法控制自己了... 我只想失去所有的痛,所有,O,O,O,O,O,O,13
957,這一刻，我只想放棄所有事... 所有工作、所有友情、所有希望... 這不是我典型的態度，但我真的無法控制自己了... 我只想失去所有的痛,友情,O,O,O,O,O,O,14
957,這一刻，我只想放棄所有事... 所有工作、所有友情、所有希望... 這不是我典型的態度，但我真的無法控制自己了... 我只想失去所有的痛,、,O,O,O,O,O,O,15
957,這一刻，我只想放棄所有事... 所有工作、所有友情、所有希望... 這不是我典型的態度，但我真的無法控制自己了... 我只想失去所有的痛,所有,O,O,O,O,O,O,16
957,這一刻，我只想放棄所有事... 所有工作、所有友情、所有希望... 這不是我典型的態度，但我真的無法控制自己了... 我只想失去所有的痛,希望,O,O,O,O,O,O,17
957,這一刻，我只想放棄所有事... 所有工作、所有友情、所有希望... 這不是我典型的態度，但我真的無法控制自己了... 我只想失去所有的痛,...,O,O,O,O,O,O,18
957,這一刻，我只想放棄所有事... 所有工作、所有友情、所有希望... 這不是我典型的態度，但我真的無法控制自己了... 我只想失去所有的痛,這,O,O,O,O,O,O,19
957,這一刻，我只想放棄所有事... 所有工作、所有友情、所有希望... 這不是我典型的態度，但我真的無法控制自己了... 我只想失去所有的痛,不是,O,O,O,O,O,O,20
957,這一刻，我只想放棄所有事... 所有工作、所有友情、所有希望... 這不是我典型的態度，但我真的無法控制自己了... 我只想失去所有的痛,我,O,O,O,O,O,O,21
957,這一刻，我只想放棄所有事... 所有工作、所有友情、所有希望... 這不是我典型的態度，但我真的無法控制自己了... 我只想失去所有的痛,典型,O,O,O,O,O,O,22
957,這一刻，我只想放棄所有事... 所有工作、所有友情、所有希望... 這不是我典型的態度，但我真的無法控制自己了... 我只想失去所有的痛,的,O,O,O,O,O,O,23
957,這一刻，我只想放棄所有事... 所有工作、所有友情、所有希望... 這不是我典型的態度，但我真的無法控制自己了... 我只想失去所有的痛,態度,O,O,O,O,O,O,24
957,這一刻，我只想放棄所有事... 所有工作、所有友情、所有希望... 這不是我典型的態度，但我真的無法控制自己了... 我只想失去所有的痛,，,O,O,O,O,O,O,25
957,這一刻，我只想放棄所有事... 所有工作、所有友情、所有希望... 這不是我典型的態度，但我真的無法控制自己了... 我只想失去所有的痛,但,O,O,O,O,O,O,26
957,這一刻，我只想放棄所有事... 所有工作、所有友情、所有希望... 這不是我典型的態度，但我真的無法控制自己了... 我只想失去所有的痛,我,O,O,O,O,O,O,27
957,這一刻，我只想放棄所有事... 所有工作、所有友情、所有希望... 這不是我典型的態度，但我真的無法控制自己了... 我只想失去所有的痛,真的,O,O,O,O,O,O,28
957,這一刻，我只想放棄所有事... 所有工作、所有友情、所有希望... 這不是我典型的態度，但我真的無法控制自己了... 我只想失去所有的痛,無法,B-D,B-D,B-D,B-D,B-D,B-D,29
957,這一刻，我只想放棄所有事... 所有工作、所有友情、所有希望... 這不是我典型的態度，但我真的無法控制自己了... 我只想失去所有的痛,控制,E-D,E-D,E-D,E-D,E-D,E-D,30
957,這一刻，我只想放棄所有事... 所有工作、所有友情、所有希望... 這不是我典型的態度，但我真的無法控制自己了... 我只想失去所有的痛,自己,O,O,O,O,O,O,31
957,這一刻，我只想放棄所有事... 所有工作、所有友情、所有希望... 這不是我典型的態度，但我真的無法控制自己了... 我只想失去所有的痛,了,O,O,O,O,O,O,32
957,這一刻，我只想放棄所有事... 所有工作、所有友情、所有希望... 這不是我典型的態度，但我真的無法控制自己了... 我只想失去所有的痛,...,O,O,O,O,O,O,33
957,這一刻，我只想放棄所有事... 所有工作、所有友情、所有希望... 這不是我典型的態度，但我真的無法控制自己了... 我只想失去所有的痛,我,O,O,O,O,O,O,34
957,這一刻，我只想放棄所有事... 所有工作、所有友情、所有希望... 這不是我典型的態度，但我真的無法控制自己了... 我只想失去所有的痛,只,O,O,O,O,O,O,35
957,這一刻，我只想放棄所有事... 所有工作、所有友情、所有希望... 這不是我典型的態度，但我真的無法控制自己了... 我只想失去所有的痛,想,O,O,O,O,O,O,36
957,這一刻，我只想放棄所有事... 所有工作、所有友情、所有希望... 這不是我典型的態度，但我真的無法控制自己了... 我只想失去所有的痛,失去,O,B-D,B-D,B-D,B-D,B-D,37
957,這一刻，我只想放棄所有事... 所有工作、所有友情、所有希望... 這不是我典型的態度，但我真的無法控制自己了... 我只想失去所有的痛,所有,O,M-D,M-D,M-D,M-D,M-D,38
957,這一刻，我只想放棄所有事... 所有工作、所有友情、所有希望... 這不是我典型的態度，但我真的無法控制自己了... 我只想失去所有的痛,的,O,O,O,O,O,O,39
957,這一刻，我只想放棄所有事... 所有工作、所有友情、所有希望... 這不是我典型的態度，但我真的無法控制自己了... 我只想失去所有的痛,痛,O,E-D,E-D,E-D,E-D,E-D,40
958,我現在住在一個充滿了假面和假心的社會，很多人都在表演，但我知道我不是真實的。我想結束一切，想要逃離這種無助感的世界。我想這也許是自殺的選擇，但我也不知道該如何做。,我,O,O,O,O,O,O,1
958,我現在住在一個充滿了假面和假心的社會，很多人都在表演，但我知道我不是真實的。我想結束一切，想要逃離這種無助感的世界。我想這也許是自殺的選擇，但我也不知道該如何做。,現在,O,O,O,O,O,O,2
958,我現在住在一個充滿了假面和假心的社會，很多人都在表演，但我知道我不是真實的。我想結束一切，想要逃離這種無助感的世界。我想這也許是自殺的選擇，但我也不知道該如何做。,住,O,O,O,O,O,O,3
958,我現在住在一個充滿了假面和假心的社會，很多人都在表演，但我知道我不是真實的。我想結束一切，想要逃離這種無助感的世界。我想這也許是自殺的選擇，但我也不知道該如何做。,在,O,O,O,O,O,O,4
958,我現在住在一個充滿了假面和假心的社會，很多人都在表演，但我知道我不是真實的。我想結束一切，想要逃離這種無助感的世界。我想這也許是自殺的選擇，但我也不知道該如何做。,一個,O,O,O,O,O,O,5
958,我現在住在一個充滿了假面和假心的社會，很多人都在表演，但我知道我不是真實的。我想結束一切，想要逃離這種無助感的世界。我想這也許是自殺的選擇，但我也不知道該如何做。,充滿,O,O,O,O,O,O,6
958,我現在住在一個充滿了假面和假心的社會，很多人都在表演，但我知道我不是真實的。我想結束一切，想要逃離這種無助感的世界。我想這也許是自殺的選擇，但我也不知道該如何做。,了,O,O,O,O,O,O,7
958,我現在住在一個充滿了假面和假心的社會，很多人都在表演，但我知道我不是真實的。我想結束一切，想要逃離這種無助感的世界。我想這也許是自殺的選擇，但我也不知道該如何做。,假面,O,O,O,O,O,O,8
958,我現在住在一個充滿了假面和假心的社會，很多人都在表演，但我知道我不是真實的。我想結束一切，想要逃離這種無助感的世界。我想這也許是自殺的選擇，但我也不知道該如何做。,和,O,O,O,O,O,O,9
958,我現在住在一個充滿了假面和假心的社會，很多人都在表演，但我知道我不是真實的。我想結束一切，想要逃離這種無助感的世界。我想這也許是自殺的選擇，但我也不知道該如何做。,假心,O,O,O,O,O,O,10
958,我現在住在一個充滿了假面和假心的社會，很多人都在表演，但我知道我不是真實的。我想結束一切，想要逃離這種無助感的世界。我想這也許是自殺的選擇，但我也不知道該如何做。,的,O,O,O,O,O,O,11
958,我現在住在一個充滿了假面和假心的社會，很多人都在表演，但我知道我不是真實的。我想結束一切，想要逃離這種無助感的世界。我想這也許是自殺的選擇，但我也不知道該如何做。,社會,O,O,O,O,O,O,12
958,我現在住在一個充滿了假面和假心的社會，很多人都在表演，但我知道我不是真實的。我想結束一切，想要逃離這種無助感的世界。我想這也許是自殺的選擇，但我也不知道該如何做。,，,O,O,O,O,O,O,13
958,我現在住在一個充滿了假面和假心的社會，很多人都在表演，但我知道我不是真實的。我想結束一切，想要逃離這種無助感的世界。我想這也許是自殺的選擇，但我也不知道該如何做。,很多,O,O,O,O,O,O,14
958,我現在住在一個充滿了假面和假心的社會，很多人都在表演，但我知道我不是真實的。我想結束一切，想要逃離這種無助感的世界。我想這也許是自殺的選擇，但我也不知道該如何做。,人,O,O,O,O,O,O,15
958,我現在住在一個充滿了假面和假心的社會，很多人都在表演，但我知道我不是真實的。我想結束一切，想要逃離這種無助感的世界。我想這也許是自殺的選擇，但我也不知道該如何做。,都,O,O,O,O,O,O,16
958,我現在住在一個充滿了假面和假心的社會，很多人都在表演，但我知道我不是真實的。我想結束一切，想要逃離這種無助感的世界。我想這也許是自殺的選擇，但我也不知道該如何做。,在,O,O,O,O,O,O,17
958,我現在住在一個充滿了假面和假心的社會，很多人都在表演，但我知道我不是真實的。我想結束一切，想要逃離這種無助感的世界。我想這也許是自殺的選擇，但我也不知道該如何做。,表演,O,O,O,O,O,O,18
958,我現在住在一個充滿了假面和假心的社會，很多人都在表演，但我知道我不是真實的。我想結束一切，想要逃離這種無助感的世界。我想這也許是自殺的選擇，但我也不知道該如何做。,，,O,O,O,O,O,O,19
958,我現在住在一個充滿了假面和假心的社會，很多人都在表演，但我知道我不是真實的。我想結束一切，想要逃離這種無助感的世界。我想這也許是自殺的選擇，但我也不知道該如何做。,但,O,O,O,O,O,O,20
958,我現在住在一個充滿了假面和假心的社會，很多人都在表演，但我知道我不是真實的。我想結束一切，想要逃離這種無助感的世界。我想這也許是自殺的選擇，但我也不知道該如何做。,我,O,O,O,O,O,O,21
958,我現在住在一個充滿了假面和假心的社會，很多人都在表演，但我知道我不是真實的。我想結束一切，想要逃離這種無助感的世界。我想這也許是自殺的選擇，但我也不知道該如何做。,知道,O,O,O,O,O,O,22
958,我現在住在一個充滿了假面和假心的社會，很多人都在表演，但我知道我不是真實的。我想結束一切，想要逃離這種無助感的世界。我想這也許是自殺的選擇，但我也不知道該如何做。,我,O,O,O,O,O,O,23
958,我現在住在一個充滿了假面和假心的社會，很多人都在表演，但我知道我不是真實的。我想結束一切，想要逃離這種無助感的世界。我想這也許是自殺的選擇，但我也不知道該如何做。,不,O,O,O,O,O,O,24
958,我現在住在一個充滿了假面和假心的社會，很多人都在表演，但我知道我不是真實的。我想結束一切，想要逃離這種無助感的世界。我想這也許是自殺的選擇，但我也不知道該如何做。,是,O,O,O,O,O,O,25
958,我現在住在一個充滿了假面和假心的社會，很多人都在表演，但我知道我不是真實的。我想結束一切，想要逃離這種無助感的世界。我想這也許是自殺的選擇，但我也不知道該如何做。,真實,O,O,O,O,O,O,26
958,我現在住在一個充滿了假面和假心的社會，很多人都在表演，但我知道我不是真實的。我想結束一切，想要逃離這種無助感的世界。我想這也許是自殺的選擇，但我也不知道該如何做。,的,O,O,O,O,O,O,27
958,我現在住在一個充滿了假面和假心的社會，很多人都在表演，但我知道我不是真實的。我想結束一切，想要逃離這種無助感的世界。我想這也許是自殺的選擇，但我也不知道該如何做。,。,O,O,O,O,O,O,28
958,我現在住在一個充滿了假面和假心的社會，很多人都在表演，但我知道我不是真實的。我想結束一切，想要逃離這種無助感的世界。我想這也許是自殺的選擇，但我也不知道該如何做。,我,O,O,O,O,O,O,29
958,我現在住在一個充滿了假面和假心的社會，很多人都在表演，但我知道我不是真實的。我想結束一切，想要逃離這種無助感的世界。我想這也許是自殺的選擇，但我也不知道該如何做。,想,O,O,O,O,O,O,30
958,我現在住在一個充滿了假面和假心的社會，很多人都在表演，但我知道我不是真實的。我想結束一切，想要逃離這種無助感的世界。我想這也許是自殺的選擇，但我也不知道該如何做。,結束,O,O,O,O,O,O,31
958,我現在住在一個充滿了假面和假心的社會，很多人都在表演，但我知道我不是真實的。我想結束一切，想要逃離這種無助感的世界。我想這也許是自殺的選擇，但我也不知道該如何做。,一切,O,O,O,O,O,O,32
958,我現在住在一個充滿了假面和假心的社會，很多人都在表演，但我知道我不是真實的。我想結束一切，想要逃離這種無助感的世界。我想這也許是自殺的選擇，但我也不知道該如何做。,，,O,O,O,O,O,O,33
958,我現在住在一個充滿了假面和假心的社會，很多人都在表演，但我知道我不是真實的。我想結束一切，想要逃離這種無助感的世界。我想這也許是自殺的選擇，但我也不知道該如何做。,想要,O,O,O,O,O,O,34
958,我現在住在一個充滿了假面和假心的社會，很多人都在表演，但我知道我不是真實的。我想結束一切，想要逃離這種無助感的世界。我想這也許是自殺的選擇，但我也不知道該如何做。,逃離,O,O,O,O,O,O,35
958,我現在住在一個充滿了假面和假心的社會，很多人都在表演，但我知道我不是真實的。我想結束一切，想要逃離這種無助感的世界。我想這也許是自殺的選擇，但我也不知道該如何做。,這種,O,O,O,O,O,O,36
958,我現在住在一個充滿了假面和假心的社會，很多人都在表演，但我知道我不是真實的。我想結束一切，想要逃離這種無助感的世界。我想這也許是自殺的選擇，但我也不知道該如何做。,無助感,S-W,S-W,S-W,S-W,S-W,S-W,37
958,我現在住在一個充滿了假面和假心的社會，很多人都在表演，但我知道我不是真實的。我想結束一切，想要逃離這種無助感的世界。我想這也許是自殺的選擇，但我也不知道該如何做。,的,O,O,O,O,O,O,38
958,我現在住在一個充滿了假面和假心的社會，很多人都在表演，但我知道我不是真實的。我想結束一切，想要逃離這種無助感的世界。我想這也許是自殺的選擇，但我也不知道該如何做。,世界,O,O,O,O,O,O,39
958,我現在住在一個充滿了假面和假心的社會，很多人都在表演，但我知道我不是真實的。我想結束一切，想要逃離這種無助感的世界。我想這也許是自殺的選擇，但我也不知道該如何做。,。,O,O,O,O,O,O,40
958,我現在住在一個充滿了假面和假心的社會，很多人都在表演，但我知道我不是真實的。我想結束一切，想要逃離這種無助感的世界。我想這也許是自殺的選擇，但我也不知道該如何做。,我,O,O,O,O,O,O,41
958,我現在住在一個充滿了假面和假心的社會，很多人都在表演，但我知道我不是真實的。我想結束一切，想要逃離這種無助感的世界。我想這也許是自殺的選擇，但我也不知道該如何做。,想,O,O,O,O,O,O,42
958,我現在住在一個充滿了假面和假心的社會，很多人都在表演，但我知道我不是真實的。我想結束一切，想要逃離這種無助感的世界。我想這也許是自殺的選擇，但我也不知道該如何做。,這,O,O,O,O,O,O,43
958,我現在住在一個充滿了假面和假心的社會，很多人都在表演，但我知道我不是真實的。我想結束一切，想要逃離這種無助感的世界。我想這也許是自殺的選擇，但我也不知道該如何做。,也許,O,O,O,O,O,O,44
958,我現在住在一個充滿了假面和假心的社會，很多人都在表演，但我知道我不是真實的。我想結束一切，想要逃離這種無助感的世界。我想這也許是自殺的選擇，但我也不知道該如何做。,是,O,O,O,O,O,O,45
958,我現在住在一個充滿了假面和假心的社會，很多人都在表演，但我知道我不是真實的。我想結束一切，想要逃離這種無助感的世界。我想這也許是自殺的選擇，但我也不知道該如何做。,自殺,S-U,S-U,S-U,S-U,S-U,S-U,46
958,我現在住在一個充滿了假面和假心的社會，很多人都在表演，但我知道我不是真實的。我想結束一切，想要逃離這種無助感的世界。我想這也許是自殺的選擇，但我也不知道該如何做。,的,O,O,O,O,O,O,47
958,我現在住在一個充滿了假面和假心的社會，很多人都在表演，但我知道我不是真實的。我想結束一切，想要逃離這種無助感的世界。我想這也許是自殺的選擇，但我也不知道該如何做。,選擇,O,O,O,O,O,O,48
958,我現在住在一個充滿了假面和假心的社會，很多人都在表演，但我知道我不是真實的。我想結束一切，想要逃離這種無助感的世界。我想這也許是自殺的選擇，但我也不知道該如何做。,，,O,O,O,O,O,O,49
958,我現在住在一個充滿了假面和假心的社會，很多人都在表演，但我知道我不是真實的。我想結束一切，想要逃離這種無助感的世界。我想這也許是自殺的選擇，但我也不知道該如何做。,但,O,O,O,O,O,O,50
958,我現在住在一個充滿了假面和假心的社會，很多人都在表演，但我知道我不是真實的。我想結束一切，想要逃離這種無助感的世界。我想這也許是自殺的選擇，但我也不知道該如何做。,我,O,O,O,O,O,O,51
958,我現在住在一個充滿了假面和假心的社會，很多人都在表演，但我知道我不是真實的。我想結束一切，想要逃離這種無助感的世界。我想這也許是自殺的選擇，但我也不知道該如何做。,也,O,O,O,O,O,O,52
958,我現在住在一個充滿了假面和假心的社會，很多人都在表演，但我知道我不是真實的。我想結束一切，想要逃離這種無助感的世界。我想這也許是自殺的選擇，但我也不知道該如何做。,不知道,O,O,O,O,O,O,53
958,我現在住在一個充滿了假面和假心的社會，很多人都在表演，但我知道我不是真實的。我想結束一切，想要逃離這種無助感的世界。我想這也許是自殺的選擇，但我也不知道該如何做。,該,O,O,O,O,O,O,54
958,我現在住在一個充滿了假面和假心的社會，很多人都在表演，但我知道我不是真實的。我想結束一切，想要逃離這種無助感的世界。我想這也許是自殺的選擇，但我也不知道該如何做。,如何,O,O,O,O,O,O,55
958,我現在住在一個充滿了假面和假心的社會，很多人都在表演，但我知道我不是真實的。我想結束一切，想要逃離這種無助感的世界。我想這也許是自殺的選擇，但我也不知道該如何做。,做,O,O,O,O,O,O,56
958,我現在住在一個充滿了假面和假心的社會，很多人都在表演，但我知道我不是真實的。我想結束一切，想要逃離這種無助感的世界。我想這也許是自殺的選擇，但我也不知道該如何做。,。,O,O,O,O,O,O,57
959,我開始喪失了興趣... 每天看起來都是一個無法掌控的環境 ...,我,O,O,O,O,O,O,1
959,我開始喪失了興趣... 每天看起來都是一個無法掌控的環境 ...,開始,O,O,O,O,O,O,2
959,我開始喪失了興趣... 每天看起來都是一個無法掌控的環境 ...,喪失,B-A,B-A,B-A,B-A,B-A,B-A,3
959,我開始喪失了興趣... 每天看起來都是一個無法掌控的環境 ...,了,M-A,M-A,M-A,M-A,M-A,M-A,4
959,我開始喪失了興趣... 每天看起來都是一個無法掌控的環境 ...,興趣,E-A,E-A,E-A,E-A,E-A,E-A,5
959,我開始喪失了興趣... 每天看起來都是一個無法掌控的環境 ...,...,O,O,O,O,O,O,6
959,我開始喪失了興趣... 每天看起來都是一個無法掌控的環境 ...,每天,O,O,O,O,O,O,7
959,我開始喪失了興趣... 每天看起來都是一個無法掌控的環境 ...,看起來,O,O,O,O,O,O,8
959,我開始喪失了興趣... 每天看起來都是一個無法掌控的環境 ...,都,O,O,O,O,O,O,9
959,我開始喪失了興趣... 每天看起來都是一個無法掌控的環境 ...,是,O,O,O,O,O,O,10
959,我開始喪失了興趣... 每天看起來都是一個無法掌控的環境 ...,一個,O,O,O,O,O,O,11
959,我開始喪失了興趣... 每天看起來都是一個無法掌控的環境 ...,無法,B-D,B-D,O,B-D,B-D,O,12
959,我開始喪失了興趣... 每天看起來都是一個無法掌控的環境 ...,掌控,E-D,E-D,B-D,E-D,E-D,B-D,13
959,我開始喪失了興趣... 每天看起來都是一個無法掌控的環境 ...,的,O,O,E-D,O,O,E-D,14
959,我開始喪失了興趣... 每天看起來都是一個無法掌控的環境 ...,環境,O,O,O,O,O,O,15
959,我開始喪失了興趣... 每天看起來都是一個無法掌控的環境 ...,...,O,O,O,O,O,O,16
960,每天都是一場無法逃離的黑暗圈圈 只知道在這裡，痛苦不斷，失望無限 這個世界似乎對我來說已經是無盡的痛苦，很想終結這段生活，不想活著,每天,O,O,O,O,O,O,1
960,每天都是一場無法逃離的黑暗圈圈 只知道在這裡，痛苦不斷，失望無限 這個世界似乎對我來說已經是無盡的痛苦，很想終結這段生活，不想活著,都,O,O,O,O,O,O,2
960,每天都是一場無法逃離的黑暗圈圈 只知道在這裡，痛苦不斷，失望無限 這個世界似乎對我來說已經是無盡的痛苦，很想終結這段生活，不想活著,是,O,O,O,O,O,O,3
960,每天都是一場無法逃離的黑暗圈圈 只知道在這裡，痛苦不斷，失望無限 這個世界似乎對我來說已經是無盡的痛苦，很想終結這段生活，不想活著,一場,O,O,O,O,O,O,4
960,每天都是一場無法逃離的黑暗圈圈 只知道在這裡，痛苦不斷，失望無限 這個世界似乎對我來說已經是無盡的痛苦，很想終結這段生活，不想活著,無法,B-D,B-D,B-D,B-D,B-D,B-D,5
960,每天都是一場無法逃離的黑暗圈圈 只知道在這裡，痛苦不斷，失望無限 這個世界似乎對我來說已經是無盡的痛苦，很想終結這段生活，不想活著,逃離,E-D,E-D,E-D,E-D,E-D,E-D,6
960,每天都是一場無法逃離的黑暗圈圈 只知道在這裡，痛苦不斷，失望無限 這個世界似乎對我來說已經是無盡的痛苦，很想終結這段生活，不想活著,的,O,O,O,O,O,O,7
960,每天都是一場無法逃離的黑暗圈圈 只知道在這裡，痛苦不斷，失望無限 這個世界似乎對我來說已經是無盡的痛苦，很想終結這段生活，不想活著,黑暗,S-D,S-D,S-D,S-D,S-D,S-D,8
960,每天都是一場無法逃離的黑暗圈圈 只知道在這裡，痛苦不斷，失望無限 這個世界似乎對我來說已經是無盡的痛苦，很想終結這段生活，不想活著,圈圈,O,O,O,O,O,O,9
960,每天都是一場無法逃離的黑暗圈圈 只知道在這裡，痛苦不斷，失望無限 這個世界似乎對我來說已經是無盡的痛苦，很想終結這段生活，不想活著,只,O,O,O,O,O,O,10
960,每天都是一場無法逃離的黑暗圈圈 只知道在這裡，痛苦不斷，失望無限 這個世界似乎對我來說已經是無盡的痛苦，很想終結這段生活，不想活著,知道,O,O,O,O,O,O,11
960,每天都是一場無法逃離的黑暗圈圈 只知道在這裡，痛苦不斷，失望無限 這個世界似乎對我來說已經是無盡的痛苦，很想終結這段生活，不想活著,在,O,O,O,O,O,O,12
960,每天都是一場無法逃離的黑暗圈圈 只知道在這裡，痛苦不斷，失望無限 這個世界似乎對我來說已經是無盡的痛苦，很想終結這段生活，不想活著,這裡,O,O,O,O,O,O,13
960,每天都是一場無法逃離的黑暗圈圈 只知道在這裡，痛苦不斷，失望無限 這個世界似乎對我來說已經是無盡的痛苦，很想終結這段生活，不想活著,，,O,O,O,O,O,O,14
960,每天都是一場無法逃離的黑暗圈圈 只知道在這裡，痛苦不斷，失望無限 這個世界似乎對我來說已經是無盡的痛苦，很想終結這段生活，不想活著,痛苦,S-D,S-D,S-D,S-D,S-D,S-D,15
960,每天都是一場無法逃離的黑暗圈圈 只知道在這裡，痛苦不斷，失望無限 這個世界似乎對我來說已經是無盡的痛苦，很想終結這段生活，不想活著,不斷,O,O,O,O,O,O,16
960,每天都是一場無法逃離的黑暗圈圈 只知道在這裡，痛苦不斷，失望無限 這個世界似乎對我來說已經是無盡的痛苦，很想終結這段生活，不想活著,，,O,O,O,O,O,O,17
960,每天都是一場無法逃離的黑暗圈圈 只知道在這裡，痛苦不斷，失望無限 這個世界似乎對我來說已經是無盡的痛苦，很想終結這段生活，不想活著,失望,S-D,S-D,S-D,S-D,S-D,S-D,18
960,每天都是一場無法逃離的黑暗圈圈 只知道在這裡，痛苦不斷，失望無限 這個世界似乎對我來說已經是無盡的痛苦，很想終結這段生活，不想活著,無限,O,O,O,O,O,O,19
960,每天都是一場無法逃離的黑暗圈圈 只知道在這裡，痛苦不斷，失望無限 這個世界似乎對我來說已經是無盡的痛苦，很想終結這段生活，不想活著,這個,O,O,O,O,O,O,20
960,每天都是一場無法逃離的黑暗圈圈 只知道在這裡，痛苦不斷，失望無限 這個世界似乎對我來說已經是無盡的痛苦，很想終結這段生活，不想活著,世界,O,O,O,O,O,O,21
960,每天都是一場無法逃離的黑暗圈圈 只知道在這裡，痛苦不斷，失望無限 這個世界似乎對我來說已經是無盡的痛苦，很想終結這段生活，不想活著,似乎,O,O,O,O,O,O,22
960,每天都是一場無法逃離的黑暗圈圈 只知道在這裡，痛苦不斷，失望無限 這個世界似乎對我來說已經是無盡的痛苦，很想終結這段生活，不想活著,對,O,O,O,O,O,O,23
960,每天都是一場無法逃離的黑暗圈圈 只知道在這裡，痛苦不斷，失望無限 這個世界似乎對我來說已經是無盡的痛苦，很想終結這段生活，不想活著,我,O,O,O,O,O,O,24
960,每天都是一場無法逃離的黑暗圈圈 只知道在這裡，痛苦不斷，失望無限 這個世界似乎對我來說已經是無盡的痛苦，很想終結這段生活，不想活著,來說,O,O,O,O,O,O,25
960,每天都是一場無法逃離的黑暗圈圈 只知道在這裡，痛苦不斷，失望無限 這個世界似乎對我來說已經是無盡的痛苦，很想終結這段生活，不想活著,已經,O,O,O,O,O,O,26
960,每天都是一場無法逃離的黑暗圈圈 只知道在這裡，痛苦不斷，失望無限 這個世界似乎對我來說已經是無盡的痛苦，很想終結這段生活，不想活著,是,O,O,O,O,O,O,27
960,每天都是一場無法逃離的黑暗圈圈 只知道在這裡，痛苦不斷，失望無限 這個世界似乎對我來說已經是無盡的痛苦，很想終結這段生活，不想活著,無盡,S-D,S-D,S-D,S-D,S-D,S-D,28
960,每天都是一場無法逃離的黑暗圈圈 只知道在這裡，痛苦不斷，失望無限 這個世界似乎對我來說已經是無盡的痛苦，很想終結這段生活，不想活著,的,O,O,O,O,O,O,29
960,每天都是一場無法逃離的黑暗圈圈 只知道在這裡，痛苦不斷，失望無限 這個世界似乎對我來說已經是無盡的痛苦，很想終結這段生活，不想活著,痛苦,S-D,S-D,S-D,S-D,S-D,S-D,30
960,每天都是一場無法逃離的黑暗圈圈 只知道在這裡，痛苦不斷，失望無限 這個世界似乎對我來說已經是無盡的痛苦，很想終結這段生活，不想活著,，,O,O,O,O,O,O,31
960,每天都是一場無法逃離的黑暗圈圈 只知道在這裡，痛苦不斷，失望無限 這個世界似乎對我來說已經是無盡的痛苦，很想終結這段生活，不想活著,很,O,O,O,O,O,O,32
960,每天都是一場無法逃離的黑暗圈圈 只知道在這裡，痛苦不斷，失望無限 這個世界似乎對我來說已經是無盡的痛苦，很想終結這段生活，不想活著,想,O,O,O,O,O,O,33
960,每天都是一場無法逃離的黑暗圈圈 只知道在這裡，痛苦不斷，失望無限 這個世界似乎對我來說已經是無盡的痛苦，很想終結這段生活，不想活著,終結,O,O,O,O,O,O,34
960,每天都是一場無法逃離的黑暗圈圈 只知道在這裡，痛苦不斷，失望無限 這個世界似乎對我來說已經是無盡的痛苦，很想終結這段生活，不想活著,這段,O,O,O,O,O,O,35
960,每天都是一場無法逃離的黑暗圈圈 只知道在這裡，痛苦不斷，失望無限 這個世界似乎對我來說已經是無盡的痛苦，很想終結這段生活，不想活著,生活,O,O,O,O,O,O,36
960,每天都是一場無法逃離的黑暗圈圈 只知道在這裡，痛苦不斷，失望無限 這個世界似乎對我來說已經是無盡的痛苦，很想終結這段生活，不想活著,，,O,O,O,O,O,O,37
960,每天都是一場無法逃離的黑暗圈圈 只知道在這裡，痛苦不斷，失望無限 這個世界似乎對我來說已經是無盡的痛苦，很想終結這段生活，不想活著,不想,B-U,O,O,O,B-U,O,38
960,每天都是一場無法逃離的黑暗圈圈 只知道在這裡，痛苦不斷，失望無限 這個世界似乎對我來說已經是無盡的痛苦，很想終結這段生活，不想活著,活著,E-U,S-U,O,O,E-U,O,39
961,晚上，無光的天空感。  我們真的應該好好珍惜這個明日。  沒有任何理由， 我就不再享受這個日子。,晚上,O,O,O,O,O,O,1
961,晚上，無光的天空感。  我們真的應該好好珍惜這個明日。  沒有任何理由， 我就不再享受這個日子。,，,O,O,O,O,O,O,2
961,晚上，無光的天空感。  我們真的應該好好珍惜這個明日。  沒有任何理由， 我就不再享受這個日子。,無光,S-D,S-D,S-D,S-D,S-D,S-D,3
961,晚上，無光的天空感。  我們真的應該好好珍惜這個明日。  沒有任何理由， 我就不再享受這個日子。,的,O,O,O,O,O,O,4
961,晚上，無光的天空感。  我們真的應該好好珍惜這個明日。  沒有任何理由， 我就不再享受這個日子。,天空,O,O,O,O,O,O,5
961,晚上，無光的天空感。  我們真的應該好好珍惜這個明日。  沒有任何理由， 我就不再享受這個日子。,感,O,O,O,O,O,O,6
961,晚上，無光的天空感。  我們真的應該好好珍惜這個明日。  沒有任何理由， 我就不再享受這個日子。,。,O,O,O,O,O,O,7
961,晚上，無光的天空感。  我們真的應該好好珍惜這個明日。  沒有任何理由， 我就不再享受這個日子。,我們,O,O,O,O,O,O,8
961,晚上，無光的天空感。  我們真的應該好好珍惜這個明日。  沒有任何理由， 我就不再享受這個日子。,真的,O,O,O,O,O,O,9
961,晚上，無光的天空感。  我們真的應該好好珍惜這個明日。  沒有任何理由， 我就不再享受這個日子。,應該,O,O,O,O,O,O,10
961,晚上，無光的天空感。  我們真的應該好好珍惜這個明日。  沒有任何理由， 我就不再享受這個日子。,好好,O,O,O,O,O,O,11
961,晚上，無光的天空感。  我們真的應該好好珍惜這個明日。  沒有任何理由， 我就不再享受這個日子。,珍惜,O,O,O,O,O,O,12
961,晚上，無光的天空感。  我們真的應該好好珍惜這個明日。  沒有任何理由， 我就不再享受這個日子。,這個,O,O,O,O,O,O,13
961,晚上，無光的天空感。  我們真的應該好好珍惜這個明日。  沒有任何理由， 我就不再享受這個日子。,明日,O,O,O,O,O,O,14
961,晚上，無光的天空感。  我們真的應該好好珍惜這個明日。  沒有任何理由， 我就不再享受這個日子。,。,O,O,O,O,O,O,15
961,晚上，無光的天空感。  我們真的應該好好珍惜這個明日。  沒有任何理由， 我就不再享受這個日子。,沒有,O,O,O,O,O,O,16
961,晚上，無光的天空感。  我們真的應該好好珍惜這個明日。  沒有任何理由， 我就不再享受這個日子。,任何,O,O,O,O,O,O,17
961,晚上，無光的天空感。  我們真的應該好好珍惜這個明日。  沒有任何理由， 我就不再享受這個日子。,理由,O,O,O,O,O,O,18
961,晚上，無光的天空感。  我們真的應該好好珍惜這個明日。  沒有任何理由， 我就不再享受這個日子。,，,O,O,O,O,O,O,19
961,晚上，無光的天空感。  我們真的應該好好珍惜這個明日。  沒有任何理由， 我就不再享受這個日子。,我,O,O,O,O,O,O,20
961,晚上，無光的天空感。  我們真的應該好好珍惜這個明日。  沒有任何理由， 我就不再享受這個日子。,就,O,O,O,O,O,O,21
961,晚上，無光的天空感。  我們真的應該好好珍惜這個明日。  沒有任何理由， 我就不再享受這個日子。,不再,B-A,B-A,B-A,B-A,B-A,B-A,22
961,晚上，無光的天空感。  我們真的應該好好珍惜這個明日。  沒有任何理由， 我就不再享受這個日子。,享受,E-A,E-A,E-A,E-A,E-A,E-A,23
961,晚上，無光的天空感。  我們真的應該好好珍惜這個明日。  沒有任何理由， 我就不再享受這個日子。,這個,O,O,O,O,O,O,24
961,晚上，無光的天空感。  我們真的應該好好珍惜這個明日。  沒有任何理由， 我就不再享受這個日子。,日子,O,O,O,O,O,O,25
961,晚上，無光的天空感。  我們真的應該好好珍惜這個明日。  沒有任何理由， 我就不再享受這個日子。,。,O,O,O,O,O,O,26
962,現在，是你的一個傷心的日子。每天都感到無力、無助，好像生活是個無望的旅程。 這不是我想要的生活，覺得自己是一個個體，我無法得到什麼都不是自己想要的，我不知道如何處理這種難以承受的財務壓力,現在,O,O,O,O,O,O,1
962,現在，是你的一個傷心的日子。每天都感到無力、無助，好像生活是個無望的旅程。 這不是我想要的生活，覺得自己是一個個體，我無法得到什麼都不是自己想要的，我不知道如何處理這種難以承受的財務壓力,，,O,O,O,O,O,O,2
962,現在，是你的一個傷心的日子。每天都感到無力、無助，好像生活是個無望的旅程。 這不是我想要的生活，覺得自己是一個個體，我無法得到什麼都不是自己想要的，我不知道如何處理這種難以承受的財務壓力,是,O,O,O,O,O,O,3
962,現在，是你的一個傷心的日子。每天都感到無力、無助，好像生活是個無望的旅程。 這不是我想要的生活，覺得自己是一個個體，我無法得到什麼都不是自己想要的，我不知道如何處理這種難以承受的財務壓力,你,O,O,O,O,O,O,4
962,現在，是你的一個傷心的日子。每天都感到無力、無助，好像生活是個無望的旅程。 這不是我想要的生活，覺得自己是一個個體，我無法得到什麼都不是自己想要的，我不知道如何處理這種難以承受的財務壓力,的,O,O,O,O,O,O,5
962,現在，是你的一個傷心的日子。每天都感到無力、無助，好像生活是個無望的旅程。 這不是我想要的生活，覺得自己是一個個體，我無法得到什麼都不是自己想要的，我不知道如何處理這種難以承受的財務壓力,一個,O,O,O,O,O,O,6
962,現在，是你的一個傷心的日子。每天都感到無力、無助，好像生活是個無望的旅程。 這不是我想要的生活，覺得自己是一個個體，我無法得到什麼都不是自己想要的，我不知道如何處理這種難以承受的財務壓力,傷心,S-D,S-D,S-D,S-D,S-D,S-D,7
962,現在，是你的一個傷心的日子。每天都感到無力、無助，好像生活是個無望的旅程。 這不是我想要的生活，覺得自己是一個個體，我無法得到什麼都不是自己想要的，我不知道如何處理這種難以承受的財務壓力,的,O,O,O,O,O,O,8
962,現在，是你的一個傷心的日子。每天都感到無力、無助，好像生活是個無望的旅程。 這不是我想要的生活，覺得自己是一個個體，我無法得到什麼都不是自己想要的，我不知道如何處理這種難以承受的財務壓力,日子,O,O,O,O,O,O,9
962,現在，是你的一個傷心的日子。每天都感到無力、無助，好像生活是個無望的旅程。 這不是我想要的生活，覺得自己是一個個體，我無法得到什麼都不是自己想要的，我不知道如何處理這種難以承受的財務壓力,。,O,O,O,O,O,O,10
962,現在，是你的一個傷心的日子。每天都感到無力、無助，好像生活是個無望的旅程。 這不是我想要的生活，覺得自己是一個個體，我無法得到什麼都不是自己想要的，我不知道如何處理這種難以承受的財務壓力,每天,O,O,O,O,O,O,11
962,現在，是你的一個傷心的日子。每天都感到無力、無助，好像生活是個無望的旅程。 這不是我想要的生活，覺得自己是一個個體，我無法得到什麼都不是自己想要的，我不知道如何處理這種難以承受的財務壓力,都,O,O,O,O,O,O,12
962,現在，是你的一個傷心的日子。每天都感到無力、無助，好像生活是個無望的旅程。 這不是我想要的生活，覺得自己是一個個體，我無法得到什麼都不是自己想要的，我不知道如何處理這種難以承受的財務壓力,感到,O,O,O,O,O,O,13
962,現在，是你的一個傷心的日子。每天都感到無力、無助，好像生活是個無望的旅程。 這不是我想要的生活，覺得自己是一個個體，我無法得到什麼都不是自己想要的，我不知道如何處理這種難以承受的財務壓力,無力,S-W,S-W,S-W,S-W,S-W,S-W,14
962,現在，是你的一個傷心的日子。每天都感到無力、無助，好像生活是個無望的旅程。 這不是我想要的生活，覺得自己是一個個體，我無法得到什麼都不是自己想要的，我不知道如何處理這種難以承受的財務壓力,、,O,O,O,O,O,O,15
962,現在，是你的一個傷心的日子。每天都感到無力、無助，好像生活是個無望的旅程。 這不是我想要的生活，覺得自己是一個個體，我無法得到什麼都不是自己想要的，我不知道如何處理這種難以承受的財務壓力,無助,S-W,S-W,S-W,S-W,S-W,S-W,16
962,現在，是你的一個傷心的日子。每天都感到無力、無助，好像生活是個無望的旅程。 這不是我想要的生活，覺得自己是一個個體，我無法得到什麼都不是自己想要的，我不知道如何處理這種難以承受的財務壓力,，,O,O,O,O,O,O,17
962,現在，是你的一個傷心的日子。每天都感到無力、無助，好像生活是個無望的旅程。 這不是我想要的生活，覺得自己是一個個體，我無法得到什麼都不是自己想要的，我不知道如何處理這種難以承受的財務壓力,好像,O,O,O,O,O,O,18
962,現在，是你的一個傷心的日子。每天都感到無力、無助，好像生活是個無望的旅程。 這不是我想要的生活，覺得自己是一個個體，我無法得到什麼都不是自己想要的，我不知道如何處理這種難以承受的財務壓力,生活,O,O,O,O,O,O,19
962,現在，是你的一個傷心的日子。每天都感到無力、無助，好像生活是個無望的旅程。 這不是我想要的生活，覺得自己是一個個體，我無法得到什麼都不是自己想要的，我不知道如何處理這種難以承受的財務壓力,是,O,O,O,O,O,O,20
962,現在，是你的一個傷心的日子。每天都感到無力、無助，好像生活是個無望的旅程。 這不是我想要的生活，覺得自己是一個個體，我無法得到什麼都不是自己想要的，我不知道如何處理這種難以承受的財務壓力,個,O,O,O,O,O,O,21
962,現在，是你的一個傷心的日子。每天都感到無力、無助，好像生活是個無望的旅程。 這不是我想要的生活，覺得自己是一個個體，我無法得到什麼都不是自己想要的，我不知道如何處理這種難以承受的財務壓力,無望,S-D,S-D,S-D,S-D,S-D,S-D,22
962,現在，是你的一個傷心的日子。每天都感到無力、無助，好像生活是個無望的旅程。 這不是我想要的生活，覺得自己是一個個體，我無法得到什麼都不是自己想要的，我不知道如何處理這種難以承受的財務壓力,的,O,O,O,O,O,O,23
962,現在，是你的一個傷心的日子。每天都感到無力、無助，好像生活是個無望的旅程。 這不是我想要的生活，覺得自己是一個個體，我無法得到什麼都不是自己想要的，我不知道如何處理這種難以承受的財務壓力,旅程,O,O,O,O,O,O,24
962,現在，是你的一個傷心的日子。每天都感到無力、無助，好像生活是個無望的旅程。 這不是我想要的生活，覺得自己是一個個體，我無法得到什麼都不是自己想要的，我不知道如何處理這種難以承受的財務壓力,。,O,O,O,O,O,O,25
962,現在，是你的一個傷心的日子。每天都感到無力、無助，好像生活是個無望的旅程。 這不是我想要的生活，覺得自己是一個個體，我無法得到什麼都不是自己想要的，我不知道如何處理這種難以承受的財務壓力,這,O,O,O,O,O,O,26
962,現在，是你的一個傷心的日子。每天都感到無力、無助，好像生活是個無望的旅程。 這不是我想要的生活，覺得自己是一個個體，我無法得到什麼都不是自己想要的，我不知道如何處理這種難以承受的財務壓力,不是,O,O,O,O,O,O,27
962,現在，是你的一個傷心的日子。每天都感到無力、無助，好像生活是個無望的旅程。 這不是我想要的生活，覺得自己是一個個體，我無法得到什麼都不是自己想要的，我不知道如何處理這種難以承受的財務壓力,我,O,O,O,O,O,O,28
962,現在，是你的一個傷心的日子。每天都感到無力、無助，好像生活是個無望的旅程。 這不是我想要的生活，覺得自己是一個個體，我無法得到什麼都不是自己想要的，我不知道如何處理這種難以承受的財務壓力,想要,O,O,O,O,O,O,29
962,現在，是你的一個傷心的日子。每天都感到無力、無助，好像生活是個無望的旅程。 這不是我想要的生活，覺得自己是一個個體，我無法得到什麼都不是自己想要的，我不知道如何處理這種難以承受的財務壓力,的,O,O,O,O,O,O,30
962,現在，是你的一個傷心的日子。每天都感到無力、無助，好像生活是個無望的旅程。 這不是我想要的生活，覺得自己是一個個體，我無法得到什麼都不是自己想要的，我不知道如何處理這種難以承受的財務壓力,生活,O,O,O,O,O,O,31
962,現在，是你的一個傷心的日子。每天都感到無力、無助，好像生活是個無望的旅程。 這不是我想要的生活，覺得自己是一個個體，我無法得到什麼都不是自己想要的，我不知道如何處理這種難以承受的財務壓力,，,O,O,O,O,O,O,32
962,現在，是你的一個傷心的日子。每天都感到無力、無助，好像生活是個無望的旅程。 這不是我想要的生活，覺得自己是一個個體，我無法得到什麼都不是自己想要的，我不知道如何處理這種難以承受的財務壓力,覺得,O,O,O,O,O,O,33
962,現在，是你的一個傷心的日子。每天都感到無力、無助，好像生活是個無望的旅程。 這不是我想要的生活，覺得自己是一個個體，我無法得到什麼都不是自己想要的，我不知道如何處理這種難以承受的財務壓力,自己,O,O,O,O,O,O,34
962,現在，是你的一個傷心的日子。每天都感到無力、無助，好像生活是個無望的旅程。 這不是我想要的生活，覺得自己是一個個體，我無法得到什麼都不是自己想要的，我不知道如何處理這種難以承受的財務壓力,是,O,O,O,O,O,O,35
962,現在，是你的一個傷心的日子。每天都感到無力、無助，好像生活是個無望的旅程。 這不是我想要的生活，覺得自己是一個個體，我無法得到什麼都不是自己想要的，我不知道如何處理這種難以承受的財務壓力,一個,O,O,O,O,O,O,36
962,現在，是你的一個傷心的日子。每天都感到無力、無助，好像生活是個無望的旅程。 這不是我想要的生活，覺得自己是一個個體，我無法得到什麼都不是自己想要的，我不知道如何處理這種難以承受的財務壓力,個體,O,O,O,O,O,O,37
962,現在，是你的一個傷心的日子。每天都感到無力、無助，好像生活是個無望的旅程。 這不是我想要的生活，覺得自己是一個個體，我無法得到什麼都不是自己想要的，我不知道如何處理這種難以承受的財務壓力,，,O,O,O,O,O,O,38
962,現在，是你的一個傷心的日子。每天都感到無力、無助，好像生活是個無望的旅程。 這不是我想要的生活，覺得自己是一個個體，我無法得到什麼都不是自己想要的，我不知道如何處理這種難以承受的財務壓力,我,O,O,O,O,O,O,39
962,現在，是你的一個傷心的日子。每天都感到無力、無助，好像生活是個無望的旅程。 這不是我想要的生活，覺得自己是一個個體，我無法得到什麼都不是自己想要的，我不知道如何處理這種難以承受的財務壓力,無法,O,O,O,O,O,O,40
962,現在，是你的一個傷心的日子。每天都感到無力、無助，好像生活是個無望的旅程。 這不是我想要的生活，覺得自己是一個個體，我無法得到什麼都不是自己想要的，我不知道如何處理這種難以承受的財務壓力,得到,O,O,O,O,O,O,41
962,現在，是你的一個傷心的日子。每天都感到無力、無助，好像生活是個無望的旅程。 這不是我想要的生活，覺得自己是一個個體，我無法得到什麼都不是自己想要的，我不知道如何處理這種難以承受的財務壓力,什麼,O,O,O,O,O,O,42
962,現在，是你的一個傷心的日子。每天都感到無力、無助，好像生活是個無望的旅程。 這不是我想要的生活，覺得自己是一個個體，我無法得到什麼都不是自己想要的，我不知道如何處理這種難以承受的財務壓力,都,O,O,O,O,O,O,43
962,現在，是你的一個傷心的日子。每天都感到無力、無助，好像生活是個無望的旅程。 這不是我想要的生活，覺得自己是一個個體，我無法得到什麼都不是自己想要的，我不知道如何處理這種難以承受的財務壓力,不是,O,O,O,O,O,O,44
962,現在，是你的一個傷心的日子。每天都感到無力、無助，好像生活是個無望的旅程。 這不是我想要的生活，覺得自己是一個個體，我無法得到什麼都不是自己想要的，我不知道如何處理這種難以承受的財務壓力,自己,O,O,O,O,O,O,45
962,現在，是你的一個傷心的日子。每天都感到無力、無助，好像生活是個無望的旅程。 這不是我想要的生活，覺得自己是一個個體，我無法得到什麼都不是自己想要的，我不知道如何處理這種難以承受的財務壓力,想要,O,O,O,O,O,O,46
962,現在，是你的一個傷心的日子。每天都感到無力、無助，好像生活是個無望的旅程。 這不是我想要的生活，覺得自己是一個個體，我無法得到什麼都不是自己想要的，我不知道如何處理這種難以承受的財務壓力,的,O,O,O,O,O,O,47
962,現在，是你的一個傷心的日子。每天都感到無力、無助，好像生活是個無望的旅程。 這不是我想要的生活，覺得自己是一個個體，我無法得到什麼都不是自己想要的，我不知道如何處理這種難以承受的財務壓力,，,O,O,O,O,O,O,48
962,現在，是你的一個傷心的日子。每天都感到無力、無助，好像生活是個無望的旅程。 這不是我想要的生活，覺得自己是一個個體，我無法得到什麼都不是自己想要的，我不知道如何處理這種難以承受的財務壓力,我,O,O,O,O,O,O,49
962,現在，是你的一個傷心的日子。每天都感到無力、無助，好像生活是個無望的旅程。 這不是我想要的生活，覺得自己是一個個體，我無法得到什麼都不是自己想要的，我不知道如何處理這種難以承受的財務壓力,不知道,O,O,O,O,O,O,50
962,現在，是你的一個傷心的日子。每天都感到無力、無助，好像生活是個無望的旅程。 這不是我想要的生活，覺得自己是一個個體，我無法得到什麼都不是自己想要的，我不知道如何處理這種難以承受的財務壓力,如何,O,O,O,O,O,O,51
962,現在，是你的一個傷心的日子。每天都感到無力、無助，好像生活是個無望的旅程。 這不是我想要的生活，覺得自己是一個個體，我無法得到什麼都不是自己想要的，我不知道如何處理這種難以承受的財務壓力,處理,O,O,O,O,O,O,52
962,現在，是你的一個傷心的日子。每天都感到無力、無助，好像生活是個無望的旅程。 這不是我想要的生活，覺得自己是一個個體，我無法得到什麼都不是自己想要的，我不知道如何處理這種難以承受的財務壓力,這種,O,O,O,O,O,O,53
962,現在，是你的一個傷心的日子。每天都感到無力、無助，好像生活是個無望的旅程。 這不是我想要的生活，覺得自己是一個個體，我無法得到什麼都不是自己想要的，我不知道如何處理這種難以承受的財務壓力,難以,O,O,O,O,O,O,54
962,現在，是你的一個傷心的日子。每天都感到無力、無助，好像生活是個無望的旅程。 這不是我想要的生活，覺得自己是一個個體，我無法得到什麼都不是自己想要的，我不知道如何處理這種難以承受的財務壓力,承受,O,O,O,O,O,O,55
962,現在，是你的一個傷心的日子。每天都感到無力、無助，好像生活是個無望的旅程。 這不是我想要的生活，覺得自己是一個個體，我無法得到什麼都不是自己想要的，我不知道如何處理這種難以承受的財務壓力,的,O,O,O,O,O,O,56
962,現在，是你的一個傷心的日子。每天都感到無力、無助，好像生活是個無望的旅程。 這不是我想要的生活，覺得自己是一個個體，我無法得到什麼都不是自己想要的，我不知道如何處理這種難以承受的財務壓力,財務,O,O,O,O,O,O,57
962,現在，是你的一個傷心的日子。每天都感到無力、無助，好像生活是個無望的旅程。 這不是我想要的生活，覺得自己是一個個體，我無法得到什麼都不是自己想要的，我不知道如何處理這種難以承受的財務壓力,壓力,S-D,O,S-W,O,O,O,58
962,現在，是你的一個傷心的日子。每天都感到無力、無助，好像生活是個無望的旅程。 這不是我想要的生活，覺得自己是一個個體，我無法得到什麼都不是自己想要的，我不知道如何處理這種難以承受的財務壓力,。,O,O,O,O,O,O,59
963,我覺得生活變得像個不斷亂動的夢。每天我都會擔心著什麼都會出事. 每天我都會覺得什麼都不會好，我只好擺不下這種心情 我想：不是誰沒有這樣，我只是不能把這種感覺控制住,我,O,O,O,O,O,O,1
963,我覺得生活變得像個不斷亂動的夢。每天我都會擔心著什麼都會出事. 每天我都會覺得什麼都不會好，我只好擺不下這種心情 我想：不是誰沒有這樣，我只是不能把這種感覺控制住,覺得,O,O,O,O,O,O,2
963,我覺得生活變得像個不斷亂動的夢。每天我都會擔心著什麼都會出事. 每天我都會覺得什麼都不會好，我只好擺不下這種心情 我想：不是誰沒有這樣，我只是不能把這種感覺控制住,生活,O,O,O,O,O,O,3
963,我覺得生活變得像個不斷亂動的夢。每天我都會擔心著什麼都會出事. 每天我都會覺得什麼都不會好，我只好擺不下這種心情 我想：不是誰沒有這樣，我只是不能把這種感覺控制住,變得,O,O,O,O,O,O,4
963,我覺得生活變得像個不斷亂動的夢。每天我都會擔心著什麼都會出事. 每天我都會覺得什麼都不會好，我只好擺不下這種心情 我想：不是誰沒有這樣，我只是不能把這種感覺控制住,像個,O,O,O,O,O,O,5
963,我覺得生活變得像個不斷亂動的夢。每天我都會擔心著什麼都會出事. 每天我都會覺得什麼都不會好，我只好擺不下這種心情 我想：不是誰沒有這樣，我只是不能把這種感覺控制住,不斷,O,O,O,O,O,O,6
963,我覺得生活變得像個不斷亂動的夢。每天我都會擔心著什麼都會出事. 每天我都會覺得什麼都不會好，我只好擺不下這種心情 我想：不是誰沒有這樣，我只是不能把這種感覺控制住,亂動,O,O,O,O,O,O,7
963,我覺得生活變得像個不斷亂動的夢。每天我都會擔心著什麼都會出事. 每天我都會覺得什麼都不會好，我只好擺不下這種心情 我想：不是誰沒有這樣，我只是不能把這種感覺控制住,的,O,O,O,O,O,O,8
963,我覺得生活變得像個不斷亂動的夢。每天我都會擔心著什麼都會出事. 每天我都會覺得什麼都不會好，我只好擺不下這種心情 我想：不是誰沒有這樣，我只是不能把這種感覺控制住,夢,O,S-D,O,O,O,S-D,9
963,我覺得生活變得像個不斷亂動的夢。每天我都會擔心著什麼都會出事. 每天我都會覺得什麼都不會好，我只好擺不下這種心情 我想：不是誰沒有這樣，我只是不能把這種感覺控制住,。,O,O,O,S-D,S-D,O,10
963,我覺得生活變得像個不斷亂動的夢。每天我都會擔心著什麼都會出事. 每天我都會覺得什麼都不會好，我只好擺不下這種心情 我想：不是誰沒有這樣，我只是不能把這種感覺控制住,每天,O,O,O,O,O,O,11
963,我覺得生活變得像個不斷亂動的夢。每天我都會擔心著什麼都會出事. 每天我都會覺得什麼都不會好，我只好擺不下這種心情 我想：不是誰沒有這樣，我只是不能把這種感覺控制住,我,O,O,O,O,O,O,12
963,我覺得生活變得像個不斷亂動的夢。每天我都會擔心著什麼都會出事. 每天我都會覺得什麼都不會好，我只好擺不下這種心情 我想：不是誰沒有這樣，我只是不能把這種感覺控制住,都,O,O,O,O,O,O,13
963,我覺得生活變得像個不斷亂動的夢。每天我都會擔心著什麼都會出事. 每天我都會覺得什麼都不會好，我只好擺不下這種心情 我想：不是誰沒有這樣，我只是不能把這種感覺控制住,會,O,O,O,O,O,O,14
963,我覺得生活變得像個不斷亂動的夢。每天我都會擔心著什麼都會出事. 每天我都會覺得什麼都不會好，我只好擺不下這種心情 我想：不是誰沒有這樣，我只是不能把這種感覺控制住,擔心,O,O,O,O,O,O,15
963,我覺得生活變得像個不斷亂動的夢。每天我都會擔心著什麼都會出事. 每天我都會覺得什麼都不會好，我只好擺不下這種心情 我想：不是誰沒有這樣，我只是不能把這種感覺控制住,著,O,O,O,O,O,O,16
963,我覺得生活變得像個不斷亂動的夢。每天我都會擔心著什麼都會出事. 每天我都會覺得什麼都不會好，我只好擺不下這種心情 我想：不是誰沒有這樣，我只是不能把這種感覺控制住,什麼,O,O,O,O,O,O,17
963,我覺得生活變得像個不斷亂動的夢。每天我都會擔心著什麼都會出事. 每天我都會覺得什麼都不會好，我只好擺不下這種心情 我想：不是誰沒有這樣，我只是不能把這種感覺控制住,都,O,O,O,O,O,O,18
963,我覺得生活變得像個不斷亂動的夢。每天我都會擔心著什麼都會出事. 每天我都會覺得什麼都不會好，我只好擺不下這種心情 我想：不是誰沒有這樣，我只是不能把這種感覺控制住,會,O,O,O,O,O,O,19
963,我覺得生活變得像個不斷亂動的夢。每天我都會擔心著什麼都會出事. 每天我都會覺得什麼都不會好，我只好擺不下這種心情 我想：不是誰沒有這樣，我只是不能把這種感覺控制住,出事,O,S-D,S-D,O,O,S-D,20
963,我覺得生活變得像個不斷亂動的夢。每天我都會擔心著什麼都會出事. 每天我都會覺得什麼都不會好，我只好擺不下這種心情 我想：不是誰沒有這樣，我只是不能把這種感覺控制住,.,O,O,O,S-D,S-D,O,21
963,我覺得生活變得像個不斷亂動的夢。每天我都會擔心著什麼都會出事. 每天我都會覺得什麼都不會好，我只好擺不下這種心情 我想：不是誰沒有這樣，我只是不能把這種感覺控制住,每天,O,O,O,O,O,O,22
963,我覺得生活變得像個不斷亂動的夢。每天我都會擔心著什麼都會出事. 每天我都會覺得什麼都不會好，我只好擺不下這種心情 我想：不是誰沒有這樣，我只是不能把這種感覺控制住,我,O,O,O,O,O,O,23
963,我覺得生活變得像個不斷亂動的夢。每天我都會擔心著什麼都會出事. 每天我都會覺得什麼都不會好，我只好擺不下這種心情 我想：不是誰沒有這樣，我只是不能把這種感覺控制住,都,O,O,O,O,O,O,24
963,我覺得生活變得像個不斷亂動的夢。每天我都會擔心著什麼都會出事. 每天我都會覺得什麼都不會好，我只好擺不下這種心情 我想：不是誰沒有這樣，我只是不能把這種感覺控制住,會,O,O,O,O,O,O,25
963,我覺得生活變得像個不斷亂動的夢。每天我都會擔心著什麼都會出事. 每天我都會覺得什麼都不會好，我只好擺不下這種心情 我想：不是誰沒有這樣，我只是不能把這種感覺控制住,覺得,O,O,O,O,O,O,26
963,我覺得生活變得像個不斷亂動的夢。每天我都會擔心著什麼都會出事. 每天我都會覺得什麼都不會好，我只好擺不下這種心情 我想：不是誰沒有這樣，我只是不能把這種感覺控制住,什麼,O,O,O,O,O,O,27
963,我覺得生活變得像個不斷亂動的夢。每天我都會擔心著什麼都會出事. 每天我都會覺得什麼都不會好，我只好擺不下這種心情 我想：不是誰沒有這樣，我只是不能把這種感覺控制住,都,O,O,O,O,O,O,28
963,我覺得生活變得像個不斷亂動的夢。每天我都會擔心著什麼都會出事. 每天我都會覺得什麼都不會好，我只好擺不下這種心情 我想：不是誰沒有這樣，我只是不能把這種感覺控制住,不會,B-D,O,B-D,O,O,O,29
963,我覺得生活變得像個不斷亂動的夢。每天我都會擔心著什麼都會出事. 每天我都會覺得什麼都不會好，我只好擺不下這種心情 我想：不是誰沒有這樣，我只是不能把這種感覺控制住,好,E-D,S-D,E-D,O,O,O,30
963,我覺得生活變得像個不斷亂動的夢。每天我都會擔心著什麼都會出事. 每天我都會覺得什麼都不會好，我只好擺不下這種心情 我想：不是誰沒有這樣，我只是不能把這種感覺控制住,，,O,O,O,O,O,S-D,31
963,我覺得生活變得像個不斷亂動的夢。每天我都會擔心著什麼都會出事. 每天我都會覺得什麼都不會好，我只好擺不下這種心情 我想：不是誰沒有這樣，我只是不能把這種感覺控制住,我,O,O,O,S-D,S-D,O,32
963,我覺得生活變得像個不斷亂動的夢。每天我都會擔心著什麼都會出事. 每天我都會覺得什麼都不會好，我只好擺不下這種心情 我想：不是誰沒有這樣，我只是不能把這種感覺控制住,只好,O,O,O,O,O,O,33
963,我覺得生活變得像個不斷亂動的夢。每天我都會擔心著什麼都會出事. 每天我都會覺得什麼都不會好，我只好擺不下這種心情 我想：不是誰沒有這樣，我只是不能把這種感覺控制住,擺,O,O,O,O,O,O,34
963,我覺得生活變得像個不斷亂動的夢。每天我都會擔心著什麼都會出事. 每天我都會覺得什麼都不會好，我只好擺不下這種心情 我想：不是誰沒有這樣，我只是不能把這種感覺控制住,不下,O,O,O,O,O,O,35
963,我覺得生活變得像個不斷亂動的夢。每天我都會擔心著什麼都會出事. 每天我都會覺得什麼都不會好，我只好擺不下這種心情 我想：不是誰沒有這樣，我只是不能把這種感覺控制住,這種,O,O,O,O,O,O,36
963,我覺得生活變得像個不斷亂動的夢。每天我都會擔心著什麼都會出事. 每天我都會覺得什麼都不會好，我只好擺不下這種心情 我想：不是誰沒有這樣，我只是不能把這種感覺控制住,心情,O,S-D,S-D,O,O,O,37
963,我覺得生活變得像個不斷亂動的夢。每天我都會擔心著什麼都會出事. 每天我都會覺得什麼都不會好，我只好擺不下這種心情 我想：不是誰沒有這樣，我只是不能把這種感覺控制住,我,O,O,O,O,O,S-D,38
963,我覺得生活變得像個不斷亂動的夢。每天我都會擔心著什麼都會出事. 每天我都會覺得什麼都不會好，我只好擺不下這種心情 我想：不是誰沒有這樣，我只是不能把這種感覺控制住,想,O,O,O,O,O,O,39
963,我覺得生活變得像個不斷亂動的夢。每天我都會擔心著什麼都會出事. 每天我都會覺得什麼都不會好，我只好擺不下這種心情 我想：不是誰沒有這樣，我只是不能把這種感覺控制住,：,O,O,O,S-D,S-D,O,40
963,我覺得生活變得像個不斷亂動的夢。每天我都會擔心著什麼都會出事. 每天我都會覺得什麼都不會好，我只好擺不下這種心情 我想：不是誰沒有這樣，我只是不能把這種感覺控制住,不是,O,O,O,O,O,O,41
963,我覺得生活變得像個不斷亂動的夢。每天我都會擔心著什麼都會出事. 每天我都會覺得什麼都不會好，我只好擺不下這種心情 我想：不是誰沒有這樣，我只是不能把這種感覺控制住,誰,O,O,O,O,O,O,42
963,我覺得生活變得像個不斷亂動的夢。每天我都會擔心著什麼都會出事. 每天我都會覺得什麼都不會好，我只好擺不下這種心情 我想：不是誰沒有這樣，我只是不能把這種感覺控制住,沒有,O,O,O,O,O,O,43
963,我覺得生活變得像個不斷亂動的夢。每天我都會擔心著什麼都會出事. 每天我都會覺得什麼都不會好，我只好擺不下這種心情 我想：不是誰沒有這樣，我只是不能把這種感覺控制住,這樣,O,O,O,O,O,O,44
963,我覺得生活變得像個不斷亂動的夢。每天我都會擔心著什麼都會出事. 每天我都會覺得什麼都不會好，我只好擺不下這種心情 我想：不是誰沒有這樣，我只是不能把這種感覺控制住,，,O,O,O,O,O,O,45
963,我覺得生活變得像個不斷亂動的夢。每天我都會擔心著什麼都會出事. 每天我都會覺得什麼都不會好，我只好擺不下這種心情 我想：不是誰沒有這樣，我只是不能把這種感覺控制住,我,O,O,O,O,O,O,46
963,我覺得生活變得像個不斷亂動的夢。每天我都會擔心著什麼都會出事. 每天我都會覺得什麼都不會好，我只好擺不下這種心情 我想：不是誰沒有這樣，我只是不能把這種感覺控制住,只是,O,O,O,O,O,O,47
963,我覺得生活變得像個不斷亂動的夢。每天我都會擔心著什麼都會出事. 每天我都會覺得什麼都不會好，我只好擺不下這種心情 我想：不是誰沒有這樣，我只是不能把這種感覺控制住,不能,O,O,O,O,O,O,48
963,我覺得生活變得像個不斷亂動的夢。每天我都會擔心著什麼都會出事. 每天我都會覺得什麼都不會好，我只好擺不下這種心情 我想：不是誰沒有這樣，我只是不能把這種感覺控制住,把,O,O,O,O,O,O,49
963,我覺得生活變得像個不斷亂動的夢。每天我都會擔心著什麼都會出事. 每天我都會覺得什麼都不會好，我只好擺不下這種心情 我想：不是誰沒有這樣，我只是不能把這種感覺控制住,這種,O,O,O,O,O,O,50
963,我覺得生活變得像個不斷亂動的夢。每天我都會擔心著什麼都會出事. 每天我都會覺得什麼都不會好，我只好擺不下這種心情 我想：不是誰沒有這樣，我只是不能把這種感覺控制住,感覺,O,O,O,O,O,O,51
963,我覺得生活變得像個不斷亂動的夢。每天我都會擔心著什麼都會出事. 每天我都會覺得什麼都不會好，我只好擺不下這種心情 我想：不是誰沒有這樣，我只是不能把這種感覺控制住,控制住,O,S-D,S-D,O,O,O,52
964,我無法過上一生了。無法讓別人擁有幸福的生活。只有孤獨和痛苦。 我知道不是正確的，卻無法停止這種思考。 這不是我想表達的，卻是我需要表達的。,我,O,O,O,O,O,O,1
964,我無法過上一生了。無法讓別人擁有幸福的生活。只有孤獨和痛苦。 我知道不是正確的，卻無法停止這種思考。 這不是我想表達的，卻是我需要表達的。,無法,B-D,B-D,B-D,B-D,B-D,B-D,2
964,我無法過上一生了。無法讓別人擁有幸福的生活。只有孤獨和痛苦。 我知道不是正確的，卻無法停止這種思考。 這不是我想表達的，卻是我需要表達的。,過上一生,E-D,E-D,E-D,E-D,E-D,E-D,3
964,我無法過上一生了。無法讓別人擁有幸福的生活。只有孤獨和痛苦。 我知道不是正確的，卻無法停止這種思考。 這不是我想表達的，卻是我需要表達的。,了,O,O,O,O,O,O,4
964,我無法過上一生了。無法讓別人擁有幸福的生活。只有孤獨和痛苦。 我知道不是正確的，卻無法停止這種思考。 這不是我想表達的，卻是我需要表達的。,。,O,O,O,O,O,O,5
964,我無法過上一生了。無法讓別人擁有幸福的生活。只有孤獨和痛苦。 我知道不是正確的，卻無法停止這種思考。 這不是我想表達的，卻是我需要表達的。,無法,B-D,B-D,B-D,B-D,B-D,B-D,6
964,我無法過上一生了。無法讓別人擁有幸福的生活。只有孤獨和痛苦。 我知道不是正確的，卻無法停止這種思考。 這不是我想表達的，卻是我需要表達的。,讓,O,O,O,O,O,O,7
964,我無法過上一生了。無法讓別人擁有幸福的生活。只有孤獨和痛苦。 我知道不是正確的，卻無法停止這種思考。 這不是我想表達的，卻是我需要表達的。,別人,O,O,O,O,O,O,8
964,我無法過上一生了。無法讓別人擁有幸福的生活。只有孤獨和痛苦。 我知道不是正確的，卻無法停止這種思考。 這不是我想表達的，卻是我需要表達的。,擁有,O,O,O,O,O,O,9
964,我無法過上一生了。無法讓別人擁有幸福的生活。只有孤獨和痛苦。 我知道不是正確的，卻無法停止這種思考。 這不是我想表達的，卻是我需要表達的。,幸福,O,O,O,O,O,O,10
964,我無法過上一生了。無法讓別人擁有幸福的生活。只有孤獨和痛苦。 我知道不是正確的，卻無法停止這種思考。 這不是我想表達的，卻是我需要表達的。,的,O,O,O,O,O,O,11
964,我無法過上一生了。無法讓別人擁有幸福的生活。只有孤獨和痛苦。 我知道不是正確的，卻無法停止這種思考。 這不是我想表達的，卻是我需要表達的。,生活,O,O,O,O,O,O,12
964,我無法過上一生了。無法讓別人擁有幸福的生活。只有孤獨和痛苦。 我知道不是正確的，卻無法停止這種思考。 這不是我想表達的，卻是我需要表達的。,。,O,O,O,O,O,O,13
964,我無法過上一生了。無法讓別人擁有幸福的生活。只有孤獨和痛苦。 我知道不是正確的，卻無法停止這種思考。 這不是我想表達的，卻是我需要表達的。,只有,O,O,O,O,O,O,14
964,我無法過上一生了。無法讓別人擁有幸福的生活。只有孤獨和痛苦。 我知道不是正確的，卻無法停止這種思考。 這不是我想表達的，卻是我需要表達的。,孤獨,S-D,S-D,S-D,S-D,S-D,S-D,15
964,我無法過上一生了。無法讓別人擁有幸福的生活。只有孤獨和痛苦。 我知道不是正確的，卻無法停止這種思考。 這不是我想表達的，卻是我需要表達的。,和,O,O,O,O,O,O,16
964,我無法過上一生了。無法讓別人擁有幸福的生活。只有孤獨和痛苦。 我知道不是正確的，卻無法停止這種思考。 這不是我想表達的，卻是我需要表達的。,痛苦,S-D,S-D,S-D,S-D,S-D,S-D,17
964,我無法過上一生了。無法讓別人擁有幸福的生活。只有孤獨和痛苦。 我知道不是正確的，卻無法停止這種思考。 這不是我想表達的，卻是我需要表達的。,。,O,O,O,O,O,O,18
964,我無法過上一生了。無法讓別人擁有幸福的生活。只有孤獨和痛苦。 我知道不是正確的，卻無法停止這種思考。 這不是我想表達的，卻是我需要表達的。,我,O,O,O,O,O,O,19
964,我無法過上一生了。無法讓別人擁有幸福的生活。只有孤獨和痛苦。 我知道不是正確的，卻無法停止這種思考。 這不是我想表達的，卻是我需要表達的。,知道,O,O,O,O,O,O,20
964,我無法過上一生了。無法讓別人擁有幸福的生活。只有孤獨和痛苦。 我知道不是正確的，卻無法停止這種思考。 這不是我想表達的，卻是我需要表達的。,不是,O,O,O,O,O,O,21
964,我無法過上一生了。無法讓別人擁有幸福的生活。只有孤獨和痛苦。 我知道不是正確的，卻無法停止這種思考。 這不是我想表達的，卻是我需要表達的。,正確,O,O,O,O,O,O,22
964,我無法過上一生了。無法讓別人擁有幸福的生活。只有孤獨和痛苦。 我知道不是正確的，卻無法停止這種思考。 這不是我想表達的，卻是我需要表達的。,的,O,O,O,O,O,O,23
964,我無法過上一生了。無法讓別人擁有幸福的生活。只有孤獨和痛苦。 我知道不是正確的，卻無法停止這種思考。 這不是我想表達的，卻是我需要表達的。,，,O,O,O,O,O,O,24
964,我無法過上一生了。無法讓別人擁有幸福的生活。只有孤獨和痛苦。 我知道不是正確的，卻無法停止這種思考。 這不是我想表達的，卻是我需要表達的。,卻,O,O,O,O,O,O,25
964,我無法過上一生了。無法讓別人擁有幸福的生活。只有孤獨和痛苦。 我知道不是正確的，卻無法停止這種思考。 這不是我想表達的，卻是我需要表達的。,無法,B-D,B-D,B-D,B-D,B-D,B-D,26
964,我無法過上一生了。無法讓別人擁有幸福的生活。只有孤獨和痛苦。 我知道不是正確的，卻無法停止這種思考。 這不是我想表達的，卻是我需要表達的。,停止,E-D,E-D,E-D,E-D,E-D,E-D,27
964,我無法過上一生了。無法讓別人擁有幸福的生活。只有孤獨和痛苦。 我知道不是正確的，卻無法停止這種思考。 這不是我想表達的，卻是我需要表達的。,這種,O,O,O,O,O,O,28
964,我無法過上一生了。無法讓別人擁有幸福的生活。只有孤獨和痛苦。 我知道不是正確的，卻無法停止這種思考。 這不是我想表達的，卻是我需要表達的。,思考,O,O,O,O,O,O,29
964,我無法過上一生了。無法讓別人擁有幸福的生活。只有孤獨和痛苦。 我知道不是正確的，卻無法停止這種思考。 這不是我想表達的，卻是我需要表達的。,。,O,O,O,O,O,O,30
964,我無法過上一生了。無法讓別人擁有幸福的生活。只有孤獨和痛苦。 我知道不是正確的，卻無法停止這種思考。 這不是我想表達的，卻是我需要表達的。,這,O,O,O,O,O,O,31
964,我無法過上一生了。無法讓別人擁有幸福的生活。只有孤獨和痛苦。 我知道不是正確的，卻無法停止這種思考。 這不是我想表達的，卻是我需要表達的。,不是,O,O,O,O,O,O,32
964,我無法過上一生了。無法讓別人擁有幸福的生活。只有孤獨和痛苦。 我知道不是正確的，卻無法停止這種思考。 這不是我想表達的，卻是我需要表達的。,我,O,O,O,O,O,O,33
964,我無法過上一生了。無法讓別人擁有幸福的生活。只有孤獨和痛苦。 我知道不是正確的，卻無法停止這種思考。 這不是我想表達的，卻是我需要表達的。,想,O,O,O,O,O,O,34
964,我無法過上一生了。無法讓別人擁有幸福的生活。只有孤獨和痛苦。 我知道不是正確的，卻無法停止這種思考。 這不是我想表達的，卻是我需要表達的。,表達,O,O,O,O,O,O,35
964,我無法過上一生了。無法讓別人擁有幸福的生活。只有孤獨和痛苦。 我知道不是正確的，卻無法停止這種思考。 這不是我想表達的，卻是我需要表達的。,的,O,O,O,O,O,O,36
964,我無法過上一生了。無法讓別人擁有幸福的生活。只有孤獨和痛苦。 我知道不是正確的，卻無法停止這種思考。 這不是我想表達的，卻是我需要表達的。,，,O,O,O,O,O,O,37
964,我無法過上一生了。無法讓別人擁有幸福的生活。只有孤獨和痛苦。 我知道不是正確的，卻無法停止這種思考。 這不是我想表達的，卻是我需要表達的。,卻,O,O,O,O,O,O,38
964,我無法過上一生了。無法讓別人擁有幸福的生活。只有孤獨和痛苦。 我知道不是正確的，卻無法停止這種思考。 這不是我想表達的，卻是我需要表達的。,是,O,O,O,O,O,O,39
964,我無法過上一生了。無法讓別人擁有幸福的生活。只有孤獨和痛苦。 我知道不是正確的，卻無法停止這種思考。 這不是我想表達的，卻是我需要表達的。,我,O,O,O,O,O,O,40
964,我無法過上一生了。無法讓別人擁有幸福的生活。只有孤獨和痛苦。 我知道不是正確的，卻無法停止這種思考。 這不是我想表達的，卻是我需要表達的。,需要,O,O,O,O,O,O,41
964,我無法過上一生了。無法讓別人擁有幸福的生活。只有孤獨和痛苦。 我知道不是正確的，卻無法停止這種思考。 這不是我想表達的，卻是我需要表達的。,表達,O,O,O,O,O,O,42
964,我無法過上一生了。無法讓別人擁有幸福的生活。只有孤獨和痛苦。 我知道不是正確的，卻無法停止這種思考。 這不是我想表達的，卻是我需要表達的。,的,O,O,O,O,O,O,43
964,我無法過上一生了。無法讓別人擁有幸福的生活。只有孤獨和痛苦。 我知道不是正確的，卻無法停止這種思考。 這不是我想表達的，卻是我需要表達的。,。,O,O,O,O,O,O,44
965,憂鬱的夜晚，我覺得我終於走不出去的通道了... 我無法控制自己的感受，無法做出什麼東西來改變自己... 天的日常生活都像一場無用而無趣的戰役...,憂鬱,S-D,S-D,S-D,S-D,S-D,S-D,1
965,憂鬱的夜晚，我覺得我終於走不出去的通道了... 我無法控制自己的感受，無法做出什麼東西來改變自己... 天的日常生活都像一場無用而無趣的戰役...,的,O,O,O,O,O,O,2
965,憂鬱的夜晚，我覺得我終於走不出去的通道了... 我無法控制自己的感受，無法做出什麼東西來改變自己... 天的日常生活都像一場無用而無趣的戰役...,夜晚,S-D,S-D,S-D,S-D,S-D,S-D,3
965,憂鬱的夜晚，我覺得我終於走不出去的通道了... 我無法控制自己的感受，無法做出什麼東西來改變自己... 天的日常生活都像一場無用而無趣的戰役...,，,O,O,O,O,O,O,4
965,憂鬱的夜晚，我覺得我終於走不出去的通道了... 我無法控制自己的感受，無法做出什麼東西來改變自己... 天的日常生活都像一場無用而無趣的戰役...,我,O,O,O,O,O,O,5
965,憂鬱的夜晚，我覺得我終於走不出去的通道了... 我無法控制自己的感受，無法做出什麼東西來改變自己... 天的日常生活都像一場無用而無趣的戰役...,覺得,O,O,O,O,O,O,6
965,憂鬱的夜晚，我覺得我終於走不出去的通道了... 我無法控制自己的感受，無法做出什麼東西來改變自己... 天的日常生活都像一場無用而無趣的戰役...,我,O,O,O,O,O,O,7
965,憂鬱的夜晚，我覺得我終於走不出去的通道了... 我無法控制自己的感受，無法做出什麼東西來改變自己... 天的日常生活都像一場無用而無趣的戰役...,終於,O,O,O,O,O,O,8
965,憂鬱的夜晚，我覺得我終於走不出去的通道了... 我無法控制自己的感受，無法做出什麼東西來改變自己... 天的日常生活都像一場無用而無趣的戰役...,走,O,O,O,O,O,O,9
965,憂鬱的夜晚，我覺得我終於走不出去的通道了... 我無法控制自己的感受，無法做出什麼東西來改變自己... 天的日常生活都像一場無用而無趣的戰役...,不,O,O,O,O,O,O,10
965,憂鬱的夜晚，我覺得我終於走不出去的通道了... 我無法控制自己的感受，無法做出什麼東西來改變自己... 天的日常生活都像一場無用而無趣的戰役...,出去,O,O,O,O,O,O,11
965,憂鬱的夜晚，我覺得我終於走不出去的通道了... 我無法控制自己的感受，無法做出什麼東西來改變自己... 天的日常生活都像一場無用而無趣的戰役...,的,O,O,O,O,O,O,12
965,憂鬱的夜晚，我覺得我終於走不出去的通道了... 我無法控制自己的感受，無法做出什麼東西來改變自己... 天的日常生活都像一場無用而無趣的戰役...,通道,O,O,O,O,O,O,13
965,憂鬱的夜晚，我覺得我終於走不出去的通道了... 我無法控制自己的感受，無法做出什麼東西來改變自己... 天的日常生活都像一場無用而無趣的戰役...,了,O,O,O,O,O,O,14
965,憂鬱的夜晚，我覺得我終於走不出去的通道了... 我無法控制自己的感受，無法做出什麼東西來改變自己... 天的日常生活都像一場無用而無趣的戰役...,...,O,O,O,O,O,O,15
965,憂鬱的夜晚，我覺得我終於走不出去的通道了... 我無法控制自己的感受，無法做出什麼東西來改變自己... 天的日常生活都像一場無用而無趣的戰役...,我,O,O,O,O,O,O,16
965,憂鬱的夜晚，我覺得我終於走不出去的通道了... 我無法控制自己的感受，無法做出什麼東西來改變自己... 天的日常生活都像一場無用而無趣的戰役...,無法,B-W,B-W,B-W,B-W,B-W,B-W,17
965,憂鬱的夜晚，我覺得我終於走不出去的通道了... 我無法控制自己的感受，無法做出什麼東西來改變自己... 天的日常生活都像一場無用而無趣的戰役...,控制,M-W,M-W,M-W,M-W,M-W,M-W,18
965,憂鬱的夜晚，我覺得我終於走不出去的通道了... 我無法控制自己的感受，無法做出什麼東西來改變自己... 天的日常生活都像一場無用而無趣的戰役...,自己,E-W,E-W,E-W,E-W,E-W,E-W,19
965,憂鬱的夜晚，我覺得我終於走不出去的通道了... 我無法控制自己的感受，無法做出什麼東西來改變自己... 天的日常生活都像一場無用而無趣的戰役...,的,O,O,O,O,O,O,20
965,憂鬱的夜晚，我覺得我終於走不出去的通道了... 我無法控制自己的感受，無法做出什麼東西來改變自己... 天的日常生活都像一場無用而無趣的戰役...,感受,O,O,S-W,S-W,S-W,O,21
965,憂鬱的夜晚，我覺得我終於走不出去的通道了... 我無法控制自己的感受，無法做出什麼東西來改變自己... 天的日常生活都像一場無用而無趣的戰役...,，,O,O,O,O,O,O,22
965,憂鬱的夜晚，我覺得我終於走不出去的通道了... 我無法控制自己的感受，無法做出什麼東西來改變自己... 天的日常生活都像一場無用而無趣的戰役...,無法,O,B-D,B-W,B-D,B-W,B-D,23
965,憂鬱的夜晚，我覺得我終於走不出去的通道了... 我無法控制自己的感受，無法做出什麼東西來改變自己... 天的日常生活都像一場無用而無趣的戰役...,做出,O,M-D,M-W,M-D,M-W,M-D,24
965,憂鬱的夜晚，我覺得我終於走不出去的通道了... 我無法控制自己的感受，無法做出什麼東西來改變自己... 天的日常生活都像一場無用而無趣的戰役...,什麼,O,E-D,E-W,E-D,E-W,E-D,25
965,憂鬱的夜晚，我覺得我終於走不出去的通道了... 我無法控制自己的感受，無法做出什麼東西來改變自己... 天的日常生活都像一場無用而無趣的戰役...,東西,O,O,O,O,O,O,26
965,憂鬱的夜晚，我覺得我終於走不出去的通道了... 我無法控制自己的感受，無法做出什麼東西來改變自己... 天的日常生活都像一場無用而無趣的戰役...,來,O,O,O,O,O,O,27
965,憂鬱的夜晚，我覺得我終於走不出去的通道了... 我無法控制自己的感受，無法做出什麼東西來改變自己... 天的日常生活都像一場無用而無趣的戰役...,改變,O,O,O,O,O,O,28
965,憂鬱的夜晚，我覺得我終於走不出去的通道了... 我無法控制自己的感受，無法做出什麼東西來改變自己... 天的日常生活都像一場無用而無趣的戰役...,自己,O,O,O,O,O,O,29
965,憂鬱的夜晚，我覺得我終於走不出去的通道了... 我無法控制自己的感受，無法做出什麼東西來改變自己... 天的日常生活都像一場無用而無趣的戰役...,...,O,O,O,O,O,O,30
965,憂鬱的夜晚，我覺得我終於走不出去的通道了... 我無法控制自己的感受，無法做出什麼東西來改變自己... 天的日常生活都像一場無用而無趣的戰役...,天,O,O,O,O,O,O,31
965,憂鬱的夜晚，我覺得我終於走不出去的通道了... 我無法控制自己的感受，無法做出什麼東西來改變自己... 天的日常生活都像一場無用而無趣的戰役...,的,O,O,O,O,O,O,32
965,憂鬱的夜晚，我覺得我終於走不出去的通道了... 我無法控制自己的感受，無法做出什麼東西來改變自己... 天的日常生活都像一場無用而無趣的戰役...,日常,O,O,O,O,O,O,33
965,憂鬱的夜晚，我覺得我終於走不出去的通道了... 我無法控制自己的感受，無法做出什麼東西來改變自己... 天的日常生活都像一場無用而無趣的戰役...,生活,O,O,O,O,O,O,34
965,憂鬱的夜晚，我覺得我終於走不出去的通道了... 我無法控制自己的感受，無法做出什麼東西來改變自己... 天的日常生活都像一場無用而無趣的戰役...,都,O,O,O,O,O,O,35
965,憂鬱的夜晚，我覺得我終於走不出去的通道了... 我無法控制自己的感受，無法做出什麼東西來改變自己... 天的日常生活都像一場無用而無趣的戰役...,像,O,O,O,O,O,O,36
965,憂鬱的夜晚，我覺得我終於走不出去的通道了... 我無法控制自己的感受，無法做出什麼東西來改變自己... 天的日常生活都像一場無用而無趣的戰役...,一場,O,O,O,O,O,O,37
965,憂鬱的夜晚，我覺得我終於走不出去的通道了... 我無法控制自己的感受，無法做出什麼東西來改變自己... 天的日常生活都像一場無用而無趣的戰役...,無用,O,S-W,S-W,S-D,S-W,S-W,38
965,憂鬱的夜晚，我覺得我終於走不出去的通道了... 我無法控制自己的感受，無法做出什麼東西來改變自己... 天的日常生活都像一場無用而無趣的戰役...,而,O,O,O,O,O,O,39
965,憂鬱的夜晚，我覺得我終於走不出去的通道了... 我無法控制自己的感受，無法做出什麼東西來改變自己... 天的日常生活都像一場無用而無趣的戰役...,無趣,S-D,S-D,S-D,S-D,S-D,S-D,40
965,憂鬱的夜晚，我覺得我終於走不出去的通道了... 我無法控制自己的感受，無法做出什麼東西來改變自己... 天的日常生活都像一場無用而無趣的戰役...,的,O,O,O,O,O,O,41
965,憂鬱的夜晚，我覺得我終於走不出去的通道了... 我無法控制自己的感受，無法做出什麼東西來改變自己... 天的日常生活都像一場無用而無趣的戰役...,戰役,O,O,O,O,O,O,42
965,憂鬱的夜晚，我覺得我終於走不出去的通道了... 我無法控制自己的感受，無法做出什麼東西來改變自己... 天的日常生活都像一場無用而無趣的戰役...,...,O,O,O,O,O,O,43
966,我不知道我該怎么治療自己，我每天都感到如同被困在黑暗中。我在試圖看起來像個正常人，但內心總是扭曲。我每天都會想： 我不想活了，我想要結束一切。我現在已經沒有希望了,我,O,O,O,O,O,O,1
966,我不知道我該怎么治療自己，我每天都感到如同被困在黑暗中。我在試圖看起來像個正常人，但內心總是扭曲。我每天都會想： 我不想活了，我想要結束一切。我現在已經沒有希望了,不知道,O,O,O,O,O,O,2
966,我不知道我該怎么治療自己，我每天都感到如同被困在黑暗中。我在試圖看起來像個正常人，但內心總是扭曲。我每天都會想： 我不想活了，我想要結束一切。我現在已經沒有希望了,我,O,O,O,O,O,O,3
966,我不知道我該怎么治療自己，我每天都感到如同被困在黑暗中。我在試圖看起來像個正常人，但內心總是扭曲。我每天都會想： 我不想活了，我想要結束一切。我現在已經沒有希望了,該,O,O,O,O,O,O,4
966,我不知道我該怎么治療自己，我每天都感到如同被困在黑暗中。我在試圖看起來像個正常人，但內心總是扭曲。我每天都會想： 我不想活了，我想要結束一切。我現在已經沒有希望了,怎么,O,O,O,O,O,O,5
966,我不知道我該怎么治療自己，我每天都感到如同被困在黑暗中。我在試圖看起來像個正常人，但內心總是扭曲。我每天都會想： 我不想活了，我想要結束一切。我現在已經沒有希望了,治療,O,O,O,O,O,O,6
966,我不知道我該怎么治療自己，我每天都感到如同被困在黑暗中。我在試圖看起來像個正常人，但內心總是扭曲。我每天都會想： 我不想活了，我想要結束一切。我現在已經沒有希望了,自己,O,O,O,O,O,O,7
966,我不知道我該怎么治療自己，我每天都感到如同被困在黑暗中。我在試圖看起來像個正常人，但內心總是扭曲。我每天都會想： 我不想活了，我想要結束一切。我現在已經沒有希望了,，,O,O,O,O,O,O,8
966,我不知道我該怎么治療自己，我每天都感到如同被困在黑暗中。我在試圖看起來像個正常人，但內心總是扭曲。我每天都會想： 我不想活了，我想要結束一切。我現在已經沒有希望了,我,O,O,O,O,O,O,9
966,我不知道我該怎么治療自己，我每天都感到如同被困在黑暗中。我在試圖看起來像個正常人，但內心總是扭曲。我每天都會想： 我不想活了，我想要結束一切。我現在已經沒有希望了,每天,O,O,O,O,O,O,10
966,我不知道我該怎么治療自己，我每天都感到如同被困在黑暗中。我在試圖看起來像個正常人，但內心總是扭曲。我每天都會想： 我不想活了，我想要結束一切。我現在已經沒有希望了,都,O,O,O,O,O,O,11
966,我不知道我該怎么治療自己，我每天都感到如同被困在黑暗中。我在試圖看起來像個正常人，但內心總是扭曲。我每天都會想： 我不想活了，我想要結束一切。我現在已經沒有希望了,感到,O,O,O,O,O,O,12
966,我不知道我該怎么治療自己，我每天都感到如同被困在黑暗中。我在試圖看起來像個正常人，但內心總是扭曲。我每天都會想： 我不想活了，我想要結束一切。我現在已經沒有希望了,如同,O,O,O,O,O,O,13
966,我不知道我該怎么治療自己，我每天都感到如同被困在黑暗中。我在試圖看起來像個正常人，但內心總是扭曲。我每天都會想： 我不想活了，我想要結束一切。我現在已經沒有希望了,被,O,O,O,O,O,O,14
966,我不知道我該怎么治療自己，我每天都感到如同被困在黑暗中。我在試圖看起來像個正常人，但內心總是扭曲。我每天都會想： 我不想活了，我想要結束一切。我現在已經沒有希望了,困,O,O,O,O,O,O,15
966,我不知道我該怎么治療自己，我每天都感到如同被困在黑暗中。我在試圖看起來像個正常人，但內心總是扭曲。我每天都會想： 我不想活了，我想要結束一切。我現在已經沒有希望了,在,O,O,O,S-D,O,O,16
966,我不知道我該怎么治療自己，我每天都感到如同被困在黑暗中。我在試圖看起來像個正常人，但內心總是扭曲。我每天都會想： 我不想活了，我想要結束一切。我現在已經沒有希望了,黑暗,S-D,S-D,S-D,O,S-D,S-D,17
966,我不知道我該怎么治療自己，我每天都感到如同被困在黑暗中。我在試圖看起來像個正常人，但內心總是扭曲。我每天都會想： 我不想活了，我想要結束一切。我現在已經沒有希望了,中,O,O,O,O,O,O,18
966,我不知道我該怎么治療自己，我每天都感到如同被困在黑暗中。我在試圖看起來像個正常人，但內心總是扭曲。我每天都會想： 我不想活了，我想要結束一切。我現在已經沒有希望了,。,O,O,O,O,O,O,19
966,我不知道我該怎么治療自己，我每天都感到如同被困在黑暗中。我在試圖看起來像個正常人，但內心總是扭曲。我每天都會想： 我不想活了，我想要結束一切。我現在已經沒有希望了,我,O,O,O,O,O,O,20
966,我不知道我該怎么治療自己，我每天都感到如同被困在黑暗中。我在試圖看起來像個正常人，但內心總是扭曲。我每天都會想： 我不想活了，我想要結束一切。我現在已經沒有希望了,在,O,O,O,O,O,O,21
966,我不知道我該怎么治療自己，我每天都感到如同被困在黑暗中。我在試圖看起來像個正常人，但內心總是扭曲。我每天都會想： 我不想活了，我想要結束一切。我現在已經沒有希望了,試圖,O,O,O,O,O,O,22
966,我不知道我該怎么治療自己，我每天都感到如同被困在黑暗中。我在試圖看起來像個正常人，但內心總是扭曲。我每天都會想： 我不想活了，我想要結束一切。我現在已經沒有希望了,看,O,O,O,O,O,O,23
966,我不知道我該怎么治療自己，我每天都感到如同被困在黑暗中。我在試圖看起來像個正常人，但內心總是扭曲。我每天都會想： 我不想活了，我想要結束一切。我現在已經沒有希望了,起來,O,O,O,O,O,O,24
966,我不知道我該怎么治療自己，我每天都感到如同被困在黑暗中。我在試圖看起來像個正常人，但內心總是扭曲。我每天都會想： 我不想活了，我想要結束一切。我現在已經沒有希望了,像個,O,O,O,O,O,O,25
966,我不知道我該怎么治療自己，我每天都感到如同被困在黑暗中。我在試圖看起來像個正常人，但內心總是扭曲。我每天都會想： 我不想活了，我想要結束一切。我現在已經沒有希望了,正常,O,O,O,O,O,O,26
966,我不知道我該怎么治療自己，我每天都感到如同被困在黑暗中。我在試圖看起來像個正常人，但內心總是扭曲。我每天都會想： 我不想活了，我想要結束一切。我現在已經沒有希望了,人,O,O,O,O,O,O,27
966,我不知道我該怎么治療自己，我每天都感到如同被困在黑暗中。我在試圖看起來像個正常人，但內心總是扭曲。我每天都會想： 我不想活了，我想要結束一切。我現在已經沒有希望了,，,O,O,O,O,O,O,28
966,我不知道我該怎么治療自己，我每天都感到如同被困在黑暗中。我在試圖看起來像個正常人，但內心總是扭曲。我每天都會想： 我不想活了，我想要結束一切。我現在已經沒有希望了,但,O,O,O,O,O,O,29
966,我不知道我該怎么治療自己，我每天都感到如同被困在黑暗中。我在試圖看起來像個正常人，但內心總是扭曲。我每天都會想： 我不想活了，我想要結束一切。我現在已經沒有希望了,內心,B-D,O,B-D,O,O,B-D,30
966,我不知道我該怎么治療自己，我每天都感到如同被困在黑暗中。我在試圖看起來像個正常人，但內心總是扭曲。我每天都會想： 我不想活了，我想要結束一切。我現在已經沒有希望了,總是,M-D,O,M-D,S-D,B-D,M-D,31
966,我不知道我該怎么治療自己，我每天都感到如同被困在黑暗中。我在試圖看起來像個正常人，但內心總是扭曲。我每天都會想： 我不想活了，我想要結束一切。我現在已經沒有希望了,扭曲,E-D,S-D,E-D,O,M-D,E-D,32
966,我不知道我該怎么治療自己，我每天都感到如同被困在黑暗中。我在試圖看起來像個正常人，但內心總是扭曲。我每天都會想： 我不想活了，我想要結束一切。我現在已經沒有希望了,。,O,O,O,O,E-D,O,33
966,我不知道我該怎么治療自己，我每天都感到如同被困在黑暗中。我在試圖看起來像個正常人，但內心總是扭曲。我每天都會想： 我不想活了，我想要結束一切。我現在已經沒有希望了,我,O,O,O,O,O,O,34
966,我不知道我該怎么治療自己，我每天都感到如同被困在黑暗中。我在試圖看起來像個正常人，但內心總是扭曲。我每天都會想： 我不想活了，我想要結束一切。我現在已經沒有希望了,每天,O,O,O,O,O,O,35
966,我不知道我該怎么治療自己，我每天都感到如同被困在黑暗中。我在試圖看起來像個正常人，但內心總是扭曲。我每天都會想： 我不想活了，我想要結束一切。我現在已經沒有希望了,都,O,O,O,O,O,O,36
966,我不知道我該怎么治療自己，我每天都感到如同被困在黑暗中。我在試圖看起來像個正常人，但內心總是扭曲。我每天都會想： 我不想活了，我想要結束一切。我現在已經沒有希望了,會,O,O,O,O,O,O,37
966,我不知道我該怎么治療自己，我每天都感到如同被困在黑暗中。我在試圖看起來像個正常人，但內心總是扭曲。我每天都會想： 我不想活了，我想要結束一切。我現在已經沒有希望了,想,O,O,O,O,O,O,38
966,我不知道我該怎么治療自己，我每天都感到如同被困在黑暗中。我在試圖看起來像個正常人，但內心總是扭曲。我每天都會想： 我不想活了，我想要結束一切。我現在已經沒有希望了,：,O,O,O,O,O,O,39
966,我不知道我該怎么治療自己，我每天都感到如同被困在黑暗中。我在試圖看起來像個正常人，但內心總是扭曲。我每天都會想： 我不想活了，我想要結束一切。我現在已經沒有希望了,我,O,O,O,O,O,O,40
966,我不知道我該怎么治療自己，我每天都感到如同被困在黑暗中。我在試圖看起來像個正常人，但內心總是扭曲。我每天都會想： 我不想活了，我想要結束一切。我現在已經沒有希望了,不,B-U,O,O,O,O,O,41
966,我不知道我該怎么治療自己，我每天都感到如同被困在黑暗中。我在試圖看起來像個正常人，但內心總是扭曲。我每天都會想： 我不想活了，我想要結束一切。我現在已經沒有希望了,想,M-U,O,O,S-U,O,O,42
966,我不知道我該怎么治療自己，我每天都感到如同被困在黑暗中。我在試圖看起來像個正常人，但內心總是扭曲。我每天都會想： 我不想活了，我想要結束一切。我現在已經沒有希望了,活了,E-U,S-U,S-U,O,O,S-U,43
966,我不知道我該怎么治療自己，我每天都感到如同被困在黑暗中。我在試圖看起來像個正常人，但內心總是扭曲。我每天都會想： 我不想活了，我想要結束一切。我現在已經沒有希望了,，,O,O,O,O,S-U,O,44
966,我不知道我該怎么治療自己，我每天都感到如同被困在黑暗中。我在試圖看起來像個正常人，但內心總是扭曲。我每天都會想： 我不想活了，我想要結束一切。我現在已經沒有希望了,我,O,O,O,O,O,O,45
966,我不知道我該怎么治療自己，我每天都感到如同被困在黑暗中。我在試圖看起來像個正常人，但內心總是扭曲。我每天都會想： 我不想活了，我想要結束一切。我現在已經沒有希望了,想要,O,O,O,O,O,O,46
966,我不知道我該怎么治療自己，我每天都感到如同被困在黑暗中。我在試圖看起來像個正常人，但內心總是扭曲。我每天都會想： 我不想活了，我想要結束一切。我現在已經沒有希望了,結束,B-U,O,O,S-U,O,O,47
966,我不知道我該怎么治療自己，我每天都感到如同被困在黑暗中。我在試圖看起來像個正常人，但內心總是扭曲。我每天都會想： 我不想活了，我想要結束一切。我現在已經沒有希望了,一切,E-U,S-U,S-U,O,O,S-U,48
966,我不知道我該怎么治療自己，我每天都感到如同被困在黑暗中。我在試圖看起來像個正常人，但內心總是扭曲。我每天都會想： 我不想活了，我想要結束一切。我現在已經沒有希望了,。,O,O,O,O,O,O,49
966,我不知道我該怎么治療自己，我每天都感到如同被困在黑暗中。我在試圖看起來像個正常人，但內心總是扭曲。我每天都會想： 我不想活了，我想要結束一切。我現在已經沒有希望了,我,O,O,O,O,O,O,50
966,我不知道我該怎么治療自己，我每天都感到如同被困在黑暗中。我在試圖看起來像個正常人，但內心總是扭曲。我每天都會想： 我不想活了，我想要結束一切。我現在已經沒有希望了,現在,O,O,O,O,O,O,51
966,我不知道我該怎么治療自己，我每天都感到如同被困在黑暗中。我在試圖看起來像個正常人，但內心總是扭曲。我每天都會想： 我不想活了，我想要結束一切。我現在已經沒有希望了,已經,O,O,O,O,O,O,52
966,我不知道我該怎么治療自己，我每天都感到如同被困在黑暗中。我在試圖看起來像個正常人，但內心總是扭曲。我每天都會想： 我不想活了，我想要結束一切。我現在已經沒有希望了,沒有,B-A,O,B-A,S-D,O,B-A,53
966,我不知道我該怎么治療自己，我每天都感到如同被困在黑暗中。我在試圖看起來像個正常人，但內心總是扭曲。我每天都會想： 我不想活了，我想要結束一切。我現在已經沒有希望了,希望,E-A,S-D,E-A,O,B-A,E-A,54
966,我不知道我該怎么治療自己，我每天都感到如同被困在黑暗中。我在試圖看起來像個正常人，但內心總是扭曲。我每天都會想： 我不想活了，我想要結束一切。我現在已經沒有希望了,了,O,O,O,缺失預測,E-A,O,55
967,我今天又為了房租和物資都在擔心，我們無法支撐得住。每天都像是在為了無望的未來努力。,我,O,O,O,O,O,O,1
967,我今天又為了房租和物資都在擔心，我們無法支撐得住。每天都像是在為了無望的未來努力。,今天,O,O,O,O,O,O,2
967,我今天又為了房租和物資都在擔心，我們無法支撐得住。每天都像是在為了無望的未來努力。,又,O,O,O,O,O,O,3
967,我今天又為了房租和物資都在擔心，我們無法支撐得住。每天都像是在為了無望的未來努力。,為了,O,O,O,O,O,O,4
967,我今天又為了房租和物資都在擔心，我們無法支撐得住。每天都像是在為了無望的未來努力。,房租,O,O,O,O,O,O,5
967,我今天又為了房租和物資都在擔心，我們無法支撐得住。每天都像是在為了無望的未來努力。,和,O,O,O,O,O,O,6
967,我今天又為了房租和物資都在擔心，我們無法支撐得住。每天都像是在為了無望的未來努力。,物資,O,O,O,O,O,O,7
967,我今天又為了房租和物資都在擔心，我們無法支撐得住。每天都像是在為了無望的未來努力。,都,O,O,O,O,O,O,8
967,我今天又為了房租和物資都在擔心，我們無法支撐得住。每天都像是在為了無望的未來努力。,在,O,O,O,O,O,O,9
967,我今天又為了房租和物資都在擔心，我們無法支撐得住。每天都像是在為了無望的未來努力。,擔心,O,S-W,S-W,S-D,S-W,S-W,10
967,我今天又為了房租和物資都在擔心，我們無法支撐得住。每天都像是在為了無望的未來努力。,，,O,O,O,O,O,O,11
967,我今天又為了房租和物資都在擔心，我們無法支撐得住。每天都像是在為了無望的未來努力。,我們,O,O,O,O,O,O,12
967,我今天又為了房租和物資都在擔心，我們無法支撐得住。每天都像是在為了無望的未來努力。,無法,O,B-W,B-D,B-D,B-D,B-W,13
967,我今天又為了房租和物資都在擔心，我們無法支撐得住。每天都像是在為了無望的未來努力。,支撐,O,E-W,E-D,E-D,E-D,E-W,14
967,我今天又為了房租和物資都在擔心，我們無法支撐得住。每天都像是在為了無望的未來努力。,得,O,O,O,O,O,O,15
967,我今天又為了房租和物資都在擔心，我們無法支撐得住。每天都像是在為了無望的未來努力。,住,O,O,O,O,O,O,16
967,我今天又為了房租和物資都在擔心，我們無法支撐得住。每天都像是在為了無望的未來努力。,。,O,O,O,O,O,O,17
967,我今天又為了房租和物資都在擔心，我們無法支撐得住。每天都像是在為了無望的未來努力。,每天,O,O,O,O,O,O,18
967,我今天又為了房租和物資都在擔心，我們無法支撐得住。每天都像是在為了無望的未來努力。,都,O,O,O,O,O,O,19
967,我今天又為了房租和物資都在擔心，我們無法支撐得住。每天都像是在為了無望的未來努力。,像是,O,O,O,O,O,O,20
967,我今天又為了房租和物資都在擔心，我們無法支撐得住。每天都像是在為了無望的未來努力。,在,O,O,O,O,O,O,21
967,我今天又為了房租和物資都在擔心，我們無法支撐得住。每天都像是在為了無望的未來努力。,為了,O,O,O,O,O,O,22
967,我今天又為了房租和物資都在擔心，我們無法支撐得住。每天都像是在為了無望的未來努力。,無望,S-D,S-D,S-D,S-D,S-D,S-D,23
967,我今天又為了房租和物資都在擔心，我們無法支撐得住。每天都像是在為了無望的未來努力。,的,O,O,O,O,O,O,24
967,我今天又為了房租和物資都在擔心，我們無法支撐得住。每天都像是在為了無望的未來努力。,未來,O,O,O,O,O,O,25
967,我今天又為了房租和物資都在擔心，我們無法支撐得住。每天都像是在為了無望的未來努力。,努力,O,O,O,O,O,O,26
967,我今天又為了房租和物資都在擔心，我們無法支撐得住。每天都像是在為了無望的未來努力。,。,O,O,O,O,O,O,27
968,我現在完全沒有活力的感覺... 這些幾天來，我感到完全失去了意義...,我,O,O,O,O,O,O,1
968,我現在完全沒有活力的感覺... 這些幾天來，我感到完全失去了意義...,現在,O,O,O,O,O,O,2
968,我現在完全沒有活力的感覺... 這些幾天來，我感到完全失去了意義...,完全,O,O,O,O,O,O,3
968,我現在完全沒有活力的感覺... 這些幾天來，我感到完全失去了意義...,沒有,B-A,O,B-W,O,B-W,O,4
968,我現在完全沒有活力的感覺... 這些幾天來，我感到完全失去了意義...,活力,E-A,S-D,E-W,O,E-W,S-D,5
968,我現在完全沒有活力的感覺... 這些幾天來，我感到完全失去了意義...,的,O,O,O,O,O,O,6
968,我現在完全沒有活力的感覺... 這些幾天來，我感到完全失去了意義...,感覺,O,O,O,O,O,O,7
968,我現在完全沒有活力的感覺... 這些幾天來，我感到完全失去了意義...,...,O,O,O,O,O,O,8
968,我現在完全沒有活力的感覺... 這些幾天來，我感到完全失去了意義...,這些,O,O,O,O,O,O,9
968,我現在完全沒有活力的感覺... 這些幾天來，我感到完全失去了意義...,幾天,O,O,O,O,O,O,10
968,我現在完全沒有活力的感覺... 這些幾天來，我感到完全失去了意義...,來,O,O,O,O,O,O,11
968,我現在完全沒有活力的感覺... 這些幾天來，我感到完全失去了意義...,，,O,O,O,O,O,O,12
968,我現在完全沒有活力的感覺... 這些幾天來，我感到完全失去了意義...,我,O,O,O,O,O,O,13
968,我現在完全沒有活力的感覺... 這些幾天來，我感到完全失去了意義...,感到,O,O,O,B-D,O,O,14
968,我現在完全沒有活力的感覺... 這些幾天來，我感到完全失去了意義...,完全,O,O,O,M-D,O,O,15
968,我現在完全沒有活力的感覺... 這些幾天來，我感到完全失去了意義...,失去,B-A,B-D,B-W,E-D,B-W,B-W,16
968,我現在完全沒有活力的感覺... 這些幾天來，我感到完全失去了意義...,了,M-A,M-D,M-W,O,M-W,M-W,17
968,我現在完全沒有活力的感覺... 這些幾天來，我感到完全失去了意義...,意義,E-A,E-D,E-W,S-D,E-W,E-W,18
968,我現在完全沒有活力的感覺... 這些幾天來，我感到完全失去了意義...,...,O,O,O,O,O,O,19
969,這個月真的太苦了，無法睡眠，內心絕望，想結束一切，失業的壓力根本無法克服  我的生活是一場無望的鬱鬱曲折，覺得自己是無助的一部分  這裡只是個無目的的世界  這個月真的太苦了,這個,O,O,O,O,O,O,1
969,這個月真的太苦了，無法睡眠，內心絕望，想結束一切，失業的壓力根本無法克服  我的生活是一場無望的鬱鬱曲折，覺得自己是無助的一部分  這裡只是個無目的的世界  這個月真的太苦了,月,O,O,O,O,O,O,2
969,這個月真的太苦了，無法睡眠，內心絕望，想結束一切，失業的壓力根本無法克服  我的生活是一場無望的鬱鬱曲折，覺得自己是無助的一部分  這裡只是個無目的的世界  這個月真的太苦了,真的,O,O,O,O,O,O,3
969,這個月真的太苦了，無法睡眠，內心絕望，想結束一切，失業的壓力根本無法克服  我的生活是一場無望的鬱鬱曲折，覺得自己是無助的一部分  這裡只是個無目的的世界  這個月真的太苦了,太,O,O,O,O,O,O,4
969,這個月真的太苦了，無法睡眠，內心絕望，想結束一切，失業的壓力根本無法克服  我的生活是一場無望的鬱鬱曲折，覺得自己是無助的一部分  這裡只是個無目的的世界  這個月真的太苦了,苦了,S-D,S-D,S-D,S-D,S-D,S-D,5
969,這個月真的太苦了，無法睡眠，內心絕望，想結束一切，失業的壓力根本無法克服  我的生活是一場無望的鬱鬱曲折，覺得自己是無助的一部分  這裡只是個無目的的世界  這個月真的太苦了,，,O,O,O,O,O,O,6
969,這個月真的太苦了，無法睡眠，內心絕望，想結束一切，失業的壓力根本無法克服  我的生活是一場無望的鬱鬱曲折，覺得自己是無助的一部分  這裡只是個無目的的世界  這個月真的太苦了,無法,B-D,B-D,B-D,B-D,O,B-D,7
969,這個月真的太苦了，無法睡眠，內心絕望，想結束一切，失業的壓力根本無法克服  我的生活是一場無望的鬱鬱曲折，覺得自己是無助的一部分  這裡只是個無目的的世界  這個月真的太苦了,睡眠,E-D,E-D,E-D,E-D,B-D,E-D,8
969,這個月真的太苦了，無法睡眠，內心絕望，想結束一切，失業的壓力根本無法克服  我的生活是一場無望的鬱鬱曲折，覺得自己是無助的一部分  這裡只是個無目的的世界  這個月真的太苦了,，,O,O,O,O,E-D,O,9
969,這個月真的太苦了，無法睡眠，內心絕望，想結束一切，失業的壓力根本無法克服  我的生活是一場無望的鬱鬱曲折，覺得自己是無助的一部分  這裡只是個無目的的世界  這個月真的太苦了,內心,B-D,B-D,B-D,B-D,O,B-D,10
969,這個月真的太苦了，無法睡眠，內心絕望，想結束一切，失業的壓力根本無法克服  我的生活是一場無望的鬱鬱曲折，覺得自己是無助的一部分  這裡只是個無目的的世界  這個月真的太苦了,絕望,E-D,E-D,E-D,E-D,B-D,E-D,11
969,這個月真的太苦了，無法睡眠，內心絕望，想結束一切，失業的壓力根本無法克服  我的生活是一場無望的鬱鬱曲折，覺得自己是無助的一部分  這裡只是個無目的的世界  這個月真的太苦了,，,O,O,O,O,E-D,O,12
969,這個月真的太苦了，無法睡眠，內心絕望，想結束一切，失業的壓力根本無法克服  我的生活是一場無望的鬱鬱曲折，覺得自己是無助的一部分  這裡只是個無目的的世界  這個月真的太苦了,想,O,B-U,B-U,O,O,O,13
969,這個月真的太苦了，無法睡眠，內心絕望，想結束一切，失業的壓力根本無法克服  我的生活是一場無望的鬱鬱曲折，覺得自己是無助的一部分  這裡只是個無目的的世界  這個月真的太苦了,結束,B-U,E-U,E-U,O,B-U,O,14
969,這個月真的太苦了，無法睡眠，內心絕望，想結束一切，失業的壓力根本無法克服  我的生活是一場無望的鬱鬱曲折，覺得自己是無助的一部分  這裡只是個無目的的世界  這個月真的太苦了,一切,E-U,O,O,O,E-U,O,15
969,這個月真的太苦了，無法睡眠，內心絕望，想結束一切，失業的壓力根本無法克服  我的生活是一場無望的鬱鬱曲折，覺得自己是無助的一部分  這裡只是個無目的的世界  這個月真的太苦了,，,O,O,O,O,O,O,16
969,這個月真的太苦了，無法睡眠，內心絕望，想結束一切，失業的壓力根本無法克服  我的生活是一場無望的鬱鬱曲折，覺得自己是無助的一部分  這裡只是個無目的的世界  這個月真的太苦了,失業,O,B-W,B-W,O,O,B-W,17
969,這個月真的太苦了，無法睡眠，內心絕望，想結束一切，失業的壓力根本無法克服  我的生活是一場無望的鬱鬱曲折，覺得自己是無助的一部分  這裡只是個無目的的世界  這個月真的太苦了,的,O,O,O,O,B-W,O,18
969,這個月真的太苦了，無法睡眠，內心絕望，想結束一切，失業的壓力根本無法克服  我的生活是一場無望的鬱鬱曲折，覺得自己是無助的一部分  這裡只是個無目的的世界  這個月真的太苦了,壓力,O,O,O,O,O,O,19
969,這個月真的太苦了，無法睡眠，內心絕望，想結束一切，失業的壓力根本無法克服  我的生活是一場無望的鬱鬱曲折，覺得自己是無助的一部分  這裡只是個無目的的世界  這個月真的太苦了,根本,O,O,O,O,O,O,20
969,這個月真的太苦了，無法睡眠，內心絕望，想結束一切，失業的壓力根本無法克服  我的生活是一場無望的鬱鬱曲折，覺得自己是無助的一部分  這裡只是個無目的的世界  這個月真的太苦了,無法,B-D,B-D,B-D,B-D,O,B-D,21
969,這個月真的太苦了，無法睡眠，內心絕望，想結束一切，失業的壓力根本無法克服  我的生活是一場無望的鬱鬱曲折，覺得自己是無助的一部分  這裡只是個無目的的世界  這個月真的太苦了,克服,E-D,E-D,E-D,E-D,B-D,E-D,22
969,這個月真的太苦了，無法睡眠，內心絕望，想結束一切，失業的壓力根本無法克服  我的生活是一場無望的鬱鬱曲折，覺得自己是無助的一部分  這裡只是個無目的的世界  這個月真的太苦了,O,O,O,O,O,E-D,O,23
969,這個月真的太苦了，無法睡眠，內心絕望，想結束一切，失業的壓力根本無法克服  我的生活是一場無望的鬱鬱曲折，覺得自己是無助的一部分  這裡只是個無目的的世界  這個月真的太苦了,我的,O,O,O,O,O,O,24
969,這個月真的太苦了，無法睡眠，內心絕望，想結束一切，失業的壓力根本無法克服  我的生活是一場無望的鬱鬱曲折，覺得自己是無助的一部分  這裡只是個無目的的世界  這個月真的太苦了,生活,O,O,O,O,O,O,25
969,這個月真的太苦了，無法睡眠，內心絕望，想結束一切，失業的壓力根本無法克服  我的生活是一場無望的鬱鬱曲折，覺得自己是無助的一部分  這裡只是個無目的的世界  這個月真的太苦了,是,O,O,O,O,O,O,26
969,這個月真的太苦了，無法睡眠，內心絕望，想結束一切，失業的壓力根本無法克服  我的生活是一場無望的鬱鬱曲折，覺得自己是無助的一部分  這裡只是個無目的的世界  這個月真的太苦了,一場,O,O,O,O,O,O,27
969,這個月真的太苦了，無法睡眠，內心絕望，想結束一切，失業的壓力根本無法克服  我的生活是一場無望的鬱鬱曲折，覺得自己是無助的一部分  這裡只是個無目的的世界  這個月真的太苦了,無望,S-D,S-D,S-D,S-D,O,S-D,28
969,這個月真的太苦了，無法睡眠，內心絕望，想結束一切，失業的壓力根本無法克服  我的生活是一場無望的鬱鬱曲折，覺得自己是無助的一部分  這裡只是個無目的的世界  這個月真的太苦了,的,O,O,O,O,S-D,O,29
969,這個月真的太苦了，無法睡眠，內心絕望，想結束一切，失業的壓力根本無法克服  我的生活是一場無望的鬱鬱曲折，覺得自己是無助的一部分  這裡只是個無目的的世界  這個月真的太苦了,鬱鬱,O,O,O,O,O,O,30
969,這個月真的太苦了，無法睡眠，內心絕望，想結束一切，失業的壓力根本無法克服  我的生活是一場無望的鬱鬱曲折，覺得自己是無助的一部分  這裡只是個無目的的世界  這個月真的太苦了,曲折,O,O,O,O,O,O,31
969,這個月真的太苦了，無法睡眠，內心絕望，想結束一切，失業的壓力根本無法克服  我的生活是一場無望的鬱鬱曲折，覺得自己是無助的一部分  這裡只是個無目的的世界  這個月真的太苦了,，,O,O,O,O,O,O,32
969,這個月真的太苦了，無法睡眠，內心絕望，想結束一切，失業的壓力根本無法克服  我的生活是一場無望的鬱鬱曲折，覺得自己是無助的一部分  這裡只是個無目的的世界  這個月真的太苦了,覺得,O,O,O,O,O,O,33
969,這個月真的太苦了，無法睡眠，內心絕望，想結束一切，失業的壓力根本無法克服  我的生活是一場無望的鬱鬱曲折，覺得自己是無助的一部分  這裡只是個無目的的世界  這個月真的太苦了,自己,O,O,O,O,O,O,34
969,這個月真的太苦了，無法睡眠，內心絕望，想結束一切，失業的壓力根本無法克服  我的生活是一場無望的鬱鬱曲折，覺得自己是無助的一部分  這裡只是個無目的的世界  這個月真的太苦了,是,O,O,O,O,O,O,35
969,這個月真的太苦了，無法睡眠，內心絕望，想結束一切，失業的壓力根本無法克服  我的生活是一場無望的鬱鬱曲折，覺得自己是無助的一部分  這裡只是個無目的的世界  這個月真的太苦了,無助,S-D,S-W,S-W,S-W,O,S-W,36
969,這個月真的太苦了，無法睡眠，內心絕望，想結束一切，失業的壓力根本無法克服  我的生活是一場無望的鬱鬱曲折，覺得自己是無助的一部分  這裡只是個無目的的世界  這個月真的太苦了,的,O,O,O,O,S-W,O,37
969,這個月真的太苦了，無法睡眠，內心絕望，想結束一切，失業的壓力根本無法克服  我的生活是一場無望的鬱鬱曲折，覺得自己是無助的一部分  這裡只是個無目的的世界  這個月真的太苦了,一部分,O,O,O,O,O,O,38
969,這個月真的太苦了，無法睡眠，內心絕望，想結束一切，失業的壓力根本無法克服  我的生活是一場無望的鬱鬱曲折，覺得自己是無助的一部分  這裡只是個無目的的世界  這個月真的太苦了,O,O,O,O,O,O,O,39
969,這個月真的太苦了，無法睡眠，內心絕望，想結束一切，失業的壓力根本無法克服  我的生活是一場無望的鬱鬱曲折，覺得自己是無助的一部分  這裡只是個無目的的世界  這個月真的太苦了,這裡,O,O,O,O,O,O,40
969,這個月真的太苦了，無法睡眠，內心絕望，想結束一切，失業的壓力根本無法克服  我的生活是一場無望的鬱鬱曲折，覺得自己是無助的一部分  這裡只是個無目的的世界  這個月真的太苦了,只是,O,O,O,O,O,O,41
969,這個月真的太苦了，無法睡眠，內心絕望，想結束一切，失業的壓力根本無法克服  我的生活是一場無望的鬱鬱曲折，覺得自己是無助的一部分  這裡只是個無目的的世界  這個月真的太苦了,個,O,O,O,O,O,O,42
969,這個月真的太苦了，無法睡眠，內心絕望，想結束一切，失業的壓力根本無法克服  我的生活是一場無望的鬱鬱曲折，覺得自己是無助的一部分  這裡只是個無目的的世界  這個月真的太苦了,無目的,S-A,S-O,S-D,S-O,O,O,43
969,這個月真的太苦了，無法睡眠，內心絕望，想結束一切，失業的壓力根本無法克服  我的生活是一場無望的鬱鬱曲折，覺得自己是無助的一部分  這裡只是個無目的的世界  這個月真的太苦了,的,O,O,O,O,S-O,O,44
969,這個月真的太苦了，無法睡眠，內心絕望，想結束一切，失業的壓力根本無法克服  我的生活是一場無望的鬱鬱曲折，覺得自己是無助的一部分  這裡只是個無目的的世界  這個月真的太苦了,世界,O,O,O,O,O,O,45
969,這個月真的太苦了，無法睡眠，內心絕望，想結束一切，失業的壓力根本無法克服  我的生活是一場無望的鬱鬱曲折，覺得自己是無助的一部分  這裡只是個無目的的世界  這個月真的太苦了,O,O,O,O,O,O,O,46
969,這個月真的太苦了，無法睡眠，內心絕望，想結束一切，失業的壓力根本無法克服  我的生活是一場無望的鬱鬱曲折，覺得自己是無助的一部分  這裡只是個無目的的世界  這個月真的太苦了,這個,O,O,O,O,O,O,47
969,這個月真的太苦了，無法睡眠，內心絕望，想結束一切，失業的壓力根本無法克服  我的生活是一場無望的鬱鬱曲折，覺得自己是無助的一部分  這裡只是個無目的的世界  這個月真的太苦了,月,O,O,O,O,O,O,48
969,這個月真的太苦了，無法睡眠，內心絕望，想結束一切，失業的壓力根本無法克服  我的生活是一場無望的鬱鬱曲折，覺得自己是無助的一部分  這裡只是個無目的的世界  這個月真的太苦了,真的,O,O,O,O,O,O,49
969,這個月真的太苦了，無法睡眠，內心絕望，想結束一切，失業的壓力根本無法克服  我的生活是一場無望的鬱鬱曲折，覺得自己是無助的一部分  這裡只是個無目的的世界  這個月真的太苦了,太,O,O,O,O,O,O,50
969,這個月真的太苦了，無法睡眠，內心絕望，想結束一切，失業的壓力根本無法克服  我的生活是一場無望的鬱鬱曲折，覺得自己是無助的一部分  這裡只是個無目的的世界  這個月真的太苦了,苦了,O,S-D,S-D,S-D,O,S-D,51
970,我的世界在這麼黑暗了，我是這種人，可以不被社會認可，無論我做了什麼，我都感受到無助感。不過，我在想著我不想活了，我想結束一切，我想自殺。這種感覺讓我感受到痛苦,我的,O,O,O,O,O,O,1
970,我的世界在這麼黑暗了，我是這種人，可以不被社會認可，無論我做了什麼，我都感受到無助感。不過，我在想著我不想活了，我想結束一切，我想自殺。這種感覺讓我感受到痛苦,世界,O,O,O,O,O,O,2
970,我的世界在這麼黑暗了，我是這種人，可以不被社會認可，無論我做了什麼，我都感受到無助感。不過，我在想著我不想活了，我想結束一切，我想自殺。這種感覺讓我感受到痛苦,在,O,O,O,O,O,O,3
970,我的世界在這麼黑暗了，我是這種人，可以不被社會認可，無論我做了什麼，我都感受到無助感。不過，我在想著我不想活了，我想結束一切，我想自殺。這種感覺讓我感受到痛苦,這麼,O,O,O,O,O,O,4
970,我的世界在這麼黑暗了，我是這種人，可以不被社會認可，無論我做了什麼，我都感受到無助感。不過，我在想著我不想活了，我想結束一切，我想自殺。這種感覺讓我感受到痛苦,黑暗,S-D,S-D,S-D,S-D,S-D,S-D,5
970,我的世界在這麼黑暗了，我是這種人，可以不被社會認可，無論我做了什麼，我都感受到無助感。不過，我在想著我不想活了，我想結束一切，我想自殺。這種感覺讓我感受到痛苦,了,O,O,O,O,O,O,6
970,我的世界在這麼黑暗了，我是這種人，可以不被社會認可，無論我做了什麼，我都感受到無助感。不過，我在想著我不想活了，我想結束一切，我想自殺。這種感覺讓我感受到痛苦,，,O,O,O,O,O,O,7
970,我的世界在這麼黑暗了，我是這種人，可以不被社會認可，無論我做了什麼，我都感受到無助感。不過，我在想著我不想活了，我想結束一切，我想自殺。這種感覺讓我感受到痛苦,我,O,O,O,O,O,O,8
970,我的世界在這麼黑暗了，我是這種人，可以不被社會認可，無論我做了什麼，我都感受到無助感。不過，我在想著我不想活了，我想結束一切，我想自殺。這種感覺讓我感受到痛苦,是,O,O,O,O,O,O,9
970,我的世界在這麼黑暗了，我是這種人，可以不被社會認可，無論我做了什麼，我都感受到無助感。不過，我在想著我不想活了，我想結束一切，我想自殺。這種感覺讓我感受到痛苦,這種,O,O,O,O,O,O,10
970,我的世界在這麼黑暗了，我是這種人，可以不被社會認可，無論我做了什麼，我都感受到無助感。不過，我在想著我不想活了，我想結束一切，我想自殺。這種感覺讓我感受到痛苦,人,O,O,O,O,O,O,11
970,我的世界在這麼黑暗了，我是這種人，可以不被社會認可，無論我做了什麼，我都感受到無助感。不過，我在想著我不想活了，我想結束一切，我想自殺。這種感覺讓我感受到痛苦,，,O,O,O,O,O,O,12
970,我的世界在這麼黑暗了，我是這種人，可以不被社會認可，無論我做了什麼，我都感受到無助感。不過，我在想著我不想活了，我想結束一切，我想自殺。這種感覺讓我感受到痛苦,可以,O,O,O,O,O,O,13
970,我的世界在這麼黑暗了，我是這種人，可以不被社會認可，無論我做了什麼，我都感受到無助感。不過，我在想著我不想活了，我想結束一切，我想自殺。這種感覺讓我感受到痛苦,不,O,O,O,O,O,O,14
970,我的世界在這麼黑暗了，我是這種人，可以不被社會認可，無論我做了什麼，我都感受到無助感。不過，我在想著我不想活了，我想結束一切，我想自殺。這種感覺讓我感受到痛苦,被,O,O,O,O,O,O,15
970,我的世界在這麼黑暗了，我是這種人，可以不被社會認可，無論我做了什麼，我都感受到無助感。不過，我在想著我不想活了，我想結束一切，我想自殺。這種感覺讓我感受到痛苦,社會,O,O,O,O,O,O,16
970,我的世界在這麼黑暗了，我是這種人，可以不被社會認可，無論我做了什麼，我都感受到無助感。不過，我在想著我不想活了，我想結束一切，我想自殺。這種感覺讓我感受到痛苦,認可,O,O,O,O,O,O,17
970,我的世界在這麼黑暗了，我是這種人，可以不被社會認可，無論我做了什麼，我都感受到無助感。不過，我在想著我不想活了，我想結束一切，我想自殺。這種感覺讓我感受到痛苦,，,O,O,O,O,O,O,18
970,我的世界在這麼黑暗了，我是這種人，可以不被社會認可，無論我做了什麼，我都感受到無助感。不過，我在想著我不想活了，我想結束一切，我想自殺。這種感覺讓我感受到痛苦,無論,O,O,O,O,O,O,19
970,我的世界在這麼黑暗了，我是這種人，可以不被社會認可，無論我做了什麼，我都感受到無助感。不過，我在想著我不想活了，我想結束一切，我想自殺。這種感覺讓我感受到痛苦,我,O,O,O,O,O,O,20
970,我的世界在這麼黑暗了，我是這種人，可以不被社會認可，無論我做了什麼，我都感受到無助感。不過，我在想著我不想活了，我想結束一切，我想自殺。這種感覺讓我感受到痛苦,做,O,O,O,O,O,O,21
970,我的世界在這麼黑暗了，我是這種人，可以不被社會認可，無論我做了什麼，我都感受到無助感。不過，我在想著我不想活了，我想結束一切，我想自殺。這種感覺讓我感受到痛苦,了,O,O,O,O,O,O,22
970,我的世界在這麼黑暗了，我是這種人，可以不被社會認可，無論我做了什麼，我都感受到無助感。不過，我在想著我不想活了，我想結束一切，我想自殺。這種感覺讓我感受到痛苦,什麼,O,O,O,O,O,O,23
970,我的世界在這麼黑暗了，我是這種人，可以不被社會認可，無論我做了什麼，我都感受到無助感。不過，我在想著我不想活了，我想結束一切，我想自殺。這種感覺讓我感受到痛苦,，,O,O,O,O,O,O,24
970,我的世界在這麼黑暗了，我是這種人，可以不被社會認可，無論我做了什麼，我都感受到無助感。不過，我在想著我不想活了，我想結束一切，我想自殺。這種感覺讓我感受到痛苦,我,O,O,O,O,O,O,25
970,我的世界在這麼黑暗了，我是這種人，可以不被社會認可，無論我做了什麼，我都感受到無助感。不過，我在想著我不想活了，我想結束一切，我想自殺。這種感覺讓我感受到痛苦,都,O,O,O,O,O,O,26
970,我的世界在這麼黑暗了，我是這種人，可以不被社會認可，無論我做了什麼，我都感受到無助感。不過，我在想著我不想活了，我想結束一切，我想自殺。這種感覺讓我感受到痛苦,感受到,B-W,B-W,B-W,B-W,B-W,B-W,27
970,我的世界在這麼黑暗了，我是這種人，可以不被社會認可，無論我做了什麼，我都感受到無助感。不過，我在想著我不想活了，我想結束一切，我想自殺。這種感覺讓我感受到痛苦,無助感,E-W,E-W,E-W,E-W,E-W,E-W,28
970,我的世界在這麼黑暗了，我是這種人，可以不被社會認可，無論我做了什麼，我都感受到無助感。不過，我在想著我不想活了，我想結束一切，我想自殺。這種感覺讓我感受到痛苦,。,O,O,O,O,O,O,29
970,我的世界在這麼黑暗了，我是這種人，可以不被社會認可，無論我做了什麼，我都感受到無助感。不過，我在想著我不想活了，我想結束一切，我想自殺。這種感覺讓我感受到痛苦,不過,O,O,O,O,O,O,30
970,我的世界在這麼黑暗了，我是這種人，可以不被社會認可，無論我做了什麼，我都感受到無助感。不過，我在想著我不想活了，我想結束一切，我想自殺。這種感覺讓我感受到痛苦,，,O,O,O,O,O,O,31
970,我的世界在這麼黑暗了，我是這種人，可以不被社會認可，無論我做了什麼，我都感受到無助感。不過，我在想著我不想活了，我想結束一切，我想自殺。這種感覺讓我感受到痛苦,我,O,O,O,O,O,O,32
970,我的世界在這麼黑暗了，我是這種人，可以不被社會認可，無論我做了什麼，我都感受到無助感。不過，我在想著我不想活了，我想結束一切，我想自殺。這種感覺讓我感受到痛苦,在,O,O,O,O,O,O,33
970,我的世界在這麼黑暗了，我是這種人，可以不被社會認可，無論我做了什麼，我都感受到無助感。不過，我在想著我不想活了，我想結束一切，我想自殺。這種感覺讓我感受到痛苦,想著,O,O,O,O,O,O,34
970,我的世界在這麼黑暗了，我是這種人，可以不被社會認可，無論我做了什麼，我都感受到無助感。不過，我在想著我不想活了，我想結束一切，我想自殺。這種感覺讓我感受到痛苦,我,O,O,O,O,O,O,35
970,我的世界在這麼黑暗了，我是這種人，可以不被社會認可，無論我做了什麼，我都感受到無助感。不過，我在想著我不想活了，我想結束一切，我想自殺。這種感覺讓我感受到痛苦,不想,B-U,B-U,B-U,B-U,O,B-U,36
970,我的世界在這麼黑暗了，我是這種人，可以不被社會認可，無論我做了什麼，我都感受到無助感。不過，我在想著我不想活了，我想結束一切，我想自殺。這種感覺讓我感受到痛苦,活了,E-U,E-U,E-U,E-U,O,E-U,37
970,我的世界在這麼黑暗了，我是這種人，可以不被社會認可，無論我做了什麼，我都感受到無助感。不過，我在想著我不想活了，我想結束一切，我想自殺。這種感覺讓我感受到痛苦,，,O,O,O,O,S-U,O,38
970,我的世界在這麼黑暗了，我是這種人，可以不被社會認可，無論我做了什麼，我都感受到無助感。不過，我在想著我不想活了，我想結束一切，我想自殺。這種感覺讓我感受到痛苦,我,O,O,O,O,O,O,39
970,我的世界在這麼黑暗了，我是這種人，可以不被社會認可，無論我做了什麼，我都感受到無助感。不過，我在想著我不想活了，我想結束一切，我想自殺。這種感覺讓我感受到痛苦,想,O,O,O,O,O,O,40
970,我的世界在這麼黑暗了，我是這種人，可以不被社會認可，無論我做了什麼，我都感受到無助感。不過，我在想著我不想活了，我想結束一切，我想自殺。這種感覺讓我感受到痛苦,結束,O,O,O,O,O,O,41
970,我的世界在這麼黑暗了，我是這種人，可以不被社會認可，無論我做了什麼，我都感受到無助感。不過，我在想著我不想活了，我想結束一切，我想自殺。這種感覺讓我感受到痛苦,一切,O,O,O,O,O,O,42
970,我的世界在這麼黑暗了，我是這種人，可以不被社會認可，無論我做了什麼，我都感受到無助感。不過，我在想著我不想活了，我想結束一切，我想自殺。這種感覺讓我感受到痛苦,，,O,O,O,O,O,O,43
970,我的世界在這麼黑暗了，我是這種人，可以不被社會認可，無論我做了什麼，我都感受到無助感。不過，我在想著我不想活了，我想結束一切，我想自殺。這種感覺讓我感受到痛苦,我,O,O,O,O,O,O,44
970,我的世界在這麼黑暗了，我是這種人，可以不被社會認可，無論我做了什麼，我都感受到無助感。不過，我在想著我不想活了，我想結束一切，我想自殺。這種感覺讓我感受到痛苦,想,O,O,O,O,O,O,45
970,我的世界在這麼黑暗了，我是這種人，可以不被社會認可，無論我做了什麼，我都感受到無助感。不過，我在想著我不想活了，我想結束一切，我想自殺。這種感覺讓我感受到痛苦,自殺,S-U,S-U,S-U,S-U,O,S-U,46
970,我的世界在這麼黑暗了，我是這種人，可以不被社會認可，無論我做了什麼，我都感受到無助感。不過，我在想著我不想活了，我想結束一切，我想自殺。這種感覺讓我感受到痛苦,。,O,O,O,O,S-U,O,47
970,我的世界在這麼黑暗了，我是這種人，可以不被社會認可，無論我做了什麼，我都感受到無助感。不過，我在想著我不想活了，我想結束一切，我想自殺。這種感覺讓我感受到痛苦,這種,O,O,O,O,O,O,48
970,我的世界在這麼黑暗了，我是這種人，可以不被社會認可，無論我做了什麼，我都感受到無助感。不過，我在想著我不想活了，我想結束一切，我想自殺。這種感覺讓我感受到痛苦,感覺,O,O,O,O,O,O,49
970,我的世界在這麼黑暗了，我是這種人，可以不被社會認可，無論我做了什麼，我都感受到無助感。不過，我在想著我不想活了，我想結束一切，我想自殺。這種感覺讓我感受到痛苦,讓,O,O,O,O,O,O,50
970,我的世界在這麼黑暗了，我是這種人，可以不被社會認可，無論我做了什麼，我都感受到無助感。不過，我在想著我不想活了，我想結束一切，我想自殺。這種感覺讓我感受到痛苦,我,O,O,O,O,O,O,51
970,我的世界在這麼黑暗了，我是這種人，可以不被社會認可，無論我做了什麼，我都感受到無助感。不過，我在想著我不想活了，我想結束一切，我想自殺。這種感覺讓我感受到痛苦,感受到,B-D,B-D,B-D,B-D,O,B-D,52
970,我的世界在這麼黑暗了，我是這種人，可以不被社會認可，無論我做了什麼，我都感受到無助感。不過，我在想著我不想活了，我想結束一切，我想自殺。這種感覺讓我感受到痛苦,痛苦,E-D,E-D,E-D,E-D,B-D,E-D,53
971,今天發現自己無法完成一件事情，無法開始一項工作，無法面對世界。我變得非常疲勞，疲勞到不敢出門  我不想活了，想結束一切，不想再度面對自己的失敗，會發生這些想法，會有一個時刻會發生，,今天,O,O,O,O,O,O,1
971,今天發現自己無法完成一件事情，無法開始一項工作，無法面對世界。我變得非常疲勞，疲勞到不敢出門  我不想活了，想結束一切，不想再度面對自己的失敗，會發生這些想法，會有一個時刻會發生，,發現,O,O,O,O,O,O,2
971,今天發現自己無法完成一件事情，無法開始一項工作，無法面對世界。我變得非常疲勞，疲勞到不敢出門  我不想活了，想結束一切，不想再度面對自己的失敗，會發生這些想法，會有一個時刻會發生，,自己,O,O,O,O,O,O,3
971,今天發現自己無法完成一件事情，無法開始一項工作，無法面對世界。我變得非常疲勞，疲勞到不敢出門  我不想活了，想結束一切，不想再度面對自己的失敗，會發生這些想法，會有一個時刻會發生，,無法,B-D,B-D,B-D,B-D,B-D,B-D,4
971,今天發現自己無法完成一件事情，無法開始一項工作，無法面對世界。我變得非常疲勞，疲勞到不敢出門  我不想活了，想結束一切，不想再度面對自己的失敗，會發生這些想法，會有一個時刻會發生，,完成,E-D,M-D,M-D,E-D,M-D,E-D,5
971,今天發現自己無法完成一件事情，無法開始一項工作，無法面對世界。我變得非常疲勞，疲勞到不敢出門  我不想活了，想結束一切，不想再度面對自己的失敗，會發生這些想法，會有一個時刻會發生，,一件,O,O,O,O,O,O,6
971,今天發現自己無法完成一件事情，無法開始一項工作，無法面對世界。我變得非常疲勞，疲勞到不敢出門  我不想活了，想結束一切，不想再度面對自己的失敗，會發生這些想法，會有一個時刻會發生，,事情,O,O,O,O,O,O,7
971,今天發現自己無法完成一件事情，無法開始一項工作，無法面對世界。我變得非常疲勞，疲勞到不敢出門  我不想活了，想結束一切，不想再度面對自己的失敗，會發生這些想法，會有一個時刻會發生，,，,O,O,O,O,O,O,8
971,今天發現自己無法完成一件事情，無法開始一項工作，無法面對世界。我變得非常疲勞，疲勞到不敢出門  我不想活了，想結束一切，不想再度面對自己的失敗，會發生這些想法，會有一個時刻會發生，,無法,B-D,B-D,B-D,B-D,B-D,B-D,9
971,今天發現自己無法完成一件事情，無法開始一項工作，無法面對世界。我變得非常疲勞，疲勞到不敢出門  我不想活了，想結束一切，不想再度面對自己的失敗，會發生這些想法，會有一個時刻會發生，,開始,E-D,E-D,E-D,E-D,E-D,E-D,10
971,今天發現自己無法完成一件事情，無法開始一項工作，無法面對世界。我變得非常疲勞，疲勞到不敢出門  我不想活了，想結束一切，不想再度面對自己的失敗，會發生這些想法，會有一個時刻會發生，,一項,O,O,O,O,O,O,11
971,今天發現自己無法完成一件事情，無法開始一項工作，無法面對世界。我變得非常疲勞，疲勞到不敢出門  我不想活了，想結束一切，不想再度面對自己的失敗，會發生這些想法，會有一個時刻會發生，,工作,O,O,O,O,O,O,12
971,今天發現自己無法完成一件事情，無法開始一項工作，無法面對世界。我變得非常疲勞，疲勞到不敢出門  我不想活了，想結束一切，不想再度面對自己的失敗，會發生這些想法，會有一個時刻會發生，,，,O,O,O,O,O,O,13
971,今天發現自己無法完成一件事情，無法開始一項工作，無法面對世界。我變得非常疲勞，疲勞到不敢出門  我不想活了，想結束一切，不想再度面對自己的失敗，會發生這些想法，會有一個時刻會發生，,無法,B-D,B-D,B-D,B-D,B-D,B-D,14
971,今天發現自己無法完成一件事情，無法開始一項工作，無法面對世界。我變得非常疲勞，疲勞到不敢出門  我不想活了，想結束一切，不想再度面對自己的失敗，會發生這些想法，會有一個時刻會發生，,面對,E-D,E-D,E-D,E-D,E-D,E-D,15
971,今天發現自己無法完成一件事情，無法開始一項工作，無法面對世界。我變得非常疲勞，疲勞到不敢出門  我不想活了，想結束一切，不想再度面對自己的失敗，會發生這些想法，會有一個時刻會發生，,世界,O,O,O,O,O,O,16
971,今天發現自己無法完成一件事情，無法開始一項工作，無法面對世界。我變得非常疲勞，疲勞到不敢出門  我不想活了，想結束一切，不想再度面對自己的失敗，會發生這些想法，會有一個時刻會發生，,。,O,O,O,O,O,O,17
971,今天發現自己無法完成一件事情，無法開始一項工作，無法面對世界。我變得非常疲勞，疲勞到不敢出門  我不想活了，想結束一切，不想再度面對自己的失敗，會發生這些想法，會有一個時刻會發生，,我,O,O,O,O,O,O,18
971,今天發現自己無法完成一件事情，無法開始一項工作，無法面對世界。我變得非常疲勞，疲勞到不敢出門  我不想活了，想結束一切，不想再度面對自己的失敗，會發生這些想法，會有一個時刻會發生，,變得,O,O,O,O,O,O,19
971,今天發現自己無法完成一件事情，無法開始一項工作，無法面對世界。我變得非常疲勞，疲勞到不敢出門  我不想活了，想結束一切，不想再度面對自己的失敗，會發生這些想法，會有一個時刻會發生，,非常,O,O,O,O,O,O,20
971,今天發現自己無法完成一件事情，無法開始一項工作，無法面對世界。我變得非常疲勞，疲勞到不敢出門  我不想活了，想結束一切，不想再度面對自己的失敗，會發生這些想法，會有一個時刻會發生，,疲勞,S-D,S-D,S-W,S-D,S-W,S-D,21
971,今天發現自己無法完成一件事情，無法開始一項工作，無法面對世界。我變得非常疲勞，疲勞到不敢出門  我不想活了，想結束一切，不想再度面對自己的失敗，會發生這些想法，會有一個時刻會發生，,，,O,O,O,O,O,O,22
971,今天發現自己無法完成一件事情，無法開始一項工作，無法面對世界。我變得非常疲勞，疲勞到不敢出門  我不想活了，想結束一切，不想再度面對自己的失敗，會發生這些想法，會有一個時刻會發生，,疲勞,O,O,O,O,O,O,23
971,今天發現自己無法完成一件事情，無法開始一項工作，無法面對世界。我變得非常疲勞，疲勞到不敢出門  我不想活了，想結束一切，不想再度面對自己的失敗，會發生這些想法，會有一個時刻會發生，,到,O,O,O,O,O,O,24
971,今天發現自己無法完成一件事情，無法開始一項工作，無法面對世界。我變得非常疲勞，疲勞到不敢出門  我不想活了，想結束一切，不想再度面對自己的失敗，會發生這些想法，會有一個時刻會發生，,不敢,O,O,O,O,O,O,25
971,今天發現自己無法完成一件事情，無法開始一項工作，無法面對世界。我變得非常疲勞，疲勞到不敢出門  我不想活了，想結束一切，不想再度面對自己的失敗，會發生這些想法，會有一個時刻會發生，,出門,O,O,O,O,O,O,26
971,今天發現自己無法完成一件事情，無法開始一項工作，無法面對世界。我變得非常疲勞，疲勞到不敢出門  我不想活了，想結束一切，不想再度面對自己的失敗，會發生這些想法，會有一個時刻會發生，,O,O,O,O,O,O,O,27
971,今天發現自己無法完成一件事情，無法開始一項工作，無法面對世界。我變得非常疲勞，疲勞到不敢出門  我不想活了，想結束一切，不想再度面對自己的失敗，會發生這些想法，會有一個時刻會發生，,我,O,O,O,O,O,O,28
971,今天發現自己無法完成一件事情，無法開始一項工作，無法面對世界。我變得非常疲勞，疲勞到不敢出門  我不想活了，想結束一切，不想再度面對自己的失敗，會發生這些想法，會有一個時刻會發生，,不想,B-U,B-U,O,B-U,O,O,29
971,今天發現自己無法完成一件事情，無法開始一項工作，無法面對世界。我變得非常疲勞，疲勞到不敢出門  我不想活了，想結束一切，不想再度面對自己的失敗，會發生這些想法，會有一個時刻會發生，,活了,E-U,E-U,O,E-U,O,O,30
971,今天發現自己無法完成一件事情，無法開始一項工作，無法面對世界。我變得非常疲勞，疲勞到不敢出門  我不想活了，想結束一切，不想再度面對自己的失敗，會發生這些想法，會有一個時刻會發生，,，,O,O,S-U,O,S-U,S-U,31
971,今天發現自己無法完成一件事情，無法開始一項工作，無法面對世界。我變得非常疲勞，疲勞到不敢出門  我不想活了，想結束一切，不想再度面對自己的失敗，會發生這些想法，會有一個時刻會發生，,想,O,B-U,O,B-U,O,O,32
971,今天發現自己無法完成一件事情，無法開始一項工作，無法面對世界。我變得非常疲勞，疲勞到不敢出門  我不想活了，想結束一切，不想再度面對自己的失敗，會發生這些想法，會有一個時刻會發生，,結束,B-U,E-U,O,E-U,O,O,33
971,今天發現自己無法完成一件事情，無法開始一項工作，無法面對世界。我變得非常疲勞，疲勞到不敢出門  我不想活了，想結束一切，不想再度面對自己的失敗，會發生這些想法，會有一個時刻會發生，,一切,E-U,O,O,O,O,O,34
971,今天發現自己無法完成一件事情，無法開始一項工作，無法面對世界。我變得非常疲勞，疲勞到不敢出門  我不想活了，想結束一切，不想再度面對自己的失敗，會發生這些想法，會有一個時刻會發生，,，,O,O,O,O,O,O,35
971,今天發現自己無法完成一件事情，無法開始一項工作，無法面對世界。我變得非常疲勞，疲勞到不敢出門  我不想活了，想結束一切，不想再度面對自己的失敗，會發生這些想法，會有一個時刻會發生，,不想,O,B-D,O,B-D,O,O,36
971,今天發現自己無法完成一件事情，無法開始一項工作，無法面對世界。我變得非常疲勞，疲勞到不敢出門  我不想活了，想結束一切，不想再度面對自己的失敗，會發生這些想法，會有一個時刻會發生，,再,O,E-D,O,E-D,O,O,37
971,今天發現自己無法完成一件事情，無法開始一項工作，無法面對世界。我變得非常疲勞，疲勞到不敢出門  我不想活了，想結束一切，不想再度面對自己的失敗，會發生這些想法，會有一個時刻會發生，,度,O,O,O,O,O,O,38
971,今天發現自己無法完成一件事情，無法開始一項工作，無法面對世界。我變得非常疲勞，疲勞到不敢出門  我不想活了，想結束一切，不想再度面對自己的失敗，會發生這些想法，會有一個時刻會發生，,面對,O,O,O,O,O,O,39
971,今天發現自己無法完成一件事情，無法開始一項工作，無法面對世界。我變得非常疲勞，疲勞到不敢出門  我不想活了，想結束一切，不想再度面對自己的失敗，會發生這些想法，會有一個時刻會發生，,自己,O,O,O,O,O,O,40
971,今天發現自己無法完成一件事情，無法開始一項工作，無法面對世界。我變得非常疲勞，疲勞到不敢出門  我不想活了，想結束一切，不想再度面對自己的失敗，會發生這些想法，會有一個時刻會發生，,的,O,O,O,S-W,O,O,41
971,今天發現自己無法完成一件事情，無法開始一項工作，無法面對世界。我變得非常疲勞，疲勞到不敢出門  我不想活了，想結束一切，不想再度面對自己的失敗，會發生這些想法，會有一個時刻會發生，,失敗,O,S-W,O,O,O,O,42
971,今天發現自己無法完成一件事情，無法開始一項工作，無法面對世界。我變得非常疲勞，疲勞到不敢出門  我不想活了，想結束一切，不想再度面對自己的失敗，會發生這些想法，會有一個時刻會發生，,，,O,O,O,O,O,O,43
971,今天發現自己無法完成一件事情，無法開始一項工作，無法面對世界。我變得非常疲勞，疲勞到不敢出門  我不想活了，想結束一切，不想再度面對自己的失敗，會發生這些想法，會有一個時刻會發生，,會,O,O,S-W,O,S-W,S-W,44
971,今天發現自己無法完成一件事情，無法開始一項工作，無法面對世界。我變得非常疲勞，疲勞到不敢出門  我不想活了，想結束一切，不想再度面對自己的失敗，會發生這些想法，會有一個時刻會發生，,發生,O,O,O,O,O,O,45
971,今天發現自己無法完成一件事情，無法開始一項工作，無法面對世界。我變得非常疲勞，疲勞到不敢出門  我不想活了，想結束一切，不想再度面對自己的失敗，會發生這些想法，會有一個時刻會發生，,這些,O,O,O,O,O,O,46
971,今天發現自己無法完成一件事情，無法開始一項工作，無法面對世界。我變得非常疲勞，疲勞到不敢出門  我不想活了，想結束一切，不想再度面對自己的失敗，會發生這些想法，會有一個時刻會發生，,想法,O,O,O,O,O,O,47
971,今天發現自己無法完成一件事情，無法開始一項工作，無法面對世界。我變得非常疲勞，疲勞到不敢出門  我不想活了，想結束一切，不想再度面對自己的失敗，會發生這些想法，會有一個時刻會發生，,，,O,O,O,O,O,O,48
971,今天發現自己無法完成一件事情，無法開始一項工作，無法面對世界。我變得非常疲勞，疲勞到不敢出門  我不想活了，想結束一切，不想再度面對自己的失敗，會發生這些想法，會有一個時刻會發生，,會,O,O,O,O,O,O,49
971,今天發現自己無法完成一件事情，無法開始一項工作，無法面對世界。我變得非常疲勞，疲勞到不敢出門  我不想活了，想結束一切，不想再度面對自己的失敗，會發生這些想法，會有一個時刻會發生，,有,O,O,O,O,O,O,50
971,今天發現自己無法完成一件事情，無法開始一項工作，無法面對世界。我變得非常疲勞，疲勞到不敢出門  我不想活了，想結束一切，不想再度面對自己的失敗，會發生這些想法，會有一個時刻會發生，,一個,O,O,O,O,O,O,51
971,今天發現自己無法完成一件事情，無法開始一項工作，無法面對世界。我變得非常疲勞，疲勞到不敢出門  我不想活了，想結束一切，不想再度面對自己的失敗，會發生這些想法，會有一個時刻會發生，,時刻,O,O,O,O,O,O,52
971,今天發現自己無法完成一件事情，無法開始一項工作，無法面對世界。我變得非常疲勞，疲勞到不敢出門  我不想活了，想結束一切，不想再度面對自己的失敗，會發生這些想法，會有一個時刻會發生，,會,O,O,O,O,O,O,53
971,今天發現自己無法完成一件事情，無法開始一項工作，無法面對世界。我變得非常疲勞，疲勞到不敢出門  我不想活了，想結束一切，不想再度面對自己的失敗，會發生這些想法，會有一個時刻會發生，,發生,O,O,O,O,O,O,54
971,今天發現自己無法完成一件事情，無法開始一項工作，無法面對世界。我變得非常疲勞，疲勞到不敢出門  我不想活了，想結束一切，不想再度面對自己的失敗，會發生這些想法，會有一個時刻會發生，,，,O,O,O,缺失預測,O,O,55
972,現在，你是誰？我想問，我是否真的要繼續追逐生活中的那個「理想人生」？因為似乎失去了一個愛人，我的世界變得沒有這樣的熱情了。,現在,O,O,O,O,O,O,1
972,現在，你是誰？我想問，我是否真的要繼續追逐生活中的那個「理想人生」？因為似乎失去了一個愛人，我的世界變得沒有這樣的熱情了。,，,O,O,O,O,O,O,2
972,現在，你是誰？我想問，我是否真的要繼續追逐生活中的那個「理想人生」？因為似乎失去了一個愛人，我的世界變得沒有這樣的熱情了。,你,O,O,O,O,O,O,3
972,現在，你是誰？我想問，我是否真的要繼續追逐生活中的那個「理想人生」？因為似乎失去了一個愛人，我的世界變得沒有這樣的熱情了。,是,O,O,O,O,O,O,4
972,現在，你是誰？我想問，我是否真的要繼續追逐生活中的那個「理想人生」？因為似乎失去了一個愛人，我的世界變得沒有這樣的熱情了。,誰,O,O,O,O,O,O,5
972,現在，你是誰？我想問，我是否真的要繼續追逐生活中的那個「理想人生」？因為似乎失去了一個愛人，我的世界變得沒有這樣的熱情了。,？,O,O,O,O,O,O,6
972,現在，你是誰？我想問，我是否真的要繼續追逐生活中的那個「理想人生」？因為似乎失去了一個愛人，我的世界變得沒有這樣的熱情了。,我,O,O,O,O,O,O,7
972,現在，你是誰？我想問，我是否真的要繼續追逐生活中的那個「理想人生」？因為似乎失去了一個愛人，我的世界變得沒有這樣的熱情了。,想,O,O,O,O,O,O,8
972,現在，你是誰？我想問，我是否真的要繼續追逐生活中的那個「理想人生」？因為似乎失去了一個愛人，我的世界變得沒有這樣的熱情了。,問,O,O,O,O,O,O,9
972,現在，你是誰？我想問，我是否真的要繼續追逐生活中的那個「理想人生」？因為似乎失去了一個愛人，我的世界變得沒有這樣的熱情了。,，,O,O,O,O,O,O,10
972,現在，你是誰？我想問，我是否真的要繼續追逐生活中的那個「理想人生」？因為似乎失去了一個愛人，我的世界變得沒有這樣的熱情了。,我,O,O,O,O,O,O,11
972,現在，你是誰？我想問，我是否真的要繼續追逐生活中的那個「理想人生」？因為似乎失去了一個愛人，我的世界變得沒有這樣的熱情了。,是否,O,O,O,O,O,O,12
972,現在，你是誰？我想問，我是否真的要繼續追逐生活中的那個「理想人生」？因為似乎失去了一個愛人，我的世界變得沒有這樣的熱情了。,真的,O,O,O,O,O,O,13
972,現在，你是誰？我想問，我是否真的要繼續追逐生活中的那個「理想人生」？因為似乎失去了一個愛人，我的世界變得沒有這樣的熱情了。,要,O,O,O,O,O,O,14
972,現在，你是誰？我想問，我是否真的要繼續追逐生活中的那個「理想人生」？因為似乎失去了一個愛人，我的世界變得沒有這樣的熱情了。,繼續,O,O,O,O,O,O,15
972,現在，你是誰？我想問，我是否真的要繼續追逐生活中的那個「理想人生」？因為似乎失去了一個愛人，我的世界變得沒有這樣的熱情了。,追逐,O,O,O,O,O,O,16
972,現在，你是誰？我想問，我是否真的要繼續追逐生活中的那個「理想人生」？因為似乎失去了一個愛人，我的世界變得沒有這樣的熱情了。,生活,O,O,O,O,O,O,17
972,現在，你是誰？我想問，我是否真的要繼續追逐生活中的那個「理想人生」？因為似乎失去了一個愛人，我的世界變得沒有這樣的熱情了。,中,O,O,O,O,O,O,18
972,現在，你是誰？我想問，我是否真的要繼續追逐生活中的那個「理想人生」？因為似乎失去了一個愛人，我的世界變得沒有這樣的熱情了。,的,O,O,O,O,O,O,19
972,現在，你是誰？我想問，我是否真的要繼續追逐生活中的那個「理想人生」？因為似乎失去了一個愛人，我的世界變得沒有這樣的熱情了。,那個,O,O,O,O,O,O,20
972,現在，你是誰？我想問，我是否真的要繼續追逐生活中的那個「理想人生」？因為似乎失去了一個愛人，我的世界變得沒有這樣的熱情了。,「,O,O,O,O,O,O,21
972,現在，你是誰？我想問，我是否真的要繼續追逐生活中的那個「理想人生」？因為似乎失去了一個愛人，我的世界變得沒有這樣的熱情了。,理想,O,O,O,O,O,O,22
972,現在，你是誰？我想問，我是否真的要繼續追逐生活中的那個「理想人生」？因為似乎失去了一個愛人，我的世界變得沒有這樣的熱情了。,人生,O,O,O,O,O,O,23
972,現在，你是誰？我想問，我是否真的要繼續追逐生活中的那個「理想人生」？因為似乎失去了一個愛人，我的世界變得沒有這樣的熱情了。,」,O,O,O,O,O,O,24
972,現在，你是誰？我想問，我是否真的要繼續追逐生活中的那個「理想人生」？因為似乎失去了一個愛人，我的世界變得沒有這樣的熱情了。,？,O,O,O,O,O,O,25
972,現在，你是誰？我想問，我是否真的要繼續追逐生活中的那個「理想人生」？因為似乎失去了一個愛人，我的世界變得沒有這樣的熱情了。,因為,O,O,O,O,O,O,26
972,現在，你是誰？我想問，我是否真的要繼續追逐生活中的那個「理想人生」？因為似乎失去了一個愛人，我的世界變得沒有這樣的熱情了。,似乎,O,O,O,O,O,O,27
972,現在，你是誰？我想問，我是否真的要繼續追逐生活中的那個「理想人生」？因為似乎失去了一個愛人，我的世界變得沒有這樣的熱情了。,失去,O,B-W,O,B-W,B-D,B-W,28
972,現在，你是誰？我想問，我是否真的要繼續追逐生活中的那個「理想人生」？因為似乎失去了一個愛人，我的世界變得沒有這樣的熱情了。,了,O,M-W,O,M-W,M-D,M-W,29
972,現在，你是誰？我想問，我是否真的要繼續追逐生活中的那個「理想人生」？因為似乎失去了一個愛人，我的世界變得沒有這樣的熱情了。,一個,O,O,O,O,O,O,30
972,現在，你是誰？我想問，我是否真的要繼續追逐生活中的那個「理想人生」？因為似乎失去了一個愛人，我的世界變得沒有這樣的熱情了。,愛人,O,O,O,O,O,O,31
972,現在，你是誰？我想問，我是否真的要繼續追逐生活中的那個「理想人生」？因為似乎失去了一個愛人，我的世界變得沒有這樣的熱情了。,，,O,O,O,O,O,O,32
972,現在，你是誰？我想問，我是否真的要繼續追逐生活中的那個「理想人生」？因為似乎失去了一個愛人，我的世界變得沒有這樣的熱情了。,我,O,O,O,O,O,O,33
972,現在，你是誰？我想問，我是否真的要繼續追逐生活中的那個「理想人生」？因為似乎失去了一個愛人，我的世界變得沒有這樣的熱情了。,的,O,O,O,O,O,O,34
972,現在，你是誰？我想問，我是否真的要繼續追逐生活中的那個「理想人生」？因為似乎失去了一個愛人，我的世界變得沒有這樣的熱情了。,世界,O,O,O,O,O,O,35
972,現在，你是誰？我想問，我是否真的要繼續追逐生活中的那個「理想人生」？因為似乎失去了一個愛人，我的世界變得沒有這樣的熱情了。,變得,O,B-D,O,O,O,O,36
972,現在，你是誰？我想問，我是否真的要繼續追逐生活中的那個「理想人生」？因為似乎失去了一個愛人，我的世界變得沒有這樣的熱情了。,沒有,B-A,E-D,B-D,B-D,B-A,B-A,37
972,現在，你是誰？我想問，我是否真的要繼續追逐生活中的那個「理想人生」？因為似乎失去了一個愛人，我的世界變得沒有這樣的熱情了。,這樣,M-A,O,M-D,M-D,M-A,M-A,38
972,現在，你是誰？我想問，我是否真的要繼續追逐生活中的那個「理想人生」？因為似乎失去了一個愛人，我的世界變得沒有這樣的熱情了。,的,M-A,O,M-D,M-D,M-A,M-A,39
972,現在，你是誰？我想問，我是否真的要繼續追逐生活中的那個「理想人生」？因為似乎失去了一個愛人，我的世界變得沒有這樣的熱情了。,熱情,E-A,S-D,E-D,E-D,E-A,E-A,40
972,現在，你是誰？我想問，我是否真的要繼續追逐生活中的那個「理想人生」？因為似乎失去了一個愛人，我的世界變得沒有這樣的熱情了。,了,O,O,O,O,O,O,41
972,現在，你是誰？我想問，我是否真的要繼續追逐生活中的那個「理想人生」？因為似乎失去了一個愛人，我的世界變得沒有這樣的熱情了。,。,O,O,O,O,O,O,42
973,不知道為什麼 像這樣什麼都沒意思了... 每天的日常都這樣...無目的的...無動力的...難道這就是命定的走向嗎？,不知道,O,O,O,O,O,O,1
973,不知道為什麼 像這樣什麼都沒意思了... 每天的日常都這樣...無目的的...無動力的...難道這就是命定的走向嗎？,為什麼,O,O,O,O,O,O,2
973,不知道為什麼 像這樣什麼都沒意思了... 每天的日常都這樣...無目的的...無動力的...難道這就是命定的走向嗎？,像,O,O,O,O,O,O,3
973,不知道為什麼 像這樣什麼都沒意思了... 每天的日常都這樣...無目的的...無動力的...難道這就是命定的走向嗎？,這樣,O,O,O,O,O,O,4
973,不知道為什麼 像這樣什麼都沒意思了... 每天的日常都這樣...無目的的...無動力的...難道這就是命定的走向嗎？,什麼,O,O,O,O,O,O,5
973,不知道為什麼 像這樣什麼都沒意思了... 每天的日常都這樣...無目的的...無動力的...難道這就是命定的走向嗎？,都,O,O,O,O,O,O,6
973,不知道為什麼 像這樣什麼都沒意思了... 每天的日常都這樣...無目的的...無動力的...難道這就是命定的走向嗎？,沒意思,S-D,S-D,S-D,S-D,S-D,S-D,7
973,不知道為什麼 像這樣什麼都沒意思了... 每天的日常都這樣...無目的的...無動力的...難道這就是命定的走向嗎？,了,O,O,O,O,O,O,8
973,不知道為什麼 像這樣什麼都沒意思了... 每天的日常都這樣...無目的的...無動力的...難道這就是命定的走向嗎？,...,O,O,O,O,O,O,9
973,不知道為什麼 像這樣什麼都沒意思了... 每天的日常都這樣...無目的的...無動力的...難道這就是命定的走向嗎？,每天,O,O,O,O,O,O,10
973,不知道為什麼 像這樣什麼都沒意思了... 每天的日常都這樣...無目的的...無動力的...難道這就是命定的走向嗎？,的,O,O,O,O,O,O,11
973,不知道為什麼 像這樣什麼都沒意思了... 每天的日常都這樣...無目的的...無動力的...難道這就是命定的走向嗎？,日常,O,O,O,O,O,O,12
973,不知道為什麼 像這樣什麼都沒意思了... 每天的日常都這樣...無目的的...無動力的...難道這就是命定的走向嗎？,都,O,O,O,O,O,O,13
973,不知道為什麼 像這樣什麼都沒意思了... 每天的日常都這樣...無目的的...無動力的...難道這就是命定的走向嗎？,這樣,O,O,O,O,O,O,14
973,不知道為什麼 像這樣什麼都沒意思了... 每天的日常都這樣...無目的的...無動力的...難道這就是命定的走向嗎？,...,O,O,O,O,O,O,15
973,不知道為什麼 像這樣什麼都沒意思了... 每天的日常都這樣...無目的的...無動力的...難道這就是命定的走向嗎？,無目的,O,O,O,O,O,O,16
973,不知道為什麼 像這樣什麼都沒意思了... 每天的日常都這樣...無目的的...無動力的...難道這就是命定的走向嗎？,的,O,O,O,O,O,O,17
973,不知道為什麼 像這樣什麼都沒意思了... 每天的日常都這樣...無目的的...無動力的...難道這就是命定的走向嗎？,...,O,O,O,O,O,O,18
973,不知道為什麼 像這樣什麼都沒意思了... 每天的日常都這樣...無目的的...無動力的...難道這就是命定的走向嗎？,無動力,S-A,S-D,S-D,S-D,S-D,S-D,19
973,不知道為什麼 像這樣什麼都沒意思了... 每天的日常都這樣...無目的的...無動力的...難道這就是命定的走向嗎？,的,O,O,O,O,O,O,20
973,不知道為什麼 像這樣什麼都沒意思了... 每天的日常都這樣...無目的的...無動力的...難道這就是命定的走向嗎？,...,O,O,O,O,O,O,21
973,不知道為什麼 像這樣什麼都沒意思了... 每天的日常都這樣...無目的的...無動力的...難道這就是命定的走向嗎？,難道,O,O,O,O,O,O,22
973,不知道為什麼 像這樣什麼都沒意思了... 每天的日常都這樣...無目的的...無動力的...難道這就是命定的走向嗎？,這,O,O,O,O,O,O,23
973,不知道為什麼 像這樣什麼都沒意思了... 每天的日常都這樣...無目的的...無動力的...難道這就是命定的走向嗎？,就是,O,O,O,O,O,O,24
973,不知道為什麼 像這樣什麼都沒意思了... 每天的日常都這樣...無目的的...無動力的...難道這就是命定的走向嗎？,命定,O,O,O,O,O,O,25
973,不知道為什麼 像這樣什麼都沒意思了... 每天的日常都這樣...無目的的...無動力的...難道這就是命定的走向嗎？,的,O,O,O,O,O,O,26
973,不知道為什麼 像這樣什麼都沒意思了... 每天的日常都這樣...無目的的...無動力的...難道這就是命定的走向嗎？,走向,O,O,O,O,O,O,27
973,不知道為什麼 像這樣什麼都沒意思了... 每天的日常都這樣...無目的的...無動力的...難道這就是命定的走向嗎？,嗎,O,O,O,O,O,O,28
973,不知道為什麼 像這樣什麼都沒意思了... 每天的日常都這樣...無目的的...無動力的...難道這就是命定的走向嗎？,？,O,O,O,O,O,O,29
974,我每天用電腦了 12 小時，不斷工作，我什麼也不喜歡，甚至開始不再欣賞任何事情。不再有什麼事可做，我什麼都不喜歡，結果還是需要工作，我什麼也不做，結果還是會失去工作。,我,O,O,O,O,O,O,1
974,我每天用電腦了 12 小時，不斷工作，我什麼也不喜歡，甚至開始不再欣賞任何事情。不再有什麼事可做，我什麼都不喜歡，結果還是需要工作，我什麼也不做，結果還是會失去工作。,每天,O,O,O,O,O,O,2
974,我每天用電腦了 12 小時，不斷工作，我什麼也不喜歡，甚至開始不再欣賞任何事情。不再有什麼事可做，我什麼都不喜歡，結果還是需要工作，我什麼也不做，結果還是會失去工作。,用,O,O,O,O,O,O,3
974,我每天用電腦了 12 小時，不斷工作，我什麼也不喜歡，甚至開始不再欣賞任何事情。不再有什麼事可做，我什麼都不喜歡，結果還是需要工作，我什麼也不做，結果還是會失去工作。,電腦,O,O,O,O,O,O,4
974,我每天用電腦了 12 小時，不斷工作，我什麼也不喜歡，甚至開始不再欣賞任何事情。不再有什麼事可做，我什麼都不喜歡，結果還是需要工作，我什麼也不做，結果還是會失去工作。,了,O,O,O,O,O,O,5
974,我每天用電腦了 12 小時，不斷工作，我什麼也不喜歡，甚至開始不再欣賞任何事情。不再有什麼事可做，我什麼都不喜歡，結果還是需要工作，我什麼也不做，結果還是會失去工作。,12,O,O,O,O,O,O,6
974,我每天用電腦了 12 小時，不斷工作，我什麼也不喜歡，甚至開始不再欣賞任何事情。不再有什麼事可做，我什麼都不喜歡，結果還是需要工作，我什麼也不做，結果還是會失去工作。,小時,O,O,O,O,O,O,7
974,我每天用電腦了 12 小時，不斷工作，我什麼也不喜歡，甚至開始不再欣賞任何事情。不再有什麼事可做，我什麼都不喜歡，結果還是需要工作，我什麼也不做，結果還是會失去工作。,，,O,O,O,O,O,O,8
974,我每天用電腦了 12 小時，不斷工作，我什麼也不喜歡，甚至開始不再欣賞任何事情。不再有什麼事可做，我什麼都不喜歡，結果還是需要工作，我什麼也不做，結果還是會失去工作。,不斷,O,O,O,O,O,O,9
974,我每天用電腦了 12 小時，不斷工作，我什麼也不喜歡，甚至開始不再欣賞任何事情。不再有什麼事可做，我什麼都不喜歡，結果還是需要工作，我什麼也不做，結果還是會失去工作。,工作,O,O,O,O,O,O,10
974,我每天用電腦了 12 小時，不斷工作，我什麼也不喜歡，甚至開始不再欣賞任何事情。不再有什麼事可做，我什麼都不喜歡，結果還是需要工作，我什麼也不做，結果還是會失去工作。,，,O,O,O,O,O,O,11
974,我每天用電腦了 12 小時，不斷工作，我什麼也不喜歡，甚至開始不再欣賞任何事情。不再有什麼事可做，我什麼都不喜歡，結果還是需要工作，我什麼也不做，結果還是會失去工作。,我,O,O,O,O,O,O,12
974,我每天用電腦了 12 小時，不斷工作，我什麼也不喜歡，甚至開始不再欣賞任何事情。不再有什麼事可做，我什麼都不喜歡，結果還是需要工作，我什麼也不做，結果還是會失去工作。,什麼,O,O,O,O,O,O,13
974,我每天用電腦了 12 小時，不斷工作，我什麼也不喜歡，甚至開始不再欣賞任何事情。不再有什麼事可做，我什麼都不喜歡，結果還是需要工作，我什麼也不做，結果還是會失去工作。,也,O,O,O,O,O,O,14
974,我每天用電腦了 12 小時，不斷工作，我什麼也不喜歡，甚至開始不再欣賞任何事情。不再有什麼事可做，我什麼都不喜歡，結果還是需要工作，我什麼也不做，結果還是會失去工作。,不,O,O,S-D,S-A,O,S-D,15
974,我每天用電腦了 12 小時，不斷工作，我什麼也不喜歡，甚至開始不再欣賞任何事情。不再有什麼事可做，我什麼都不喜歡，結果還是需要工作，我什麼也不做，結果還是會失去工作。,喜歡,O,O,O,O,O,O,16
974,我每天用電腦了 12 小時，不斷工作，我什麼也不喜歡，甚至開始不再欣賞任何事情。不再有什麼事可做，我什麼都不喜歡，結果還是需要工作，我什麼也不做，結果還是會失去工作。,，,O,O,O,O,O,O,17
974,我每天用電腦了 12 小時，不斷工作，我什麼也不喜歡，甚至開始不再欣賞任何事情。不再有什麼事可做，我什麼都不喜歡，結果還是需要工作，我什麼也不做，結果還是會失去工作。,甚至,O,O,O,O,O,O,18
974,我每天用電腦了 12 小時，不斷工作，我什麼也不喜歡，甚至開始不再欣賞任何事情。不再有什麼事可做，我什麼都不喜歡，結果還是需要工作，我什麼也不做，結果還是會失去工作。,開始,O,O,O,O,O,O,19
974,我每天用電腦了 12 小時，不斷工作，我什麼也不喜歡，甚至開始不再欣賞任何事情。不再有什麼事可做，我什麼都不喜歡，結果還是需要工作，我什麼也不做，結果還是會失去工作。,不再,B-A,B-A,O,O,B-A,O,20
974,我每天用電腦了 12 小時，不斷工作，我什麼也不喜歡，甚至開始不再欣賞任何事情。不再有什麼事可做，我什麼都不喜歡，結果還是需要工作，我什麼也不做，結果還是會失去工作。,欣賞,E-A,E-A,O,O,M-A,O,21
974,我每天用電腦了 12 小時，不斷工作，我什麼也不喜歡，甚至開始不再欣賞任何事情。不再有什麼事可做，我什麼都不喜歡，結果還是需要工作，我什麼也不做，結果還是會失去工作。,任何,O,O,O,O,E-A,O,22
974,我每天用電腦了 12 小時，不斷工作，我什麼也不喜歡，甚至開始不再欣賞任何事情。不再有什麼事可做，我什麼都不喜歡，結果還是需要工作，我什麼也不做，結果還是會失去工作。,事情,O,O,O,O,O,O,23
974,我每天用電腦了 12 小時，不斷工作，我什麼也不喜歡，甚至開始不再欣賞任何事情。不再有什麼事可做，我什麼都不喜歡，結果還是需要工作，我什麼也不做，結果還是會失去工作。,。,O,O,O,O,O,O,24
974,我每天用電腦了 12 小時，不斷工作，我什麼也不喜歡，甚至開始不再欣賞任何事情。不再有什麼事可做，我什麼都不喜歡，結果還是需要工作，我什麼也不做，結果還是會失去工作。,不再,O,O,O,O,O,O,25
974,我每天用電腦了 12 小時，不斷工作，我什麼也不喜歡，甚至開始不再欣賞任何事情。不再有什麼事可做，我什麼都不喜歡，結果還是需要工作，我什麼也不做，結果還是會失去工作。,有,O,O,O,O,O,O,26
974,我每天用電腦了 12 小時，不斷工作，我什麼也不喜歡，甚至開始不再欣賞任何事情。不再有什麼事可做，我什麼都不喜歡，結果還是需要工作，我什麼也不做，結果還是會失去工作。,什麼,O,O,O,O,O,O,27
974,我每天用電腦了 12 小時，不斷工作，我什麼也不喜歡，甚至開始不再欣賞任何事情。不再有什麼事可做，我什麼都不喜歡，結果還是需要工作，我什麼也不做，結果還是會失去工作。,事,O,O,O,O,O,O,28
974,我每天用電腦了 12 小時，不斷工作，我什麼也不喜歡，甚至開始不再欣賞任何事情。不再有什麼事可做，我什麼都不喜歡，結果還是需要工作，我什麼也不做，結果還是會失去工作。,可,O,O,O,O,O,O,29
974,我每天用電腦了 12 小時，不斷工作，我什麼也不喜歡，甚至開始不再欣賞任何事情。不再有什麼事可做，我什麼都不喜歡，結果還是需要工作，我什麼也不做，結果還是會失去工作。,做,O,O,O,O,O,O,30
974,我每天用電腦了 12 小時，不斷工作，我什麼也不喜歡，甚至開始不再欣賞任何事情。不再有什麼事可做，我什麼都不喜歡，結果還是需要工作，我什麼也不做，結果還是會失去工作。,，,O,O,O,O,O,O,31
974,我每天用電腦了 12 小時，不斷工作，我什麼也不喜歡，甚至開始不再欣賞任何事情。不再有什麼事可做，我什麼都不喜歡，結果還是需要工作，我什麼也不做，結果還是會失去工作。,我,O,O,O,O,O,O,32
974,我每天用電腦了 12 小時，不斷工作，我什麼也不喜歡，甚至開始不再欣賞任何事情。不再有什麼事可做，我什麼都不喜歡，結果還是需要工作，我什麼也不做，結果還是會失去工作。,什麼,O,O,O,O,O,O,33
974,我每天用電腦了 12 小時，不斷工作，我什麼也不喜歡，甚至開始不再欣賞任何事情。不再有什麼事可做，我什麼都不喜歡，結果還是需要工作，我什麼也不做，結果還是會失去工作。,都,O,O,S-D,S-A,O,S-D,34
974,我每天用電腦了 12 小時，不斷工作，我什麼也不喜歡，甚至開始不再欣賞任何事情。不再有什麼事可做，我什麼都不喜歡，結果還是需要工作，我什麼也不做，結果還是會失去工作。,不,O,O,O,O,O,O,35
974,我每天用電腦了 12 小時，不斷工作，我什麼也不喜歡，甚至開始不再欣賞任何事情。不再有什麼事可做，我什麼都不喜歡，結果還是需要工作，我什麼也不做，結果還是會失去工作。,喜歡,O,O,O,O,O,O,36
974,我每天用電腦了 12 小時，不斷工作，我什麼也不喜歡，甚至開始不再欣賞任何事情。不再有什麼事可做，我什麼都不喜歡，結果還是需要工作，我什麼也不做，結果還是會失去工作。,，,O,O,O,O,O,O,37
974,我每天用電腦了 12 小時，不斷工作，我什麼也不喜歡，甚至開始不再欣賞任何事情。不再有什麼事可做，我什麼都不喜歡，結果還是需要工作，我什麼也不做，結果還是會失去工作。,結果,O,O,O,O,O,O,38
974,我每天用電腦了 12 小時，不斷工作，我什麼也不喜歡，甚至開始不再欣賞任何事情。不再有什麼事可做，我什麼都不喜歡，結果還是需要工作，我什麼也不做，結果還是會失去工作。,還是,O,O,O,O,O,O,39
974,我每天用電腦了 12 小時，不斷工作，我什麼也不喜歡，甚至開始不再欣賞任何事情。不再有什麼事可做，我什麼都不喜歡，結果還是需要工作，我什麼也不做，結果還是會失去工作。,需要,O,O,O,O,O,O,40
974,我每天用電腦了 12 小時，不斷工作，我什麼也不喜歡，甚至開始不再欣賞任何事情。不再有什麼事可做，我什麼都不喜歡，結果還是需要工作，我什麼也不做，結果還是會失去工作。,工作,O,O,O,O,O,O,41
974,我每天用電腦了 12 小時，不斷工作，我什麼也不喜歡，甚至開始不再欣賞任何事情。不再有什麼事可做，我什麼都不喜歡，結果還是需要工作，我什麼也不做，結果還是會失去工作。,，,O,O,O,O,O,O,42
974,我每天用電腦了 12 小時，不斷工作，我什麼也不喜歡，甚至開始不再欣賞任何事情。不再有什麼事可做，我什麼都不喜歡，結果還是需要工作，我什麼也不做，結果還是會失去工作。,我,O,O,O,O,O,O,43
974,我每天用電腦了 12 小時，不斷工作，我什麼也不喜歡，甚至開始不再欣賞任何事情。不再有什麼事可做，我什麼都不喜歡，結果還是需要工作，我什麼也不做，結果還是會失去工作。,什麼,O,O,S-D,O,O,S-D,44
974,我每天用電腦了 12 小時，不斷工作，我什麼也不喜歡，甚至開始不再欣賞任何事情。不再有什麼事可做，我什麼都不喜歡，結果還是需要工作，我什麼也不做，結果還是會失去工作。,也,O,O,O,O,O,O,45
974,我每天用電腦了 12 小時，不斷工作，我什麼也不喜歡，甚至開始不再欣賞任何事情。不再有什麼事可做，我什麼都不喜歡，結果還是需要工作，我什麼也不做，結果還是會失去工作。,不,O,O,O,O,O,O,46
974,我每天用電腦了 12 小時，不斷工作，我什麼也不喜歡，甚至開始不再欣賞任何事情。不再有什麼事可做，我什麼都不喜歡，結果還是需要工作，我什麼也不做，結果還是會失去工作。,做,O,O,O,O,O,O,47
974,我每天用電腦了 12 小時，不斷工作，我什麼也不喜歡，甚至開始不再欣賞任何事情。不再有什麼事可做，我什麼都不喜歡，結果還是需要工作，我什麼也不做，結果還是會失去工作。,，,O,O,O,O,O,O,48
974,我每天用電腦了 12 小時，不斷工作，我什麼也不喜歡，甚至開始不再欣賞任何事情。不再有什麼事可做，我什麼都不喜歡，結果還是需要工作，我什麼也不做，結果還是會失去工作。,結果,O,O,O,O,O,O,49
974,我每天用電腦了 12 小時，不斷工作，我什麼也不喜歡，甚至開始不再欣賞任何事情。不再有什麼事可做，我什麼都不喜歡，結果還是需要工作，我什麼也不做，結果還是會失去工作。,還是,O,O,O,O,O,O,50
974,我每天用電腦了 12 小時，不斷工作，我什麼也不喜歡，甚至開始不再欣賞任何事情。不再有什麼事可做，我什麼都不喜歡，結果還是需要工作，我什麼也不做，結果還是會失去工作。,會,O,O,O,O,O,O,51
974,我每天用電腦了 12 小時，不斷工作，我什麼也不喜歡，甚至開始不再欣賞任何事情。不再有什麼事可做，我什麼都不喜歡，結果還是需要工作，我什麼也不做，結果還是會失去工作。,失去,O,O,缺失預測,缺失預測,B-W,缺失預測,52
974,我每天用電腦了 12 小時，不斷工作，我什麼也不喜歡，甚至開始不再欣賞任何事情。不再有什麼事可做，我什麼都不喜歡，結果還是需要工作，我什麼也不做，結果還是會失去工作。,工作,O,O,缺失預測,缺失預測,E-W,缺失預測,53
974,我每天用電腦了 12 小時，不斷工作，我什麼也不喜歡，甚至開始不再欣賞任何事情。不再有什麼事可做，我什麼都不喜歡，結果還是需要工作，我什麼也不做，結果還是會失去工作。,。,O,O,缺失預測,缺失預測,O,缺失預測,54
975,我真的不想活著了 每天一早起來，就覺得自己很差勁 心情很差,我,O,O,O,O,O,O,1
975,我真的不想活著了 每天一早起來，就覺得自己很差勁 心情很差,真的,O,O,O,O,O,O,2
975,我真的不想活著了 每天一早起來，就覺得自己很差勁 心情很差,不,B-U,O,O,O,O,O,3
975,我真的不想活著了 每天一早起來，就覺得自己很差勁 心情很差,想,M-U,O,O,O,O,O,4
975,我真的不想活著了 每天一早起來，就覺得自己很差勁 心情很差,活著,E-U,S-U,S-U,S-U,S-U,S-U,5
975,我真的不想活著了 每天一早起來，就覺得自己很差勁 心情很差,了,O,O,O,O,O,O,6
975,我真的不想活著了 每天一早起來，就覺得自己很差勁 心情很差,每天,O,O,O,O,O,O,7
975,我真的不想活著了 每天一早起來，就覺得自己很差勁 心情很差,一,O,O,O,O,O,O,8
975,我真的不想活著了 每天一早起來，就覺得自己很差勁 心情很差,早,O,O,O,O,O,O,9
975,我真的不想活著了 每天一早起來，就覺得自己很差勁 心情很差,起來,O,O,O,O,O,O,10
975,我真的不想活著了 每天一早起來，就覺得自己很差勁 心情很差,，,O,O,O,O,O,O,11
975,我真的不想活著了 每天一早起來，就覺得自己很差勁 心情很差,就,O,O,O,O,O,O,12
975,我真的不想活著了 每天一早起來，就覺得自己很差勁 心情很差,覺得,B-W,B-W,B-W,B-W,B-W,B-W,13
975,我真的不想活著了 每天一早起來，就覺得自己很差勁 心情很差,自己,M-W,M-W,M-W,M-W,M-W,M-W,14
975,我真的不想活著了 每天一早起來，就覺得自己很差勁 心情很差,很,M-W,M-W,M-W,M-W,M-W,M-W,15
975,我真的不想活著了 每天一早起來，就覺得自己很差勁 心情很差,差勁,E-W,E-W,E-W,E-W,E-W,E-W,16
975,我真的不想活著了 每天一早起來，就覺得自己很差勁 心情很差,心情,B-D,B-D,B-D,B-D,B-D,B-D,17
975,我真的不想活著了 每天一早起來，就覺得自己很差勁 心情很差,很,M-D,M-D,M-D,M-D,M-D,M-D,18
975,我真的不想活著了 每天一早起來，就覺得自己很差勁 心情很差,差,E-D,E-D,E-D,E-D,E-D,E-D,19
976,我已經完全失去興趣了 在社交圈中，每次我都感到被排除在外，無法融入，我無法理解為什麼我的朋友都能和別人打成一片，而我則完全喪失了話題，什麼都無法幫助我！到了這個階段，我根本不再覺得自己是可以融入社群的。,我,O,O,O,O,O,O,1
976,我已經完全失去興趣了 在社交圈中，每次我都感到被排除在外，無法融入，我無法理解為什麼我的朋友都能和別人打成一片，而我則完全喪失了話題，什麼都無法幫助我！到了這個階段，我根本不再覺得自己是可以融入社群的。,已經,O,O,O,O,O,O,2
976,我已經完全失去興趣了 在社交圈中，每次我都感到被排除在外，無法融入，我無法理解為什麼我的朋友都能和別人打成一片，而我則完全喪失了話題，什麼都無法幫助我！到了這個階段，我根本不再覺得自己是可以融入社群的。,完全,O,O,O,O,O,O,3
976,我已經完全失去興趣了 在社交圈中，每次我都感到被排除在外，無法融入，我無法理解為什麼我的朋友都能和別人打成一片，而我則完全喪失了話題，什麼都無法幫助我！到了這個階段，我根本不再覺得自己是可以融入社群的。,失去,B-A,B-A,B-A,B-A,B-A,B-A,4
976,我已經完全失去興趣了 在社交圈中，每次我都感到被排除在外，無法融入，我無法理解為什麼我的朋友都能和別人打成一片，而我則完全喪失了話題，什麼都無法幫助我！到了這個階段，我根本不再覺得自己是可以融入社群的。,興趣,E-A,E-A,E-A,E-A,E-A,E-A,5
976,我已經完全失去興趣了 在社交圈中，每次我都感到被排除在外，無法融入，我無法理解為什麼我的朋友都能和別人打成一片，而我則完全喪失了話題，什麼都無法幫助我！到了這個階段，我根本不再覺得自己是可以融入社群的。,了,O,O,O,O,O,O,6
976,我已經完全失去興趣了 在社交圈中，每次我都感到被排除在外，無法融入，我無法理解為什麼我的朋友都能和別人打成一片，而我則完全喪失了話題，什麼都無法幫助我！到了這個階段，我根本不再覺得自己是可以融入社群的。,在,O,O,O,O,O,O,7
976,我已經完全失去興趣了 在社交圈中，每次我都感到被排除在外，無法融入，我無法理解為什麼我的朋友都能和別人打成一片，而我則完全喪失了話題，什麼都無法幫助我！到了這個階段，我根本不再覺得自己是可以融入社群的。,社交,O,O,O,O,O,O,8
976,我已經完全失去興趣了 在社交圈中，每次我都感到被排除在外，無法融入，我無法理解為什麼我的朋友都能和別人打成一片，而我則完全喪失了話題，什麼都無法幫助我！到了這個階段，我根本不再覺得自己是可以融入社群的。,圈,O,O,O,O,O,O,9
976,我已經完全失去興趣了 在社交圈中，每次我都感到被排除在外，無法融入，我無法理解為什麼我的朋友都能和別人打成一片，而我則完全喪失了話題，什麼都無法幫助我！到了這個階段，我根本不再覺得自己是可以融入社群的。,中,O,O,O,O,O,O,10
976,我已經完全失去興趣了 在社交圈中，每次我都感到被排除在外，無法融入，我無法理解為什麼我的朋友都能和別人打成一片，而我則完全喪失了話題，什麼都無法幫助我！到了這個階段，我根本不再覺得自己是可以融入社群的。,，,O,O,O,O,O,O,11
976,我已經完全失去興趣了 在社交圈中，每次我都感到被排除在外，無法融入，我無法理解為什麼我的朋友都能和別人打成一片，而我則完全喪失了話題，什麼都無法幫助我！到了這個階段，我根本不再覺得自己是可以融入社群的。,每次,O,O,O,O,O,O,12
976,我已經完全失去興趣了 在社交圈中，每次我都感到被排除在外，無法融入，我無法理解為什麼我的朋友都能和別人打成一片，而我則完全喪失了話題，什麼都無法幫助我！到了這個階段，我根本不再覺得自己是可以融入社群的。,我,O,O,O,O,O,O,13
976,我已經完全失去興趣了 在社交圈中，每次我都感到被排除在外，無法融入，我無法理解為什麼我的朋友都能和別人打成一片，而我則完全喪失了話題，什麼都無法幫助我！到了這個階段，我根本不再覺得自己是可以融入社群的。,都,O,O,B-W,B-W,O,O,14
976,我已經完全失去興趣了 在社交圈中，每次我都感到被排除在外，無法融入，我無法理解為什麼我的朋友都能和別人打成一片，而我則完全喪失了話題，什麼都無法幫助我！到了這個階段，我根本不再覺得自己是可以融入社群的。,感到,O,O,E-W,M-W,B-W,O,15
976,我已經完全失去興趣了 在社交圈中，每次我都感到被排除在外，無法融入，我無法理解為什麼我的朋友都能和別人打成一片，而我則完全喪失了話題，什麼都無法幫助我！到了這個階段，我根本不再覺得自己是可以融入社群的。,被,B-W,O,O,E-W,E-W,O,16
976,我已經完全失去興趣了 在社交圈中，每次我都感到被排除在外，無法融入，我無法理解為什麼我的朋友都能和別人打成一片，而我則完全喪失了話題，什麼都無法幫助我！到了這個階段，我根本不再覺得自己是可以融入社群的。,排除,M-W,O,O,O,O,O,17
976,我已經完全失去興趣了 在社交圈中，每次我都感到被排除在外，無法融入，我無法理解為什麼我的朋友都能和別人打成一片，而我則完全喪失了話題，什麼都無法幫助我！到了這個階段，我根本不再覺得自己是可以融入社群的。,在,M-W,O,O,O,O,O,18
976,我已經完全失去興趣了 在社交圈中，每次我都感到被排除在外，無法融入，我無法理解為什麼我的朋友都能和別人打成一片，而我則完全喪失了話題，什麼都無法幫助我！到了這個階段，我根本不再覺得自己是可以融入社群的。,外,E-W,O,B-D,O,O,O,19
976,我已經完全失去興趣了 在社交圈中，每次我都感到被排除在外，無法融入，我無法理解為什麼我的朋友都能和別人打成一片，而我則完全喪失了話題，什麼都無法幫助我！到了這個階段，我根本不再覺得自己是可以融入社群的。,，,O,O,E-D,B-D,B-D,O,20
976,我已經完全失去興趣了 在社交圈中，每次我都感到被排除在外，無法融入，我無法理解為什麼我的朋友都能和別人打成一片，而我則完全喪失了話題，什麼都無法幫助我！到了這個階段，我根本不再覺得自己是可以融入社群的。,無法,B-W,B-D,O,E-D,E-D,B-D,21
976,我已經完全失去興趣了 在社交圈中，每次我都感到被排除在外，無法融入，我無法理解為什麼我的朋友都能和別人打成一片，而我則完全喪失了話題，什麼都無法幫助我！到了這個階段，我根本不再覺得自己是可以融入社群的。,融入,E-W,E-D,O,O,O,E-D,22
976,我已經完全失去興趣了 在社交圈中，每次我都感到被排除在外，無法融入，我無法理解為什麼我的朋友都能和別人打成一片，而我則完全喪失了話題，什麼都無法幫助我！到了這個階段，我根本不再覺得自己是可以融入社群的。,，,O,O,O,O,O,O,23
976,我已經完全失去興趣了 在社交圈中，每次我都感到被排除在外，無法融入，我無法理解為什麼我的朋友都能和別人打成一片，而我則完全喪失了話題，什麼都無法幫助我！到了這個階段，我根本不再覺得自己是可以融入社群的。,我,O,O,O,O,O,O,24
976,我已經完全失去興趣了 在社交圈中，每次我都感到被排除在外，無法融入，我無法理解為什麼我的朋友都能和別人打成一片，而我則完全喪失了話題，什麼都無法幫助我！到了這個階段，我根本不再覺得自己是可以融入社群的。,無法,O,O,O,O,O,O,25
976,我已經完全失去興趣了 在社交圈中，每次我都感到被排除在外，無法融入，我無法理解為什麼我的朋友都能和別人打成一片，而我則完全喪失了話題，什麼都無法幫助我！到了這個階段，我根本不再覺得自己是可以融入社群的。,理解,O,O,O,O,O,O,26
976,我已經完全失去興趣了 在社交圈中，每次我都感到被排除在外，無法融入，我無法理解為什麼我的朋友都能和別人打成一片，而我則完全喪失了話題，什麼都無法幫助我！到了這個階段，我根本不再覺得自己是可以融入社群的。,為什麼,O,O,O,O,O,O,27
976,我已經完全失去興趣了 在社交圈中，每次我都感到被排除在外，無法融入，我無法理解為什麼我的朋友都能和別人打成一片，而我則完全喪失了話題，什麼都無法幫助我！到了這個階段，我根本不再覺得自己是可以融入社群的。,我的,O,O,O,O,O,O,28
976,我已經完全失去興趣了 在社交圈中，每次我都感到被排除在外，無法融入，我無法理解為什麼我的朋友都能和別人打成一片，而我則完全喪失了話題，什麼都無法幫助我！到了這個階段，我根本不再覺得自己是可以融入社群的。,朋友,O,O,O,O,O,O,29
976,我已經完全失去興趣了 在社交圈中，每次我都感到被排除在外，無法融入，我無法理解為什麼我的朋友都能和別人打成一片，而我則完全喪失了話題，什麼都無法幫助我！到了這個階段，我根本不再覺得自己是可以融入社群的。,都,O,O,O,O,O,O,30
976,我已經完全失去興趣了 在社交圈中，每次我都感到被排除在外，無法融入，我無法理解為什麼我的朋友都能和別人打成一片，而我則完全喪失了話題，什麼都無法幫助我！到了這個階段，我根本不再覺得自己是可以融入社群的。,能,O,O,O,O,O,O,31
976,我已經完全失去興趣了 在社交圈中，每次我都感到被排除在外，無法融入，我無法理解為什麼我的朋友都能和別人打成一片，而我則完全喪失了話題，什麼都無法幫助我！到了這個階段，我根本不再覺得自己是可以融入社群的。,和,O,O,O,O,O,O,32
976,我已經完全失去興趣了 在社交圈中，每次我都感到被排除在外，無法融入，我無法理解為什麼我的朋友都能和別人打成一片，而我則完全喪失了話題，什麼都無法幫助我！到了這個階段，我根本不再覺得自己是可以融入社群的。,別人,O,O,O,O,O,O,33
976,我已經完全失去興趣了 在社交圈中，每次我都感到被排除在外，無法融入，我無法理解為什麼我的朋友都能和別人打成一片，而我則完全喪失了話題，什麼都無法幫助我！到了這個階段，我根本不再覺得自己是可以融入社群的。,打成,O,O,O,O,O,O,34
976,我已經完全失去興趣了 在社交圈中，每次我都感到被排除在外，無法融入，我無法理解為什麼我的朋友都能和別人打成一片，而我則完全喪失了話題，什麼都無法幫助我！到了這個階段，我根本不再覺得自己是可以融入社群的。,一片,O,O,O,O,O,O,35
976,我已經完全失去興趣了 在社交圈中，每次我都感到被排除在外，無法融入，我無法理解為什麼我的朋友都能和別人打成一片，而我則完全喪失了話題，什麼都無法幫助我！到了這個階段，我根本不再覺得自己是可以融入社群的。,，,O,O,O,O,O,O,36
976,我已經完全失去興趣了 在社交圈中，每次我都感到被排除在外，無法融入，我無法理解為什麼我的朋友都能和別人打成一片，而我則完全喪失了話題，什麼都無法幫助我！到了這個階段，我根本不再覺得自己是可以融入社群的。,而,O,O,O,O,O,O,37
976,我已經完全失去興趣了 在社交圈中，每次我都感到被排除在外，無法融入，我無法理解為什麼我的朋友都能和別人打成一片，而我則完全喪失了話題，什麼都無法幫助我！到了這個階段，我根本不再覺得自己是可以融入社群的。,我,O,O,O,O,O,O,38
976,我已經完全失去興趣了 在社交圈中，每次我都感到被排除在外，無法融入，我無法理解為什麼我的朋友都能和別人打成一片，而我則完全喪失了話題，什麼都無法幫助我！到了這個階段，我根本不再覺得自己是可以融入社群的。,則,O,O,B-W,O,O,O,39
976,我已經完全失去興趣了 在社交圈中，每次我都感到被排除在外，無法融入，我無法理解為什麼我的朋友都能和別人打成一片，而我則完全喪失了話題，什麼都無法幫助我！到了這個階段，我根本不再覺得自己是可以融入社群的。,完全,O,O,E-W,B-W,B-W,O,40
976,我已經完全失去興趣了 在社交圈中，每次我都感到被排除在外，無法融入，我無法理解為什麼我的朋友都能和別人打成一片，而我則完全喪失了話題，什麼都無法幫助我！到了這個階段，我根本不再覺得自己是可以融入社群的。,喪失,O,B-W,O,M-W,E-W,B-W,41
976,我已經完全失去興趣了 在社交圈中，每次我都感到被排除在外，無法融入，我無法理解為什麼我的朋友都能和別人打成一片，而我則完全喪失了話題，什麼都無法幫助我！到了這個階段，我根本不再覺得自己是可以融入社群的。,了,O,M-W,O,E-W,O,M-W,42
976,我已經完全失去興趣了 在社交圈中，每次我都感到被排除在外，無法融入，我無法理解為什麼我的朋友都能和別人打成一片，而我則完全喪失了話題，什麼都無法幫助我！到了這個階段，我根本不再覺得自己是可以融入社群的。,話題,O,E-W,O,O,O,E-W,43
976,我已經完全失去興趣了 在社交圈中，每次我都感到被排除在外，無法融入，我無法理解為什麼我的朋友都能和別人打成一片，而我則完全喪失了話題，什麼都無法幫助我！到了這個階段，我根本不再覺得自己是可以融入社群的。,，,O,O,O,O,O,O,44
976,我已經完全失去興趣了 在社交圈中，每次我都感到被排除在外，無法融入，我無法理解為什麼我的朋友都能和別人打成一片，而我則完全喪失了話題，什麼都無法幫助我！到了這個階段，我根本不再覺得自己是可以融入社群的。,什麼,O,O,O,O,O,O,45
976,我已經完全失去興趣了 在社交圈中，每次我都感到被排除在外，無法融入，我無法理解為什麼我的朋友都能和別人打成一片，而我則完全喪失了話題，什麼都無法幫助我！到了這個階段，我根本不再覺得自己是可以融入社群的。,都,O,O,O,O,O,O,46
976,我已經完全失去興趣了 在社交圈中，每次我都感到被排除在外，無法融入，我無法理解為什麼我的朋友都能和別人打成一片，而我則完全喪失了話題，什麼都無法幫助我！到了這個階段，我根本不再覺得自己是可以融入社群的。,無法,O,O,O,O,O,O,47
976,我已經完全失去興趣了 在社交圈中，每次我都感到被排除在外，無法融入，我無法理解為什麼我的朋友都能和別人打成一片，而我則完全喪失了話題，什麼都無法幫助我！到了這個階段，我根本不再覺得自己是可以融入社群的。,幫助,O,O,O,O,O,O,48
976,我已經完全失去興趣了 在社交圈中，每次我都感到被排除在外，無法融入，我無法理解為什麼我的朋友都能和別人打成一片，而我則完全喪失了話題，什麼都無法幫助我！到了這個階段，我根本不再覺得自己是可以融入社群的。,我,O,O,O,O,O,O,49
976,我已經完全失去興趣了 在社交圈中，每次我都感到被排除在外，無法融入，我無法理解為什麼我的朋友都能和別人打成一片，而我則完全喪失了話題，什麼都無法幫助我！到了這個階段，我根本不再覺得自己是可以融入社群的。,！,O,O,O,O,O,O,50
976,我已經完全失去興趣了 在社交圈中，每次我都感到被排除在外，無法融入，我無法理解為什麼我的朋友都能和別人打成一片，而我則完全喪失了話題，什麼都無法幫助我！到了這個階段，我根本不再覺得自己是可以融入社群的。,到了,O,O,O,O,O,O,51
976,我已經完全失去興趣了 在社交圈中，每次我都感到被排除在外，無法融入，我無法理解為什麼我的朋友都能和別人打成一片，而我則完全喪失了話題，什麼都無法幫助我！到了這個階段，我根本不再覺得自己是可以融入社群的。,這個,O,O,O,O,O,O,52
976,我已經完全失去興趣了 在社交圈中，每次我都感到被排除在外，無法融入，我無法理解為什麼我的朋友都能和別人打成一片，而我則完全喪失了話題，什麼都無法幫助我！到了這個階段，我根本不再覺得自己是可以融入社群的。,階段,O,O,O,O,O,O,53
976,我已經完全失去興趣了 在社交圈中，每次我都感到被排除在外，無法融入，我無法理解為什麼我的朋友都能和別人打成一片，而我則完全喪失了話題，什麼都無法幫助我！到了這個階段，我根本不再覺得自己是可以融入社群的。,，,O,O,O,O,O,O,54
976,我已經完全失去興趣了 在社交圈中，每次我都感到被排除在外，無法融入，我無法理解為什麼我的朋友都能和別人打成一片，而我則完全喪失了話題，什麼都無法幫助我！到了這個階段，我根本不再覺得自己是可以融入社群的。,我,O,O,O,O,O,O,55
976,我已經完全失去興趣了 在社交圈中，每次我都感到被排除在外，無法融入，我無法理解為什麼我的朋友都能和別人打成一片，而我則完全喪失了話題，什麼都無法幫助我！到了這個階段，我根本不再覺得自己是可以融入社群的。,根本,O,O,O,O,O,O,56
976,我已經完全失去興趣了 在社交圈中，每次我都感到被排除在外，無法融入，我無法理解為什麼我的朋友都能和別人打成一片，而我則完全喪失了話題，什麼都無法幫助我！到了這個階段，我根本不再覺得自己是可以融入社群的。,不,O,O,O,O,O,O,57
976,我已經完全失去興趣了 在社交圈中，每次我都感到被排除在外，無法融入，我無法理解為什麼我的朋友都能和別人打成一片，而我則完全喪失了話題，什麼都無法幫助我！到了這個階段，我根本不再覺得自己是可以融入社群的。,再,O,O,O,O,O,O,58
976,我已經完全失去興趣了 在社交圈中，每次我都感到被排除在外，無法融入，我無法理解為什麼我的朋友都能和別人打成一片，而我則完全喪失了話題，什麼都無法幫助我！到了這個階段，我根本不再覺得自己是可以融入社群的。,覺得,O,O,O,O,O,O,59
976,我已經完全失去興趣了 在社交圈中，每次我都感到被排除在外，無法融入，我無法理解為什麼我的朋友都能和別人打成一片，而我則完全喪失了話題，什麼都無法幫助我！到了這個階段，我根本不再覺得自己是可以融入社群的。,自己,O,O,O,O,O,O,60
976,我已經完全失去興趣了 在社交圈中，每次我都感到被排除在外，無法融入，我無法理解為什麼我的朋友都能和別人打成一片，而我則完全喪失了話題，什麼都無法幫助我！到了這個階段，我根本不再覺得自己是可以融入社群的。,是,O,O,O,O,O,O,61
976,我已經完全失去興趣了 在社交圈中，每次我都感到被排除在外，無法融入，我無法理解為什麼我的朋友都能和別人打成一片，而我則完全喪失了話題，什麼都無法幫助我！到了這個階段，我根本不再覺得自己是可以融入社群的。,可以,O,O,O,O,O,O,62
976,我已經完全失去興趣了 在社交圈中，每次我都感到被排除在外，無法融入，我無法理解為什麼我的朋友都能和別人打成一片，而我則完全喪失了話題，什麼都無法幫助我！到了這個階段，我根本不再覺得自己是可以融入社群的。,融入,O,O,O,O,O,O,63
976,我已經完全失去興趣了 在社交圈中，每次我都感到被排除在外，無法融入，我無法理解為什麼我的朋友都能和別人打成一片，而我則完全喪失了話題，什麼都無法幫助我！到了這個階段，我根本不再覺得自己是可以融入社群的。,社群,O,O,O,O,O,O,64
976,我已經完全失去興趣了 在社交圈中，每次我都感到被排除在外，無法融入，我無法理解為什麼我的朋友都能和別人打成一片，而我則完全喪失了話題，什麼都無法幫助我！到了這個階段，我根本不再覺得自己是可以融入社群的。,的,O,O,缺失預測,O,O,O,65
976,我已經完全失去興趣了 在社交圈中，每次我都感到被排除在外，無法融入，我無法理解為什麼我的朋友都能和別人打成一片，而我則完全喪失了話題，什麼都無法幫助我！到了這個階段，我根本不再覺得自己是可以融入社群的。,。,O,O,缺失預測,缺失預測,缺失預測,O,66
977,沒有朋友，除了自己。每天晚上，來到公園，看看人們在一起，無所謂的聊天，覺得生活沒有意義,沒有,O,O,O,O,O,O,1
977,沒有朋友，除了自己。每天晚上，來到公園，看看人們在一起，無所謂的聊天，覺得生活沒有意義,朋友,O,O,O,O,O,O,2
977,沒有朋友，除了自己。每天晚上，來到公園，看看人們在一起，無所謂的聊天，覺得生活沒有意義,，,O,O,O,O,O,O,3
977,沒有朋友，除了自己。每天晚上，來到公園，看看人們在一起，無所謂的聊天，覺得生活沒有意義,除了,O,O,O,O,O,O,4
977,沒有朋友，除了自己。每天晚上，來到公園，看看人們在一起，無所謂的聊天，覺得生活沒有意義,自己,O,O,O,O,O,O,5
977,沒有朋友，除了自己。每天晚上，來到公園，看看人們在一起，無所謂的聊天，覺得生活沒有意義,。,O,O,O,O,O,O,6
977,沒有朋友，除了自己。每天晚上，來到公園，看看人們在一起，無所謂的聊天，覺得生活沒有意義,每天,O,O,O,O,O,O,7
977,沒有朋友，除了自己。每天晚上，來到公園，看看人們在一起，無所謂的聊天，覺得生活沒有意義,晚上,O,O,O,O,O,O,8
977,沒有朋友，除了自己。每天晚上，來到公園，看看人們在一起，無所謂的聊天，覺得生活沒有意義,，,O,O,O,O,O,O,9
977,沒有朋友，除了自己。每天晚上，來到公園，看看人們在一起，無所謂的聊天，覺得生活沒有意義,來到,O,O,O,O,O,O,10
977,沒有朋友，除了自己。每天晚上，來到公園，看看人們在一起，無所謂的聊天，覺得生活沒有意義,公園,O,O,O,O,O,O,11
977,沒有朋友，除了自己。每天晚上，來到公園，看看人們在一起，無所謂的聊天，覺得生活沒有意義,，,O,O,O,O,O,O,12
977,沒有朋友，除了自己。每天晚上，來到公園，看看人們在一起，無所謂的聊天，覺得生活沒有意義,看看,O,O,O,O,O,O,13
977,沒有朋友，除了自己。每天晚上，來到公園，看看人們在一起，無所謂的聊天，覺得生活沒有意義,人們,O,O,O,O,O,O,14
977,沒有朋友，除了自己。每天晚上，來到公園，看看人們在一起，無所謂的聊天，覺得生活沒有意義,在,O,O,O,O,O,O,15
977,沒有朋友，除了自己。每天晚上，來到公園，看看人們在一起，無所謂的聊天，覺得生活沒有意義,一起,O,O,O,O,O,O,16
977,沒有朋友，除了自己。每天晚上，來到公園，看看人們在一起，無所謂的聊天，覺得生活沒有意義,，,O,O,O,O,O,O,17
977,沒有朋友，除了自己。每天晚上，來到公園，看看人們在一起，無所謂的聊天，覺得生活沒有意義,無所謂,O,O,O,O,O,O,18
977,沒有朋友，除了自己。每天晚上，來到公園，看看人們在一起，無所謂的聊天，覺得生活沒有意義,的,O,O,O,O,O,O,19
977,沒有朋友，除了自己。每天晚上，來到公園，看看人們在一起，無所謂的聊天，覺得生活沒有意義,聊天,O,O,O,O,O,O,20
977,沒有朋友，除了自己。每天晚上，來到公園，看看人們在一起，無所謂的聊天，覺得生活沒有意義,，,O,O,O,O,O,O,21
977,沒有朋友，除了自己。每天晚上，來到公園，看看人們在一起，無所謂的聊天，覺得生活沒有意義,覺得,O,O,O,O,O,O,22
977,沒有朋友，除了自己。每天晚上，來到公園，看看人們在一起，無所謂的聊天，覺得生活沒有意義,生活,B-A,O,B-W,B-W,B-W,B-W,23
977,沒有朋友，除了自己。每天晚上，來到公園，看看人們在一起，無所謂的聊天，覺得生活沒有意義,沒有,M-A,B-W,M-W,M-W,M-W,M-W,24
977,沒有朋友，除了自己。每天晚上，來到公園，看看人們在一起，無所謂的聊天，覺得生活沒有意義,意義,E-A,E-W,E-W,E-W,E-W,E-W,25
977,沒有朋友，除了自己。每天晚上，來到公園，看看人們在一起，無所謂的聊天，覺得生活沒有意義,。,O,O,O,O,O,O,26
978,我好像失去了自己的興趣，好像失去了自己。,我,O,O,O,O,O,O,1
978,我好像失去了自己的興趣，好像失去了自己。,好像,O,O,O,O,O,O,2
978,我好像失去了自己的興趣，好像失去了自己。,失去,B-A,B-W,B-W,B-A,B-W,B-A,3
978,我好像失去了自己的興趣，好像失去了自己。,了,M-A,M-W,M-W,M-A,M-W,M-A,4
978,我好像失去了自己的興趣，好像失去了自己。,自己,M-A,E-W,E-W,E-A,E-W,E-A,5
978,我好像失去了自己的興趣，好像失去了自己。,的,O,O,O,O,O,O,6
978,我好像失去了自己的興趣，好像失去了自己。,興趣,E-A,S-W,S-D,S-D,S-D,S-D,7
978,我好像失去了自己的興趣，好像失去了自己。,，,O,O,O,O,O,O,8
978,我好像失去了自己的興趣，好像失去了自己。,好像,O,O,O,O,O,O,9
978,我好像失去了自己的興趣，好像失去了自己。,失去,O,B-W,B-W,B-A,B-W,B-A,10
978,我好像失去了自己的興趣，好像失去了自己。,了,O,M-W,M-W,M-A,M-W,M-A,11
978,我好像失去了自己的興趣，好像失去了自己。,自己,O,E-W,E-W,E-A,E-W,E-A,12
978,我好像失去了自己的興趣，好像失去了自己。,。,O,O,O,O,O,O,13
979,今天，我們的行為變得像天氣的陰霧，無法看出明天的陽光。我不想活了，我想要結束一切。為什麼？為什麼我還是能存活著？,今天,O,O,O,O,O,O,1
979,今天，我們的行為變得像天氣的陰霧，無法看出明天的陽光。我不想活了，我想要結束一切。為什麼？為什麼我還是能存活著？,，,O,O,O,O,O,O,2
979,今天，我們的行為變得像天氣的陰霧，無法看出明天的陽光。我不想活了，我想要結束一切。為什麼？為什麼我還是能存活著？,我們,O,O,O,O,O,O,3
979,今天，我們的行為變得像天氣的陰霧，無法看出明天的陽光。我不想活了，我想要結束一切。為什麼？為什麼我還是能存活著？,的,O,O,O,O,O,O,4
979,今天，我們的行為變得像天氣的陰霧，無法看出明天的陽光。我不想活了，我想要結束一切。為什麼？為什麼我還是能存活著？,行為,O,O,O,O,O,O,5
979,今天，我們的行為變得像天氣的陰霧，無法看出明天的陽光。我不想活了，我想要結束一切。為什麼？為什麼我還是能存活著？,變得,O,O,O,O,O,O,6
979,今天，我們的行為變得像天氣的陰霧，無法看出明天的陽光。我不想活了，我想要結束一切。為什麼？為什麼我還是能存活著？,像,O,O,O,O,O,O,7
979,今天，我們的行為變得像天氣的陰霧，無法看出明天的陽光。我不想活了，我想要結束一切。為什麼？為什麼我還是能存活著？,天氣,O,O,O,O,O,O,8
979,今天，我們的行為變得像天氣的陰霧，無法看出明天的陽光。我不想活了，我想要結束一切。為什麼？為什麼我還是能存活著？,的,O,O,O,O,O,O,9
979,今天，我們的行為變得像天氣的陰霧，無法看出明天的陽光。我不想活了，我想要結束一切。為什麼？為什麼我還是能存活著？,陰霧,S-D,S-D,S-D,S-D,S-D,S-D,10
979,今天，我們的行為變得像天氣的陰霧，無法看出明天的陽光。我不想活了，我想要結束一切。為什麼？為什麼我還是能存活著？,，,O,O,O,O,O,O,11
979,今天，我們的行為變得像天氣的陰霧，無法看出明天的陽光。我不想活了，我想要結束一切。為什麼？為什麼我還是能存活著？,無法,B-D,B-D,B-D,B-D,B-D,B-D,12
979,今天，我們的行為變得像天氣的陰霧，無法看出明天的陽光。我不想活了，我想要結束一切。為什麼？為什麼我還是能存活著？,看出,O,E-D,E-D,E-D,M-D,M-D,13
979,今天，我們的行為變得像天氣的陰霧，無法看出明天的陽光。我不想活了，我想要結束一切。為什麼？為什麼我還是能存活著？,明天,O,O,O,O,E-D,E-D,14
979,今天，我們的行為變得像天氣的陰霧，無法看出明天的陽光。我不想活了，我想要結束一切。為什麼？為什麼我還是能存活著？,的,O,O,O,O,O,O,15
979,今天，我們的行為變得像天氣的陰霧，無法看出明天的陽光。我不想活了，我想要結束一切。為什麼？為什麼我還是能存活著？,陽光,O,O,O,O,O,O,16
979,今天，我們的行為變得像天氣的陰霧，無法看出明天的陽光。我不想活了，我想要結束一切。為什麼？為什麼我還是能存活著？,。,O,O,O,O,O,O,17
979,今天，我們的行為變得像天氣的陰霧，無法看出明天的陽光。我不想活了，我想要結束一切。為什麼？為什麼我還是能存活著？,我,O,O,O,O,O,O,18
979,今天，我們的行為變得像天氣的陰霧，無法看出明天的陽光。我不想活了，我想要結束一切。為什麼？為什麼我還是能存活著？,不,B-U,O,O,O,O,O,19
979,今天，我們的行為變得像天氣的陰霧，無法看出明天的陽光。我不想活了，我想要結束一切。為什麼？為什麼我還是能存活著？,想,M-U,O,O,O,O,O,20
979,今天，我們的行為變得像天氣的陰霧，無法看出明天的陽光。我不想活了，我想要結束一切。為什麼？為什麼我還是能存活著？,活了,E-U,S-U,S-U,S-U,S-U,S-U,21
979,今天，我們的行為變得像天氣的陰霧，無法看出明天的陽光。我不想活了，我想要結束一切。為什麼？為什麼我還是能存活著？,，,O,O,O,O,O,O,22
979,今天，我們的行為變得像天氣的陰霧，無法看出明天的陽光。我不想活了，我想要結束一切。為什麼？為什麼我還是能存活著？,我,O,O,O,O,O,O,23
979,今天，我們的行為變得像天氣的陰霧，無法看出明天的陽光。我不想活了，我想要結束一切。為什麼？為什麼我還是能存活著？,想要,O,O,O,O,O,O,24
979,今天，我們的行為變得像天氣的陰霧，無法看出明天的陽光。我不想活了，我想要結束一切。為什麼？為什麼我還是能存活著？,結束,B-U,O,O,O,O,O,25
979,今天，我們的行為變得像天氣的陰霧，無法看出明天的陽光。我不想活了，我想要結束一切。為什麼？為什麼我還是能存活著？,一切,E-U,S-U,S-U,S-U,S-U,S-U,26
979,今天，我們的行為變得像天氣的陰霧，無法看出明天的陽光。我不想活了，我想要結束一切。為什麼？為什麼我還是能存活著？,。,O,O,O,O,O,O,27
979,今天，我們的行為變得像天氣的陰霧，無法看出明天的陽光。我不想活了，我想要結束一切。為什麼？為什麼我還是能存活著？,為什麼,O,O,O,O,O,O,28
979,今天，我們的行為變得像天氣的陰霧，無法看出明天的陽光。我不想活了，我想要結束一切。為什麼？為什麼我還是能存活著？,？,O,O,O,O,O,O,29
979,今天，我們的行為變得像天氣的陰霧，無法看出明天的陽光。我不想活了，我想要結束一切。為什麼？為什麼我還是能存活著？,為什麼,O,O,O,O,O,O,30
979,今天，我們的行為變得像天氣的陰霧，無法看出明天的陽光。我不想活了，我想要結束一切。為什麼？為什麼我還是能存活著？,我,O,O,O,O,O,O,31
979,今天，我們的行為變得像天氣的陰霧，無法看出明天的陽光。我不想活了，我想要結束一切。為什麼？為什麼我還是能存活著？,還是,O,O,O,O,O,O,32
979,今天，我們的行為變得像天氣的陰霧，無法看出明天的陽光。我不想活了，我想要結束一切。為什麼？為什麼我還是能存活著？,能,O,O,O,O,O,O,33
979,今天，我們的行為變得像天氣的陰霧，無法看出明天的陽光。我不想活了，我想要結束一切。為什麼？為什麼我還是能存活著？,存活著,O,S-D,S-D,S-D,S-D,O,34
979,今天，我們的行為變得像天氣的陰霧，無法看出明天的陽光。我不想活了，我想要結束一切。為什麼？為什麼我還是能存活著？,？,O,O,O,O,O,O,35
980,我最近在學術研究方面感到絕望了？ 每天都在被壓力，我一直都在想：我不是這樣的自己？ 那就是我很差勁？  每天都這樣，罪惡感和絕望都在折磨我,我,O,O,O,O,O,O,1
980,我最近在學術研究方面感到絕望了？ 每天都在被壓力，我一直都在想：我不是這樣的自己？ 那就是我很差勁？  每天都這樣，罪惡感和絕望都在折磨我,最近,O,O,O,O,O,O,2
980,我最近在學術研究方面感到絕望了？ 每天都在被壓力，我一直都在想：我不是這樣的自己？ 那就是我很差勁？  每天都這樣，罪惡感和絕望都在折磨我,在,O,O,O,O,O,O,3
980,我最近在學術研究方面感到絕望了？ 每天都在被壓力，我一直都在想：我不是這樣的自己？ 那就是我很差勁？  每天都這樣，罪惡感和絕望都在折磨我,學術,O,O,O,O,O,O,4
980,我最近在學術研究方面感到絕望了？ 每天都在被壓力，我一直都在想：我不是這樣的自己？ 那就是我很差勁？  每天都這樣，罪惡感和絕望都在折磨我,研究,O,O,O,O,O,O,5
980,我最近在學術研究方面感到絕望了？ 每天都在被壓力，我一直都在想：我不是這樣的自己？ 那就是我很差勁？  每天都這樣，罪惡感和絕望都在折磨我,方面,O,O,O,O,O,O,6
980,我最近在學術研究方面感到絕望了？ 每天都在被壓力，我一直都在想：我不是這樣的自己？ 那就是我很差勁？  每天都這樣，罪惡感和絕望都在折磨我,感到,B-D,B-D,B-D,B-W,B-D,B-W,7
980,我最近在學術研究方面感到絕望了？ 每天都在被壓力，我一直都在想：我不是這樣的自己？ 那就是我很差勁？  每天都這樣，罪惡感和絕望都在折磨我,絕望,E-D,E-D,E-D,E-W,E-D,E-W,8
980,我最近在學術研究方面感到絕望了？ 每天都在被壓力，我一直都在想：我不是這樣的自己？ 那就是我很差勁？  每天都這樣，罪惡感和絕望都在折磨我,了,O,O,O,O,O,O,9
980,我最近在學術研究方面感到絕望了？ 每天都在被壓力，我一直都在想：我不是這樣的自己？ 那就是我很差勁？  每天都這樣，罪惡感和絕望都在折磨我,？,O,O,O,O,O,O,10
980,我最近在學術研究方面感到絕望了？ 每天都在被壓力，我一直都在想：我不是這樣的自己？ 那就是我很差勁？  每天都這樣，罪惡感和絕望都在折磨我,每天,O,O,O,O,O,O,11
980,我最近在學術研究方面感到絕望了？ 每天都在被壓力，我一直都在想：我不是這樣的自己？ 那就是我很差勁？  每天都這樣，罪惡感和絕望都在折磨我,都,O,O,O,O,O,O,12
980,我最近在學術研究方面感到絕望了？ 每天都在被壓力，我一直都在想：我不是這樣的自己？ 那就是我很差勁？  每天都這樣，罪惡感和絕望都在折磨我,在,O,O,O,O,O,O,13
980,我最近在學術研究方面感到絕望了？ 每天都在被壓力，我一直都在想：我不是這樣的自己？ 那就是我很差勁？  每天都這樣，罪惡感和絕望都在折磨我,被,O,O,O,O,O,O,14
980,我最近在學術研究方面感到絕望了？ 每天都在被壓力，我一直都在想：我不是這樣的自己？ 那就是我很差勁？  每天都這樣，罪惡感和絕望都在折磨我,壓力,O,O,O,O,O,O,15
980,我最近在學術研究方面感到絕望了？ 每天都在被壓力，我一直都在想：我不是這樣的自己？ 那就是我很差勁？  每天都這樣，罪惡感和絕望都在折磨我,，,O,O,O,O,O,O,16
980,我最近在學術研究方面感到絕望了？ 每天都在被壓力，我一直都在想：我不是這樣的自己？ 那就是我很差勁？  每天都這樣，罪惡感和絕望都在折磨我,我,O,O,O,O,O,O,17
980,我最近在學術研究方面感到絕望了？ 每天都在被壓力，我一直都在想：我不是這樣的自己？ 那就是我很差勁？  每天都這樣，罪惡感和絕望都在折磨我,一直,O,O,O,O,O,O,18
980,我最近在學術研究方面感到絕望了？ 每天都在被壓力，我一直都在想：我不是這樣的自己？ 那就是我很差勁？  每天都這樣，罪惡感和絕望都在折磨我,都,O,O,O,O,O,O,19
980,我最近在學術研究方面感到絕望了？ 每天都在被壓力，我一直都在想：我不是這樣的自己？ 那就是我很差勁？  每天都這樣，罪惡感和絕望都在折磨我,在,O,O,O,O,O,O,20
980,我最近在學術研究方面感到絕望了？ 每天都在被壓力，我一直都在想：我不是這樣的自己？ 那就是我很差勁？  每天都這樣，罪惡感和絕望都在折磨我,想,O,O,O,O,O,O,21
980,我最近在學術研究方面感到絕望了？ 每天都在被壓力，我一直都在想：我不是這樣的自己？ 那就是我很差勁？  每天都這樣，罪惡感和絕望都在折磨我,：,O,O,O,O,O,O,22
980,我最近在學術研究方面感到絕望了？ 每天都在被壓力，我一直都在想：我不是這樣的自己？ 那就是我很差勁？  每天都這樣，罪惡感和絕望都在折磨我,我,O,O,O,O,O,O,23
980,我最近在學術研究方面感到絕望了？ 每天都在被壓力，我一直都在想：我不是這樣的自己？ 那就是我很差勁？  每天都這樣，罪惡感和絕望都在折磨我,不是,O,O,O,O,O,O,24
980,我最近在學術研究方面感到絕望了？ 每天都在被壓力，我一直都在想：我不是這樣的自己？ 那就是我很差勁？  每天都這樣，罪惡感和絕望都在折磨我,這樣,O,O,O,O,O,O,25
980,我最近在學術研究方面感到絕望了？ 每天都在被壓力，我一直都在想：我不是這樣的自己？ 那就是我很差勁？  每天都這樣，罪惡感和絕望都在折磨我,的,O,O,O,O,O,O,26
980,我最近在學術研究方面感到絕望了？ 每天都在被壓力，我一直都在想：我不是這樣的自己？ 那就是我很差勁？  每天都這樣，罪惡感和絕望都在折磨我,自己,O,O,O,O,O,O,27
980,我最近在學術研究方面感到絕望了？ 每天都在被壓力，我一直都在想：我不是這樣的自己？ 那就是我很差勁？  每天都這樣，罪惡感和絕望都在折磨我,？,O,O,O,O,O,O,28
980,我最近在學術研究方面感到絕望了？ 每天都在被壓力，我一直都在想：我不是這樣的自己？ 那就是我很差勁？  每天都這樣，罪惡感和絕望都在折磨我,那,O,O,O,O,O,O,29
980,我最近在學術研究方面感到絕望了？ 每天都在被壓力，我一直都在想：我不是這樣的自己？ 那就是我很差勁？  每天都這樣，罪惡感和絕望都在折磨我,就是,O,O,O,O,O,O,30
980,我最近在學術研究方面感到絕望了？ 每天都在被壓力，我一直都在想：我不是這樣的自己？ 那就是我很差勁？  每天都這樣，罪惡感和絕望都在折磨我,我,O,O,O,O,O,O,31
980,我最近在學術研究方面感到絕望了？ 每天都在被壓力，我一直都在想：我不是這樣的自己？ 那就是我很差勁？  每天都這樣，罪惡感和絕望都在折磨我,很,O,O,O,O,O,O,32
980,我最近在學術研究方面感到絕望了？ 每天都在被壓力，我一直都在想：我不是這樣的自己？ 那就是我很差勁？  每天都這樣，罪惡感和絕望都在折磨我,差勁,S-W,S-W,S-W,S-W,S-W,S-W,33
980,我最近在學術研究方面感到絕望了？ 每天都在被壓力，我一直都在想：我不是這樣的自己？ 那就是我很差勁？  每天都這樣，罪惡感和絕望都在折磨我,？,O,O,O,O,O,O,34
980,我最近在學術研究方面感到絕望了？ 每天都在被壓力，我一直都在想：我不是這樣的自己？ 那就是我很差勁？  每天都這樣，罪惡感和絕望都在折磨我,每天,O,O,O,O,O,O,35
980,我最近在學術研究方面感到絕望了？ 每天都在被壓力，我一直都在想：我不是這樣的自己？ 那就是我很差勁？  每天都這樣，罪惡感和絕望都在折磨我,都,O,O,O,O,O,O,36
980,我最近在學術研究方面感到絕望了？ 每天都在被壓力，我一直都在想：我不是這樣的自己？ 那就是我很差勁？  每天都這樣，罪惡感和絕望都在折磨我,這樣,O,O,O,O,O,O,37
980,我最近在學術研究方面感到絕望了？ 每天都在被壓力，我一直都在想：我不是這樣的自己？ 那就是我很差勁？  每天都這樣，罪惡感和絕望都在折磨我,，,O,O,O,O,O,O,38
980,我最近在學術研究方面感到絕望了？ 每天都在被壓力，我一直都在想：我不是這樣的自己？ 那就是我很差勁？  每天都這樣，罪惡感和絕望都在折磨我,罪惡感,S-W,B-W,S-W,S-W,B-W,S-W,39
980,我最近在學術研究方面感到絕望了？ 每天都在被壓力，我一直都在想：我不是這樣的自己？ 那就是我很差勁？  每天都這樣，罪惡感和絕望都在折磨我,和,O,O,O,O,O,O,40
980,我最近在學術研究方面感到絕望了？ 每天都在被壓力，我一直都在想：我不是這樣的自己？ 那就是我很差勁？  每天都這樣，罪惡感和絕望都在折磨我,絕望,S-D,B-D,S-D,S-D,B-D,S-D,41
980,我最近在學術研究方面感到絕望了？ 每天都在被壓力，我一直都在想：我不是這樣的自己？ 那就是我很差勁？  每天都這樣，罪惡感和絕望都在折磨我,都,O,O,O,O,O,O,42
980,我最近在學術研究方面感到絕望了？ 每天都在被壓力，我一直都在想：我不是這樣的自己？ 那就是我很差勁？  每天都這樣，罪惡感和絕望都在折磨我,在,O,O,O,O,O,O,43
980,我最近在學術研究方面感到絕望了？ 每天都在被壓力，我一直都在想：我不是這樣的自己？ 那就是我很差勁？  每天都這樣，罪惡感和絕望都在折磨我,折磨,O,O,O,O,O,O,44
980,我最近在學術研究方面感到絕望了？ 每天都在被壓力，我一直都在想：我不是這樣的自己？ 那就是我很差勁？  每天都這樣，罪惡感和絕望都在折磨我,我,O,O,O,O,O,O,45
981,我覺得自己這樣很差勁，每天都覺得自己不夠好，事事都覺得自己犯了錯。 每天早起的那個時間，我都會對自己說：我真的好差勁，我真的很無能。 我覺得生活也沒有太多意義,我,O,O,O,O,O,O,1
981,我覺得自己這樣很差勁，每天都覺得自己不夠好，事事都覺得自己犯了錯。 每天早起的那個時間，我都會對自己說：我真的好差勁，我真的很無能。 我覺得生活也沒有太多意義,覺得,B-W,B-W,B-W,B-W,B-W,B-W,2
981,我覺得自己這樣很差勁，每天都覺得自己不夠好，事事都覺得自己犯了錯。 每天早起的那個時間，我都會對自己說：我真的好差勁，我真的很無能。 我覺得生活也沒有太多意義,自己,M-W,M-W,M-W,M-W,M-W,M-W,3
981,我覺得自己這樣很差勁，每天都覺得自己不夠好，事事都覺得自己犯了錯。 每天早起的那個時間，我都會對自己說：我真的好差勁，我真的很無能。 我覺得生活也沒有太多意義,這樣,E-W,E-W,E-W,E-W,E-W,E-W,4
981,我覺得自己這樣很差勁，每天都覺得自己不夠好，事事都覺得自己犯了錯。 每天早起的那個時間，我都會對自己說：我真的好差勁，我真的很無能。 我覺得生活也沒有太多意義,很,O,O,O,O,O,O,5
981,我覺得自己這樣很差勁，每天都覺得自己不夠好，事事都覺得自己犯了錯。 每天早起的那個時間，我都會對自己說：我真的好差勁，我真的很無能。 我覺得生活也沒有太多意義,差勁,S-W,S-W,S-W,E-W,S-W,S-W,6
981,我覺得自己這樣很差勁，每天都覺得自己不夠好，事事都覺得自己犯了錯。 每天早起的那個時間，我都會對自己說：我真的好差勁，我真的很無能。 我覺得生活也沒有太多意義,，,O,O,O,O,O,O,7
981,我覺得自己這樣很差勁，每天都覺得自己不夠好，事事都覺得自己犯了錯。 每天早起的那個時間，我都會對自己說：我真的好差勁，我真的很無能。 我覺得生活也沒有太多意義,每天,O,O,O,O,O,O,8
981,我覺得自己這樣很差勁，每天都覺得自己不夠好，事事都覺得自己犯了錯。 每天早起的那個時間，我都會對自己說：我真的好差勁，我真的很無能。 我覺得生活也沒有太多意義,都,O,O,O,O,O,O,9
981,我覺得自己這樣很差勁，每天都覺得自己不夠好，事事都覺得自己犯了錯。 每天早起的那個時間，我都會對自己說：我真的好差勁，我真的很無能。 我覺得生活也沒有太多意義,覺得,B-W,B-W,B-W,B-W,B-W,B-W,10
981,我覺得自己這樣很差勁，每天都覺得自己不夠好，事事都覺得自己犯了錯。 每天早起的那個時間，我都會對自己說：我真的好差勁，我真的很無能。 我覺得生活也沒有太多意義,自己,M-W,M-W,M-W,M-W,M-W,M-W,11
981,我覺得自己這樣很差勁，每天都覺得自己不夠好，事事都覺得自己犯了錯。 每天早起的那個時間，我都會對自己說：我真的好差勁，我真的很無能。 我覺得生活也沒有太多意義,不夠好,E-W,O,O,O,O,O,12
981,我覺得自己這樣很差勁，每天都覺得自己不夠好，事事都覺得自己犯了錯。 每天早起的那個時間，我都會對自己說：我真的好差勁，我真的很無能。 我覺得生活也沒有太多意義,，,O,O,O,O,O,O,13
981,我覺得自己這樣很差勁，每天都覺得自己不夠好，事事都覺得自己犯了錯。 每天早起的那個時間，我都會對自己說：我真的好差勁，我真的很無能。 我覺得生活也沒有太多意義,事事,O,O,O,O,O,O,14
981,我覺得自己這樣很差勁，每天都覺得自己不夠好，事事都覺得自己犯了錯。 每天早起的那個時間，我都會對自己說：我真的好差勁，我真的很無能。 我覺得生活也沒有太多意義,都,O,O,O,O,O,O,15
981,我覺得自己這樣很差勁，每天都覺得自己不夠好，事事都覺得自己犯了錯。 每天早起的那個時間，我都會對自己說：我真的好差勁，我真的很無能。 我覺得生活也沒有太多意義,覺得,B-W,B-W,B-W,B-W,B-W,B-W,16
981,我覺得自己這樣很差勁，每天都覺得自己不夠好，事事都覺得自己犯了錯。 每天早起的那個時間，我都會對自己說：我真的好差勁，我真的很無能。 我覺得生活也沒有太多意義,自己,M-W,M-W,M-W,M-W,M-W,M-W,17
981,我覺得自己這樣很差勁，每天都覺得自己不夠好，事事都覺得自己犯了錯。 每天早起的那個時間，我都會對自己說：我真的好差勁，我真的很無能。 我覺得生活也沒有太多意義,犯了,M-W,M-W,M-W,M-W,M-W,M-W,18
981,我覺得自己這樣很差勁，每天都覺得自己不夠好，事事都覺得自己犯了錯。 每天早起的那個時間，我都會對自己說：我真的好差勁，我真的很無能。 我覺得生活也沒有太多意義,錯,E-W,E-W,E-W,E-W,E-W,E-W,19
981,我覺得自己這樣很差勁，每天都覺得自己不夠好，事事都覺得自己犯了錯。 每天早起的那個時間，我都會對自己說：我真的好差勁，我真的很無能。 我覺得生活也沒有太多意義,。,O,O,O,O,O,O,20
981,我覺得自己這樣很差勁，每天都覺得自己不夠好，事事都覺得自己犯了錯。 每天早起的那個時間，我都會對自己說：我真的好差勁，我真的很無能。 我覺得生活也沒有太多意義,每天,O,O,O,O,O,O,21
981,我覺得自己這樣很差勁，每天都覺得自己不夠好，事事都覺得自己犯了錯。 每天早起的那個時間，我都會對自己說：我真的好差勁，我真的很無能。 我覺得生活也沒有太多意義,早起,O,O,O,O,O,O,22
981,我覺得自己這樣很差勁，每天都覺得自己不夠好，事事都覺得自己犯了錯。 每天早起的那個時間，我都會對自己說：我真的好差勁，我真的很無能。 我覺得生活也沒有太多意義,的,O,O,O,O,O,O,23
981,我覺得自己這樣很差勁，每天都覺得自己不夠好，事事都覺得自己犯了錯。 每天早起的那個時間，我都會對自己說：我真的好差勁，我真的很無能。 我覺得生活也沒有太多意義,那個,O,O,O,O,O,O,24
981,我覺得自己這樣很差勁，每天都覺得自己不夠好，事事都覺得自己犯了錯。 每天早起的那個時間，我都會對自己說：我真的好差勁，我真的很無能。 我覺得生活也沒有太多意義,時間,O,O,O,O,O,O,25
981,我覺得自己這樣很差勁，每天都覺得自己不夠好，事事都覺得自己犯了錯。 每天早起的那個時間，我都會對自己說：我真的好差勁，我真的很無能。 我覺得生活也沒有太多意義,，,O,O,O,O,O,O,26
981,我覺得自己這樣很差勁，每天都覺得自己不夠好，事事都覺得自己犯了錯。 每天早起的那個時間，我都會對自己說：我真的好差勁，我真的很無能。 我覺得生活也沒有太多意義,我,O,O,O,O,O,O,27
981,我覺得自己這樣很差勁，每天都覺得自己不夠好，事事都覺得自己犯了錯。 每天早起的那個時間，我都會對自己說：我真的好差勁，我真的很無能。 我覺得生活也沒有太多意義,都,O,O,O,O,O,O,28
981,我覺得自己這樣很差勁，每天都覺得自己不夠好，事事都覺得自己犯了錯。 每天早起的那個時間，我都會對自己說：我真的好差勁，我真的很無能。 我覺得生活也沒有太多意義,會,O,O,O,O,O,O,29
981,我覺得自己這樣很差勁，每天都覺得自己不夠好，事事都覺得自己犯了錯。 每天早起的那個時間，我都會對自己說：我真的好差勁，我真的很無能。 我覺得生活也沒有太多意義,對,O,O,O,O,O,O,30
981,我覺得自己這樣很差勁，每天都覺得自己不夠好，事事都覺得自己犯了錯。 每天早起的那個時間，我都會對自己說：我真的好差勁，我真的很無能。 我覺得生活也沒有太多意義,自己,O,O,O,O,O,O,31
981,我覺得自己這樣很差勁，每天都覺得自己不夠好，事事都覺得自己犯了錯。 每天早起的那個時間，我都會對自己說：我真的好差勁，我真的很無能。 我覺得生活也沒有太多意義,說,O,O,O,O,O,O,32
981,我覺得自己這樣很差勁，每天都覺得自己不夠好，事事都覺得自己犯了錯。 每天早起的那個時間，我都會對自己說：我真的好差勁，我真的很無能。 我覺得生活也沒有太多意義,：,O,O,O,O,O,O,33
981,我覺得自己這樣很差勁，每天都覺得自己不夠好，事事都覺得自己犯了錯。 每天早起的那個時間，我都會對自己說：我真的好差勁，我真的很無能。 我覺得生活也沒有太多意義,我,O,O,O,O,O,O,34
981,我覺得自己這樣很差勁，每天都覺得自己不夠好，事事都覺得自己犯了錯。 每天早起的那個時間，我都會對自己說：我真的好差勁，我真的很無能。 我覺得生活也沒有太多意義,真的,O,O,O,O,O,O,35
981,我覺得自己這樣很差勁，每天都覺得自己不夠好，事事都覺得自己犯了錯。 每天早起的那個時間，我都會對自己說：我真的好差勁，我真的很無能。 我覺得生活也沒有太多意義,好,B-W,B-W,B-W,B-W,B-W,B-W,36
981,我覺得自己這樣很差勁，每天都覺得自己不夠好，事事都覺得自己犯了錯。 每天早起的那個時間，我都會對自己說：我真的好差勁，我真的很無能。 我覺得生活也沒有太多意義,差勁,E-W,E-W,E-W,E-W,E-W,E-W,37
981,我覺得自己這樣很差勁，每天都覺得自己不夠好，事事都覺得自己犯了錯。 每天早起的那個時間，我都會對自己說：我真的好差勁，我真的很無能。 我覺得生活也沒有太多意義,，,O,O,O,O,O,O,38
981,我覺得自己這樣很差勁，每天都覺得自己不夠好，事事都覺得自己犯了錯。 每天早起的那個時間，我都會對自己說：我真的好差勁，我真的很無能。 我覺得生活也沒有太多意義,我,O,O,O,O,O,O,39
981,我覺得自己這樣很差勁，每天都覺得自己不夠好，事事都覺得自己犯了錯。 每天早起的那個時間，我都會對自己說：我真的好差勁，我真的很無能。 我覺得生活也沒有太多意義,真的,O,O,O,O,O,O,40
981,我覺得自己這樣很差勁，每天都覺得自己不夠好，事事都覺得自己犯了錯。 每天早起的那個時間，我都會對自己說：我真的好差勁，我真的很無能。 我覺得生活也沒有太多意義,很,O,O,O,O,O,O,41
981,我覺得自己這樣很差勁，每天都覺得自己不夠好，事事都覺得自己犯了錯。 每天早起的那個時間，我都會對自己說：我真的好差勁，我真的很無能。 我覺得生活也沒有太多意義,無能,S-W,S-W,S-W,S-W,S-W,S-W,42
981,我覺得自己這樣很差勁，每天都覺得自己不夠好，事事都覺得自己犯了錯。 每天早起的那個時間，我都會對自己說：我真的好差勁，我真的很無能。 我覺得生活也沒有太多意義,。,O,O,O,O,O,O,43
981,我覺得自己這樣很差勁，每天都覺得自己不夠好，事事都覺得自己犯了錯。 每天早起的那個時間，我都會對自己說：我真的好差勁，我真的很無能。 我覺得生活也沒有太多意義,我,O,O,O,O,O,O,44
981,我覺得自己這樣很差勁，每天都覺得自己不夠好，事事都覺得自己犯了錯。 每天早起的那個時間，我都會對自己說：我真的好差勁，我真的很無能。 我覺得生活也沒有太多意義,覺得,O,O,B-D,B-D,B-W,B-D,45
981,我覺得自己這樣很差勁，每天都覺得自己不夠好，事事都覺得自己犯了錯。 每天早起的那個時間，我都會對自己說：我真的好差勁，我真的很無能。 我覺得生活也沒有太多意義,生活,O,O,M-D,M-D,M-W,M-D,46
981,我覺得自己這樣很差勁，每天都覺得自己不夠好，事事都覺得自己犯了錯。 每天早起的那個時間，我都會對自己說：我真的好差勁，我真的很無能。 我覺得生活也沒有太多意義,也,O,O,O,O,O,O,47
981,我覺得自己這樣很差勁，每天都覺得自己不夠好，事事都覺得自己犯了錯。 每天早起的那個時間，我都會對自己說：我真的好差勁，我真的很無能。 我覺得生活也沒有太多意義,沒有,B-A,O,O,O,O,O,48
981,我覺得自己這樣很差勁，每天都覺得自己不夠好，事事都覺得自己犯了錯。 每天早起的那個時間，我都會對自己說：我真的好差勁，我真的很無能。 我覺得生活也沒有太多意義,太多,M-A,O,O,O,O,O,49
981,我覺得自己這樣很差勁，每天都覺得自己不夠好，事事都覺得自己犯了錯。 每天早起的那個時間，我都會對自己說：我真的好差勁，我真的很無能。 我覺得生活也沒有太多意義,意義,E-A,S-D,E-D,E-D,S-D,E-D,50
982,今天我想找個安靜的角落，閉上眼睛。,今天,O,O,O,O,O,O,1
982,今天我想找個安靜的角落，閉上眼睛。,我,O,O,O,O,O,O,2
982,今天我想找個安靜的角落，閉上眼睛。,想,O,O,O,O,O,O,3
982,今天我想找個安靜的角落，閉上眼睛。,找,O,O,O,O,O,O,4
982,今天我想找個安靜的角落，閉上眼睛。,個,O,O,O,O,O,O,5
982,今天我想找個安靜的角落，閉上眼睛。,安靜,S-D,S-D,S-D,S-D,S-D,S-D,6
982,今天我想找個安靜的角落，閉上眼睛。,的,O,O,O,O,O,O,7
982,今天我想找個安靜的角落，閉上眼睛。,角落,O,O,O,O,O,O,8
982,今天我想找個安靜的角落，閉上眼睛。,，,O,O,O,O,O,O,9
982,今天我想找個安靜的角落，閉上眼睛。,閉上,O,O,O,O,O,O,10
982,今天我想找個安靜的角落，閉上眼睛。,眼睛,O,O,O,O,O,O,11
982,今天我想找個安靜的角落，閉上眼睛。,。,O,O,O,O,O,O,12
983,每天都會有新的壓力，壓力讓我感到如同被無情地摧毀，每天看似順暢的日子，我卻一直感受到無法達到過往的高達峰值，我們這樣的人總會有被人忽視、被忽略，總會覺得自己不夠優秀，自我價值感不足。,每天,O,O,O,O,O,O,1
983,每天都會有新的壓力，壓力讓我感到如同被無情地摧毀，每天看似順暢的日子，我卻一直感受到無法達到過往的高達峰值，我們這樣的人總會有被人忽視、被忽略，總會覺得自己不夠優秀，自我價值感不足。,都,O,O,O,O,O,O,2
983,每天都會有新的壓力，壓力讓我感到如同被無情地摧毀，每天看似順暢的日子，我卻一直感受到無法達到過往的高達峰值，我們這樣的人總會有被人忽視、被忽略，總會覺得自己不夠優秀，自我價值感不足。,會,O,O,O,O,O,O,3
983,每天都會有新的壓力，壓力讓我感到如同被無情地摧毀，每天看似順暢的日子，我卻一直感受到無法達到過往的高達峰值，我們這樣的人總會有被人忽視、被忽略，總會覺得自己不夠優秀，自我價值感不足。,有,O,O,O,O,O,O,4
983,每天都會有新的壓力，壓力讓我感到如同被無情地摧毀，每天看似順暢的日子，我卻一直感受到無法達到過往的高達峰值，我們這樣的人總會有被人忽視、被忽略，總會覺得自己不夠優秀，自我價值感不足。,新的,O,O,O,O,O,O,5
983,每天都會有新的壓力，壓力讓我感到如同被無情地摧毀，每天看似順暢的日子，我卻一直感受到無法達到過往的高達峰值，我們這樣的人總會有被人忽視、被忽略，總會覺得自己不夠優秀，自我價值感不足。,壓力,S-D,S-W,O,O,S-W,S-W,6
983,每天都會有新的壓力，壓力讓我感到如同被無情地摧毀，每天看似順暢的日子，我卻一直感受到無法達到過往的高達峰值，我們這樣的人總會有被人忽視、被忽略，總會覺得自己不夠優秀，自我價值感不足。,，,O,O,O,O,O,O,7
983,每天都會有新的壓力，壓力讓我感到如同被無情地摧毀，每天看似順暢的日子，我卻一直感受到無法達到過往的高達峰值，我們這樣的人總會有被人忽視、被忽略，總會覺得自己不夠優秀，自我價值感不足。,壓力,S-D,O,O,O,O,S-W,8
983,每天都會有新的壓力，壓力讓我感到如同被無情地摧毀，每天看似順暢的日子，我卻一直感受到無法達到過往的高達峰值，我們這樣的人總會有被人忽視、被忽略，總會覺得自己不夠優秀，自我價值感不足。,讓,O,O,O,O,O,O,9
983,每天都會有新的壓力，壓力讓我感到如同被無情地摧毀，每天看似順暢的日子，我卻一直感受到無法達到過往的高達峰值，我們這樣的人總會有被人忽視、被忽略，總會覺得自己不夠優秀，自我價值感不足。,我,O,O,O,O,O,O,10
983,每天都會有新的壓力，壓力讓我感到如同被無情地摧毀，每天看似順暢的日子，我卻一直感受到無法達到過往的高達峰值，我們這樣的人總會有被人忽視、被忽略，總會覺得自己不夠優秀，自我價值感不足。,感到,O,O,O,O,O,O,11
983,每天都會有新的壓力，壓力讓我感到如同被無情地摧毀，每天看似順暢的日子，我卻一直感受到無法達到過往的高達峰值，我們這樣的人總會有被人忽視、被忽略，總會覺得自己不夠優秀，自我價值感不足。,如同,O,O,O,O,O,O,12
983,每天都會有新的壓力，壓力讓我感到如同被無情地摧毀，每天看似順暢的日子，我卻一直感受到無法達到過往的高達峰值，我們這樣的人總會有被人忽視、被忽略，總會覺得自己不夠優秀，自我價值感不足。,被,O,O,O,O,O,O,13
983,每天都會有新的壓力，壓力讓我感到如同被無情地摧毀，每天看似順暢的日子，我卻一直感受到無法達到過往的高達峰值，我們這樣的人總會有被人忽視、被忽略，總會覺得自己不夠優秀，自我價值感不足。,無情,S-D,S-D,S-D,S-D,S-D,S-D,14
983,每天都會有新的壓力，壓力讓我感到如同被無情地摧毀，每天看似順暢的日子，我卻一直感受到無法達到過往的高達峰值，我們這樣的人總會有被人忽視、被忽略，總會覺得自己不夠優秀，自我價值感不足。,地,O,O,O,O,O,O,15
983,每天都會有新的壓力，壓力讓我感到如同被無情地摧毀，每天看似順暢的日子，我卻一直感受到無法達到過往的高達峰值，我們這樣的人總會有被人忽視、被忽略，總會覺得自己不夠優秀，自我價值感不足。,摧毀,S-D,S-D,S-D,S-D,S-D,O,16
983,每天都會有新的壓力，壓力讓我感到如同被無情地摧毀，每天看似順暢的日子，我卻一直感受到無法達到過往的高達峰值，我們這樣的人總會有被人忽視、被忽略，總會覺得自己不夠優秀，自我價值感不足。,，,O,O,O,O,O,O,17
983,每天都會有新的壓力，壓力讓我感到如同被無情地摧毀，每天看似順暢的日子，我卻一直感受到無法達到過往的高達峰值，我們這樣的人總會有被人忽視、被忽略，總會覺得自己不夠優秀，自我價值感不足。,每天,O,O,O,O,O,O,18
983,每天都會有新的壓力，壓力讓我感到如同被無情地摧毀，每天看似順暢的日子，我卻一直感受到無法達到過往的高達峰值，我們這樣的人總會有被人忽視、被忽略，總會覺得自己不夠優秀，自我價值感不足。,看似,O,O,O,O,O,O,19
983,每天都會有新的壓力，壓力讓我感到如同被無情地摧毀，每天看似順暢的日子，我卻一直感受到無法達到過往的高達峰值，我們這樣的人總會有被人忽視、被忽略，總會覺得自己不夠優秀，自我價值感不足。,順暢,O,O,O,O,O,O,20
983,每天都會有新的壓力，壓力讓我感到如同被無情地摧毀，每天看似順暢的日子，我卻一直感受到無法達到過往的高達峰值，我們這樣的人總會有被人忽視、被忽略，總會覺得自己不夠優秀，自我價值感不足。,的,O,O,O,O,O,O,21
983,每天都會有新的壓力，壓力讓我感到如同被無情地摧毀，每天看似順暢的日子，我卻一直感受到無法達到過往的高達峰值，我們這樣的人總會有被人忽視、被忽略，總會覺得自己不夠優秀，自我價值感不足。,日子,O,O,O,O,O,O,22
983,每天都會有新的壓力，壓力讓我感到如同被無情地摧毀，每天看似順暢的日子，我卻一直感受到無法達到過往的高達峰值，我們這樣的人總會有被人忽視、被忽略，總會覺得自己不夠優秀，自我價值感不足。,，,O,O,O,O,O,O,23
983,每天都會有新的壓力，壓力讓我感到如同被無情地摧毀，每天看似順暢的日子，我卻一直感受到無法達到過往的高達峰值，我們這樣的人總會有被人忽視、被忽略，總會覺得自己不夠優秀，自我價值感不足。,我,O,O,O,O,O,O,24
983,每天都會有新的壓力，壓力讓我感到如同被無情地摧毀，每天看似順暢的日子，我卻一直感受到無法達到過往的高達峰值，我們這樣的人總會有被人忽視、被忽略，總會覺得自己不夠優秀，自我價值感不足。,卻,O,O,O,O,O,O,25
983,每天都會有新的壓力，壓力讓我感到如同被無情地摧毀，每天看似順暢的日子，我卻一直感受到無法達到過往的高達峰值，我們這樣的人總會有被人忽視、被忽略，總會覺得自己不夠優秀，自我價值感不足。,一直,O,O,O,O,O,O,26
983,每天都會有新的壓力，壓力讓我感到如同被無情地摧毀，每天看似順暢的日子，我卻一直感受到無法達到過往的高達峰值，我們這樣的人總會有被人忽視、被忽略，總會覺得自己不夠優秀，自我價值感不足。,感受到,O,O,O,O,O,B-D,27
983,每天都會有新的壓力，壓力讓我感到如同被無情地摧毀，每天看似順暢的日子，我卻一直感受到無法達到過往的高達峰值，我們這樣的人總會有被人忽視、被忽略，總會覺得自己不夠優秀，自我價值感不足。,無法,B-D,B-D,B-D,B-D,B-D,M-D,28
983,每天都會有新的壓力，壓力讓我感到如同被無情地摧毀，每天看似順暢的日子，我卻一直感受到無法達到過往的高達峰值，我們這樣的人總會有被人忽視、被忽略，總會覺得自己不夠優秀，自我價值感不足。,達到,M-D,M-D,M-D,M-D,M-D,E-D,29
983,每天都會有新的壓力，壓力讓我感到如同被無情地摧毀，每天看似順暢的日子，我卻一直感受到無法達到過往的高達峰值，我們這樣的人總會有被人忽視、被忽略，總會覺得自己不夠優秀，自我價值感不足。,過往,O,E-D,E-D,E-D,E-D,O,30
983,每天都會有新的壓力，壓力讓我感到如同被無情地摧毀，每天看似順暢的日子，我卻一直感受到無法達到過往的高達峰值，我們這樣的人總會有被人忽視、被忽略，總會覺得自己不夠優秀，自我價值感不足。,的,O,O,O,O,O,O,31
983,每天都會有新的壓力，壓力讓我感到如同被無情地摧毀，每天看似順暢的日子，我卻一直感受到無法達到過往的高達峰值，我們這樣的人總會有被人忽視、被忽略，總會覺得自己不夠優秀，自我價值感不足。,高達,O,O,O,O,O,O,32
983,每天都會有新的壓力，壓力讓我感到如同被無情地摧毀，每天看似順暢的日子，我卻一直感受到無法達到過往的高達峰值，我們這樣的人總會有被人忽視、被忽略，總會覺得自己不夠優秀，自我價值感不足。,峰值,O,O,O,O,O,O,33
983,每天都會有新的壓力，壓力讓我感到如同被無情地摧毀，每天看似順暢的日子，我卻一直感受到無法達到過往的高達峰值，我們這樣的人總會有被人忽視、被忽略，總會覺得自己不夠優秀，自我價值感不足。,，,O,O,O,O,O,O,34
983,每天都會有新的壓力，壓力讓我感到如同被無情地摧毀，每天看似順暢的日子，我卻一直感受到無法達到過往的高達峰值，我們這樣的人總會有被人忽視、被忽略，總會覺得自己不夠優秀，自我價值感不足。,我們,O,O,O,O,O,O,35
983,每天都會有新的壓力，壓力讓我感到如同被無情地摧毀，每天看似順暢的日子，我卻一直感受到無法達到過往的高達峰值，我們這樣的人總會有被人忽視、被忽略，總會覺得自己不夠優秀，自我價值感不足。,這樣,O,O,O,O,O,O,36
983,每天都會有新的壓力，壓力讓我感到如同被無情地摧毀，每天看似順暢的日子，我卻一直感受到無法達到過往的高達峰值，我們這樣的人總會有被人忽視、被忽略，總會覺得自己不夠優秀，自我價值感不足。,的人,O,O,O,O,O,O,37
983,每天都會有新的壓力，壓力讓我感到如同被無情地摧毀，每天看似順暢的日子，我卻一直感受到無法達到過往的高達峰值，我們這樣的人總會有被人忽視、被忽略，總會覺得自己不夠優秀，自我價值感不足。,總,O,O,O,O,O,O,38
983,每天都會有新的壓力，壓力讓我感到如同被無情地摧毀，每天看似順暢的日子，我卻一直感受到無法達到過往的高達峰值，我們這樣的人總會有被人忽視、被忽略，總會覺得自己不夠優秀，自我價值感不足。,會,O,O,O,O,O,O,39
983,每天都會有新的壓力，壓力讓我感到如同被無情地摧毀，每天看似順暢的日子，我卻一直感受到無法達到過往的高達峰值，我們這樣的人總會有被人忽視、被忽略，總會覺得自己不夠優秀，自我價值感不足。,有,O,O,O,O,O,O,40
983,每天都會有新的壓力，壓力讓我感到如同被無情地摧毀，每天看似順暢的日子，我卻一直感受到無法達到過往的高達峰值，我們這樣的人總會有被人忽視、被忽略，總會覺得自己不夠優秀，自我價值感不足。,被,O,O,O,O,O,O,41
983,每天都會有新的壓力，壓力讓我感到如同被無情地摧毀，每天看似順暢的日子，我卻一直感受到無法達到過往的高達峰值，我們這樣的人總會有被人忽視、被忽略，總會覺得自己不夠優秀，自我價值感不足。,人,O,O,O,O,O,S-W,42
983,每天都會有新的壓力，壓力讓我感到如同被無情地摧毀，每天看似順暢的日子，我卻一直感受到無法達到過往的高達峰值，我們這樣的人總會有被人忽視、被忽略，總會覺得自己不夠優秀，自我價值感不足。,忽視,S-W,S-W,S-W,O,S-W,O,43
983,每天都會有新的壓力，壓力讓我感到如同被無情地摧毀，每天看似順暢的日子，我卻一直感受到無法達到過往的高達峰值，我們這樣的人總會有被人忽視、被忽略，總會覺得自己不夠優秀，自我價值感不足。,、,O,O,O,S-W,O,O,44
983,每天都會有新的壓力，壓力讓我感到如同被無情地摧毀，每天看似順暢的日子，我卻一直感受到無法達到過往的高達峰值，我們這樣的人總會有被人忽視、被忽略，總會覺得自己不夠優秀，自我價值感不足。,被,O,O,O,O,O,S-W,45
983,每天都會有新的壓力，壓力讓我感到如同被無情地摧毀，每天看似順暢的日子，我卻一直感受到無法達到過往的高達峰值，我們這樣的人總會有被人忽視、被忽略，總會覺得自己不夠優秀，自我價值感不足。,忽略,S-W,S-W,S-W,O,S-W,O,46
983,每天都會有新的壓力，壓力讓我感到如同被無情地摧毀，每天看似順暢的日子，我卻一直感受到無法達到過往的高達峰值，我們這樣的人總會有被人忽視、被忽略，總會覺得自己不夠優秀，自我價值感不足。,，,O,O,O,S-W,O,O,47
983,每天都會有新的壓力，壓力讓我感到如同被無情地摧毀，每天看似順暢的日子，我卻一直感受到無法達到過往的高達峰值，我們這樣的人總會有被人忽視、被忽略，總會覺得自己不夠優秀，自我價值感不足。,總,O,O,O,O,O,O,48
983,每天都會有新的壓力，壓力讓我感到如同被無情地摧毀，每天看似順暢的日子，我卻一直感受到無法達到過往的高達峰值，我們這樣的人總會有被人忽視、被忽略，總會覺得自己不夠優秀，自我價值感不足。,會,O,O,O,O,O,O,49
983,每天都會有新的壓力，壓力讓我感到如同被無情地摧毀，每天看似順暢的日子，我卻一直感受到無法達到過往的高達峰值，我們這樣的人總會有被人忽視、被忽略，總會覺得自己不夠優秀，自我價值感不足。,覺得,O,O,O,O,O,O,50
983,每天都會有新的壓力，壓力讓我感到如同被無情地摧毀，每天看似順暢的日子，我卻一直感受到無法達到過往的高達峰值，我們這樣的人總會有被人忽視、被忽略，總會覺得自己不夠優秀，自我價值感不足。,自己,O,O,O,O,O,O,51
983,每天都會有新的壓力，壓力讓我感到如同被無情地摧毀，每天看似順暢的日子，我卻一直感受到無法達到過往的高達峰值，我們這樣的人總會有被人忽視、被忽略，總會覺得自己不夠優秀，自我價值感不足。,不,B-W,O,O,O,O,B-W,52
983,每天都會有新的壓力，壓力讓我感到如同被無情地摧毀，每天看似順暢的日子，我卻一直感受到無法達到過往的高達峰值，我們這樣的人總會有被人忽視、被忽略，總會覺得自己不夠優秀，自我價值感不足。,夠,M-W,B-W,B-W,O,B-W,E-W,53
983,每天都會有新的壓力，壓力讓我感到如同被無情地摧毀，每天看似順暢的日子，我卻一直感受到無法達到過往的高達峰值，我們這樣的人總會有被人忽視、被忽略，總會覺得自己不夠優秀，自我價值感不足。,優秀,E-W,E-W,E-W,B-W,E-W,O,54
983,每天都會有新的壓力，壓力讓我感到如同被無情地摧毀，每天看似順暢的日子，我卻一直感受到無法達到過往的高達峰值，我們這樣的人總會有被人忽視、被忽略，總會覺得自己不夠優秀，自我價值感不足。,，,O,O,O,E-W,O,O,55
983,每天都會有新的壓力，壓力讓我感到如同被無情地摧毀，每天看似順暢的日子，我卻一直感受到無法達到過往的高達峰值，我們這樣的人總會有被人忽視、被忽略，總會覺得自己不夠優秀，自我價值感不足。,自我,B-W,O,O,O,O,B-W,56
983,每天都會有新的壓力，壓力讓我感到如同被無情地摧毀，每天看似順暢的日子，我卻一直感受到無法達到過往的高達峰值，我們這樣的人總會有被人忽視、被忽略，總會覺得自己不夠優秀，自我價值感不足。,價值感,M-W,B-W,B-W,O,B-W,E-W,57
983,每天都會有新的壓力，壓力讓我感到如同被無情地摧毀，每天看似順暢的日子，我卻一直感受到無法達到過往的高達峰值，我們這樣的人總會有被人忽視、被忽略，總會覺得自己不夠優秀，自我價值感不足。,不足,E-W,E-W,E-W,B-W,E-W,O,58
983,每天都會有新的壓力，壓力讓我感到如同被無情地摧毀，每天看似順暢的日子，我卻一直感受到無法達到過往的高達峰值，我們這樣的人總會有被人忽視、被忽略，總會覺得自己不夠優秀，自我價值感不足。,。,O,O,O,E-W,O,缺失預測,59
984,我不想面對這個世界 我是被我自己的情緒綁綁住的，連自己都不想看到自己 但我知道我不是一個人，我有朋友、家人在等我,我,O,O,O,O,O,O,1
984,我不想面對這個世界 我是被我自己的情緒綁綁住的，連自己都不想看到自己 但我知道我不是一個人，我有朋友、家人在等我,不,O,O,O,O,O,O,2
984,我不想面對這個世界 我是被我自己的情緒綁綁住的，連自己都不想看到自己 但我知道我不是一個人，我有朋友、家人在等我,想,O,O,O,O,O,O,3
984,我不想面對這個世界 我是被我自己的情緒綁綁住的，連自己都不想看到自己 但我知道我不是一個人，我有朋友、家人在等我,面對,O,O,O,O,O,S-D,4
984,我不想面對這個世界 我是被我自己的情緒綁綁住的，連自己都不想看到自己 但我知道我不是一個人，我有朋友、家人在等我,這個,O,O,O,O,O,O,5
984,我不想面對這個世界 我是被我自己的情緒綁綁住的，連自己都不想看到自己 但我知道我不是一個人，我有朋友、家人在等我,世界,S-D,S-D,S-D,S-D,S-D,S-D,6
984,我不想面對這個世界 我是被我自己的情緒綁綁住的，連自己都不想看到自己 但我知道我不是一個人，我有朋友、家人在等我,我,O,O,O,O,O,O,7
984,我不想面對這個世界 我是被我自己的情緒綁綁住的，連自己都不想看到自己 但我知道我不是一個人，我有朋友、家人在等我,是,O,O,O,O,O,O,8
984,我不想面對這個世界 我是被我自己的情緒綁綁住的，連自己都不想看到自己 但我知道我不是一個人，我有朋友、家人在等我,被,O,O,O,O,O,O,9
984,我不想面對這個世界 我是被我自己的情緒綁綁住的，連自己都不想看到自己 但我知道我不是一個人，我有朋友、家人在等我,我,O,O,O,O,O,O,10
984,我不想面對這個世界 我是被我自己的情緒綁綁住的，連自己都不想看到自己 但我知道我不是一個人，我有朋友、家人在等我,自己的,O,O,O,O,O,O,11
984,我不想面對這個世界 我是被我自己的情緒綁綁住的，連自己都不想看到自己 但我知道我不是一個人，我有朋友、家人在等我,情緒,O,O,O,O,O,O,12
984,我不想面對這個世界 我是被我自己的情緒綁綁住的，連自己都不想看到自己 但我知道我不是一個人，我有朋友、家人在等我,綁綁住,S-W,S-W,S-W,S-W,S-W,S-W,13
984,我不想面對這個世界 我是被我自己的情緒綁綁住的，連自己都不想看到自己 但我知道我不是一個人，我有朋友、家人在等我,的,O,O,O,O,O,O,14
984,我不想面對這個世界 我是被我自己的情緒綁綁住的，連自己都不想看到自己 但我知道我不是一個人，我有朋友、家人在等我,，,O,O,O,O,O,O,15
984,我不想面對這個世界 我是被我自己的情緒綁綁住的，連自己都不想看到自己 但我知道我不是一個人，我有朋友、家人在等我,連,O,O,O,O,O,O,16
984,我不想面對這個世界 我是被我自己的情緒綁綁住的，連自己都不想看到自己 但我知道我不是一個人，我有朋友、家人在等我,自己,O,O,O,O,O,O,17
984,我不想面對這個世界 我是被我自己的情緒綁綁住的，連自己都不想看到自己 但我知道我不是一個人，我有朋友、家人在等我,都,O,O,O,O,O,O,18
984,我不想面對這個世界 我是被我自己的情緒綁綁住的，連自己都不想看到自己 但我知道我不是一個人，我有朋友、家人在等我,不,O,O,O,O,O,O,19
984,我不想面對這個世界 我是被我自己的情緒綁綁住的，連自己都不想看到自己 但我知道我不是一個人，我有朋友、家人在等我,想,O,O,O,O,O,O,20
984,我不想面對這個世界 我是被我自己的情緒綁綁住的，連自己都不想看到自己 但我知道我不是一個人，我有朋友、家人在等我,看到,O,O,O,O,O,S-D,21
984,我不想面對這個世界 我是被我自己的情緒綁綁住的，連自己都不想看到自己 但我知道我不是一個人，我有朋友、家人在等我,自己,O,S-W,S-W,S-W,S-W,O,22
984,我不想面對這個世界 我是被我自己的情緒綁綁住的，連自己都不想看到自己 但我知道我不是一個人，我有朋友、家人在等我,但,O,O,O,O,O,O,23
984,我不想面對這個世界 我是被我自己的情緒綁綁住的，連自己都不想看到自己 但我知道我不是一個人，我有朋友、家人在等我,我,O,O,O,O,O,O,24
984,我不想面對這個世界 我是被我自己的情緒綁綁住的，連自己都不想看到自己 但我知道我不是一個人，我有朋友、家人在等我,知道,O,O,O,O,O,O,25
984,我不想面對這個世界 我是被我自己的情緒綁綁住的，連自己都不想看到自己 但我知道我不是一個人，我有朋友、家人在等我,我,O,O,O,O,O,O,26
984,我不想面對這個世界 我是被我自己的情緒綁綁住的，連自己都不想看到自己 但我知道我不是一個人，我有朋友、家人在等我,不是,O,O,O,O,O,O,27
984,我不想面對這個世界 我是被我自己的情緒綁綁住的，連自己都不想看到自己 但我知道我不是一個人，我有朋友、家人在等我,一個,O,O,O,O,O,O,28
984,我不想面對這個世界 我是被我自己的情緒綁綁住的，連自己都不想看到自己 但我知道我不是一個人，我有朋友、家人在等我,人,O,O,O,O,O,O,29
984,我不想面對這個世界 我是被我自己的情緒綁綁住的，連自己都不想看到自己 但我知道我不是一個人，我有朋友、家人在等我,，,O,O,O,O,O,O,30
984,我不想面對這個世界 我是被我自己的情緒綁綁住的，連自己都不想看到自己 但我知道我不是一個人，我有朋友、家人在等我,我,O,O,O,O,O,O,31
984,我不想面對這個世界 我是被我自己的情緒綁綁住的，連自己都不想看到自己 但我知道我不是一個人，我有朋友、家人在等我,有,O,O,O,O,O,O,32
984,我不想面對這個世界 我是被我自己的情緒綁綁住的，連自己都不想看到自己 但我知道我不是一個人，我有朋友、家人在等我,朋友,O,O,O,O,O,O,33
984,我不想面對這個世界 我是被我自己的情緒綁綁住的，連自己都不想看到自己 但我知道我不是一個人，我有朋友、家人在等我,、,O,O,O,O,O,O,34
984,我不想面對這個世界 我是被我自己的情緒綁綁住的，連自己都不想看到自己 但我知道我不是一個人，我有朋友、家人在等我,家人,O,O,O,O,O,O,35
984,我不想面對這個世界 我是被我自己的情緒綁綁住的，連自己都不想看到自己 但我知道我不是一個人，我有朋友、家人在等我,在,O,O,O,O,O,O,36
984,我不想面對這個世界 我是被我自己的情緒綁綁住的，連自己都不想看到自己 但我知道我不是一個人，我有朋友、家人在等我,等,O,O,O,O,O,O,37
984,我不想面對這個世界 我是被我自己的情緒綁綁住的，連自己都不想看到自己 但我知道我不是一個人，我有朋友、家人在等我,我,O,O,O,O,O,O,38
985,我有想過自殺  因為無法應對壓力 因為財務困難 因為生活無法解決,我,O,O,O,O,O,O,1
985,我有想過自殺  因為無法應對壓力 因為財務困難 因為生活無法解決,有,O,O,O,O,O,O,2
985,我有想過自殺  因為無法應對壓力 因為財務困難 因為生活無法解決,想過,B-U,B-U,B-U,B-U,B-U,B-U,3
985,我有想過自殺  因為無法應對壓力 因為財務困難 因為生活無法解決,自殺,E-U,E-U,E-U,E-U,E-U,E-U,4
985,我有想過自殺  因為無法應對壓力 因為財務困難 因為生活無法解決,因為,O,O,O,O,O,O,5
985,我有想過自殺  因為無法應對壓力 因為財務困難 因為生活無法解決,無法,B-D,B-D,B-D,B-D,B-D,B-D,6
985,我有想過自殺  因為無法應對壓力 因為財務困難 因為生活無法解決,應對,E-D,E-D,E-D,E-D,E-D,E-D,7
985,我有想過自殺  因為無法應對壓力 因為財務困難 因為生活無法解決,壓力,O,O,O,O,O,O,8
985,我有想過自殺  因為無法應對壓力 因為財務困難 因為生活無法解決,因為,O,O,O,O,O,O,9
985,我有想過自殺  因為無法應對壓力 因為財務困難 因為生活無法解決,財務,O,O,O,O,O,O,10
985,我有想過自殺  因為無法應對壓力 因為財務困難 因為生活無法解決,困難,O,O,O,O,O,O,11
985,我有想過自殺  因為無法應對壓力 因為財務困難 因為生活無法解決,因為,O,O,O,O,O,O,12
985,我有想過自殺  因為無法應對壓力 因為財務困難 因為生活無法解決,生活,O,O,O,O,O,O,13
985,我有想過自殺  因為無法應對壓力 因為財務困難 因為生活無法解決,無法,B-D,B-D,B-D,B-D,B-D,B-D,14
985,我有想過自殺  因為無法應對壓力 因為財務困難 因為生活無法解決,解決,E-D,E-D,E-D,E-D,E-D,E-D,15
986,很自責自己，每天都在為自己的無能為力而感到羞恥。我覺得自己很差勁，沒有付出足夠的努力，所以才會落後。,很,O,O,O,O,O,O,1
986,很自責自己，每天都在為自己的無能為力而感到羞恥。我覺得自己很差勁，沒有付出足夠的努力，所以才會落後。,自責,S-W,S-W,S-W,S-W,S-W,S-W,2
986,很自責自己，每天都在為自己的無能為力而感到羞恥。我覺得自己很差勁，沒有付出足夠的努力，所以才會落後。,自己,O,O,O,O,O,O,3
986,很自責自己，每天都在為自己的無能為力而感到羞恥。我覺得自己很差勁，沒有付出足夠的努力，所以才會落後。,，,O,O,O,O,O,O,4
986,很自責自己，每天都在為自己的無能為力而感到羞恥。我覺得自己很差勁，沒有付出足夠的努力，所以才會落後。,每天,O,O,O,O,O,O,5
986,很自責自己，每天都在為自己的無能為力而感到羞恥。我覺得自己很差勁，沒有付出足夠的努力，所以才會落後。,都,O,O,O,O,O,O,6
986,很自責自己，每天都在為自己的無能為力而感到羞恥。我覺得自己很差勁，沒有付出足夠的努力，所以才會落後。,在,O,O,O,O,O,O,7
986,很自責自己，每天都在為自己的無能為力而感到羞恥。我覺得自己很差勁，沒有付出足夠的努力，所以才會落後。,為,O,O,O,O,O,O,8
986,很自責自己，每天都在為自己的無能為力而感到羞恥。我覺得自己很差勁，沒有付出足夠的努力，所以才會落後。,自己,O,O,O,O,O,O,9
986,很自責自己，每天都在為自己的無能為力而感到羞恥。我覺得自己很差勁，沒有付出足夠的努力，所以才會落後。,的,O,O,O,O,O,O,10
986,很自責自己，每天都在為自己的無能為力而感到羞恥。我覺得自己很差勁，沒有付出足夠的努力，所以才會落後。,無能為力,S-W,S-W,S-W,S-W,S-W,S-W,11
986,很自責自己，每天都在為自己的無能為力而感到羞恥。我覺得自己很差勁，沒有付出足夠的努力，所以才會落後。,而,O,O,O,O,O,O,12
986,很自責自己，每天都在為自己的無能為力而感到羞恥。我覺得自己很差勁，沒有付出足夠的努力，所以才會落後。,感到,O,O,O,O,O,O,13
986,很自責自己，每天都在為自己的無能為力而感到羞恥。我覺得自己很差勁，沒有付出足夠的努力，所以才會落後。,羞恥,S-W,S-W,S-W,S-W,S-W,S-W,14
986,很自責自己，每天都在為自己的無能為力而感到羞恥。我覺得自己很差勁，沒有付出足夠的努力，所以才會落後。,。,O,O,O,O,O,O,15
986,很自責自己，每天都在為自己的無能為力而感到羞恥。我覺得自己很差勁，沒有付出足夠的努力，所以才會落後。,我,O,O,O,O,O,O,16
986,很自責自己，每天都在為自己的無能為力而感到羞恥。我覺得自己很差勁，沒有付出足夠的努力，所以才會落後。,覺得,O,O,O,O,O,O,17
986,很自責自己，每天都在為自己的無能為力而感到羞恥。我覺得自己很差勁，沒有付出足夠的努力，所以才會落後。,自己,O,O,O,O,O,O,18
986,很自責自己，每天都在為自己的無能為力而感到羞恥。我覺得自己很差勁，沒有付出足夠的努力，所以才會落後。,很,O,O,O,O,O,O,19
986,很自責自己，每天都在為自己的無能為力而感到羞恥。我覺得自己很差勁，沒有付出足夠的努力，所以才會落後。,差勁,S-W,S-W,S-W,S-W,S-W,S-W,20
986,很自責自己，每天都在為自己的無能為力而感到羞恥。我覺得自己很差勁，沒有付出足夠的努力，所以才會落後。,，,O,O,O,O,O,O,21
986,很自責自己，每天都在為自己的無能為力而感到羞恥。我覺得自己很差勁，沒有付出足夠的努力，所以才會落後。,沒有,O,O,O,O,O,O,22
986,很自責自己，每天都在為自己的無能為力而感到羞恥。我覺得自己很差勁，沒有付出足夠的努力，所以才會落後。,付出,O,O,O,O,O,O,23
986,很自責自己，每天都在為自己的無能為力而感到羞恥。我覺得自己很差勁，沒有付出足夠的努力，所以才會落後。,足夠,O,O,O,O,O,O,24
986,很自責自己，每天都在為自己的無能為力而感到羞恥。我覺得自己很差勁，沒有付出足夠的努力，所以才會落後。,的,O,O,O,O,O,O,25
986,很自責自己，每天都在為自己的無能為力而感到羞恥。我覺得自己很差勁，沒有付出足夠的努力，所以才會落後。,努力,S-W,S-W,S-W,S-W,S-W,S-W,26
986,很自責自己，每天都在為自己的無能為力而感到羞恥。我覺得自己很差勁，沒有付出足夠的努力，所以才會落後。,，,O,O,O,O,O,O,27
986,很自責自己，每天都在為自己的無能為力而感到羞恥。我覺得自己很差勁，沒有付出足夠的努力，所以才會落後。,所以,O,O,O,O,O,O,28
986,很自責自己，每天都在為自己的無能為力而感到羞恥。我覺得自己很差勁，沒有付出足夠的努力，所以才會落後。,才,O,O,O,O,O,O,29
986,很自責自己，每天都在為自己的無能為力而感到羞恥。我覺得自己很差勁，沒有付出足夠的努力，所以才會落後。,會,O,O,O,O,O,O,30
986,很自責自己，每天都在為自己的無能為力而感到羞恥。我覺得自己很差勁，沒有付出足夠的努力，所以才會落後。,落後,S-W,S-W,S-W,S-W,S-W,S-W,31
986,很自責自己，每天都在為自己的無能為力而感到羞恥。我覺得自己很差勁，沒有付出足夠的努力，所以才會落後。,。,O,O,O,O,O,O,32
987,我從未這樣想過... 工作和社交活動都覺得像在被傘下淋濕的日子...沒有興趣、不再享受...好像連自己自己都不想活了 你知道的那種感覺？,我,O,O,O,O,O,O,1
987,我從未這樣想過... 工作和社交活動都覺得像在被傘下淋濕的日子...沒有興趣、不再享受...好像連自己自己都不想活了 你知道的那種感覺？,從未,O,O,O,O,O,O,2
987,我從未這樣想過... 工作和社交活動都覺得像在被傘下淋濕的日子...沒有興趣、不再享受...好像連自己自己都不想活了 你知道的那種感覺？,這樣,O,O,O,O,O,O,3
987,我從未這樣想過... 工作和社交活動都覺得像在被傘下淋濕的日子...沒有興趣、不再享受...好像連自己自己都不想活了 你知道的那種感覺？,想過,O,O,O,O,O,O,4
987,我從未這樣想過... 工作和社交活動都覺得像在被傘下淋濕的日子...沒有興趣、不再享受...好像連自己自己都不想活了 你知道的那種感覺？,...,O,O,O,O,O,O,5
987,我從未這樣想過... 工作和社交活動都覺得像在被傘下淋濕的日子...沒有興趣、不再享受...好像連自己自己都不想活了 你知道的那種感覺？,工作,O,O,O,O,O,O,6
987,我從未這樣想過... 工作和社交活動都覺得像在被傘下淋濕的日子...沒有興趣、不再享受...好像連自己自己都不想活了 你知道的那種感覺？,和,O,O,O,O,O,O,7
987,我從未這樣想過... 工作和社交活動都覺得像在被傘下淋濕的日子...沒有興趣、不再享受...好像連自己自己都不想活了 你知道的那種感覺？,社交,O,O,O,O,O,O,8
987,我從未這樣想過... 工作和社交活動都覺得像在被傘下淋濕的日子...沒有興趣、不再享受...好像連自己自己都不想活了 你知道的那種感覺？,活動,O,O,O,O,O,O,9
987,我從未這樣想過... 工作和社交活動都覺得像在被傘下淋濕的日子...沒有興趣、不再享受...好像連自己自己都不想活了 你知道的那種感覺？,都,O,O,O,O,O,O,10
987,我從未這樣想過... 工作和社交活動都覺得像在被傘下淋濕的日子...沒有興趣、不再享受...好像連自己自己都不想活了 你知道的那種感覺？,覺得,O,O,O,O,O,O,11
987,我從未這樣想過... 工作和社交活動都覺得像在被傘下淋濕的日子...沒有興趣、不再享受...好像連自己自己都不想活了 你知道的那種感覺？,像,O,O,O,O,O,O,12
987,我從未這樣想過... 工作和社交活動都覺得像在被傘下淋濕的日子...沒有興趣、不再享受...好像連自己自己都不想活了 你知道的那種感覺？,在,O,O,O,O,O,O,13
987,我從未這樣想過... 工作和社交活動都覺得像在被傘下淋濕的日子...沒有興趣、不再享受...好像連自己自己都不想活了 你知道的那種感覺？,被,O,O,O,O,O,O,14
987,我從未這樣想過... 工作和社交活動都覺得像在被傘下淋濕的日子...沒有興趣、不再享受...好像連自己自己都不想活了 你知道的那種感覺？,傘下,O,O,O,O,O,O,15
987,我從未這樣想過... 工作和社交活動都覺得像在被傘下淋濕的日子...沒有興趣、不再享受...好像連自己自己都不想活了 你知道的那種感覺？,淋濕,O,O,O,O,O,O,16
987,我從未這樣想過... 工作和社交活動都覺得像在被傘下淋濕的日子...沒有興趣、不再享受...好像連自己自己都不想活了 你知道的那種感覺？,的,O,O,O,O,O,O,17
987,我從未這樣想過... 工作和社交活動都覺得像在被傘下淋濕的日子...沒有興趣、不再享受...好像連自己自己都不想活了 你知道的那種感覺？,日子,O,O,O,O,O,O,18
987,我從未這樣想過... 工作和社交活動都覺得像在被傘下淋濕的日子...沒有興趣、不再享受...好像連自己自己都不想活了 你知道的那種感覺？,...,O,O,O,O,O,O,19
987,我從未這樣想過... 工作和社交活動都覺得像在被傘下淋濕的日子...沒有興趣、不再享受...好像連自己自己都不想活了 你知道的那種感覺？,沒有,O,O,O,O,O,O,20
987,我從未這樣想過... 工作和社交活動都覺得像在被傘下淋濕的日子...沒有興趣、不再享受...好像連自己自己都不想活了 你知道的那種感覺？,興趣,O,O,O,O,O,O,21
987,我從未這樣想過... 工作和社交活動都覺得像在被傘下淋濕的日子...沒有興趣、不再享受...好像連自己自己都不想活了 你知道的那種感覺？,、,O,O,O,O,O,O,22
987,我從未這樣想過... 工作和社交活動都覺得像在被傘下淋濕的日子...沒有興趣、不再享受...好像連自己自己都不想活了 你知道的那種感覺？,不再,B-A,B-A,O,B-A,O,B-A,23
987,我從未這樣想過... 工作和社交活動都覺得像在被傘下淋濕的日子...沒有興趣、不再享受...好像連自己自己都不想活了 你知道的那種感覺？,享受,E-A,E-A,B-A,E-A,B-A,E-A,24
987,我從未這樣想過... 工作和社交活動都覺得像在被傘下淋濕的日子...沒有興趣、不再享受...好像連自己自己都不想活了 你知道的那種感覺？,...,O,O,E-A,O,E-A,O,25
987,我從未這樣想過... 工作和社交活動都覺得像在被傘下淋濕的日子...沒有興趣、不再享受...好像連自己自己都不想活了 你知道的那種感覺？,好像,O,O,O,O,O,O,26
987,我從未這樣想過... 工作和社交活動都覺得像在被傘下淋濕的日子...沒有興趣、不再享受...好像連自己自己都不想活了 你知道的那種感覺？,連,O,O,O,O,O,O,27
987,我從未這樣想過... 工作和社交活動都覺得像在被傘下淋濕的日子...沒有興趣、不再享受...好像連自己自己都不想活了 你知道的那種感覺？,自己,O,O,O,O,O,O,28
987,我從未這樣想過... 工作和社交活動都覺得像在被傘下淋濕的日子...沒有興趣、不再享受...好像連自己自己都不想活了 你知道的那種感覺？,自己,O,O,O,O,O,O,29
987,我從未這樣想過... 工作和社交活動都覺得像在被傘下淋濕的日子...沒有興趣、不再享受...好像連自己自己都不想活了 你知道的那種感覺？,都,O,O,O,O,O,O,30
987,我從未這樣想過... 工作和社交活動都覺得像在被傘下淋濕的日子...沒有興趣、不再享受...好像連自己自己都不想活了 你知道的那種感覺？,不想,B-U,B-U,O,B-U,O,B-U,31
987,我從未這樣想過... 工作和社交活動都覺得像在被傘下淋濕的日子...沒有興趣、不再享受...好像連自己自己都不想活了 你知道的那種感覺？,活,E-U,E-U,B-U,E-U,B-U,E-U,32
987,我從未這樣想過... 工作和社交活動都覺得像在被傘下淋濕的日子...沒有興趣、不再享受...好像連自己自己都不想活了 你知道的那種感覺？,了,O,O,E-U,O,E-U,O,33
987,我從未這樣想過... 工作和社交活動都覺得像在被傘下淋濕的日子...沒有興趣、不再享受...好像連自己自己都不想活了 你知道的那種感覺？,你,O,O,O,O,O,O,34
987,我從未這樣想過... 工作和社交活動都覺得像在被傘下淋濕的日子...沒有興趣、不再享受...好像連自己自己都不想活了 你知道的那種感覺？,知道,O,O,O,O,O,O,35
987,我從未這樣想過... 工作和社交活動都覺得像在被傘下淋濕的日子...沒有興趣、不再享受...好像連自己自己都不想活了 你知道的那種感覺？,的,O,O,O,O,O,O,36
987,我從未這樣想過... 工作和社交活動都覺得像在被傘下淋濕的日子...沒有興趣、不再享受...好像連自己自己都不想活了 你知道的那種感覺？,那種,O,O,O,O,O,O,37
987,我從未這樣想過... 工作和社交活動都覺得像在被傘下淋濕的日子...沒有興趣、不再享受...好像連自己自己都不想活了 你知道的那種感覺？,感覺,O,O,O,O,O,O,38
987,我從未這樣想過... 工作和社交活動都覺得像在被傘下淋濕的日子...沒有興趣、不再享受...好像連自己自己都不想活了 你知道的那種感覺？,？,O,O,O,O,O,O,39
988,今天，我們所有都在度過一個令人無法入迷的時光. 我不想活了 每當我想回憶當初的你，我就覺得痛苦,今天,O,O,O,O,O,O,1
988,今天，我們所有都在度過一個令人無法入迷的時光. 我不想活了 每當我想回憶當初的你，我就覺得痛苦,，,O,O,O,O,O,O,2
988,今天，我們所有都在度過一個令人無法入迷的時光. 我不想活了 每當我想回憶當初的你，我就覺得痛苦,我們,O,O,O,O,O,O,3
988,今天，我們所有都在度過一個令人無法入迷的時光. 我不想活了 每當我想回憶當初的你，我就覺得痛苦,所有,O,O,O,O,O,O,4
988,今天，我們所有都在度過一個令人無法入迷的時光. 我不想活了 每當我想回憶當初的你，我就覺得痛苦,都,O,O,O,O,O,O,5
988,今天，我們所有都在度過一個令人無法入迷的時光. 我不想活了 每當我想回憶當初的你，我就覺得痛苦,在,O,O,O,O,O,O,6
988,今天，我們所有都在度過一個令人無法入迷的時光. 我不想活了 每當我想回憶當初的你，我就覺得痛苦,度過,O,O,O,O,O,O,7
988,今天，我們所有都在度過一個令人無法入迷的時光. 我不想活了 每當我想回憶當初的你，我就覺得痛苦,一個,O,O,O,O,O,O,8
988,今天，我們所有都在度過一個令人無法入迷的時光. 我不想活了 每當我想回憶當初的你，我就覺得痛苦,令人,O,O,O,O,O,O,9
988,今天，我們所有都在度過一個令人無法入迷的時光. 我不想活了 每當我想回憶當初的你，我就覺得痛苦,無法,O,O,O,O,O,O,10
988,今天，我們所有都在度過一個令人無法入迷的時光. 我不想活了 每當我想回憶當初的你，我就覺得痛苦,入迷,O,O,O,O,O,O,11
988,今天，我們所有都在度過一個令人無法入迷的時光. 我不想活了 每當我想回憶當初的你，我就覺得痛苦,的,O,O,O,O,O,O,12
988,今天，我們所有都在度過一個令人無法入迷的時光. 我不想活了 每當我想回憶當初的你，我就覺得痛苦,時光,O,O,O,O,O,O,13
988,今天，我們所有都在度過一個令人無法入迷的時光. 我不想活了 每當我想回憶當初的你，我就覺得痛苦,.,O,O,O,O,O,O,14
988,今天，我們所有都在度過一個令人無法入迷的時光. 我不想活了 每當我想回憶當初的你，我就覺得痛苦,我,O,O,O,O,O,O,15
988,今天，我們所有都在度過一個令人無法入迷的時光. 我不想活了 每當我想回憶當初的你，我就覺得痛苦,不想,B-U,B-U,B-U,B-U,B-U,B-U,16
988,今天，我們所有都在度過一個令人無法入迷的時光. 我不想活了 每當我想回憶當初的你，我就覺得痛苦,活了,E-U,E-U,E-U,E-U,E-U,E-U,17
988,今天，我們所有都在度過一個令人無法入迷的時光. 我不想活了 每當我想回憶當初的你，我就覺得痛苦,每當,O,O,O,O,O,O,18
988,今天，我們所有都在度過一個令人無法入迷的時光. 我不想活了 每當我想回憶當初的你，我就覺得痛苦,我,O,O,O,O,O,O,19
988,今天，我們所有都在度過一個令人無法入迷的時光. 我不想活了 每當我想回憶當初的你，我就覺得痛苦,想,O,O,O,O,O,O,20
988,今天，我們所有都在度過一個令人無法入迷的時光. 我不想活了 每當我想回憶當初的你，我就覺得痛苦,回憶,O,O,O,O,O,O,21
988,今天，我們所有都在度過一個令人無法入迷的時光. 我不想活了 每當我想回憶當初的你，我就覺得痛苦,當初,O,O,O,O,O,O,22
988,今天，我們所有都在度過一個令人無法入迷的時光. 我不想活了 每當我想回憶當初的你，我就覺得痛苦,的,O,O,O,O,O,O,23
988,今天，我們所有都在度過一個令人無法入迷的時光. 我不想活了 每當我想回憶當初的你，我就覺得痛苦,你,O,O,O,O,O,O,24
988,今天，我們所有都在度過一個令人無法入迷的時光. 我不想活了 每當我想回憶當初的你，我就覺得痛苦,，,O,O,O,O,O,O,25
988,今天，我們所有都在度過一個令人無法入迷的時光. 我不想活了 每當我想回憶當初的你，我就覺得痛苦,我,O,O,O,O,O,O,26
988,今天，我們所有都在度過一個令人無法入迷的時光. 我不想活了 每當我想回憶當初的你，我就覺得痛苦,就,O,O,O,O,O,O,27
988,今天，我們所有都在度過一個令人無法入迷的時光. 我不想活了 每當我想回憶當初的你，我就覺得痛苦,覺得,B-D,B-D,B-D,B-D,B-D,B-D,28
988,今天，我們所有都在度過一個令人無法入迷的時光. 我不想活了 每當我想回憶當初的你，我就覺得痛苦,痛苦,E-D,E-D,E-D,E-D,E-D,E-D,29
989,我最近一直覺得自己變得很差勁，感受到無法解決的困境。 就好像我自己也對自己都很無關心...,我,O,O,O,O,O,O,1
989,我最近一直覺得自己變得很差勁，感受到無法解決的困境。 就好像我自己也對自己都很無關心...,最近,O,O,O,O,O,O,2
989,我最近一直覺得自己變得很差勁，感受到無法解決的困境。 就好像我自己也對自己都很無關心...,一直,O,O,O,O,O,O,3
989,我最近一直覺得自己變得很差勁，感受到無法解決的困境。 就好像我自己也對自己都很無關心...,覺得,O,O,O,O,O,O,4
989,我最近一直覺得自己變得很差勁，感受到無法解決的困境。 就好像我自己也對自己都很無關心...,自己,B-W,B-W,B-W,B-W,B-W,B-W,5
989,我最近一直覺得自己變得很差勁，感受到無法解決的困境。 就好像我自己也對自己都很無關心...,變得,M-W,M-W,M-W,M-W,M-W,M-W,6
989,我最近一直覺得自己變得很差勁，感受到無法解決的困境。 就好像我自己也對自己都很無關心...,很,M-W,M-W,M-W,M-W,M-W,M-W,7
989,我最近一直覺得自己變得很差勁，感受到無法解決的困境。 就好像我自己也對自己都很無關心...,差勁,E-W,E-W,E-W,E-W,E-W,E-W,8
989,我最近一直覺得自己變得很差勁，感受到無法解決的困境。 就好像我自己也對自己都很無關心...,，,O,O,O,O,O,O,9
989,我最近一直覺得自己變得很差勁，感受到無法解決的困境。 就好像我自己也對自己都很無關心...,感受到,O,O,O,O,O,O,10
989,我最近一直覺得自己變得很差勁，感受到無法解決的困境。 就好像我自己也對自己都很無關心...,無法,B-D,B-D,B-D,B-D,B-D,B-D,11
989,我最近一直覺得自己變得很差勁，感受到無法解決的困境。 就好像我自己也對自己都很無關心...,解決,O,E-D,E-D,E-D,M-D,E-D,12
989,我最近一直覺得自己變得很差勁，感受到無法解決的困境。 就好像我自己也對自己都很無關心...,的,O,O,O,O,E-D,O,13
989,我最近一直覺得自己變得很差勁，感受到無法解決的困境。 就好像我自己也對自己都很無關心...,困境,S-D,S-D,S-D,S-D,S-D,S-D,14
989,我最近一直覺得自己變得很差勁，感受到無法解決的困境。 就好像我自己也對自己都很無關心...,。,O,O,O,O,O,O,15
989,我最近一直覺得自己變得很差勁，感受到無法解決的困境。 就好像我自己也對自己都很無關心...,就,O,O,O,O,O,O,16
989,我最近一直覺得自己變得很差勁，感受到無法解決的困境。 就好像我自己也對自己都很無關心...,好像,O,O,O,O,O,O,17
989,我最近一直覺得自己變得很差勁，感受到無法解決的困境。 就好像我自己也對自己都很無關心...,我,O,O,O,O,O,O,18
989,我最近一直覺得自己變得很差勁，感受到無法解決的困境。 就好像我自己也對自己都很無關心...,自己,O,O,O,O,O,O,19
989,我最近一直覺得自己變得很差勁，感受到無法解決的困境。 就好像我自己也對自己都很無關心...,也,O,O,O,O,O,O,20
989,我最近一直覺得自己變得很差勁，感受到無法解決的困境。 就好像我自己也對自己都很無關心...,對,O,O,O,O,O,O,21
989,我最近一直覺得自己變得很差勁，感受到無法解決的困境。 就好像我自己也對自己都很無關心...,自己,O,O,O,O,O,O,22
989,我最近一直覺得自己變得很差勁，感受到無法解決的困境。 就好像我自己也對自己都很無關心...,都,O,O,O,O,O,O,23
989,我最近一直覺得自己變得很差勁，感受到無法解決的困境。 就好像我自己也對自己都很無關心...,很,O,O,O,O,O,O,24
989,我最近一直覺得自己變得很差勁，感受到無法解決的困境。 就好像我自己也對自己都很無關心...,無關心,O,S-D,S-D,S-W,S-D,S-W,25
989,我最近一直覺得自己變得很差勁，感受到無法解決的困境。 就好像我自己也對自己都很無關心...,...,O,O,O,O,O,O,26
990,我最近失業，已經有幾週了了。這點不但無助於我整體的感受，反而使得我的自我評價變得更加低落。 我開始問自己：我是誰？我是什麼？我是沒有價值的人？ 我不想活了。想自殺。我現在只能在黑暗中呼吸。,我,O,O,O,O,O,O,1
990,我最近失業，已經有幾週了了。這點不但無助於我整體的感受，反而使得我的自我評價變得更加低落。 我開始問自己：我是誰？我是什麼？我是沒有價值的人？ 我不想活了。想自殺。我現在只能在黑暗中呼吸。,最近,O,O,O,O,O,O,2
990,我最近失業，已經有幾週了了。這點不但無助於我整體的感受，反而使得我的自我評價變得更加低落。 我開始問自己：我是誰？我是什麼？我是沒有價值的人？ 我不想活了。想自殺。我現在只能在黑暗中呼吸。,失業,S-W,S-W,S-W,S-W,S-W,S-W,3
990,我最近失業，已經有幾週了了。這點不但無助於我整體的感受，反而使得我的自我評價變得更加低落。 我開始問自己：我是誰？我是什麼？我是沒有價值的人？ 我不想活了。想自殺。我現在只能在黑暗中呼吸。,，,O,O,O,O,O,O,4
990,我最近失業，已經有幾週了了。這點不但無助於我整體的感受，反而使得我的自我評價變得更加低落。 我開始問自己：我是誰？我是什麼？我是沒有價值的人？ 我不想活了。想自殺。我現在只能在黑暗中呼吸。,已經,O,O,O,O,O,O,5
990,我最近失業，已經有幾週了了。這點不但無助於我整體的感受，反而使得我的自我評價變得更加低落。 我開始問自己：我是誰？我是什麼？我是沒有價值的人？ 我不想活了。想自殺。我現在只能在黑暗中呼吸。,有,O,O,O,O,O,O,6
990,我最近失業，已經有幾週了了。這點不但無助於我整體的感受，反而使得我的自我評價變得更加低落。 我開始問自己：我是誰？我是什麼？我是沒有價值的人？ 我不想活了。想自殺。我現在只能在黑暗中呼吸。,幾週,O,O,O,O,O,O,7
990,我最近失業，已經有幾週了了。這點不但無助於我整體的感受，反而使得我的自我評價變得更加低落。 我開始問自己：我是誰？我是什麼？我是沒有價值的人？ 我不想活了。想自殺。我現在只能在黑暗中呼吸。,了,O,O,O,O,O,O,8
990,我最近失業，已經有幾週了了。這點不但無助於我整體的感受，反而使得我的自我評價變得更加低落。 我開始問自己：我是誰？我是什麼？我是沒有價值的人？ 我不想活了。想自殺。我現在只能在黑暗中呼吸。,了,O,O,O,O,O,O,9
990,我最近失業，已經有幾週了了。這點不但無助於我整體的感受，反而使得我的自我評價變得更加低落。 我開始問自己：我是誰？我是什麼？我是沒有價值的人？ 我不想活了。想自殺。我現在只能在黑暗中呼吸。,。,O,O,O,O,O,O,10
990,我最近失業，已經有幾週了了。這點不但無助於我整體的感受，反而使得我的自我評價變得更加低落。 我開始問自己：我是誰？我是什麼？我是沒有價值的人？ 我不想活了。想自殺。我現在只能在黑暗中呼吸。,這點,O,O,O,O,O,O,11
990,我最近失業，已經有幾週了了。這點不但無助於我整體的感受，反而使得我的自我評價變得更加低落。 我開始問自己：我是誰？我是什麼？我是沒有價值的人？ 我不想活了。想自殺。我現在只能在黑暗中呼吸。,不但,O,O,O,O,O,O,12
990,我最近失業，已經有幾週了了。這點不但無助於我整體的感受，反而使得我的自我評價變得更加低落。 我開始問自己：我是誰？我是什麼？我是沒有價值的人？ 我不想活了。想自殺。我現在只能在黑暗中呼吸。,無助,O,O,O,O,O,O,13
990,我最近失業，已經有幾週了了。這點不但無助於我整體的感受，反而使得我的自我評價變得更加低落。 我開始問自己：我是誰？我是什麼？我是沒有價值的人？ 我不想活了。想自殺。我現在只能在黑暗中呼吸。,於,O,O,O,O,O,O,14
990,我最近失業，已經有幾週了了。這點不但無助於我整體的感受，反而使得我的自我評價變得更加低落。 我開始問自己：我是誰？我是什麼？我是沒有價值的人？ 我不想活了。想自殺。我現在只能在黑暗中呼吸。,我,O,O,O,O,O,O,15
990,我最近失業，已經有幾週了了。這點不但無助於我整體的感受，反而使得我的自我評價變得更加低落。 我開始問自己：我是誰？我是什麼？我是沒有價值的人？ 我不想活了。想自殺。我現在只能在黑暗中呼吸。,整體,O,O,O,O,O,O,16
990,我最近失業，已經有幾週了了。這點不但無助於我整體的感受，反而使得我的自我評價變得更加低落。 我開始問自己：我是誰？我是什麼？我是沒有價值的人？ 我不想活了。想自殺。我現在只能在黑暗中呼吸。,的,O,O,O,O,O,O,17
990,我最近失業，已經有幾週了了。這點不但無助於我整體的感受，反而使得我的自我評價變得更加低落。 我開始問自己：我是誰？我是什麼？我是沒有價值的人？ 我不想活了。想自殺。我現在只能在黑暗中呼吸。,感受,O,O,O,O,O,O,18
990,我最近失業，已經有幾週了了。這點不但無助於我整體的感受，反而使得我的自我評價變得更加低落。 我開始問自己：我是誰？我是什麼？我是沒有價值的人？ 我不想活了。想自殺。我現在只能在黑暗中呼吸。,，,O,O,O,O,O,O,19
990,我最近失業，已經有幾週了了。這點不但無助於我整體的感受，反而使得我的自我評價變得更加低落。 我開始問自己：我是誰？我是什麼？我是沒有價值的人？ 我不想活了。想自殺。我現在只能在黑暗中呼吸。,反而,O,O,O,O,O,O,20
990,我最近失業，已經有幾週了了。這點不但無助於我整體的感受，反而使得我的自我評價變得更加低落。 我開始問自己：我是誰？我是什麼？我是沒有價值的人？ 我不想活了。想自殺。我現在只能在黑暗中呼吸。,使得,O,O,O,O,O,O,21
990,我最近失業，已經有幾週了了。這點不但無助於我整體的感受，反而使得我的自我評價變得更加低落。 我開始問自己：我是誰？我是什麼？我是沒有價值的人？ 我不想活了。想自殺。我現在只能在黑暗中呼吸。,我,O,O,O,O,O,O,22
990,我最近失業，已經有幾週了了。這點不但無助於我整體的感受，反而使得我的自我評價變得更加低落。 我開始問自己：我是誰？我是什麼？我是沒有價值的人？ 我不想活了。想自殺。我現在只能在黑暗中呼吸。,的,O,O,O,O,O,O,23
990,我最近失業，已經有幾週了了。這點不但無助於我整體的感受，反而使得我的自我評價變得更加低落。 我開始問自己：我是誰？我是什麼？我是沒有價值的人？ 我不想活了。想自殺。我現在只能在黑暗中呼吸。,自我,O,O,O,O,O,O,24
990,我最近失業，已經有幾週了了。這點不但無助於我整體的感受，反而使得我的自我評價變得更加低落。 我開始問自己：我是誰？我是什麼？我是沒有價值的人？ 我不想活了。想自殺。我現在只能在黑暗中呼吸。,評價,O,O,O,O,O,O,25
990,我最近失業，已經有幾週了了。這點不但無助於我整體的感受，反而使得我的自我評價變得更加低落。 我開始問自己：我是誰？我是什麼？我是沒有價值的人？ 我不想活了。想自殺。我現在只能在黑暗中呼吸。,變得,O,O,O,O,O,O,26
990,我最近失業，已經有幾週了了。這點不但無助於我整體的感受，反而使得我的自我評價變得更加低落。 我開始問自己：我是誰？我是什麼？我是沒有價值的人？ 我不想活了。想自殺。我現在只能在黑暗中呼吸。,更加,O,O,O,O,O,O,27
990,我最近失業，已經有幾週了了。這點不但無助於我整體的感受，反而使得我的自我評價變得更加低落。 我開始問自己：我是誰？我是什麼？我是沒有價值的人？ 我不想活了。想自殺。我現在只能在黑暗中呼吸。,低落,S-D,S-D,S-D,S-D,S-D,S-D,28
990,我最近失業，已經有幾週了了。這點不但無助於我整體的感受，反而使得我的自我評價變得更加低落。 我開始問自己：我是誰？我是什麼？我是沒有價值的人？ 我不想活了。想自殺。我現在只能在黑暗中呼吸。,。,O,O,O,O,O,O,29
990,我最近失業，已經有幾週了了。這點不但無助於我整體的感受，反而使得我的自我評價變得更加低落。 我開始問自己：我是誰？我是什麼？我是沒有價值的人？ 我不想活了。想自殺。我現在只能在黑暗中呼吸。,我,O,O,O,O,O,O,30
990,我最近失業，已經有幾週了了。這點不但無助於我整體的感受，反而使得我的自我評價變得更加低落。 我開始問自己：我是誰？我是什麼？我是沒有價值的人？ 我不想活了。想自殺。我現在只能在黑暗中呼吸。,開始,O,O,O,O,O,O,31
990,我最近失業，已經有幾週了了。這點不但無助於我整體的感受，反而使得我的自我評價變得更加低落。 我開始問自己：我是誰？我是什麼？我是沒有價值的人？ 我不想活了。想自殺。我現在只能在黑暗中呼吸。,問,O,O,O,O,O,O,32
990,我最近失業，已經有幾週了了。這點不但無助於我整體的感受，反而使得我的自我評價變得更加低落。 我開始問自己：我是誰？我是什麼？我是沒有價值的人？ 我不想活了。想自殺。我現在只能在黑暗中呼吸。,自己,O,O,O,O,O,O,33
990,我最近失業，已經有幾週了了。這點不但無助於我整體的感受，反而使得我的自我評價變得更加低落。 我開始問自己：我是誰？我是什麼？我是沒有價值的人？ 我不想活了。想自殺。我現在只能在黑暗中呼吸。,：,O,O,O,O,O,O,34
990,我最近失業，已經有幾週了了。這點不但無助於我整體的感受，反而使得我的自我評價變得更加低落。 我開始問自己：我是誰？我是什麼？我是沒有價值的人？ 我不想活了。想自殺。我現在只能在黑暗中呼吸。,我,O,O,O,O,O,O,35
990,我最近失業，已經有幾週了了。這點不但無助於我整體的感受，反而使得我的自我評價變得更加低落。 我開始問自己：我是誰？我是什麼？我是沒有價值的人？ 我不想活了。想自殺。我現在只能在黑暗中呼吸。,是,O,O,O,O,O,O,36
990,我最近失業，已經有幾週了了。這點不但無助於我整體的感受，反而使得我的自我評價變得更加低落。 我開始問自己：我是誰？我是什麼？我是沒有價值的人？ 我不想活了。想自殺。我現在只能在黑暗中呼吸。,誰,O,O,O,O,O,O,37
990,我最近失業，已經有幾週了了。這點不但無助於我整體的感受，反而使得我的自我評價變得更加低落。 我開始問自己：我是誰？我是什麼？我是沒有價值的人？ 我不想活了。想自殺。我現在只能在黑暗中呼吸。,？,O,O,O,O,O,O,38
990,我最近失業，已經有幾週了了。這點不但無助於我整體的感受，反而使得我的自我評價變得更加低落。 我開始問自己：我是誰？我是什麼？我是沒有價值的人？ 我不想活了。想自殺。我現在只能在黑暗中呼吸。,我,O,O,O,O,O,O,39
990,我最近失業，已經有幾週了了。這點不但無助於我整體的感受，反而使得我的自我評價變得更加低落。 我開始問自己：我是誰？我是什麼？我是沒有價值的人？ 我不想活了。想自殺。我現在只能在黑暗中呼吸。,是,O,O,O,O,O,O,40
990,我最近失業，已經有幾週了了。這點不但無助於我整體的感受，反而使得我的自我評價變得更加低落。 我開始問自己：我是誰？我是什麼？我是沒有價值的人？ 我不想活了。想自殺。我現在只能在黑暗中呼吸。,什麼,O,O,O,O,O,O,41
990,我最近失業，已經有幾週了了。這點不但無助於我整體的感受，反而使得我的自我評價變得更加低落。 我開始問自己：我是誰？我是什麼？我是沒有價值的人？ 我不想活了。想自殺。我現在只能在黑暗中呼吸。,？,O,O,O,O,O,O,42
990,我最近失業，已經有幾週了了。這點不但無助於我整體的感受，反而使得我的自我評價變得更加低落。 我開始問自己：我是誰？我是什麼？我是沒有價值的人？ 我不想活了。想自殺。我現在只能在黑暗中呼吸。,我,O,O,O,O,O,O,43
990,我最近失業，已經有幾週了了。這點不但無助於我整體的感受，反而使得我的自我評價變得更加低落。 我開始問自己：我是誰？我是什麼？我是沒有價值的人？ 我不想活了。想自殺。我現在只能在黑暗中呼吸。,是,O,O,O,O,O,O,44
990,我最近失業，已經有幾週了了。這點不但無助於我整體的感受，反而使得我的自我評價變得更加低落。 我開始問自己：我是誰？我是什麼？我是沒有價值的人？ 我不想活了。想自殺。我現在只能在黑暗中呼吸。,沒有價值,S-W,S-W,O,O,O,S-W,45
990,我最近失業，已經有幾週了了。這點不但無助於我整體的感受，反而使得我的自我評價變得更加低落。 我開始問自己：我是誰？我是什麼？我是沒有價值的人？ 我不想活了。想自殺。我現在只能在黑暗中呼吸。,的人,O,O,O,O,O,O,46
990,我最近失業，已經有幾週了了。這點不但無助於我整體的感受，反而使得我的自我評價變得更加低落。 我開始問自己：我是誰？我是什麼？我是沒有價值的人？ 我不想活了。想自殺。我現在只能在黑暗中呼吸。,？,O,O,S-U,O,S-U,O,47
990,我最近失業，已經有幾週了了。這點不但無助於我整體的感受，反而使得我的自我評價變得更加低落。 我開始問自己：我是誰？我是什麼？我是沒有價值的人？ 我不想活了。想自殺。我現在只能在黑暗中呼吸。,我,O,O,O,S-U,O,O,48
990,我最近失業，已經有幾週了了。這點不但無助於我整體的感受，反而使得我的自我評價變得更加低落。 我開始問自己：我是誰？我是什麼？我是沒有價值的人？ 我不想活了。想自殺。我現在只能在黑暗中呼吸。,不想,B-U,O,O,O,O,O,49
990,我最近失業，已經有幾週了了。這點不但無助於我整體的感受，反而使得我的自我評價變得更加低落。 我開始問自己：我是誰？我是什麼？我是沒有價值的人？ 我不想活了。想自殺。我現在只能在黑暗中呼吸。,活了,E-U,S-U,S-U,O,S-U,S-U,50
990,我最近失業，已經有幾週了了。這點不但無助於我整體的感受，反而使得我的自我評價變得更加低落。 我開始問自己：我是誰？我是什麼？我是沒有價值的人？ 我不想活了。想自殺。我現在只能在黑暗中呼吸。,。,O,O,O,S-U,O,O,51
990,我最近失業，已經有幾週了了。這點不但無助於我整體的感受，反而使得我的自我評價變得更加低落。 我開始問自己：我是誰？我是什麼？我是沒有價值的人？ 我不想活了。想自殺。我現在只能在黑暗中呼吸。,想,O,O,O,O,O,O,52
990,我最近失業，已經有幾週了了。這點不但無助於我整體的感受，反而使得我的自我評價變得更加低落。 我開始問自己：我是誰？我是什麼？我是沒有價值的人？ 我不想活了。想自殺。我現在只能在黑暗中呼吸。,自殺,S-U,S-U,O,O,O,S-U,53
990,我最近失業，已經有幾週了了。這點不但無助於我整體的感受，反而使得我的自我評價變得更加低落。 我開始問自己：我是誰？我是什麼？我是沒有價值的人？ 我不想活了。想自殺。我現在只能在黑暗中呼吸。,。,O,O,O,O,O,O,54
990,我最近失業，已經有幾週了了。這點不但無助於我整體的感受，反而使得我的自我評價變得更加低落。 我開始問自己：我是誰？我是什麼？我是沒有價值的人？ 我不想活了。想自殺。我現在只能在黑暗中呼吸。,我,O,O,O,O,O,O,55
990,我最近失業，已經有幾週了了。這點不但無助於我整體的感受，反而使得我的自我評價變得更加低落。 我開始問自己：我是誰？我是什麼？我是沒有價值的人？ 我不想活了。想自殺。我現在只能在黑暗中呼吸。,現在,O,O,S-D,O,S-D,O,56
990,我最近失業，已經有幾週了了。這點不但無助於我整體的感受，反而使得我的自我評價變得更加低落。 我開始問自己：我是誰？我是什麼？我是沒有價值的人？ 我不想活了。想自殺。我現在只能在黑暗中呼吸。,只能,O,O,O,S-D,O,O,57
990,我最近失業，已經有幾週了了。這點不但無助於我整體的感受，反而使得我的自我評價變得更加低落。 我開始問自己：我是誰？我是什麼？我是沒有價值的人？ 我不想活了。想自殺。我現在只能在黑暗中呼吸。,在,O,O,O,O,O,O,58
990,我最近失業，已經有幾週了了。這點不但無助於我整體的感受，反而使得我的自我評價變得更加低落。 我開始問自己：我是誰？我是什麼？我是沒有價值的人？ 我不想活了。想自殺。我現在只能在黑暗中呼吸。,黑暗,S-D,S-D,O,O,O,S-D,59
990,我最近失業，已經有幾週了了。這點不但無助於我整體的感受，反而使得我的自我評價變得更加低落。 我開始問自己：我是誰？我是什麼？我是沒有價值的人？ 我不想活了。想自殺。我現在只能在黑暗中呼吸。,中,O,O,缺失預測,O,缺失預測,O,60
990,我最近失業，已經有幾週了了。這點不但無助於我整體的感受，反而使得我的自我評價變得更加低落。 我開始問自己：我是誰？我是什麼？我是沒有價值的人？ 我不想活了。想自殺。我現在只能在黑暗中呼吸。,呼吸,O,O,缺失預測,缺失預測,缺失預測,O,61
990,我最近失業，已經有幾週了了。這點不但無助於我整體的感受，反而使得我的自我評價變得更加低落。 我開始問自己：我是誰？我是什麼？我是沒有價值的人？ 我不想活了。想自殺。我現在只能在黑暗中呼吸。,。,O,O,缺失預測,缺失預測,缺失預測,O,62
991,最近，我們發現自己不開心，覺得不想活了，感覺自己像是要消失在世界之中,最近,O,O,O,O,O,O,1
991,最近，我們發現自己不開心，覺得不想活了，感覺自己像是要消失在世界之中,，,O,O,O,O,O,O,2
991,最近，我們發現自己不開心，覺得不想活了，感覺自己像是要消失在世界之中,我們,O,O,O,O,O,O,3
991,最近，我們發現自己不開心，覺得不想活了，感覺自己像是要消失在世界之中,發現,O,O,O,O,O,O,4
991,最近，我們發現自己不開心，覺得不想活了，感覺自己像是要消失在世界之中,自己,O,O,O,O,O,O,5
991,最近，我們發現自己不開心，覺得不想活了，感覺自己像是要消失在世界之中,不開心,S-D,S-D,S-D,S-D,S-D,S-D,6
991,最近，我們發現自己不開心，覺得不想活了，感覺自己像是要消失在世界之中,，,O,O,O,O,O,O,7
991,最近，我們發現自己不開心，覺得不想活了，感覺自己像是要消失在世界之中,覺得,O,O,O,O,O,O,8
991,最近，我們發現自己不開心，覺得不想活了，感覺自己像是要消失在世界之中,不想,B-U,O,O,B-U,O,O,9
991,最近，我們發現自己不開心，覺得不想活了，感覺自己像是要消失在世界之中,活了,E-U,S-U,O,E-U,S-U,S-U,10
991,最近，我們發現自己不開心，覺得不想活了，感覺自己像是要消失在世界之中,，,O,O,O,O,O,O,11
991,最近，我們發現自己不開心，覺得不想活了，感覺自己像是要消失在世界之中,感覺,O,O,O,O,O,O,12
991,最近，我們發現自己不開心，覺得不想活了，感覺自己像是要消失在世界之中,自己,O,O,O,O,O,O,13
991,最近，我們發現自己不開心，覺得不想活了，感覺自己像是要消失在世界之中,像是,O,O,O,O,O,O,14
991,最近，我們發現自己不開心，覺得不想活了，感覺自己像是要消失在世界之中,要,O,O,O,O,O,O,15
991,最近，我們發現自己不開心，覺得不想活了，感覺自己像是要消失在世界之中,消失,O,O,O,O,O,O,16
991,最近，我們發現自己不開心，覺得不想活了，感覺自己像是要消失在世界之中,在,O,O,O,O,O,O,17
991,最近，我們發現自己不開心，覺得不想活了，感覺自己像是要消失在世界之中,世界,O,O,O,O,O,O,18
991,最近，我們發現自己不開心，覺得不想活了，感覺自己像是要消失在世界之中,之,O,O,O,O,O,O,19
991,最近，我們發現自己不開心，覺得不想活了，感覺自己像是要消失在世界之中,中,O,O,O,O,O,O,20
992,我最近在為人際關係的問題感嘗到無助感 不管我在試圖為別人做好事，還是為自己做的好事，似乎大家都不想要和我相伴 想結束這些感受會讓我犧牲所有的情感  每天晚上，我會在想，我應該是錯了，我應該是做得不夠好,我,O,O,O,O,O,O,1
992,我最近在為人際關係的問題感嘗到無助感 不管我在試圖為別人做好事，還是為自己做的好事，似乎大家都不想要和我相伴 想結束這些感受會讓我犧牲所有的情感  每天晚上，我會在想，我應該是錯了，我應該是做得不夠好,最近,O,O,O,O,O,O,2
992,我最近在為人際關係的問題感嘗到無助感 不管我在試圖為別人做好事，還是為自己做的好事，似乎大家都不想要和我相伴 想結束這些感受會讓我犧牲所有的情感  每天晚上，我會在想，我應該是錯了，我應該是做得不夠好,在,O,O,O,O,O,O,3
992,我最近在為人際關係的問題感嘗到無助感 不管我在試圖為別人做好事，還是為自己做的好事，似乎大家都不想要和我相伴 想結束這些感受會讓我犧牲所有的情感  每天晚上，我會在想，我應該是錯了，我應該是做得不夠好,為,O,O,O,O,O,O,4
992,我最近在為人際關係的問題感嘗到無助感 不管我在試圖為別人做好事，還是為自己做的好事，似乎大家都不想要和我相伴 想結束這些感受會讓我犧牲所有的情感  每天晚上，我會在想，我應該是錯了，我應該是做得不夠好,人際,O,O,O,O,O,O,5
992,我最近在為人際關係的問題感嘗到無助感 不管我在試圖為別人做好事，還是為自己做的好事，似乎大家都不想要和我相伴 想結束這些感受會讓我犧牲所有的情感  每天晚上，我會在想，我應該是錯了，我應該是做得不夠好,關係,O,O,O,O,O,O,6
992,我最近在為人際關係的問題感嘗到無助感 不管我在試圖為別人做好事，還是為自己做的好事，似乎大家都不想要和我相伴 想結束這些感受會讓我犧牲所有的情感  每天晚上，我會在想，我應該是錯了，我應該是做得不夠好,的,O,O,O,O,O,O,7
992,我最近在為人際關係的問題感嘗到無助感 不管我在試圖為別人做好事，還是為自己做的好事，似乎大家都不想要和我相伴 想結束這些感受會讓我犧牲所有的情感  每天晚上，我會在想，我應該是錯了，我應該是做得不夠好,問題,O,O,O,O,O,O,8
992,我最近在為人際關係的問題感嘗到無助感 不管我在試圖為別人做好事，還是為自己做的好事，似乎大家都不想要和我相伴 想結束這些感受會讓我犧牲所有的情感  每天晚上，我會在想，我應該是錯了，我應該是做得不夠好,感嘗,O,O,O,O,O,O,9
992,我最近在為人際關係的問題感嘗到無助感 不管我在試圖為別人做好事，還是為自己做的好事，似乎大家都不想要和我相伴 想結束這些感受會讓我犧牲所有的情感  每天晚上，我會在想，我應該是錯了，我應該是做得不夠好,到,O,O,O,O,O,O,10
992,我最近在為人際關係的問題感嘗到無助感 不管我在試圖為別人做好事，還是為自己做的好事，似乎大家都不想要和我相伴 想結束這些感受會讓我犧牲所有的情感  每天晚上，我會在想，我應該是錯了，我應該是做得不夠好,無助感,S-W,S-W,S-W,S-W,S-W,S-W,11
992,我最近在為人際關係的問題感嘗到無助感 不管我在試圖為別人做好事，還是為自己做的好事，似乎大家都不想要和我相伴 想結束這些感受會讓我犧牲所有的情感  每天晚上，我會在想，我應該是錯了，我應該是做得不夠好,不,O,O,O,O,O,O,12
992,我最近在為人際關係的問題感嘗到無助感 不管我在試圖為別人做好事，還是為自己做的好事，似乎大家都不想要和我相伴 想結束這些感受會讓我犧牲所有的情感  每天晚上，我會在想，我應該是錯了，我應該是做得不夠好,管,O,O,O,O,O,O,13
992,我最近在為人際關係的問題感嘗到無助感 不管我在試圖為別人做好事，還是為自己做的好事，似乎大家都不想要和我相伴 想結束這些感受會讓我犧牲所有的情感  每天晚上，我會在想，我應該是錯了，我應該是做得不夠好,我,O,O,O,O,O,O,14
992,我最近在為人際關係的問題感嘗到無助感 不管我在試圖為別人做好事，還是為自己做的好事，似乎大家都不想要和我相伴 想結束這些感受會讓我犧牲所有的情感  每天晚上，我會在想，我應該是錯了，我應該是做得不夠好,在,O,O,O,O,O,O,15
992,我最近在為人際關係的問題感嘗到無助感 不管我在試圖為別人做好事，還是為自己做的好事，似乎大家都不想要和我相伴 想結束這些感受會讓我犧牲所有的情感  每天晚上，我會在想，我應該是錯了，我應該是做得不夠好,試圖,O,O,O,O,O,O,16
992,我最近在為人際關係的問題感嘗到無助感 不管我在試圖為別人做好事，還是為自己做的好事，似乎大家都不想要和我相伴 想結束這些感受會讓我犧牲所有的情感  每天晚上，我會在想，我應該是錯了，我應該是做得不夠好,為,O,O,O,O,O,O,17
992,我最近在為人際關係的問題感嘗到無助感 不管我在試圖為別人做好事，還是為自己做的好事，似乎大家都不想要和我相伴 想結束這些感受會讓我犧牲所有的情感  每天晚上，我會在想，我應該是錯了，我應該是做得不夠好,別人,O,O,O,O,O,O,18
992,我最近在為人際關係的問題感嘗到無助感 不管我在試圖為別人做好事，還是為自己做的好事，似乎大家都不想要和我相伴 想結束這些感受會讓我犧牲所有的情感  每天晚上，我會在想，我應該是錯了，我應該是做得不夠好,做好事,O,O,O,O,O,O,19
992,我最近在為人際關係的問題感嘗到無助感 不管我在試圖為別人做好事，還是為自己做的好事，似乎大家都不想要和我相伴 想結束這些感受會讓我犧牲所有的情感  每天晚上，我會在想，我應該是錯了，我應該是做得不夠好,，,O,O,O,O,O,O,20
992,我最近在為人際關係的問題感嘗到無助感 不管我在試圖為別人做好事，還是為自己做的好事，似乎大家都不想要和我相伴 想結束這些感受會讓我犧牲所有的情感  每天晚上，我會在想，我應該是錯了，我應該是做得不夠好,還是,O,O,O,O,O,O,21
992,我最近在為人際關係的問題感嘗到無助感 不管我在試圖為別人做好事，還是為自己做的好事，似乎大家都不想要和我相伴 想結束這些感受會讓我犧牲所有的情感  每天晚上，我會在想，我應該是錯了，我應該是做得不夠好,為,O,O,O,O,O,O,22
992,我最近在為人際關係的問題感嘗到無助感 不管我在試圖為別人做好事，還是為自己做的好事，似乎大家都不想要和我相伴 想結束這些感受會讓我犧牲所有的情感  每天晚上，我會在想，我應該是錯了，我應該是做得不夠好,自己,O,O,O,O,O,O,23
992,我最近在為人際關係的問題感嘗到無助感 不管我在試圖為別人做好事，還是為自己做的好事，似乎大家都不想要和我相伴 想結束這些感受會讓我犧牲所有的情感  每天晚上，我會在想，我應該是錯了，我應該是做得不夠好,做,O,O,O,O,O,O,24
992,我最近在為人際關係的問題感嘗到無助感 不管我在試圖為別人做好事，還是為自己做的好事，似乎大家都不想要和我相伴 想結束這些感受會讓我犧牲所有的情感  每天晚上，我會在想，我應該是錯了，我應該是做得不夠好,的,O,O,O,O,O,O,25
992,我最近在為人際關係的問題感嘗到無助感 不管我在試圖為別人做好事，還是為自己做的好事，似乎大家都不想要和我相伴 想結束這些感受會讓我犧牲所有的情感  每天晚上，我會在想，我應該是錯了，我應該是做得不夠好,好事,O,O,O,O,O,O,26
992,我最近在為人際關係的問題感嘗到無助感 不管我在試圖為別人做好事，還是為自己做的好事，似乎大家都不想要和我相伴 想結束這些感受會讓我犧牲所有的情感  每天晚上，我會在想，我應該是錯了，我應該是做得不夠好,，,O,O,O,O,O,O,27
992,我最近在為人際關係的問題感嘗到無助感 不管我在試圖為別人做好事，還是為自己做的好事，似乎大家都不想要和我相伴 想結束這些感受會讓我犧牲所有的情感  每天晚上，我會在想，我應該是錯了，我應該是做得不夠好,似乎,O,O,O,O,O,O,28
992,我最近在為人際關係的問題感嘗到無助感 不管我在試圖為別人做好事，還是為自己做的好事，似乎大家都不想要和我相伴 想結束這些感受會讓我犧牲所有的情感  每天晚上，我會在想，我應該是錯了，我應該是做得不夠好,大家,O,O,O,O,O,O,29
992,我最近在為人際關係的問題感嘗到無助感 不管我在試圖為別人做好事，還是為自己做的好事，似乎大家都不想要和我相伴 想結束這些感受會讓我犧牲所有的情感  每天晚上，我會在想，我應該是錯了，我應該是做得不夠好,都,O,O,O,O,O,O,30
992,我最近在為人際關係的問題感嘗到無助感 不管我在試圖為別人做好事，還是為自己做的好事，似乎大家都不想要和我相伴 想結束這些感受會讓我犧牲所有的情感  每天晚上，我會在想，我應該是錯了，我應該是做得不夠好,不,O,O,O,O,O,O,31
992,我最近在為人際關係的問題感嘗到無助感 不管我在試圖為別人做好事，還是為自己做的好事，似乎大家都不想要和我相伴 想結束這些感受會讓我犧牲所有的情感  每天晚上，我會在想，我應該是錯了，我應該是做得不夠好,想,O,O,O,O,O,O,32
992,我最近在為人際關係的問題感嘗到無助感 不管我在試圖為別人做好事，還是為自己做的好事，似乎大家都不想要和我相伴 想結束這些感受會讓我犧牲所有的情感  每天晚上，我會在想，我應該是錯了，我應該是做得不夠好,要,O,O,O,O,O,O,33
992,我最近在為人際關係的問題感嘗到無助感 不管我在試圖為別人做好事，還是為自己做的好事，似乎大家都不想要和我相伴 想結束這些感受會讓我犧牲所有的情感  每天晚上，我會在想，我應該是錯了，我應該是做得不夠好,和,O,O,O,O,O,O,34
992,我最近在為人際關係的問題感嘗到無助感 不管我在試圖為別人做好事，還是為自己做的好事，似乎大家都不想要和我相伴 想結束這些感受會讓我犧牲所有的情感  每天晚上，我會在想，我應該是錯了，我應該是做得不夠好,我,O,O,O,O,O,O,35
992,我最近在為人際關係的問題感嘗到無助感 不管我在試圖為別人做好事，還是為自己做的好事，似乎大家都不想要和我相伴 想結束這些感受會讓我犧牲所有的情感  每天晚上，我會在想，我應該是錯了，我應該是做得不夠好,相伴,O,O,O,O,O,O,36
992,我最近在為人際關係的問題感嘗到無助感 不管我在試圖為別人做好事，還是為自己做的好事，似乎大家都不想要和我相伴 想結束這些感受會讓我犧牲所有的情感  每天晚上，我會在想，我應該是錯了，我應該是做得不夠好,想,O,O,O,O,O,O,37
992,我最近在為人際關係的問題感嘗到無助感 不管我在試圖為別人做好事，還是為自己做的好事，似乎大家都不想要和我相伴 想結束這些感受會讓我犧牲所有的情感  每天晚上，我會在想，我應該是錯了，我應該是做得不夠好,結束,O,O,O,O,O,O,38
992,我最近在為人際關係的問題感嘗到無助感 不管我在試圖為別人做好事，還是為自己做的好事，似乎大家都不想要和我相伴 想結束這些感受會讓我犧牲所有的情感  每天晚上，我會在想，我應該是錯了，我應該是做得不夠好,這些,O,O,O,O,O,O,39
992,我最近在為人際關係的問題感嘗到無助感 不管我在試圖為別人做好事，還是為自己做的好事，似乎大家都不想要和我相伴 想結束這些感受會讓我犧牲所有的情感  每天晚上，我會在想，我應該是錯了，我應該是做得不夠好,感受,O,O,O,O,O,O,40
992,我最近在為人際關係的問題感嘗到無助感 不管我在試圖為別人做好事，還是為自己做的好事，似乎大家都不想要和我相伴 想結束這些感受會讓我犧牲所有的情感  每天晚上，我會在想，我應該是錯了，我應該是做得不夠好,會,O,O,O,O,O,O,41
992,我最近在為人際關係的問題感嘗到無助感 不管我在試圖為別人做好事，還是為自己做的好事，似乎大家都不想要和我相伴 想結束這些感受會讓我犧牲所有的情感  每天晚上，我會在想，我應該是錯了，我應該是做得不夠好,讓,O,O,O,O,O,O,42
992,我最近在為人際關係的問題感嘗到無助感 不管我在試圖為別人做好事，還是為自己做的好事，似乎大家都不想要和我相伴 想結束這些感受會讓我犧牲所有的情感  每天晚上，我會在想，我應該是錯了，我應該是做得不夠好,我,O,O,O,O,O,O,43
992,我最近在為人際關係的問題感嘗到無助感 不管我在試圖為別人做好事，還是為自己做的好事，似乎大家都不想要和我相伴 想結束這些感受會讓我犧牲所有的情感  每天晚上，我會在想，我應該是錯了，我應該是做得不夠好,犧牲,O,O,O,O,O,O,44
992,我最近在為人際關係的問題感嘗到無助感 不管我在試圖為別人做好事，還是為自己做的好事，似乎大家都不想要和我相伴 想結束這些感受會讓我犧牲所有的情感  每天晚上，我會在想，我應該是錯了，我應該是做得不夠好,所有,O,O,O,O,O,O,45
992,我最近在為人際關係的問題感嘗到無助感 不管我在試圖為別人做好事，還是為自己做的好事，似乎大家都不想要和我相伴 想結束這些感受會讓我犧牲所有的情感  每天晚上，我會在想，我應該是錯了，我應該是做得不夠好,的,O,O,O,O,O,O,46
992,我最近在為人際關係的問題感嘗到無助感 不管我在試圖為別人做好事，還是為自己做的好事，似乎大家都不想要和我相伴 想結束這些感受會讓我犧牲所有的情感  每天晚上，我會在想，我應該是錯了，我應該是做得不夠好,情感,O,O,O,O,O,O,47
992,我最近在為人際關係的問題感嘗到無助感 不管我在試圖為別人做好事，還是為自己做的好事，似乎大家都不想要和我相伴 想結束這些感受會讓我犧牲所有的情感  每天晚上，我會在想，我應該是錯了，我應該是做得不夠好,每天,O,O,O,O,O,O,48
992,我最近在為人際關係的問題感嘗到無助感 不管我在試圖為別人做好事，還是為自己做的好事，似乎大家都不想要和我相伴 想結束這些感受會讓我犧牲所有的情感  每天晚上，我會在想，我應該是錯了，我應該是做得不夠好,晚上,O,O,O,O,O,O,49
992,我最近在為人際關係的問題感嘗到無助感 不管我在試圖為別人做好事，還是為自己做的好事，似乎大家都不想要和我相伴 想結束這些感受會讓我犧牲所有的情感  每天晚上，我會在想，我應該是錯了，我應該是做得不夠好,，,O,O,O,O,O,O,50
992,我最近在為人際關係的問題感嘗到無助感 不管我在試圖為別人做好事，還是為自己做的好事，似乎大家都不想要和我相伴 想結束這些感受會讓我犧牲所有的情感  每天晚上，我會在想，我應該是錯了，我應該是做得不夠好,我,O,O,O,O,O,O,51
992,我最近在為人際關係的問題感嘗到無助感 不管我在試圖為別人做好事，還是為自己做的好事，似乎大家都不想要和我相伴 想結束這些感受會讓我犧牲所有的情感  每天晚上，我會在想，我應該是錯了，我應該是做得不夠好,會,O,O,O,O,O,O,52
992,我最近在為人際關係的問題感嘗到無助感 不管我在試圖為別人做好事，還是為自己做的好事，似乎大家都不想要和我相伴 想結束這些感受會讓我犧牲所有的情感  每天晚上，我會在想，我應該是錯了，我應該是做得不夠好,在,O,O,O,O,O,O,53
992,我最近在為人際關係的問題感嘗到無助感 不管我在試圖為別人做好事，還是為自己做的好事，似乎大家都不想要和我相伴 想結束這些感受會讓我犧牲所有的情感  每天晚上，我會在想，我應該是錯了，我應該是做得不夠好,想,O,O,O,O,O,O,54
992,我最近在為人際關係的問題感嘗到無助感 不管我在試圖為別人做好事，還是為自己做的好事，似乎大家都不想要和我相伴 想結束這些感受會讓我犧牲所有的情感  每天晚上，我會在想，我應該是錯了，我應該是做得不夠好,，,O,O,O,O,O,O,55
992,我最近在為人際關係的問題感嘗到無助感 不管我在試圖為別人做好事，還是為自己做的好事，似乎大家都不想要和我相伴 想結束這些感受會讓我犧牲所有的情感  每天晚上，我會在想，我應該是錯了，我應該是做得不夠好,我,O,O,O,O,O,O,56
992,我最近在為人際關係的問題感嘗到無助感 不管我在試圖為別人做好事，還是為自己做的好事，似乎大家都不想要和我相伴 想結束這些感受會讓我犧牲所有的情感  每天晚上，我會在想，我應該是錯了，我應該是做得不夠好,應該,O,O,O,O,O,O,57
992,我最近在為人際關係的問題感嘗到無助感 不管我在試圖為別人做好事，還是為自己做的好事，似乎大家都不想要和我相伴 想結束這些感受會讓我犧牲所有的情感  每天晚上，我會在想，我應該是錯了，我應該是做得不夠好,是,O,O,O,O,O,S-W,58
992,我最近在為人際關係的問題感嘗到無助感 不管我在試圖為別人做好事，還是為自己做的好事，似乎大家都不想要和我相伴 想結束這些感受會讓我犧牲所有的情感  每天晚上，我會在想，我應該是錯了，我應該是做得不夠好,錯了,S-W,S-W,O,O,S-W,O,59
992,我最近在為人際關係的問題感嘗到無助感 不管我在試圖為別人做好事，還是為自己做的好事，似乎大家都不想要和我相伴 想結束這些感受會讓我犧牲所有的情感  每天晚上，我會在想，我應該是錯了，我應該是做得不夠好,，,O,O,S-W,S-W,O,O,60
992,我最近在為人際關係的問題感嘗到無助感 不管我在試圖為別人做好事，還是為自己做的好事，似乎大家都不想要和我相伴 想結束這些感受會讓我犧牲所有的情感  每天晚上，我會在想，我應該是錯了，我應該是做得不夠好,我,O,O,O,O,O,O,61
992,我最近在為人際關係的問題感嘗到無助感 不管我在試圖為別人做好事，還是為自己做的好事，似乎大家都不想要和我相伴 想結束這些感受會讓我犧牲所有的情感  每天晚上，我會在想，我應該是錯了，我應該是做得不夠好,應該,O,O,O,O,O,O,62
992,我最近在為人際關係的問題感嘗到無助感 不管我在試圖為別人做好事，還是為自己做的好事，似乎大家都不想要和我相伴 想結束這些感受會讓我犧牲所有的情感  每天晚上，我會在想，我應該是錯了，我應該是做得不夠好,是,O,O,O,O,O,O,63
992,我最近在為人際關係的問題感嘗到無助感 不管我在試圖為別人做好事，還是為自己做的好事，似乎大家都不想要和我相伴 想結束這些感受會讓我犧牲所有的情感  每天晚上，我會在想，我應該是錯了，我應該是做得不夠好,做得,O,O,O,O,O,O,64
992,我最近在為人際關係的問題感嘗到無助感 不管我在試圖為別人做好事，還是為自己做的好事，似乎大家都不想要和我相伴 想結束這些感受會讓我犧牲所有的情感  每天晚上，我會在想，我應該是錯了，我應該是做得不夠好,不,B-W,O,O,O,O,S-W,65
992,我最近在為人際關係的問題感嘗到無助感 不管我在試圖為別人做好事，還是為自己做的好事，似乎大家都不想要和我相伴 想結束這些感受會讓我犧牲所有的情感  每天晚上，我會在想，我應該是錯了，我應該是做得不夠好,夠,M-W,O,O,O,O,缺失預測,66
992,我最近在為人際關係的問題感嘗到無助感 不管我在試圖為別人做好事，還是為自己做的好事，似乎大家都不想要和我相伴 想結束這些感受會讓我犧牲所有的情感  每天晚上，我會在想，我應該是錯了，我應該是做得不夠好,好,E-W,O,S-W,O,S-W,缺失預測,67
993,我整天都會有這樣的感覺：不想活了、不想繼續這個循環。 每天都會變得更加黑暗，不知道要走到哪裡 這種絕望感就像一個永遠的暗影，我們身邊幾乎沒有光明。,我,O,O,O,O,O,O,1
993,我整天都會有這樣的感覺：不想活了、不想繼續這個循環。 每天都會變得更加黑暗，不知道要走到哪裡 這種絕望感就像一個永遠的暗影，我們身邊幾乎沒有光明。,整天,O,O,O,O,O,O,2
993,我整天都會有這樣的感覺：不想活了、不想繼續這個循環。 每天都會變得更加黑暗，不知道要走到哪裡 這種絕望感就像一個永遠的暗影，我們身邊幾乎沒有光明。,都,O,O,O,O,O,O,3
993,我整天都會有這樣的感覺：不想活了、不想繼續這個循環。 每天都會變得更加黑暗，不知道要走到哪裡 這種絕望感就像一個永遠的暗影，我們身邊幾乎沒有光明。,會,O,O,O,O,O,O,4
993,我整天都會有這樣的感覺：不想活了、不想繼續這個循環。 每天都會變得更加黑暗，不知道要走到哪裡 這種絕望感就像一個永遠的暗影，我們身邊幾乎沒有光明。,有,O,O,O,O,O,O,5
993,我整天都會有這樣的感覺：不想活了、不想繼續這個循環。 每天都會變得更加黑暗，不知道要走到哪裡 這種絕望感就像一個永遠的暗影，我們身邊幾乎沒有光明。,這樣,O,O,O,O,O,O,6
993,我整天都會有這樣的感覺：不想活了、不想繼續這個循環。 每天都會變得更加黑暗，不知道要走到哪裡 這種絕望感就像一個永遠的暗影，我們身邊幾乎沒有光明。,的,O,O,O,O,O,O,7
993,我整天都會有這樣的感覺：不想活了、不想繼續這個循環。 每天都會變得更加黑暗，不知道要走到哪裡 這種絕望感就像一個永遠的暗影，我們身邊幾乎沒有光明。,感覺,O,O,O,O,O,O,8
993,我整天都會有這樣的感覺：不想活了、不想繼續這個循環。 每天都會變得更加黑暗，不知道要走到哪裡 這種絕望感就像一個永遠的暗影，我們身邊幾乎沒有光明。,：,O,O,O,O,O,O,9
993,我整天都會有這樣的感覺：不想活了、不想繼續這個循環。 每天都會變得更加黑暗，不知道要走到哪裡 這種絕望感就像一個永遠的暗影，我們身邊幾乎沒有光明。,不想,B-U,B-U,B-U,B-U,B-U,B-U,10
993,我整天都會有這樣的感覺：不想活了、不想繼續這個循環。 每天都會變得更加黑暗，不知道要走到哪裡 這種絕望感就像一個永遠的暗影，我們身邊幾乎沒有光明。,活了,E-U,E-U,E-U,E-U,E-U,E-U,11
993,我整天都會有這樣的感覺：不想活了、不想繼續這個循環。 每天都會變得更加黑暗，不知道要走到哪裡 這種絕望感就像一個永遠的暗影，我們身邊幾乎沒有光明。,、,O,O,O,O,O,O,12
993,我整天都會有這樣的感覺：不想活了、不想繼續這個循環。 每天都會變得更加黑暗，不知道要走到哪裡 這種絕望感就像一個永遠的暗影，我們身邊幾乎沒有光明。,不想,B-U,B-U,B-U,B-U,B-U,B-U,13
993,我整天都會有這樣的感覺：不想活了、不想繼續這個循環。 每天都會變得更加黑暗，不知道要走到哪裡 這種絕望感就像一個永遠的暗影，我們身邊幾乎沒有光明。,繼續,E-U,E-U,E-U,E-U,E-U,E-U,14
993,我整天都會有這樣的感覺：不想活了、不想繼續這個循環。 每天都會變得更加黑暗，不知道要走到哪裡 這種絕望感就像一個永遠的暗影，我們身邊幾乎沒有光明。,這個,O,O,O,O,O,O,15
993,我整天都會有這樣的感覺：不想活了、不想繼續這個循環。 每天都會變得更加黑暗，不知道要走到哪裡 這種絕望感就像一個永遠的暗影，我們身邊幾乎沒有光明。,循環,O,O,O,O,O,O,16
993,我整天都會有這樣的感覺：不想活了、不想繼續這個循環。 每天都會變得更加黑暗，不知道要走到哪裡 這種絕望感就像一個永遠的暗影，我們身邊幾乎沒有光明。,。,O,O,O,O,O,O,17
993,我整天都會有這樣的感覺：不想活了、不想繼續這個循環。 每天都會變得更加黑暗，不知道要走到哪裡 這種絕望感就像一個永遠的暗影，我們身邊幾乎沒有光明。,每天,O,O,O,O,O,O,18
993,我整天都會有這樣的感覺：不想活了、不想繼續這個循環。 每天都會變得更加黑暗，不知道要走到哪裡 這種絕望感就像一個永遠的暗影，我們身邊幾乎沒有光明。,都,O,O,O,O,O,O,19
993,我整天都會有這樣的感覺：不想活了、不想繼續這個循環。 每天都會變得更加黑暗，不知道要走到哪裡 這種絕望感就像一個永遠的暗影，我們身邊幾乎沒有光明。,會,O,O,O,O,O,O,20
993,我整天都會有這樣的感覺：不想活了、不想繼續這個循環。 每天都會變得更加黑暗，不知道要走到哪裡 這種絕望感就像一個永遠的暗影，我們身邊幾乎沒有光明。,變得,O,O,O,O,O,O,21
993,我整天都會有這樣的感覺：不想活了、不想繼續這個循環。 每天都會變得更加黑暗，不知道要走到哪裡 這種絕望感就像一個永遠的暗影，我們身邊幾乎沒有光明。,更加,O,O,O,O,O,O,22
993,我整天都會有這樣的感覺：不想活了、不想繼續這個循環。 每天都會變得更加黑暗，不知道要走到哪裡 這種絕望感就像一個永遠的暗影，我們身邊幾乎沒有光明。,黑暗,S-D,S-D,S-D,S-D,S-D,S-D,23
993,我整天都會有這樣的感覺：不想活了、不想繼續這個循環。 每天都會變得更加黑暗，不知道要走到哪裡 這種絕望感就像一個永遠的暗影，我們身邊幾乎沒有光明。,，,O,O,O,O,O,O,24
993,我整天都會有這樣的感覺：不想活了、不想繼續這個循環。 每天都會變得更加黑暗，不知道要走到哪裡 這種絕望感就像一個永遠的暗影，我們身邊幾乎沒有光明。,不知道,O,O,O,O,O,O,25
993,我整天都會有這樣的感覺：不想活了、不想繼續這個循環。 每天都會變得更加黑暗，不知道要走到哪裡 這種絕望感就像一個永遠的暗影，我們身邊幾乎沒有光明。,要,O,O,O,O,O,O,26
993,我整天都會有這樣的感覺：不想活了、不想繼續這個循環。 每天都會變得更加黑暗，不知道要走到哪裡 這種絕望感就像一個永遠的暗影，我們身邊幾乎沒有光明。,走,O,O,O,O,O,O,27
993,我整天都會有這樣的感覺：不想活了、不想繼續這個循環。 每天都會變得更加黑暗，不知道要走到哪裡 這種絕望感就像一個永遠的暗影，我們身邊幾乎沒有光明。,到,O,O,O,O,O,O,28
993,我整天都會有這樣的感覺：不想活了、不想繼續這個循環。 每天都會變得更加黑暗，不知道要走到哪裡 這種絕望感就像一個永遠的暗影，我們身邊幾乎沒有光明。,哪裡,O,O,O,O,O,O,29
993,我整天都會有這樣的感覺：不想活了、不想繼續這個循環。 每天都會變得更加黑暗，不知道要走到哪裡 這種絕望感就像一個永遠的暗影，我們身邊幾乎沒有光明。,這種,O,O,O,O,O,O,30
993,我整天都會有這樣的感覺：不想活了、不想繼續這個循環。 每天都會變得更加黑暗，不知道要走到哪裡 這種絕望感就像一個永遠的暗影，我們身邊幾乎沒有光明。,絕望感,S-D,S-D,S-D,S-D,S-D,S-D,31
993,我整天都會有這樣的感覺：不想活了、不想繼續這個循環。 每天都會變得更加黑暗，不知道要走到哪裡 這種絕望感就像一個永遠的暗影，我們身邊幾乎沒有光明。,就,O,O,O,O,O,O,32
993,我整天都會有這樣的感覺：不想活了、不想繼續這個循環。 每天都會變得更加黑暗，不知道要走到哪裡 這種絕望感就像一個永遠的暗影，我們身邊幾乎沒有光明。,像,O,O,O,O,O,O,33
993,我整天都會有這樣的感覺：不想活了、不想繼續這個循環。 每天都會變得更加黑暗，不知道要走到哪裡 這種絕望感就像一個永遠的暗影，我們身邊幾乎沒有光明。,一個,O,O,O,O,O,O,34
993,我整天都會有這樣的感覺：不想活了、不想繼續這個循環。 每天都會變得更加黑暗，不知道要走到哪裡 這種絕望感就像一個永遠的暗影，我們身邊幾乎沒有光明。,永遠,O,O,O,O,O,O,35
993,我整天都會有這樣的感覺：不想活了、不想繼續這個循環。 每天都會變得更加黑暗，不知道要走到哪裡 這種絕望感就像一個永遠的暗影，我們身邊幾乎沒有光明。,的,O,O,O,O,O,O,36
993,我整天都會有這樣的感覺：不想活了、不想繼續這個循環。 每天都會變得更加黑暗，不知道要走到哪裡 這種絕望感就像一個永遠的暗影，我們身邊幾乎沒有光明。,暗影,S-D,S-D,S-D,S-D,S-D,S-D,37
993,我整天都會有這樣的感覺：不想活了、不想繼續這個循環。 每天都會變得更加黑暗，不知道要走到哪裡 這種絕望感就像一個永遠的暗影，我們身邊幾乎沒有光明。,，,O,O,O,O,O,O,38
993,我整天都會有這樣的感覺：不想活了、不想繼續這個循環。 每天都會變得更加黑暗，不知道要走到哪裡 這種絕望感就像一個永遠的暗影，我們身邊幾乎沒有光明。,我們,O,O,O,O,O,O,39
993,我整天都會有這樣的感覺：不想活了、不想繼續這個循環。 每天都會變得更加黑暗，不知道要走到哪裡 這種絕望感就像一個永遠的暗影，我們身邊幾乎沒有光明。,身邊,O,O,O,O,O,O,40
993,我整天都會有這樣的感覺：不想活了、不想繼續這個循環。 每天都會變得更加黑暗，不知道要走到哪裡 這種絕望感就像一個永遠的暗影，我們身邊幾乎沒有光明。,幾乎,O,O,O,O,O,O,41
993,我整天都會有這樣的感覺：不想活了、不想繼續這個循環。 每天都會變得更加黑暗，不知道要走到哪裡 這種絕望感就像一個永遠的暗影，我們身邊幾乎沒有光明。,沒有,O,B-D,O,O,O,O,42
993,我整天都會有這樣的感覺：不想活了、不想繼續這個循環。 每天都會變得更加黑暗，不知道要走到哪裡 這種絕望感就像一個永遠的暗影，我們身邊幾乎沒有光明。,光明,O,E-D,O,O,O,O,43
993,我整天都會有這樣的感覺：不想活了、不想繼續這個循環。 每天都會變得更加黑暗，不知道要走到哪裡 這種絕望感就像一個永遠的暗影，我們身邊幾乎沒有光明。,。,O,O,O,O,O,O,44
994,不想活了，沒有工作了。似乎所有的希望都結束了。什麼都很難，不是工作也不是生活。我不能自己做到，需要你們的幫忙。,不,B-U,O,O,O,O,O,1
994,不想活了，沒有工作了。似乎所有的希望都結束了。什麼都很難，不是工作也不是生活。我不能自己做到，需要你們的幫忙。,想,M-U,O,O,O,O,O,2
994,不想活了，沒有工作了。似乎所有的希望都結束了。什麼都很難，不是工作也不是生活。我不能自己做到，需要你們的幫忙。,活了,E-U,S-U,S-U,S-U,S-U,S-U,3
994,不想活了，沒有工作了。似乎所有的希望都結束了。什麼都很難，不是工作也不是生活。我不能自己做到，需要你們的幫忙。,，,O,O,O,O,O,O,4
994,不想活了，沒有工作了。似乎所有的希望都結束了。什麼都很難，不是工作也不是生活。我不能自己做到，需要你們的幫忙。,沒有,O,O,O,O,O,O,5
994,不想活了，沒有工作了。似乎所有的希望都結束了。什麼都很難，不是工作也不是生活。我不能自己做到，需要你們的幫忙。,工作,O,O,O,O,O,O,6
994,不想活了，沒有工作了。似乎所有的希望都結束了。什麼都很難，不是工作也不是生活。我不能自己做到，需要你們的幫忙。,了,O,O,O,O,O,O,7
994,不想活了，沒有工作了。似乎所有的希望都結束了。什麼都很難，不是工作也不是生活。我不能自己做到，需要你們的幫忙。,。,O,O,O,O,O,O,8
994,不想活了，沒有工作了。似乎所有的希望都結束了。什麼都很難，不是工作也不是生活。我不能自己做到，需要你們的幫忙。,似乎,O,O,O,O,O,O,9
994,不想活了，沒有工作了。似乎所有的希望都結束了。什麼都很難，不是工作也不是生活。我不能自己做到，需要你們的幫忙。,所有,O,O,O,O,O,O,10
994,不想活了，沒有工作了。似乎所有的希望都結束了。什麼都很難，不是工作也不是生活。我不能自己做到，需要你們的幫忙。,的,O,O,O,O,O,O,11
994,不想活了，沒有工作了。似乎所有的希望都結束了。什麼都很難，不是工作也不是生活。我不能自己做到，需要你們的幫忙。,希望,B-D,O,O,O,B-D,B-D,12
994,不想活了，沒有工作了。似乎所有的希望都結束了。什麼都很難，不是工作也不是生活。我不能自己做到，需要你們的幫忙。,都,M-D,O,O,O,M-D,M-D,13
994,不想活了，沒有工作了。似乎所有的希望都結束了。什麼都很難，不是工作也不是生活。我不能自己做到，需要你們的幫忙。,結束,E-D,S-D,S-D,S-D,E-D,E-D,14
994,不想活了，沒有工作了。似乎所有的希望都結束了。什麼都很難，不是工作也不是生活。我不能自己做到，需要你們的幫忙。,了,O,O,O,O,O,O,15
994,不想活了，沒有工作了。似乎所有的希望都結束了。什麼都很難，不是工作也不是生活。我不能自己做到，需要你們的幫忙。,。,O,O,O,O,O,O,16
994,不想活了，沒有工作了。似乎所有的希望都結束了。什麼都很難，不是工作也不是生活。我不能自己做到，需要你們的幫忙。,什麼,O,O,O,O,O,O,17
994,不想活了，沒有工作了。似乎所有的希望都結束了。什麼都很難，不是工作也不是生活。我不能自己做到，需要你們的幫忙。,都,O,O,O,O,O,O,18
994,不想活了，沒有工作了。似乎所有的希望都結束了。什麼都很難，不是工作也不是生活。我不能自己做到，需要你們的幫忙。,很,O,O,O,O,O,O,19
994,不想活了，沒有工作了。似乎所有的希望都結束了。什麼都很難，不是工作也不是生活。我不能自己做到，需要你們的幫忙。,難,O,O,S-D,O,O,O,20
994,不想活了，沒有工作了。似乎所有的希望都結束了。什麼都很難，不是工作也不是生活。我不能自己做到，需要你們的幫忙。,，,O,O,O,O,O,O,21
994,不想活了，沒有工作了。似乎所有的希望都結束了。什麼都很難，不是工作也不是生活。我不能自己做到，需要你們的幫忙。,不是,O,O,O,O,O,O,22
994,不想活了，沒有工作了。似乎所有的希望都結束了。什麼都很難，不是工作也不是生活。我不能自己做到，需要你們的幫忙。,工作,O,O,O,O,O,O,23
994,不想活了，沒有工作了。似乎所有的希望都結束了。什麼都很難，不是工作也不是生活。我不能自己做到，需要你們的幫忙。,也,O,O,O,O,O,O,24
994,不想活了，沒有工作了。似乎所有的希望都結束了。什麼都很難，不是工作也不是生活。我不能自己做到，需要你們的幫忙。,不是,O,O,O,O,O,O,25
994,不想活了，沒有工作了。似乎所有的希望都結束了。什麼都很難，不是工作也不是生活。我不能自己做到，需要你們的幫忙。,生活,O,O,O,O,O,O,26
994,不想活了，沒有工作了。似乎所有的希望都結束了。什麼都很難，不是工作也不是生活。我不能自己做到，需要你們的幫忙。,。,O,O,O,O,O,O,27
994,不想活了，沒有工作了。似乎所有的希望都結束了。什麼都很難，不是工作也不是生活。我不能自己做到，需要你們的幫忙。,我,O,O,O,O,O,O,28
994,不想活了，沒有工作了。似乎所有的希望都結束了。什麼都很難，不是工作也不是生活。我不能自己做到，需要你們的幫忙。,不能,O,O,O,O,O,O,29
994,不想活了，沒有工作了。似乎所有的希望都結束了。什麼都很難，不是工作也不是生活。我不能自己做到，需要你們的幫忙。,自己,O,O,O,O,O,O,30
994,不想活了，沒有工作了。似乎所有的希望都結束了。什麼都很難，不是工作也不是生活。我不能自己做到，需要你們的幫忙。,做到,O,O,O,O,O,O,31
994,不想活了，沒有工作了。似乎所有的希望都結束了。什麼都很難，不是工作也不是生活。我不能自己做到，需要你們的幫忙。,，,O,O,O,O,O,O,32
994,不想活了，沒有工作了。似乎所有的希望都結束了。什麼都很難，不是工作也不是生活。我不能自己做到，需要你們的幫忙。,需要,O,O,O,O,O,O,33
994,不想活了，沒有工作了。似乎所有的希望都結束了。什麼都很難，不是工作也不是生活。我不能自己做到，需要你們的幫忙。,你們,O,O,O,O,O,O,34
994,不想活了，沒有工作了。似乎所有的希望都結束了。什麼都很難，不是工作也不是生活。我不能自己做到，需要你們的幫忙。,的,O,O,O,O,O,O,35
994,不想活了，沒有工作了。似乎所有的希望都結束了。什麼都很難，不是工作也不是生活。我不能自己做到，需要你們的幫忙。,幫忙,O,O,O,O,O,O,36
994,不想活了，沒有工作了。似乎所有的希望都結束了。什麼都很難，不是工作也不是生活。我不能自己做到，需要你們的幫忙。,。,O,O,O,O,O,O,37
995,已經沒有興趣的天日過去了，有時我會感到自己整體情緒狀態無法恢復，因為失去喜悅也會失去生活的溫暖 因為我沒有任何意義的工作，也沒有任何想要追求的夢想。整天都在這樣無神的浮浪。,已經,O,O,O,O,O,O,1
995,已經沒有興趣的天日過去了，有時我會感到自己整體情緒狀態無法恢復，因為失去喜悅也會失去生活的溫暖 因為我沒有任何意義的工作，也沒有任何想要追求的夢想。整天都在這樣無神的浮浪。,沒有,O,O,O,O,O,O,2
995,已經沒有興趣的天日過去了，有時我會感到自己整體情緒狀態無法恢復，因為失去喜悅也會失去生活的溫暖 因為我沒有任何意義的工作，也沒有任何想要追求的夢想。整天都在這樣無神的浮浪。,興趣,O,O,O,O,O,O,3
995,已經沒有興趣的天日過去了，有時我會感到自己整體情緒狀態無法恢復，因為失去喜悅也會失去生活的溫暖 因為我沒有任何意義的工作，也沒有任何想要追求的夢想。整天都在這樣無神的浮浪。,的,O,O,O,O,O,O,4
995,已經沒有興趣的天日過去了，有時我會感到自己整體情緒狀態無法恢復，因為失去喜悅也會失去生活的溫暖 因為我沒有任何意義的工作，也沒有任何想要追求的夢想。整天都在這樣無神的浮浪。,天日,O,O,O,O,O,O,5
995,已經沒有興趣的天日過去了，有時我會感到自己整體情緒狀態無法恢復，因為失去喜悅也會失去生活的溫暖 因為我沒有任何意義的工作，也沒有任何想要追求的夢想。整天都在這樣無神的浮浪。,過去,O,O,O,O,O,O,6
995,已經沒有興趣的天日過去了，有時我會感到自己整體情緒狀態無法恢復，因為失去喜悅也會失去生活的溫暖 因為我沒有任何意義的工作，也沒有任何想要追求的夢想。整天都在這樣無神的浮浪。,了,O,O,O,O,O,O,7
995,已經沒有興趣的天日過去了，有時我會感到自己整體情緒狀態無法恢復，因為失去喜悅也會失去生活的溫暖 因為我沒有任何意義的工作，也沒有任何想要追求的夢想。整天都在這樣無神的浮浪。,，,O,O,O,O,O,O,8
995,已經沒有興趣的天日過去了，有時我會感到自己整體情緒狀態無法恢復，因為失去喜悅也會失去生活的溫暖 因為我沒有任何意義的工作，也沒有任何想要追求的夢想。整天都在這樣無神的浮浪。,有時,O,O,O,O,O,O,9
995,已經沒有興趣的天日過去了，有時我會感到自己整體情緒狀態無法恢復，因為失去喜悅也會失去生活的溫暖 因為我沒有任何意義的工作，也沒有任何想要追求的夢想。整天都在這樣無神的浮浪。,我,O,O,O,O,O,O,10
995,已經沒有興趣的天日過去了，有時我會感到自己整體情緒狀態無法恢復，因為失去喜悅也會失去生活的溫暖 因為我沒有任何意義的工作，也沒有任何想要追求的夢想。整天都在這樣無神的浮浪。,會,O,O,O,O,O,O,11
995,已經沒有興趣的天日過去了，有時我會感到自己整體情緒狀態無法恢復，因為失去喜悅也會失去生活的溫暖 因為我沒有任何意義的工作，也沒有任何想要追求的夢想。整天都在這樣無神的浮浪。,感到,O,O,O,O,O,O,12
995,已經沒有興趣的天日過去了，有時我會感到自己整體情緒狀態無法恢復，因為失去喜悅也會失去生活的溫暖 因為我沒有任何意義的工作，也沒有任何想要追求的夢想。整天都在這樣無神的浮浪。,自己,O,O,O,O,O,O,13
995,已經沒有興趣的天日過去了，有時我會感到自己整體情緒狀態無法恢復，因為失去喜悅也會失去生活的溫暖 因為我沒有任何意義的工作，也沒有任何想要追求的夢想。整天都在這樣無神的浮浪。,整體,O,O,O,O,O,O,14
995,已經沒有興趣的天日過去了，有時我會感到自己整體情緒狀態無法恢復，因為失去喜悅也會失去生活的溫暖 因為我沒有任何意義的工作，也沒有任何想要追求的夢想。整天都在這樣無神的浮浪。,情緒,O,O,O,O,O,O,15
995,已經沒有興趣的天日過去了，有時我會感到自己整體情緒狀態無法恢復，因為失去喜悅也會失去生活的溫暖 因為我沒有任何意義的工作，也沒有任何想要追求的夢想。整天都在這樣無神的浮浪。,狀態,O,O,O,O,O,O,16
995,已經沒有興趣的天日過去了，有時我會感到自己整體情緒狀態無法恢復，因為失去喜悅也會失去生活的溫暖 因為我沒有任何意義的工作，也沒有任何想要追求的夢想。整天都在這樣無神的浮浪。,無法,B-D,B-D,B-D,B-D,B-D,B-D,17
995,已經沒有興趣的天日過去了，有時我會感到自己整體情緒狀態無法恢復，因為失去喜悅也會失去生活的溫暖 因為我沒有任何意義的工作，也沒有任何想要追求的夢想。整天都在這樣無神的浮浪。,恢復,E-D,E-D,E-D,E-D,E-D,E-D,18
995,已經沒有興趣的天日過去了，有時我會感到自己整體情緒狀態無法恢復，因為失去喜悅也會失去生活的溫暖 因為我沒有任何意義的工作，也沒有任何想要追求的夢想。整天都在這樣無神的浮浪。,，,O,O,O,O,O,O,19
995,已經沒有興趣的天日過去了，有時我會感到自己整體情緒狀態無法恢復，因為失去喜悅也會失去生活的溫暖 因為我沒有任何意義的工作，也沒有任何想要追求的夢想。整天都在這樣無神的浮浪。,因為,O,O,O,O,O,O,20
995,已經沒有興趣的天日過去了，有時我會感到自己整體情緒狀態無法恢復，因為失去喜悅也會失去生活的溫暖 因為我沒有任何意義的工作，也沒有任何想要追求的夢想。整天都在這樣無神的浮浪。,失去,B-A,B-A,B-A,B-A,B-A,B-A,21
995,已經沒有興趣的天日過去了，有時我會感到自己整體情緒狀態無法恢復，因為失去喜悅也會失去生活的溫暖 因為我沒有任何意義的工作，也沒有任何想要追求的夢想。整天都在這樣無神的浮浪。,喜悅,E-A,E-A,E-A,E-A,E-A,E-A,22
995,已經沒有興趣的天日過去了，有時我會感到自己整體情緒狀態無法恢復，因為失去喜悅也會失去生活的溫暖 因為我沒有任何意義的工作，也沒有任何想要追求的夢想。整天都在這樣無神的浮浪。,也,O,O,O,O,O,O,23
995,已經沒有興趣的天日過去了，有時我會感到自己整體情緒狀態無法恢復，因為失去喜悅也會失去生活的溫暖 因為我沒有任何意義的工作，也沒有任何想要追求的夢想。整天都在這樣無神的浮浪。,會,O,O,O,O,O,O,24
995,已經沒有興趣的天日過去了，有時我會感到自己整體情緒狀態無法恢復，因為失去喜悅也會失去生活的溫暖 因為我沒有任何意義的工作，也沒有任何想要追求的夢想。整天都在這樣無神的浮浪。,失去,O,B-D,O,B-D,O,O,25
995,已經沒有興趣的天日過去了，有時我會感到自己整體情緒狀態無法恢復，因為失去喜悅也會失去生活的溫暖 因為我沒有任何意義的工作，也沒有任何想要追求的夢想。整天都在這樣無神的浮浪。,生活,O,M-D,O,M-D,O,O,26
995,已經沒有興趣的天日過去了，有時我會感到自己整體情緒狀態無法恢復，因為失去喜悅也會失去生活的溫暖 因為我沒有任何意義的工作，也沒有任何想要追求的夢想。整天都在這樣無神的浮浪。,的,O,E-D,O,E-D,O,O,27
995,已經沒有興趣的天日過去了，有時我會感到自己整體情緒狀態無法恢復，因為失去喜悅也會失去生活的溫暖 因為我沒有任何意義的工作，也沒有任何想要追求的夢想。整天都在這樣無神的浮浪。,溫暖,S-D,S-D,S-D,S-D,S-D,S-D,28
995,已經沒有興趣的天日過去了，有時我會感到自己整體情緒狀態無法恢復，因為失去喜悅也會失去生活的溫暖 因為我沒有任何意義的工作，也沒有任何想要追求的夢想。整天都在這樣無神的浮浪。,。,O,O,O,O,O,O,29
995,已經沒有興趣的天日過去了，有時我會感到自己整體情緒狀態無法恢復，因為失去喜悅也會失去生活的溫暖 因為我沒有任何意義的工作，也沒有任何想要追求的夢想。整天都在這樣無神的浮浪。,因為,O,O,O,O,O,O,30
995,已經沒有興趣的天日過去了，有時我會感到自己整體情緒狀態無法恢復，因為失去喜悅也會失去生活的溫暖 因為我沒有任何意義的工作，也沒有任何想要追求的夢想。整天都在這樣無神的浮浪。,我,O,O,O,O,O,O,31
995,已經沒有興趣的天日過去了，有時我會感到自己整體情緒狀態無法恢復，因為失去喜悅也會失去生活的溫暖 因為我沒有任何意義的工作，也沒有任何想要追求的夢想。整天都在這樣無神的浮浪。,沒有,O,O,O,O,O,O,32
995,已經沒有興趣的天日過去了，有時我會感到自己整體情緒狀態無法恢復，因為失去喜悅也會失去生活的溫暖 因為我沒有任何意義的工作，也沒有任何想要追求的夢想。整天都在這樣無神的浮浪。,任何,O,O,O,O,O,O,33
995,已經沒有興趣的天日過去了，有時我會感到自己整體情緒狀態無法恢復，因為失去喜悅也會失去生活的溫暖 因為我沒有任何意義的工作，也沒有任何想要追求的夢想。整天都在這樣無神的浮浪。,意義,O,O,O,O,O,O,34
995,已經沒有興趣的天日過去了，有時我會感到自己整體情緒狀態無法恢復，因為失去喜悅也會失去生活的溫暖 因為我沒有任何意義的工作，也沒有任何想要追求的夢想。整天都在這樣無神的浮浪。,的,O,O,O,O,O,O,35
995,已經沒有興趣的天日過去了，有時我會感到自己整體情緒狀態無法恢復，因為失去喜悅也會失去生活的溫暖 因為我沒有任何意義的工作，也沒有任何想要追求的夢想。整天都在這樣無神的浮浪。,工作,O,O,O,O,O,O,36
995,已經沒有興趣的天日過去了，有時我會感到自己整體情緒狀態無法恢復，因為失去喜悅也會失去生活的溫暖 因為我沒有任何意義的工作，也沒有任何想要追求的夢想。整天都在這樣無神的浮浪。,，,O,O,O,O,O,O,37
995,已經沒有興趣的天日過去了，有時我會感到自己整體情緒狀態無法恢復，因為失去喜悅也會失去生活的溫暖 因為我沒有任何意義的工作，也沒有任何想要追求的夢想。整天都在這樣無神的浮浪。,也,O,O,O,O,O,O,38
995,已經沒有興趣的天日過去了，有時我會感到自己整體情緒狀態無法恢復，因為失去喜悅也會失去生活的溫暖 因為我沒有任何意義的工作，也沒有任何想要追求的夢想。整天都在這樣無神的浮浪。,沒有,O,O,O,O,O,O,39
995,已經沒有興趣的天日過去了，有時我會感到自己整體情緒狀態無法恢復，因為失去喜悅也會失去生活的溫暖 因為我沒有任何意義的工作，也沒有任何想要追求的夢想。整天都在這樣無神的浮浪。,任何,O,O,O,O,O,O,40
995,已經沒有興趣的天日過去了，有時我會感到自己整體情緒狀態無法恢復，因為失去喜悅也會失去生活的溫暖 因為我沒有任何意義的工作，也沒有任何想要追求的夢想。整天都在這樣無神的浮浪。,想要,O,O,O,O,O,O,41
995,已經沒有興趣的天日過去了，有時我會感到自己整體情緒狀態無法恢復，因為失去喜悅也會失去生活的溫暖 因為我沒有任何意義的工作，也沒有任何想要追求的夢想。整天都在這樣無神的浮浪。,追求,O,O,O,O,O,O,42
995,已經沒有興趣的天日過去了，有時我會感到自己整體情緒狀態無法恢復，因為失去喜悅也會失去生活的溫暖 因為我沒有任何意義的工作，也沒有任何想要追求的夢想。整天都在這樣無神的浮浪。,的,O,O,O,O,O,O,43
995,已經沒有興趣的天日過去了，有時我會感到自己整體情緒狀態無法恢復，因為失去喜悅也會失去生活的溫暖 因為我沒有任何意義的工作，也沒有任何想要追求的夢想。整天都在這樣無神的浮浪。,夢想,O,O,O,O,O,O,44
995,已經沒有興趣的天日過去了，有時我會感到自己整體情緒狀態無法恢復，因為失去喜悅也會失去生活的溫暖 因為我沒有任何意義的工作，也沒有任何想要追求的夢想。整天都在這樣無神的浮浪。,。,O,O,O,O,O,O,45
995,已經沒有興趣的天日過去了，有時我會感到自己整體情緒狀態無法恢復，因為失去喜悅也會失去生活的溫暖 因為我沒有任何意義的工作，也沒有任何想要追求的夢想。整天都在這樣無神的浮浪。,整天,O,O,O,O,O,O,46
995,已經沒有興趣的天日過去了，有時我會感到自己整體情緒狀態無法恢復，因為失去喜悅也會失去生活的溫暖 因為我沒有任何意義的工作，也沒有任何想要追求的夢想。整天都在這樣無神的浮浪。,都,O,O,O,O,O,O,47
995,已經沒有興趣的天日過去了，有時我會感到自己整體情緒狀態無法恢復，因為失去喜悅也會失去生活的溫暖 因為我沒有任何意義的工作，也沒有任何想要追求的夢想。整天都在這樣無神的浮浪。,在,O,O,O,O,O,O,48
995,已經沒有興趣的天日過去了，有時我會感到自己整體情緒狀態無法恢復，因為失去喜悅也會失去生活的溫暖 因為我沒有任何意義的工作，也沒有任何想要追求的夢想。整天都在這樣無神的浮浪。,這樣,O,O,S-D,S-D,S-D,S-D,49
995,已經沒有興趣的天日過去了，有時我會感到自己整體情緒狀態無法恢復，因為失去喜悅也會失去生活的溫暖 因為我沒有任何意義的工作，也沒有任何想要追求的夢想。整天都在這樣無神的浮浪。,無神,O,S-D,O,O,O,O,50
995,已經沒有興趣的天日過去了，有時我會感到自己整體情緒狀態無法恢復，因為失去喜悅也會失去生活的溫暖 因為我沒有任何意義的工作，也沒有任何想要追求的夢想。整天都在這樣無神的浮浪。,的,O,O,S-D,S-D,O,O,51
995,已經沒有興趣的天日過去了，有時我會感到自己整體情緒狀態無法恢復，因為失去喜悅也會失去生活的溫暖 因為我沒有任何意義的工作，也沒有任何想要追求的夢想。整天都在這樣無神的浮浪。,浮浪,O,S-D,O,O,O,O,52
995,已經沒有興趣的天日過去了，有時我會感到自己整體情緒狀態無法恢復，因為失去喜悅也會失去生活的溫暖 因為我沒有任何意義的工作，也沒有任何想要追求的夢想。整天都在這樣無神的浮浪。,。,O,O,缺失預測,缺失預測,缺失預測,缺失預測,53
996,最近在工作中一股子感覺自己是個失敗者...... 我是很自責的，我該有更好的方法來面對壓力，我該是自己的問題而不是別人關注的問題,最近,O,O,O,O,O,O,1
996,最近在工作中一股子感覺自己是個失敗者...... 我是很自責的，我該有更好的方法來面對壓力，我該是自己的問題而不是別人關注的問題,在,O,O,O,O,O,O,2
996,最近在工作中一股子感覺自己是個失敗者...... 我是很自責的，我該有更好的方法來面對壓力，我該是自己的問題而不是別人關注的問題,工作,O,O,O,O,O,O,3
996,最近在工作中一股子感覺自己是個失敗者...... 我是很自責的，我該有更好的方法來面對壓力，我該是自己的問題而不是別人關注的問題,中,O,O,O,O,O,O,4
996,最近在工作中一股子感覺自己是個失敗者...... 我是很自責的，我該有更好的方法來面對壓力，我該是自己的問題而不是別人關注的問題,一股子,O,O,O,O,O,O,5
996,最近在工作中一股子感覺自己是個失敗者...... 我是很自責的，我該有更好的方法來面對壓力，我該是自己的問題而不是別人關注的問題,感覺,O,O,O,O,O,O,6
996,最近在工作中一股子感覺自己是個失敗者...... 我是很自責的，我該有更好的方法來面對壓力，我該是自己的問題而不是別人關注的問題,自己,B-W,B-W,B-W,B-W,B-W,B-W,7
996,最近在工作中一股子感覺自己是個失敗者...... 我是很自責的，我該有更好的方法來面對壓力，我該是自己的問題而不是別人關注的問題,是,O,O,O,O,O,O,8
996,最近在工作中一股子感覺自己是個失敗者...... 我是很自責的，我該有更好的方法來面對壓力，我該是自己的問題而不是別人關注的問題,個,O,O,O,O,O,O,9
996,最近在工作中一股子感覺自己是個失敗者...... 我是很自責的，我該有更好的方法來面對壓力，我該是自己的問題而不是別人關注的問題,失敗者,S-W,S-W,S-W,S-W,S-W,S-W,10
996,最近在工作中一股子感覺自己是個失敗者...... 我是很自責的，我該有更好的方法來面對壓力，我該是自己的問題而不是別人關注的問題,......,O,O,O,O,O,O,11
996,最近在工作中一股子感覺自己是個失敗者...... 我是很自責的，我該有更好的方法來面對壓力，我該是自己的問題而不是別人關注的問題,我,O,O,O,O,O,O,12
996,最近在工作中一股子感覺自己是個失敗者...... 我是很自責的，我該有更好的方法來面對壓力，我該是自己的問題而不是別人關注的問題,是,O,O,O,O,O,O,13
996,最近在工作中一股子感覺自己是個失敗者...... 我是很自責的，我該有更好的方法來面對壓力，我該是自己的問題而不是別人關注的問題,很,O,O,O,O,O,O,14
996,最近在工作中一股子感覺自己是個失敗者...... 我是很自責的，我該有更好的方法來面對壓力，我該是自己的問題而不是別人關注的問題,自責,S-W,S-W,S-W,S-W,S-W,S-W,15
996,最近在工作中一股子感覺自己是個失敗者...... 我是很自責的，我該有更好的方法來面對壓力，我該是自己的問題而不是別人關注的問題,的,O,O,O,O,O,O,16
996,最近在工作中一股子感覺自己是個失敗者...... 我是很自責的，我該有更好的方法來面對壓力，我該是自己的問題而不是別人關注的問題,，,O,O,O,O,O,O,17
996,最近在工作中一股子感覺自己是個失敗者...... 我是很自責的，我該有更好的方法來面對壓力，我該是自己的問題而不是別人關注的問題,我,O,O,O,O,O,O,18
996,最近在工作中一股子感覺自己是個失敗者...... 我是很自責的，我該有更好的方法來面對壓力，我該是自己的問題而不是別人關注的問題,該,O,O,O,O,O,O,19
996,最近在工作中一股子感覺自己是個失敗者...... 我是很自責的，我該有更好的方法來面對壓力，我該是自己的問題而不是別人關注的問題,有,O,O,O,O,O,O,20
996,最近在工作中一股子感覺自己是個失敗者...... 我是很自責的，我該有更好的方法來面對壓力，我該是自己的問題而不是別人關注的問題,更,O,O,O,O,O,O,21
996,最近在工作中一股子感覺自己是個失敗者...... 我是很自責的，我該有更好的方法來面對壓力，我該是自己的問題而不是別人關注的問題,好的,O,O,O,O,O,O,22
996,最近在工作中一股子感覺自己是個失敗者...... 我是很自責的，我該有更好的方法來面對壓力，我該是自己的問題而不是別人關注的問題,方法,O,O,O,O,O,O,23
996,最近在工作中一股子感覺自己是個失敗者...... 我是很自責的，我該有更好的方法來面對壓力，我該是自己的問題而不是別人關注的問題,來,O,O,O,O,O,O,24
996,最近在工作中一股子感覺自己是個失敗者...... 我是很自責的，我該有更好的方法來面對壓力，我該是自己的問題而不是別人關注的問題,面對,O,O,O,O,O,O,25
996,最近在工作中一股子感覺自己是個失敗者...... 我是很自責的，我該有更好的方法來面對壓力，我該是自己的問題而不是別人關注的問題,壓力,O,O,O,O,O,O,26
996,最近在工作中一股子感覺自己是個失敗者...... 我是很自責的，我該有更好的方法來面對壓力，我該是自己的問題而不是別人關注的問題,，,O,O,O,O,O,O,27
996,最近在工作中一股子感覺自己是個失敗者...... 我是很自責的，我該有更好的方法來面對壓力，我該是自己的問題而不是別人關注的問題,我,O,O,O,O,O,O,28
996,最近在工作中一股子感覺自己是個失敗者...... 我是很自責的，我該有更好的方法來面對壓力，我該是自己的問題而不是別人關注的問題,該,O,O,O,O,O,O,29
996,最近在工作中一股子感覺自己是個失敗者...... 我是很自責的，我該有更好的方法來面對壓力，我該是自己的問題而不是別人關注的問題,是,O,O,O,O,O,O,30
996,最近在工作中一股子感覺自己是個失敗者...... 我是很自責的，我該有更好的方法來面對壓力，我該是自己的問題而不是別人關注的問題,自己的,O,O,O,O,O,O,31
996,最近在工作中一股子感覺自己是個失敗者...... 我是很自責的，我該有更好的方法來面對壓力，我該是自己的問題而不是別人關注的問題,問題,O,O,O,O,O,O,32
996,最近在工作中一股子感覺自己是個失敗者...... 我是很自責的，我該有更好的方法來面對壓力，我該是自己的問題而不是別人關注的問題,而不是,O,O,O,O,O,O,33
996,最近在工作中一股子感覺自己是個失敗者...... 我是很自責的，我該有更好的方法來面對壓力，我該是自己的問題而不是別人關注的問題,別人,O,O,O,O,O,O,34
996,最近在工作中一股子感覺自己是個失敗者...... 我是很自責的，我該有更好的方法來面對壓力，我該是自己的問題而不是別人關注的問題,關注,O,O,O,O,O,O,35
996,最近在工作中一股子感覺自己是個失敗者...... 我是很自責的，我該有更好的方法來面對壓力，我該是自己的問題而不是別人關注的問題,的,O,O,O,O,O,O,36
996,最近在工作中一股子感覺自己是個失敗者...... 我是很自責的，我該有更好的方法來面對壓力，我該是自己的問題而不是別人關注的問題,問題,O,O,O,O,O,O,37
997,我在這片黑暗中呼吸著。這是這段時間的生存模式。 每天我都在想著，我是否應該繼續生存著。 我不想活了，我的心裡感覺就像重罩在下，壓迫著我,我,O,O,O,O,O,O,1
997,我在這片黑暗中呼吸著。這是這段時間的生存模式。 每天我都在想著，我是否應該繼續生存著。 我不想活了，我的心裡感覺就像重罩在下，壓迫著我,在,O,O,O,O,O,O,2
997,我在這片黑暗中呼吸著。這是這段時間的生存模式。 每天我都在想著，我是否應該繼續生存著。 我不想活了，我的心裡感覺就像重罩在下，壓迫著我,這片,O,O,O,O,O,O,3
997,我在這片黑暗中呼吸著。這是這段時間的生存模式。 每天我都在想著，我是否應該繼續生存著。 我不想活了，我的心裡感覺就像重罩在下，壓迫著我,黑暗,S-D,S-D,S-D,S-D,S-D,S-D,4
997,我在這片黑暗中呼吸著。這是這段時間的生存模式。 每天我都在想著，我是否應該繼續生存著。 我不想活了，我的心裡感覺就像重罩在下，壓迫著我,中,O,O,O,O,O,O,5
997,我在這片黑暗中呼吸著。這是這段時間的生存模式。 每天我都在想著，我是否應該繼續生存著。 我不想活了，我的心裡感覺就像重罩在下，壓迫著我,呼吸,O,O,O,O,O,O,6
997,我在這片黑暗中呼吸著。這是這段時間的生存模式。 每天我都在想著，我是否應該繼續生存著。 我不想活了，我的心裡感覺就像重罩在下，壓迫著我,著,O,O,O,O,O,O,7
997,我在這片黑暗中呼吸著。這是這段時間的生存模式。 每天我都在想著，我是否應該繼續生存著。 我不想活了，我的心裡感覺就像重罩在下，壓迫著我,。,O,O,O,O,O,O,8
997,我在這片黑暗中呼吸著。這是這段時間的生存模式。 每天我都在想著，我是否應該繼續生存著。 我不想活了，我的心裡感覺就像重罩在下，壓迫著我,這是,O,O,O,O,O,O,9
997,我在這片黑暗中呼吸著。這是這段時間的生存模式。 每天我都在想著，我是否應該繼續生存著。 我不想活了，我的心裡感覺就像重罩在下，壓迫著我,這段,O,O,O,O,O,O,10
997,我在這片黑暗中呼吸著。這是這段時間的生存模式。 每天我都在想著，我是否應該繼續生存著。 我不想活了，我的心裡感覺就像重罩在下，壓迫著我,時間,O,O,O,O,O,O,11
997,我在這片黑暗中呼吸著。這是這段時間的生存模式。 每天我都在想著，我是否應該繼續生存著。 我不想活了，我的心裡感覺就像重罩在下，壓迫著我,的,O,O,O,O,O,O,12
997,我在這片黑暗中呼吸著。這是這段時間的生存模式。 每天我都在想著，我是否應該繼續生存著。 我不想活了，我的心裡感覺就像重罩在下，壓迫著我,生存,O,O,O,O,O,O,13
997,我在這片黑暗中呼吸著。這是這段時間的生存模式。 每天我都在想著，我是否應該繼續生存著。 我不想活了，我的心裡感覺就像重罩在下，壓迫著我,模式,O,O,O,O,O,O,14
997,我在這片黑暗中呼吸著。這是這段時間的生存模式。 每天我都在想著，我是否應該繼續生存著。 我不想活了，我的心裡感覺就像重罩在下，壓迫著我,。,O,O,O,O,O,O,15
997,我在這片黑暗中呼吸著。這是這段時間的生存模式。 每天我都在想著，我是否應該繼續生存著。 我不想活了，我的心裡感覺就像重罩在下，壓迫著我,每天,O,O,O,O,O,O,16
997,我在這片黑暗中呼吸著。這是這段時間的生存模式。 每天我都在想著，我是否應該繼續生存著。 我不想活了，我的心裡感覺就像重罩在下，壓迫著我,我,O,O,O,O,O,O,17
997,我在這片黑暗中呼吸著。這是這段時間的生存模式。 每天我都在想著，我是否應該繼續生存著。 我不想活了，我的心裡感覺就像重罩在下，壓迫著我,都,O,O,O,O,O,O,18
997,我在這片黑暗中呼吸著。這是這段時間的生存模式。 每天我都在想著，我是否應該繼續生存著。 我不想活了，我的心裡感覺就像重罩在下，壓迫著我,在,O,O,O,O,O,O,19
997,我在這片黑暗中呼吸著。這是這段時間的生存模式。 每天我都在想著，我是否應該繼續生存著。 我不想活了，我的心裡感覺就像重罩在下，壓迫著我,想著,O,O,O,O,O,O,20
997,我在這片黑暗中呼吸著。這是這段時間的生存模式。 每天我都在想著，我是否應該繼續生存著。 我不想活了，我的心裡感覺就像重罩在下，壓迫著我,，,O,O,O,O,O,O,21
997,我在這片黑暗中呼吸著。這是這段時間的生存模式。 每天我都在想著，我是否應該繼續生存著。 我不想活了，我的心裡感覺就像重罩在下，壓迫著我,我,O,O,O,O,O,O,22
997,我在這片黑暗中呼吸著。這是這段時間的生存模式。 每天我都在想著，我是否應該繼續生存著。 我不想活了，我的心裡感覺就像重罩在下，壓迫著我,是否,O,O,O,O,O,O,23
997,我在這片黑暗中呼吸著。這是這段時間的生存模式。 每天我都在想著，我是否應該繼續生存著。 我不想活了，我的心裡感覺就像重罩在下，壓迫著我,應該,O,O,O,O,O,O,24
997,我在這片黑暗中呼吸著。這是這段時間的生存模式。 每天我都在想著，我是否應該繼續生存著。 我不想活了，我的心裡感覺就像重罩在下，壓迫著我,繼續,O,O,O,O,O,O,25
997,我在這片黑暗中呼吸著。這是這段時間的生存模式。 每天我都在想著，我是否應該繼續生存著。 我不想活了，我的心裡感覺就像重罩在下，壓迫著我,生存,O,O,O,O,O,O,26
997,我在這片黑暗中呼吸著。這是這段時間的生存模式。 每天我都在想著，我是否應該繼續生存著。 我不想活了，我的心裡感覺就像重罩在下，壓迫著我,著,O,O,O,O,O,O,27
997,我在這片黑暗中呼吸著。這是這段時間的生存模式。 每天我都在想著，我是否應該繼續生存著。 我不想活了，我的心裡感覺就像重罩在下，壓迫著我,。,O,O,O,O,O,O,28
997,我在這片黑暗中呼吸著。這是這段時間的生存模式。 每天我都在想著，我是否應該繼續生存著。 我不想活了，我的心裡感覺就像重罩在下，壓迫著我,我,O,O,O,O,O,O,29
997,我在這片黑暗中呼吸著。這是這段時間的生存模式。 每天我都在想著，我是否應該繼續生存著。 我不想活了，我的心裡感覺就像重罩在下，壓迫著我,不,O,O,O,O,O,O,30
997,我在這片黑暗中呼吸著。這是這段時間的生存模式。 每天我都在想著，我是否應該繼續生存著。 我不想活了，我的心裡感覺就像重罩在下，壓迫著我,想,O,O,O,O,O,O,31
997,我在這片黑暗中呼吸著。這是這段時間的生存模式。 每天我都在想著，我是否應該繼續生存著。 我不想活了，我的心裡感覺就像重罩在下，壓迫著我,活了,S-U,S-U,S-U,S-U,S-U,S-U,32
997,我在這片黑暗中呼吸著。這是這段時間的生存模式。 每天我都在想著，我是否應該繼續生存著。 我不想活了，我的心裡感覺就像重罩在下，壓迫著我,，,O,O,O,O,O,O,33
997,我在這片黑暗中呼吸著。這是這段時間的生存模式。 每天我都在想著，我是否應該繼續生存著。 我不想活了，我的心裡感覺就像重罩在下，壓迫著我,我,O,O,O,O,O,O,34
997,我在這片黑暗中呼吸著。這是這段時間的生存模式。 每天我都在想著，我是否應該繼續生存著。 我不想活了，我的心裡感覺就像重罩在下，壓迫著我,的,O,O,O,O,O,O,35
997,我在這片黑暗中呼吸著。這是這段時間的生存模式。 每天我都在想著，我是否應該繼續生存著。 我不想活了，我的心裡感覺就像重罩在下，壓迫著我,心裡,O,O,O,O,O,O,36
997,我在這片黑暗中呼吸著。這是這段時間的生存模式。 每天我都在想著，我是否應該繼續生存著。 我不想活了，我的心裡感覺就像重罩在下，壓迫著我,感覺,O,O,O,O,O,O,37
997,我在這片黑暗中呼吸著。這是這段時間的生存模式。 每天我都在想著，我是否應該繼續生存著。 我不想活了，我的心裡感覺就像重罩在下，壓迫著我,就,O,O,O,O,O,O,38
997,我在這片黑暗中呼吸著。這是這段時間的生存模式。 每天我都在想著，我是否應該繼續生存著。 我不想活了，我的心裡感覺就像重罩在下，壓迫著我,像,O,O,O,O,O,O,39
997,我在這片黑暗中呼吸著。這是這段時間的生存模式。 每天我都在想著，我是否應該繼續生存著。 我不想活了，我的心裡感覺就像重罩在下，壓迫著我,重罩,O,O,O,O,O,O,40
997,我在這片黑暗中呼吸著。這是這段時間的生存模式。 每天我都在想著，我是否應該繼續生存著。 我不想活了，我的心裡感覺就像重罩在下，壓迫著我,在,O,O,O,O,O,O,41
997,我在這片黑暗中呼吸著。這是這段時間的生存模式。 每天我都在想著，我是否應該繼續生存著。 我不想活了，我的心裡感覺就像重罩在下，壓迫著我,下,O,O,O,O,O,O,42
997,我在這片黑暗中呼吸著。這是這段時間的生存模式。 每天我都在想著，我是否應該繼續生存著。 我不想活了，我的心裡感覺就像重罩在下，壓迫著我,，,O,O,O,O,O,O,43
997,我在這片黑暗中呼吸著。這是這段時間的生存模式。 每天我都在想著，我是否應該繼續生存著。 我不想活了，我的心裡感覺就像重罩在下，壓迫著我,壓迫,O,O,O,O,O,O,44
997,我在這片黑暗中呼吸著。這是這段時間的生存模式。 每天我都在想著，我是否應該繼續生存著。 我不想活了，我的心裡感覺就像重罩在下，壓迫著我,著,O,O,O,O,O,O,45
997,我在這片黑暗中呼吸著。這是這段時間的生存模式。 每天我都在想著，我是否應該繼續生存著。 我不想活了，我的心裡感覺就像重罩在下，壓迫著我,我,O,O,O,O,O,O,46
998,我們生活在黑暗的時光，不知道是否還能找到光明。我該如何再次開始？不想活了 這是我所在的黑暗世界，希望有人能夠找到我,我們,O,O,O,O,O,O,1
998,我們生活在黑暗的時光，不知道是否還能找到光明。我該如何再次開始？不想活了 這是我所在的黑暗世界，希望有人能夠找到我,生活,O,O,O,O,O,O,2
998,我們生活在黑暗的時光，不知道是否還能找到光明。我該如何再次開始？不想活了 這是我所在的黑暗世界，希望有人能夠找到我,在,O,O,O,O,O,O,3
998,我們生活在黑暗的時光，不知道是否還能找到光明。我該如何再次開始？不想活了 這是我所在的黑暗世界，希望有人能夠找到我,黑暗,S-D,S-D,S-D,S-D,S-D,S-D,4
998,我們生活在黑暗的時光，不知道是否還能找到光明。我該如何再次開始？不想活了 這是我所在的黑暗世界，希望有人能夠找到我,的,O,O,O,O,O,O,5
998,我們生活在黑暗的時光，不知道是否還能找到光明。我該如何再次開始？不想活了 這是我所在的黑暗世界，希望有人能夠找到我,時光,O,O,O,O,O,O,6
998,我們生活在黑暗的時光，不知道是否還能找到光明。我該如何再次開始？不想活了 這是我所在的黑暗世界，希望有人能夠找到我,，,O,O,O,O,O,O,7
998,我們生活在黑暗的時光，不知道是否還能找到光明。我該如何再次開始？不想活了 這是我所在的黑暗世界，希望有人能夠找到我,不知道,O,O,O,O,O,O,8
998,我們生活在黑暗的時光，不知道是否還能找到光明。我該如何再次開始？不想活了 這是我所在的黑暗世界，希望有人能夠找到我,是否,O,O,O,O,O,O,9
998,我們生活在黑暗的時光，不知道是否還能找到光明。我該如何再次開始？不想活了 這是我所在的黑暗世界，希望有人能夠找到我,還,O,O,O,O,O,O,10
998,我們生活在黑暗的時光，不知道是否還能找到光明。我該如何再次開始？不想活了 這是我所在的黑暗世界，希望有人能夠找到我,能,O,O,O,O,O,O,11
998,我們生活在黑暗的時光，不知道是否還能找到光明。我該如何再次開始？不想活了 這是我所在的黑暗世界，希望有人能夠找到我,找到,O,O,O,O,O,O,12
998,我們生活在黑暗的時光，不知道是否還能找到光明。我該如何再次開始？不想活了 這是我所在的黑暗世界，希望有人能夠找到我,光明,O,O,O,O,O,O,13
998,我們生活在黑暗的時光，不知道是否還能找到光明。我該如何再次開始？不想活了 這是我所在的黑暗世界，希望有人能夠找到我,。,O,O,O,O,O,O,14
998,我們生活在黑暗的時光，不知道是否還能找到光明。我該如何再次開始？不想活了 這是我所在的黑暗世界，希望有人能夠找到我,我,O,O,O,O,O,O,15
998,我們生活在黑暗的時光，不知道是否還能找到光明。我該如何再次開始？不想活了 這是我所在的黑暗世界，希望有人能夠找到我,該,O,O,O,O,O,O,16
998,我們生活在黑暗的時光，不知道是否還能找到光明。我該如何再次開始？不想活了 這是我所在的黑暗世界，希望有人能夠找到我,如何,O,O,O,O,O,O,17
998,我們生活在黑暗的時光，不知道是否還能找到光明。我該如何再次開始？不想活了 這是我所在的黑暗世界，希望有人能夠找到我,再次,O,O,O,O,O,O,18
998,我們生活在黑暗的時光，不知道是否還能找到光明。我該如何再次開始？不想活了 這是我所在的黑暗世界，希望有人能夠找到我,開始,O,O,O,O,O,O,19
998,我們生活在黑暗的時光，不知道是否還能找到光明。我該如何再次開始？不想活了 這是我所在的黑暗世界，希望有人能夠找到我,？,O,O,O,O,O,O,20
998,我們生活在黑暗的時光，不知道是否還能找到光明。我該如何再次開始？不想活了 這是我所在的黑暗世界，希望有人能夠找到我,不想,B-U,O,S-U,S-U,O,O,21
998,我們生活在黑暗的時光，不知道是否還能找到光明。我該如何再次開始？不想活了 這是我所在的黑暗世界，希望有人能夠找到我,活了,E-U,S-U,O,O,S-U,S-U,22
998,我們生活在黑暗的時光，不知道是否還能找到光明。我該如何再次開始？不想活了 這是我所在的黑暗世界，希望有人能夠找到我,這是,O,O,O,O,O,O,23
998,我們生活在黑暗的時光，不知道是否還能找到光明。我該如何再次開始？不想活了 這是我所在的黑暗世界，希望有人能夠找到我,我,O,O,O,O,O,O,24
998,我們生活在黑暗的時光，不知道是否還能找到光明。我該如何再次開始？不想活了 這是我所在的黑暗世界，希望有人能夠找到我,所在,O,O,O,O,O,O,25
998,我們生活在黑暗的時光，不知道是否還能找到光明。我該如何再次開始？不想活了 這是我所在的黑暗世界，希望有人能夠找到我,的,O,O,S-D,S-D,O,O,26
998,我們生活在黑暗的時光，不知道是否還能找到光明。我該如何再次開始？不想活了 這是我所在的黑暗世界，希望有人能夠找到我,黑暗,S-D,S-D,O,O,S-D,S-D,27
998,我們生活在黑暗的時光，不知道是否還能找到光明。我該如何再次開始？不想活了 這是我所在的黑暗世界，希望有人能夠找到我,世界,O,O,O,O,O,O,28
998,我們生活在黑暗的時光，不知道是否還能找到光明。我該如何再次開始？不想活了 這是我所在的黑暗世界，希望有人能夠找到我,，,O,O,O,O,O,O,29
998,我們生活在黑暗的時光，不知道是否還能找到光明。我該如何再次開始？不想活了 這是我所在的黑暗世界，希望有人能夠找到我,希望,O,O,O,O,O,O,30
998,我們生活在黑暗的時光，不知道是否還能找到光明。我該如何再次開始？不想活了 這是我所在的黑暗世界，希望有人能夠找到我,有人,O,O,O,O,O,O,31
998,我們生活在黑暗的時光，不知道是否還能找到光明。我該如何再次開始？不想活了 這是我所在的黑暗世界，希望有人能夠找到我,能夠,O,O,O,O,O,O,32
998,我們生活在黑暗的時光，不知道是否還能找到光明。我該如何再次開始？不想活了 這是我所在的黑暗世界，希望有人能夠找到我,找到,O,O,O,O,O,O,33
998,我們生活在黑暗的時光，不知道是否還能找到光明。我該如何再次開始？不想活了 這是我所在的黑暗世界，希望有人能夠找到我,我,O,O,缺失預測,缺失預測,O,O,34
999,我不再享受事物的那種最初的興趣 是因為我已經失去了一些初衷的動力,我,O,O,O,O,O,O,1
999,我不再享受事物的那種最初的興趣 是因為我已經失去了一些初衷的動力,不,B-A,O,O,O,O,O,2
999,我不再享受事物的那種最初的興趣 是因為我已經失去了一些初衷的動力,再,M-A,O,O,O,O,O,3
999,我不再享受事物的那種最初的興趣 是因為我已經失去了一些初衷的動力,享受,E-A,O,O,O,O,O,4
999,我不再享受事物的那種最初的興趣 是因為我已經失去了一些初衷的動力,事物,O,O,O,O,O,O,5
999,我不再享受事物的那種最初的興趣 是因為我已經失去了一些初衷的動力,的,O,O,O,O,O,O,6
999,我不再享受事物的那種最初的興趣 是因為我已經失去了一些初衷的動力,那種,O,O,O,O,O,O,7
999,我不再享受事物的那種最初的興趣 是因為我已經失去了一些初衷的動力,最初,O,O,O,O,O,O,8
999,我不再享受事物的那種最初的興趣 是因為我已經失去了一些初衷的動力,的,O,O,O,O,O,O,9
999,我不再享受事物的那種最初的興趣 是因為我已經失去了一些初衷的動力,興趣,O,S-A,S-A,O,S-A,S-A,10
999,我不再享受事物的那種最初的興趣 是因為我已經失去了一些初衷的動力,是,O,O,O,O,O,O,11
999,我不再享受事物的那種最初的興趣 是因為我已經失去了一些初衷的動力,因為,O,O,O,O,O,O,12
999,我不再享受事物的那種最初的興趣 是因為我已經失去了一些初衷的動力,我,O,O,O,O,O,O,13
999,我不再享受事物的那種最初的興趣 是因為我已經失去了一些初衷的動力,已經,O,O,O,O,O,O,14
999,我不再享受事物的那種最初的興趣 是因為我已經失去了一些初衷的動力,失去,O,B-W,B-W,B-W,B-W,B-W,15
999,我不再享受事物的那種最初的興趣 是因為我已經失去了一些初衷的動力,了,O,M-W,M-W,M-W,M-W,M-W,16
999,我不再享受事物的那種最初的興趣 是因為我已經失去了一些初衷的動力,一些,O,E-W,E-W,E-W,E-W,E-W,17
999,我不再享受事物的那種最初的興趣 是因為我已經失去了一些初衷的動力,初衷,O,O,O,O,O,O,18
999,我不再享受事物的那種最初的興趣 是因為我已經失去了一些初衷的動力,的,O,O,O,O,O,O,19
999,我不再享受事物的那種最初的興趣 是因為我已經失去了一些初衷的動力,動力,S-A,S-W,S-W,S-D,S-W,S-D,20
1000,生活似乎是一個永遠未完的、無底線的隧道 ️ 。我真的不想活了，我不想再被困在這裡 。 我有很多內在的呼聲，,生活,O,O,O,O,O,O,1
1000,生活似乎是一個永遠未完的、無底線的隧道 ️ 。我真的不想活了，我不想再被困在這裡 。 我有很多內在的呼聲，,似乎,O,O,O,O,O,O,2
1000,生活似乎是一個永遠未完的、無底線的隧道 ️ 。我真的不想活了，我不想再被困在這裡 。 我有很多內在的呼聲，,是,O,O,O,O,O,O,3
1000,生活似乎是一個永遠未完的、無底線的隧道 ️ 。我真的不想活了，我不想再被困在這裡 。 我有很多內在的呼聲，,一個,O,O,O,O,O,O,4
1000,生活似乎是一個永遠未完的、無底線的隧道 ️ 。我真的不想活了，我不想再被困在這裡 。 我有很多內在的呼聲，,永遠,O,O,O,O,O,O,5
1000,生活似乎是一個永遠未完的、無底線的隧道 ️ 。我真的不想活了，我不想再被困在這裡 。 我有很多內在的呼聲，,未完,O,O,O,O,O,O,6
1000,生活似乎是一個永遠未完的、無底線的隧道 ️ 。我真的不想活了，我不想再被困在這裡 。 我有很多內在的呼聲，,的,O,O,O,O,O,O,7
1000,生活似乎是一個永遠未完的、無底線的隧道 ️ 。我真的不想活了，我不想再被困在這裡 。 我有很多內在的呼聲，,、,O,O,O,O,O,O,8
1000,生活似乎是一個永遠未完的、無底線的隧道 ️ 。我真的不想活了，我不想再被困在這裡 。 我有很多內在的呼聲，,無底線,O,O,O,O,O,O,9
1000,生活似乎是一個永遠未完的、無底線的隧道 ️ 。我真的不想活了，我不想再被困在這裡 。 我有很多內在的呼聲，,的,O,O,O,O,O,O,10
1000,生活似乎是一個永遠未完的、無底線的隧道 ️ 。我真的不想活了，我不想再被困在這裡 。 我有很多內在的呼聲，,隧道,O,S-D,O,S-D,S-D,S-D,11
1000,生活似乎是一個永遠未完的、無底線的隧道 ️ 。我真的不想活了，我不想再被困在這裡 。 我有很多內在的呼聲，,️,O,O,O,O,O,O,12
1000,生活似乎是一個永遠未完的、無底線的隧道 ️ 。我真的不想活了，我不想再被困在這裡 。 我有很多內在的呼聲，,。,O,O,O,O,O,O,13
1000,生活似乎是一個永遠未完的、無底線的隧道 ️ 。我真的不想活了，我不想再被困在這裡 。 我有很多內在的呼聲，,我,O,O,O,O,O,O,14
1000,生活似乎是一個永遠未完的、無底線的隧道 ️ 。我真的不想活了，我不想再被困在這裡 。 我有很多內在的呼聲，,真的,O,O,O,O,O,O,15
1000,生活似乎是一個永遠未完的、無底線的隧道 ️ 。我真的不想活了，我不想再被困在這裡 。 我有很多內在的呼聲，,不,O,O,O,O,O,O,16
1000,生活似乎是一個永遠未完的、無底線的隧道 ️ 。我真的不想活了，我不想再被困在這裡 。 我有很多內在的呼聲，,想,O,O,O,O,O,O,17
1000,生活似乎是一個永遠未完的、無底線的隧道 ️ 。我真的不想活了，我不想再被困在這裡 。 我有很多內在的呼聲，,活,S-U,S-U,S-U,S-U,S-U,S-U,18
1000,生活似乎是一個永遠未完的、無底線的隧道 ️ 。我真的不想活了，我不想再被困在這裡 。 我有很多內在的呼聲，,了,O,O,O,O,O,O,19
1000,生活似乎是一個永遠未完的、無底線的隧道 ️ 。我真的不想活了，我不想再被困在這裡 。 我有很多內在的呼聲，,，,O,O,O,O,O,O,20
1000,生活似乎是一個永遠未完的、無底線的隧道 ️ 。我真的不想活了，我不想再被困在這裡 。 我有很多內在的呼聲，,我,O,O,O,O,O,O,21
1000,生活似乎是一個永遠未完的、無底線的隧道 ️ 。我真的不想活了，我不想再被困在這裡 。 我有很多內在的呼聲，,不,O,O,O,O,O,O,22
1000,生活似乎是一個永遠未完的、無底線的隧道 ️ 。我真的不想活了，我不想再被困在這裡 。 我有很多內在的呼聲，,想,O,O,O,O,O,O,23
1000,生活似乎是一個永遠未完的、無底線的隧道 ️ 。我真的不想活了，我不想再被困在這裡 。 我有很多內在的呼聲，,再,O,O,O,O,O,O,24
1000,生活似乎是一個永遠未完的、無底線的隧道 ️ 。我真的不想活了，我不想再被困在這裡 。 我有很多內在的呼聲，,被困,S-D,S-D,S-D,S-D,S-D,S-D,25
1000,生活似乎是一個永遠未完的、無底線的隧道 ️ 。我真的不想活了，我不想再被困在這裡 。 我有很多內在的呼聲，,在,O,O,O,O,O,O,26
1000,生活似乎是一個永遠未完的、無底線的隧道 ️ 。我真的不想活了，我不想再被困在這裡 。 我有很多內在的呼聲，,這裡,O,O,O,O,O,O,27
1000,生活似乎是一個永遠未完的、無底線的隧道 ️ 。我真的不想活了，我不想再被困在這裡 。 我有很多內在的呼聲，,。,O,O,O,O,O,O,28
1000,生活似乎是一個永遠未完的、無底線的隧道 ️ 。我真的不想活了，我不想再被困在這裡 。 我有很多內在的呼聲，,我,O,O,O,O,O,O,29
1000,生活似乎是一個永遠未完的、無底線的隧道 ️ 。我真的不想活了，我不想再被困在這裡 。 我有很多內在的呼聲，,有,O,O,O,O,O,O,30
1000,生活似乎是一個永遠未完的、無底線的隧道 ️ 。我真的不想活了，我不想再被困在這裡 。 我有很多內在的呼聲，,很多,O,O,O,O,O,O,31
1000,生活似乎是一個永遠未完的、無底線的隧道 ️ 。我真的不想活了，我不想再被困在這裡 。 我有很多內在的呼聲，,內在,O,O,O,O,O,O,32
1000,生活似乎是一個永遠未完的、無底線的隧道 ️ 。我真的不想活了，我不想再被困在這裡 。 我有很多內在的呼聲，,的,O,O,O,O,O,O,33
1000,生活似乎是一個永遠未完的、無底線的隧道 ️ 。我真的不想活了，我不想再被困在這裡 。 我有很多內在的呼聲，,呼聲,O,O,O,O,O,O,34
1000,生活似乎是一個永遠未完的、無底線的隧道 ️ 。我真的不想活了，我不想再被困在這裡 。 我有很多內在的呼聲，,，,O,O,O,O,O,O,35